{
"type": "FeatureCollection",
"name": "Bhumitara_DPS",
"crs": { "type": "name", "properties": { "name": "urn:ogc:def:crs:EPSG::23837" } },
"features": [
{ "type": "Feature", "properties": { "H_SHMRS": 3.25, "Z_MIN": 36.0, "Z_MAX": 60.0, "no": null, "provinsi": "Bali", "kabupaten": "Kota Denpasar", "kecamatan": "Denpasar Selatan", "desa_kelur": "Sanur", "id": 11.0, "nogambarde": null, "nohmsrs": null, "unit": null, "lantai": "1", "lantaim2": null, "fungsi": null, "penggunaan": "Tanah Perumahan", "alamat": null, "nibtanahbe": "01530", "nibunit": null, "building": "00001", "Keterangan": "Ruang Umum" }, "geometry": { "type": "MultiPolygon", "coordinates": [ [ [ [ 173896.821900046837982, 538977.737400001264177, 0.0 ], [ 173900.964300046529388, 538977.202200000407174, 0.0 ], [ 173900.194400049105752, 538970.963199999416247, 0.0 ], [ 173893.12750004674308, 538971.93210000009276, 0.0 ], [ 173893.390700046817074, 538973.894900000304915, 0.0 ], [ 173893.95580004749354, 538978.107800000812858, 0.0 ], [ 173896.821900046837982, 538977.737400001264177, 0.0 ] ] ] ] } },
{ "type": "Feature", "properties": { "H_SHMRS": 3.25, "Z_MIN": 36.0, "Z_MAX": 42.0, "no": null, "provinsi": "Bali", "kabupaten": "Kota Denpasar", "kecamatan": "Denpasar Selatan", "desa_kelur": "Sanur", "id": 21.0, "nogambarde": null, "nohmsrs": null, "unit": null, "lantai": "1", "lantaim2": null, "fungsi": null, "penggunaan": "Tanah Perumahan", "alamat": null, "nibtanahbe": "01530", "nibunit": null, "building": "00002", "Keterangan": "Ruang Umum" }, "geometry": { "type": "MultiPolygon", "coordinates": [ [ [ [ 173900.194400049105752, 538970.963199999416247, 0.0 ], [ 173900.162000048119808, 538970.701200000243261, 0.0 ], [ 173899.931100046989741, 538968.829800001578405, 0.0 ], [ 173899.939500048902119, 538968.567800001357682, 0.0 ], [ 173900.104600048158318, 538968.202800000202842, 0.0 ], [ 173900.452500047627836, 538967.939100000075996, 0.0 ], [ 173900.670600047742482, 538967.882000000681728, 0.0 ], [ 173904.597300047083991, 538967.220000001951121, 0.0 ], [ 173916.195200047921389, 538965.971100002177991, 0.0 ], [ 173915.982500047364738, 538964.240300000179559, 0.0 ], [ 173901.295100046729203, 538965.8138000004692, 0.0 ], [ 173897.742200047738152, 538966.249900000635535, 0.0 ], [ 173897.939600046520354, 538968.834000002592802, 0.0 ], [ 173896.272900048323208, 538969.07050000061281, 0.0 ], [ 173892.807400047255214, 538969.545600001350977, 0.0 ], [ 173893.100700048205908, 538971.732600001152605, 0.0 ], [ 173893.12750004674308, 538971.93210000009276, 0.0 ], [ 173900.194400049105752, 538970.963199999416247, 0.0 ] ] ] ] } },
{ "type": "Feature", "properties": { "H_SHMRS": 3.25, "Z_MIN": 36.0, "Z_MAX": 40.25, "no": null, "provinsi": "Bali", "kabupaten": "Kota Denpasar", "kecamatan": "Denpasar Selatan", "desa_kelur": "Sanur", "id": 31.0, "nogambarde": null, "nohmsrs": null, "unit": null, "lantai": "1", "lantaim2": null, "fungsi": null, "penggunaan": "Tanah Perumahan", "alamat": null, "nibtanahbe": "01530", "nibunit": null, "building": "00003", "Keterangan": "Ruang Umum" }, "geometry": { "type": "MultiPolygon", "coordinates": [ [ [ [ 173909.545400047267321, 538934.141400000429712, 0.0 ], [ 173908.164300047996221, 538923.130200001760386, 0.0 ], [ 173906.355800047458615, 538923.341500000213273, 0.0 ], [ 173906.219400048459647, 538922.236000001663342, 0.0 ], [ 173882.250400048709707, 538925.19400000188034, 0.0 ], [ 173882.484700046974467, 538927.093499999959022, 0.0 ], [ 173874.197100048826542, 538928.116300000692718, 0.0 ], [ 173873.822100048011634, 538925.076500001596287, 0.0 ], [ 173841.41300004630466, 538929.074000001186505, 0.0 ], [ 173841.553800048190169, 538930.2143, 0.0 ], [ 173817.734500048332848, 538933.153900001198053, 0.0 ], [ 173817.873400048614712, 538934.279700001236051, 0.0 ], [ 173815.392200046655489, 538934.585900000063702, 0.0 ], [ 173816.090600047318731, 538940.244800000917166, 0.0 ], [ 173814.604200047906488, 538940.428300002706237, 0.0 ], [ 173814.964200046728365, 538943.345500000403263, 0.0 ], [ 173814.34340004666592, 538943.422099999617785, 0.0 ], [ 173815.375700046133716, 538952.60530000156723, 0.0 ], [ 173819.161800048867008, 538987.363299999851733, 0.0 ], [ 173821.005600046628388, 539002.303400001954287, 0.0 ], [ 173824.212600047991145, 539001.964900000370108, 0.0 ], [ 173825.542400048667332, 539012.130100001930259, 0.0 ], [ 173865.317400047613773, 539007.221400000620633, 0.0 ], [ 173865.04060004738858, 539004.978499999502674, 0.0 ], [ 173868.963000048941467, 539004.494400001480244, 0.0 ], [ 173867.098000047175447, 538989.382400001049973, 0.0 ], [ 173897.785400048567681, 538985.595200001378544, 0.0 ], [ 173896.890600047074258, 538978.297600000048988, 0.0 ], [ 173896.821900046837982, 538977.737400001264177, 0.0 ], [ 173893.95580004749354, 538978.107800000812858, 0.0 ], [ 173893.390700046817074, 538973.894900000304915, 0.0 ], [ 173893.304600047296844, 538973.905600001802668, 0.0 ], [ 173867.770000047545182, 538977.056000001379289, 0.0 ], [ 173867.930900047387695, 538978.64920000184793, 0.0 ], [ 173864.717000048782211, 538979.045800002408214, 0.0 ], [ 173865.360000047483481, 538984.256500000949018, 0.0 ], [ 173863.375000046507921, 538984.501499999780208, 0.0 ], [ 173863.820900046848692, 538988.124299999908544, 0.0 ], [ 173859.005500047875103, 538988.718499999842606, 0.0 ], [ 173859.290000046778005, 538991.040399999823421, 0.0 ], [ 173857.305000047170324, 538991.285400001332164, 0.0 ], [ 173856.649700047943043, 538985.975500000291504, 0.0 ], [ 173853.40070004700101, 538986.376500001060776, 0.0 ], [ 173853.213800047553377, 538984.874100001063198, 0.0 ], [ 173832.644000048167072, 538987.412599999341182, 0.0 ], [ 173831.225500048603863, 538975.909899999853224, 0.0 ], [ 173832.584200046898331, 538975.742200001259334, 0.0 ], [ 173831.359400048910175, 538965.817500000935979, 0.0 ], [ 173830.001700048538623, 538965.985000000568107, 0.0 ], [ 173828.388200047716964, 538952.900600000517443, 0.0 ], [ 173840.380500047962414, 538951.42060000251513, 0.0 ], [ 173840.212500047520734, 538950.059400000143796, 0.0 ], [ 173844.202100048889406, 538949.567100000102073, 0.0 ], [ 173843.734200046717888, 538945.775700000929646, 0.0 ], [ 173845.609000047930749, 538945.413300000014715, 0.0 ], [ 173845.066600048041437, 538941.01799999922514, 0.0 ], [ 173849.363800047314726, 538940.474600001005456, 0.0 ], [ 173849.773500047915149, 538943.878100001602434, 0.0 ], [ 173851.673800046526594, 538943.63820000027772, 0.0 ], [ 173852.14170004663174, 538947.429600001312792, 0.0 ], [ 173856.13130004829145, 538946.937200002139434, 0.0 ], [ 173856.299300046870485, 538948.298400000436231, 0.0 ], [ 173872.496800046326825, 538946.29940000094939, 0.0 ], [ 173872.328800049028359, 538944.938200001604855, 0.0 ], [ 173876.318500047840644, 538944.44580000161659, 0.0 ], [ 173875.850600046018371, 538940.654500000644475, 0.0 ], [ 173877.612300046515884, 538940.437000001780689, 0.0 ], [ 173877.19390004791785, 538937.047300001373515, 0.0 ], [ 173877.323700046923477, 538937.037000001990236, 0.0 ], [ 173881.621600047772517, 538936.507600001525134, 0.0 ], [ 173881.750600047700573, 538936.491700000013225, 0.0 ], [ 173881.766400046850322, 538936.619700000970624, 0.0 ], [ 173881.935200047126273, 538937.987999999546446, 0.0 ], [ 173881.957249088998651, 538937.985281946719624, 0.0 ], [ 173881.922504140675301, 538937.703744331607595, 0.0 ], [ 173882.53190723771695, 538937.628537145094015, 0.0 ], [ 173882.404267137055285, 538936.58632350130938, 0.0 ], [ 173884.523192001448479, 538936.32482403726317, 0.0 ], [ 173884.559936646808637, 538936.622565174708143, 0.0 ], [ 173886.391045439057052, 538936.396585806738585, 0.0 ], [ 173886.354300753126154, 538936.098844362189993, 0.0 ], [ 173887.599851497041527, 538935.945129213505425, 0.0 ], [ 173887.826316085120197, 538937.780167209217325, 0.0 ], [ 173887.751841997873271, 538937.789357695961371, 0.0 ], [ 173887.862104427273152, 538938.684009751421399, 0.0 ], [ 173887.936724065977614, 538938.674800838110968, 0.0 ], [ 173888.54207702394342, 538943.587645856314339, 0.0 ], [ 173888.468391235132003, 538943.596739522647113, 0.0 ], [ 173888.492358553572558, 538943.794914436992258, 0.0 ], [ 173884.746448329766281, 538944.257202422595583, 0.0 ], [ 173884.69120112262317, 538943.80953596252948, 0.0 ], [ 173884.765563791093882, 538943.800359223270789, 0.0 ], [ 173884.655344545753906, 538942.908172796713188, 0.0 ], [ 173884.581093591579702, 538942.917336321086623, 0.0 ], [ 173884.276376489084214, 538940.456160673988052, 0.0 ], [ 173882.364380634069676, 538940.69212273741141, 0.0 ], [ 173882.402800047013443, 538941.003500001155771, 0.0 ], [ 173884.070500046887901, 538940.797700001043268, 0.0 ], [ 173884.538400046498282, 538944.589100000797771, 0.0 ], [ 173888.528000046877423, 538944.096700000576675, 0.0 ], [ 173888.696100046829088, 538945.457900001201779, 0.0 ], [ 173904.89360004736227, 538943.458900001947768, 0.0 ], [ 173904.725700047740247, 538942.097700000042096, 0.0 ], [ 173908.715200049075065, 538941.605300000868738, 0.0 ], [ 173908.247300047776662, 538937.813999999663793, 0.0 ], [ 173908.469500047038309, 538937.786600000923499, 0.0 ], [ 173909.905100047530141, 538937.609400000772439, 0.0 ], [ 173909.979500049288617, 538937.600200001033954, 0.0 ], [ 173909.545400047267321, 538934.141400000429712, 0.0 ] ], [ [ 173842.245368486939697, 538935.848168985103257, 0.0 ], [ 173842.170939970936161, 538935.857353848521598, 0.0 ], [ 173842.354654131777352, 538937.346060966723599, 0.0 ], [ 173842.42909176190733, 538937.336874978267588, 0.0 ], [ 173842.478378127008909, 538937.7362413816154, 0.0 ], [ 173842.619100356416311, 538938.876510774483904, 0.0 ], [ 173840.882276610529516, 538939.090854606940411, 0.0 ], [ 173840.919021264911862, 538939.388595806318335, 0.0 ], [ 173839.15738575119758, 538939.606001692241989, 0.0 ], [ 173839.004283020971343, 538938.365413365070708, 0.0 ], [ 173838.681730040727416, 538938.405220078537241, 0.0 ], [ 173837.75086545193335, 538930.862443101941608, 0.0 ], [ 173841.571877691050759, 538930.390886670909822, 0.0 ], [ 173841.583970098494319, 538930.488871203386225, 0.0 ], [ 173841.509574395109667, 538930.498052018228918, 0.0 ], [ 173841.693288556591142, 538931.986759133986197, 0.0 ], [ 173841.767693374102237, 538931.977577195968479, 0.0 ], [ 173842.245368486939697, 538935.848168985103257, 0.0 ] ], [ [ 173833.91554590431042, 538932.442735561169684, 0.0 ], [ 173833.781909440440359, 538931.352257478865795, 0.0 ], [ 173837.601994842902059, 538930.880815429263748, 0.0 ], [ 173838.53285943341325, 538938.423592405044474, 0.0 ], [ 173838.210306452179793, 538938.463399116648361, 0.0 ], [ 173838.363409181707539, 538939.703987443936057, 0.0 ], [ 173836.601773666363442, 538939.921393331023864, 0.0 ], [ 173836.565029011340812, 538939.623652132693678, 0.0 ], [ 173834.82820526623982, 538939.837995966081508, 0.0 ], [ 173834.638190786587074, 538938.298312467406504, 0.0 ], [ 173834.712623875937425, 538938.289127037627622, 0.0 ], [ 173834.603362280380679, 538937.397567054373212, 0.0 ], [ 173834.528173692262499, 538937.40684618265368, 0.0 ], [ 173834.025996739132097, 538933.337716471403837, 0.0 ], [ 173834.100459546054481, 538933.328526912839152, 0.0 ], [ 173833.990014841634547, 538932.433545709471218, 0.0 ], [ 173833.91554590431042, 538932.442735561169684, 0.0 ] ], [ [ 173833.877126133273123, 538933.356088798842393, 0.0 ], [ 173834.379303086228902, 538937.425218509393744, 0.0 ], [ 173834.305621068284381, 538937.434311710065231, 0.0 ], [ 173834.414882437587949, 538938.3258698732825, 0.0 ], [ 173834.489320068823872, 538938.316683885408565, 0.0 ], [ 173834.679334662912879, 538939.856368293636478, 0.0 ], [ 173832.942510915861931, 538940.070712127606384, 0.0 ], [ 173832.979255570826354, 538940.368453324656002, 0.0 ], [ 173831.21762005740311, 538940.585859211743809, 0.0 ], [ 173831.064517328457441, 538939.345270885154605, 0.0 ], [ 173830.741964345361339, 538939.385077596292831, 0.0 ], [ 173829.811099754530005, 538931.842300620977767, 0.0 ], [ 173833.632111994578736, 538931.370744189363904, 0.0 ], [ 173833.766675184568157, 538932.4611069788225, 0.0 ], [ 173833.692273402150022, 538932.470288544776849, 0.0 ], [ 173833.803444113989826, 538933.365181998698972, 0.0 ], [ 173833.877126133273123, 538933.356088798842393, 0.0 ] ], [ [ 173825.975774210470263, 538933.422544474480674, 0.0 ], [ 173825.842082493240014, 538932.332122556399554, 0.0 ], [ 173829.662228479690384, 538931.860673031653278, 0.0 ], [ 173830.593059070495656, 538939.403454202692956, 0.0 ], [ 173830.270540757366689, 538939.443256636266597, 0.0 ], [ 173830.423643488466041, 538940.683844962972216, 0.0 ], [ 173828.662007973412983, 538940.901250849710777, 0.0 ], [ 173828.625263317779172, 538940.603509651729837, 0.0 ], [ 173826.888439571514027, 538940.817853484419174, 0.0 ], [ 173826.698419092281256, 538939.27812137955334, 0.0 ], [ 173826.772852179943584, 538939.268935948726721, 0.0 ], [ 173826.650376074219821, 538938.276464538881555, 0.0 ], [ 173826.625564287707675, 538938.279526441008784, 0.0 ], [ 173826.147907466540346, 538934.408887936850078, 0.0 ], [ 173826.172719253605464, 538934.405826031928882, 0.0 ], [ 173826.050243146077264, 538933.413354622083716, 0.0 ], [ 173825.975774210470263, 538933.422544474480674, 0.0 ] ], [ [ 173825.899789601156954, 538934.439506963128224, 0.0 ], [ 173826.377446422207868, 538938.310145469615236, 0.0 ], [ 173826.352634635637514, 538938.313207371626049, 0.0 ], [ 173826.475110742816469, 538939.305678783683106, 0.0 ], [ 173826.549548375129234, 538939.296492794528604, 0.0 ], [ 173826.739568966004299, 538940.836225812439807, 0.0 ], [ 173825.002745220554061, 538941.050569645711221, 0.0 ], [ 173825.039489873306593, 538941.348310844856314, 0.0 ], [ 173823.277854360232595, 538941.56571672973223, 0.0 ], [ 173823.124751632509287, 538940.325128403608687, 0.0 ], [ 173822.802198649384081, 538940.364935115794651, 0.0 ], [ 173821.871334059338551, 538932.822158139781095, 0.0 ], [ 173825.693211880919989, 538932.350494886166416, 0.0 ], [ 173825.826903491310077, 538933.440915890852921, 0.0 ], [ 173825.7525017078151, 538933.450097454711795, 0.0 ], [ 173825.874977814033628, 538934.442568865837529, 0.0 ], [ 173825.899789601156954, 538934.439506963128224, 0.0 ] ], [ [ 173818.22092815535143, 538935.288241951260716, 0.0 ], [ 173818.110471452673664, 538934.393163528060541, 0.0 ], [ 173818.036002513195854, 538934.402353380341083, 0.0 ], [ 173817.901451211480889, 538933.312086898600683, 0.0 ], [ 173821.722463451558724, 538932.840530468500219, 0.0 ], [ 173822.653328043263173, 538940.383307443931699, 0.0 ], [ 173822.330775059119333, 538940.423114154138602, 0.0 ], [ 173822.48387778896722, 538941.663702482357621, 0.0 ], [ 173820.722242277028272, 538941.881108369561844, 0.0 ], [ 173820.685497620841488, 538941.583367172512226, 0.0 ], [ 173818.948673876177054, 538941.797711004852317, 0.0 ], [ 173818.758647397393361, 538940.257930286461487, 0.0 ], [ 173818.83308048613253, 538940.248744859592989, 0.0 ], [ 173818.723080791445682, 538939.357374663813971, 0.0 ], [ 173818.648642302578082, 538939.366561220027506, 0.0 ], [ 173818.146465349040227, 538935.297431510756724, 0.0 ], [ 173818.22092815535143, 538935.288241951260716, 0.0 ] ], [ [ 173842.230887316138251, 538941.846451981575228, 0.0 ], [ 173842.194142680498771, 538941.548710943898186, 0.0 ], [ 173844.313067545735976, 538941.287211481481791, 0.0 ], [ 173844.441673850989901, 538942.329305782797746, 0.0 ], [ 173845.052043141564354, 538942.253979162778705, 0.0 ], [ 173845.149869179935195, 538943.046661575324833, 0.0 ], [ 173845.075395091349492, 538943.055852063000202, 0.0 ], [ 173845.185829892667243, 538943.950748102623038, 0.0 ], [ 173845.260341773362597, 538943.941552487900481, 0.0 ], [ 173845.421939361811383, 538945.251240756129846, 0.0 ], [ 173843.436997013515793, 538945.496205251081847, 0.0 ], [ 173843.740782115783077, 538947.957495917915367, 0.0 ], [ 173843.665350277005928, 538947.966804952942766, 0.0 ], [ 173843.775538385845721, 538948.858739070594311, 0.0 ], [ 173843.850826317153405, 538948.849448151071556, 0.0 ], [ 173843.906104549008887, 538949.297366004902869, 0.0 ], [ 173840.159688923333306, 538949.759716363856569, 0.0 ], [ 173840.13489827880403, 538949.561682230210863, 0.0 ], [ 173840.060647309292108, 538949.570845645153895, 0.0 ], [ 173839.454388108686544, 538944.658073299797252, 0.0 ], [ 173839.528606708772713, 538944.648913880228065, 0.0 ], [ 173839.418307702522725, 538943.753965456737205, 0.0 ], [ 173839.343911129049957, 538943.763146841200069, 0.0 ], [ 173839.117483175330563, 538941.928405699087307, 0.0 ], [ 173840.363033760426333, 538941.774690792430192, 0.0 ], [ 173840.39977856259793, 538942.072431659675203, 0.0 ], [ 173842.230887316138251, 538941.846451981575228, 0.0 ] ], [ [ 173837.268533487076638, 538942.45886315125972, 0.0 ], [ 173839.005357219168218, 538942.244519196799956, 0.0 ], [ 173839.195040408405475, 538943.781518257572316, 0.0 ], [ 173839.120566378202057, 538943.790709200548008, 0.0 ], [ 173839.230865495250328, 538944.68565853650216, 0.0 ], [ 173839.305485132645117, 538944.676449622493237, 0.0 ], [ 173839.911809071432799, 538949.589213979663327, 0.0 ], [ 173839.837157064583153, 538949.598426886601374, 0.0 ], [ 173839.949918350175722, 538950.489565192721784, 0.0 ], [ 173840.021795150503749, 538950.480695226113312, 0.0 ], [ 173840.134642987279221, 538951.395098999841139, 0.0 ], [ 173836.313630748802098, 538951.866655429825187, 0.0 ], [ 173836.202848702610936, 538950.951972974580713, 0.0 ], [ 173836.275135583768133, 538950.943051949958317, 0.0 ], [ 173836.165176849230193, 538950.051136224996299, 0.0 ], [ 173836.090741540974705, 538950.060322388075292, 0.0 ], [ 173835.486576509254519, 538945.147746443632059, 0.0 ], [ 173835.558723859547172, 538945.138842637767084, 0.0 ], [ 173835.448415837396169, 538944.243871117243543, 0.0 ], [ 173835.374025338212959, 538944.25305175059475, 0.0 ], [ 173835.300703052780591, 538943.658922756440006, 0.0 ], [ 173835.623256043792935, 538943.61911612469703, 0.0 ], [ 173835.604883705120301, 538943.47024544631131, 0.0 ], [ 173835.470153435948305, 538942.378528799745254, 0.0 ], [ 173837.231788949953625, 538942.161122912541032, 0.0 ], [ 173837.268533487076638, 538942.45886315125972, 0.0 ] ], [ [ 173834.676176770182792, 538942.476513760630041, 0.0 ], [ 173834.829279502708232, 538943.717102094553411, 0.0 ], [ 173835.151832483534236, 538943.677295384928584, 0.0 ], [ 173835.225154560757801, 538944.271422712597996, 0.0 ], [ 173835.150680531427497, 538944.280613654758781, 0.0 ], [ 173835.263760477857431, 538945.175244479090907, 0.0 ], [ 173835.335634652466979, 538945.166374387219548, 0.0 ], [ 173835.941870932787424, 538950.078694717260078, 0.0 ], [ 173835.867435624444624, 538950.087880882201716, 0.0 ], [ 173835.977394199639093, 538950.979795228689909, 0.0 ], [ 173836.051909245463321, 538950.970599223626778, 0.0 ], [ 173836.164760142710293, 538951.885027757030912, 0.0 ], [ 173832.343747902370524, 538952.356584189459682, 0.0 ], [ 173831.215454701858107, 538943.205882189446129, 0.0 ], [ 173832.951285912131425, 538942.991660845233127, 0.0 ], [ 173832.914541257341625, 538942.693919649696909, 0.0 ], [ 173834.676176770182792, 538942.476513760630041, 0.0 ] ], [ [ 173827.684252402134007, 538944.598847788642161, 0.0 ], [ 173827.53114967016154, 538943.358259460888803, 0.0 ], [ 173829.292785183846718, 538943.140853574499488, 0.0 ], [ 173829.329407355457079, 538943.43760229239706, 0.0 ], [ 173831.065238458453678, 538943.223380964598618, 0.0 ], [ 173832.196405239781598, 538952.374735918594524, 0.0 ], [ 173828.375407320156228, 538952.846290580229834, 0.0 ], [ 173828.262550594110508, 538951.931814808398485, 0.0 ], [ 173828.336125968722627, 538951.922735225874931, 0.0 ], [ 173828.225411154649919, 538951.030993742519058, 0.0 ], [ 173828.150779759249417, 538951.040204106480815, 0.0 ], [ 173827.54573203655309, 538946.127737096976489, 0.0 ], [ 173827.618958163424395, 538946.118700156221166, 0.0 ], [ 173827.509412187617272, 538945.223552743438631, 0.0 ], [ 173827.434848192613572, 538945.232754788245074, 0.0 ], [ 173827.361531998118153, 538944.638675160589628, 0.0 ], [ 173827.684252402134007, 538944.598847788642161, 0.0 ] ], [ [ 173819.174638831202174, 538962.210219318978488, 0.0 ], [ 173818.588448499504011, 538957.456851458991878, 0.0 ], [ 173827.215813402930507, 538956.347920713247731, 0.0 ], [ 173827.779970414354466, 538960.919294425752014, 0.0 ], [ 173826.517543751484482, 538961.075092255952768, 0.0 ], [ 173827.157783272181405, 538966.262940159533173, 0.0 ], [ 173819.786608185735531, 538967.172627121559344, 0.0 ], [ 173819.199117604846833, 538962.408715629717335, 0.0 ], [ 173819.944664548238507, 538962.316706646117382, 0.0 ], [ 173819.920168110838858, 538962.118212513043545, 0.0 ], [ 173819.174638831202174, 538962.210219318978488, 0.0 ] ], [ [ 173821.1672545192705, 538972.241539299720898, 0.0 ], [ 173821.142758082889486, 538972.043045166647062, 0.0 ], [ 173820.397651762992609, 538972.134999772068113, 0.0 ], [ 173819.809775194793474, 538967.371317353681661, 0.0 ], [ 173831.272126070107333, 538965.956732702557929, 0.0 ], [ 173832.472451470355736, 538975.682945186039433, 0.0 ], [ 173821.009798159881029, 538977.09534548339434, 0.0 ], [ 173820.422147540695732, 538972.333493985701352, 0.0 ], [ 173821.1672545192705, 538972.241539299720898, 0.0 ] ], [ [ 173828.407101545337355, 538976.386140908347443, 0.0 ], [ 173828.995048394863261, 538981.149996088352054, 0.0 ], [ 173821.622507617110386, 538982.059851592755876, 0.0 ], [ 173821.034593136777403, 538977.295992417843081, 0.0 ], [ 173828.407101545337355, 538976.386140908347443, 0.0 ] ], [ [ 173822.237607178685721, 538987.021873092162423, 0.0 ], [ 173821.649201904074289, 538982.258074485929683, 0.0 ], [ 173829.01951635821024, 538981.348525769659318, 0.0 ], [ 173829.027274088584818, 538981.411386498832144, 0.0 ], [ 173830.28970075113466, 538981.255588668282144, 0.0 ], [ 173830.891024464042857, 538986.12808080681134, 0.0 ], [ 173832.306265392544447, 538985.953423956991173, 0.0 ], [ 173832.955391134310048, 538991.213522159843706, 0.0 ], [ 173829.259692602936411, 538991.669613451813348, 0.0 ], [ 173823.876100923167542, 538992.334009982994758, 0.0 ], [ 173823.820983939687721, 538991.88739818520844, 0.0 ], [ 173823.597678036516299, 538991.914956676890142, 0.0 ], [ 173823.594615980488015, 538991.890144910197705, 0.0 ], [ 173822.850262947351439, 538991.98200655344408, 0.0 ], [ 173822.262124066270189, 538987.220364701584913, 0.0 ], [ 173823.006719141965732, 538987.128473187680356, 0.0 ], [ 173822.982222705730237, 538986.929979055537842, 0.0 ], [ 173822.237607178685721, 538987.021873092162423, 0.0 ] ], [ [ 173842.509804659697693, 538986.988218733225949, 0.0 ], [ 173842.61379601812223, 538987.830966478795744, 0.0 ], [ 173842.589297871978488, 538987.833989982260391, 0.0 ], [ 173842.687288478686241, 538988.627965911640786, 0.0 ], [ 173843.391784792474937, 538994.134415342006832, 0.0 ], [ 173843.367717664048541, 538994.137385498732328, 0.0 ], [ 173843.477351772831753, 538995.029448218178004, 0.0 ], [ 173843.575463190150913, 538995.623230361263268, 0.0 ], [ 173843.163415873539634, 538995.674081647652201, 0.0 ], [ 173843.181788202986354, 538995.822952247457579, 0.0 ], [ 173843.273822067509172, 538996.567284253891557, 0.0 ], [ 173841.278955714020412, 538996.813473608344793, 0.0 ], [ 173841.242211062199203, 538996.515732331201434, 0.0 ], [ 173839.480575552093796, 538996.733138198964298, 0.0 ], [ 173839.517320026439847, 538997.030879467260092, 0.0 ], [ 173838.87215066011413, 538997.109975623898208, 0.0 ], [ 173837.902129025344038, 538989.218538995017298, 0.0 ], [ 173837.923432662442792, 538989.215909589198418, 0.0 ], [ 173837.825442051980644, 538988.421933657955378, 0.0 ], [ 173837.696385294519132, 538987.58277466148138, 0.0 ], [ 173837.746007479465334, 538987.57665056292899, 0.0 ], [ 173842.509804659697693, 538986.988218733225949, 0.0 ] ], [ [ 173832.733357716817409, 538988.189722744282335, 0.0 ], [ 173837.547457436914556, 538987.600681042997167, 0.0 ], [ 173837.651395351334941, 538988.442887850455008, 0.0 ], [ 173837.626282840385102, 538988.445987019338645, 0.0 ], [ 173837.724263727955986, 538989.239964148844592, 0.0 ], [ 173838.723215964040719, 538997.127830706071109, 0.0 ], [ 173838.078174256545026, 538997.207961292238906, 0.0 ], [ 173838.041429411445279, 538996.910220068413764, 0.0 ], [ 173836.27979390337714, 538997.12762597494293, 0.0 ], [ 173836.3165385821776, 538997.425367247662507, 0.0 ], [ 173834.321672199119348, 538997.671556357759982, 0.0 ], [ 173834.229982722579734, 538996.927181846695021, 0.0 ], [ 173834.21161039636354, 538996.778311246889643, 0.0 ], [ 173833.799563090695301, 538996.829162624548189, 0.0 ], [ 173833.725911086337874, 538996.232361912028864, 0.0 ], [ 173833.750370498542907, 538996.229343342012726, 0.0 ], [ 173833.627881247841287, 538995.236815409502015, 0.0 ], [ 173832.935893074230989, 538989.830873863422312, 0.0 ], [ 173832.960400711803231, 538989.827849494409747, 0.0 ], [ 173832.862419826065889, 538989.033872363972478, 0.0 ], [ 173832.733357716817409, 538988.189722744282335, 0.0 ] ], [ [ 173843.967377519264119, 538998.798656770726666, 0.0 ], [ 173844.150927413720638, 539000.285957876127213, 0.0 ], [ 173844.125732461019652, 539000.289067063946277, 0.0 ], [ 173844.235960956342751, 539001.182291332515888, 0.0 ], [ 173844.261161380971316, 539001.179181471117772, 0.0 ], [ 173844.928689094260335, 539006.588145064655691, 0.0 ], [ 173844.903455557883717, 539006.591259014443494, 0.0 ], [ 173845.013689522485947, 539007.484482609550469, 0.0 ], [ 173845.03892305935733, 539007.48136865964625, 0.0 ], [ 173845.302433325327002, 539009.616587008815259, 0.0 ], [ 173840.538572270481382, 539010.204500742838718, 0.0 ], [ 173840.165003315283684, 539007.177465045126155, 0.0 ], [ 173840.115379595605191, 539007.183589177438989, 0.0 ], [ 173839.447674979979638, 539001.773190600448288, 0.0 ], [ 173839.472097940160893, 539001.770176679827273, 0.0 ], [ 173839.361869443760952, 539000.876952409977093, 0.0 ], [ 173839.337440825067461, 539000.879967026878148, 0.0 ], [ 173839.264128834562143, 539000.285919891437516, 0.0 ], [ 173839.676003554399358, 539000.235087788198143, 0.0 ], [ 173839.56576971928007, 538999.341863449895754, 0.0 ], [ 173840.890744448755868, 538999.178348334738985, 0.0 ], [ 173840.927489023946691, 538999.476087404298596, 0.0 ], [ 173842.833354313188465, 538999.240884058410302, 0.0 ], [ 173842.796609849261586, 538998.94314283656422, 0.0 ], [ 173843.967377519264119, 538998.798656770726666, 0.0 ] ], [ [ 173839.115257847879548, 539000.304292267537676, 0.0 ], [ 173839.188570105703548, 539000.898338444065303, 0.0 ], [ 173839.163375152216759, 539000.901447632350028, 0.0 ], [ 173839.273603647248819, 539001.794671901734546, 0.0 ], [ 173839.298804260324687, 539001.791562017286196, 0.0 ], [ 173839.966509289923124, 539007.201962392311543, 0.0 ], [ 173839.916885570128215, 539007.208086572703905, 0.0 ], [ 173840.290457596856868, 539010.235120917554013, 0.0 ], [ 173835.526596812007483, 539010.82303657871671, 0.0 ], [ 173835.261977811343968, 539008.687894292059354, 0.0 ], [ 173835.287463729648152, 539008.684749199077487, 0.0 ], [ 173835.177235232869862, 539007.791524928295985, 0.0 ], [ 173835.152845195349073, 539007.794534784392454, 0.0 ], [ 173834.485317480866797, 539002.385571191669442, 0.0 ], [ 173834.509740632231114, 539002.382557248231024, 0.0 ], [ 173834.399512133328244, 539001.489332977565937, 0.0 ], [ 173834.375083516642917, 539001.492347594466992, 0.0 ], [ 173834.19154100632295, 539000.005106340860948, 0.0 ], [ 173835.362308675452368, 538999.860620275838301, 0.0 ], [ 173835.399053331115283, 539000.158361475216225, 0.0 ], [ 173837.304918289213674, 538999.923153894371353, 0.0 ], [ 173837.268173893302446, 538999.625414801877923, 0.0 ], [ 173838.593148544343421, 538999.461895979940891, 0.0 ], [ 173838.703382625099039, 539000.355120289837942, 0.0 ], [ 173839.115257847879548, 539000.304292267537676, 0.0 ] ], [ [ 173834.042670398717746, 539000.023478670394979, 0.0 ], [ 173834.22622029442573, 539001.510779775446281, 0.0 ], [ 173834.20102534009493, 539001.51388896338176, 0.0 ], [ 173834.311253837688128, 539002.40711323346477, 0.0 ], [ 173834.336454261152539, 539002.404003370320424, 0.0 ], [ 173835.003981976362411, 539007.812966963276267, 0.0 ], [ 173834.978748438326875, 539007.81608091306407, 0.0 ], [ 173835.088982402376132, 539008.709304507821798, 0.0 ], [ 173835.377726205857471, 539010.841408907435834, 0.0 ], [ 173830.613865184190217, 539011.429322637966834, 0.0 ], [ 173830.24029619662906, 539008.402286946307868, 0.0 ], [ 173830.19067247651401, 539008.408411078155041, 0.0 ], [ 173829.522967862081714, 539002.998012499767356, 0.0 ], [ 173829.547390821040608, 539002.99499857914634, 0.0 ], [ 173829.43716232519364, 539002.101774307782762, 0.0 ], [ 173829.412733704928542, 539002.104788926430047, 0.0 ], [ 173829.339421715383651, 539001.510741790407337, 0.0 ], [ 173829.751296434144024, 539001.459909687750041, 0.0 ], [ 173829.641062599548604, 539000.566685349796899, 0.0 ], [ 173830.96603733158554, 539000.403170234058052, 0.0 ], [ 173831.002781904739095, 539000.700909303617664, 0.0 ], [ 173832.908647195290541, 539000.465705956914462, 0.0 ], [ 173832.871902730606962, 539000.167964735766873, 0.0 ], [ 173834.042670398717746, 539000.023478670394979, 0.0 ] ], [ [ 173829.19055073018535, 539001.529114164761268, 0.0 ], [ 173829.263862987048924, 539002.123160342336632, 0.0 ], [ 173829.238668031874113, 539002.12626952980645, 0.0 ], [ 173829.348896529176272, 539003.019493801053613, 0.0 ], [ 173829.374097141087987, 539003.016383914975449, 0.0 ], [ 173830.041802172287134, 539008.42678428965155, 0.0 ], [ 173829.992178452084772, 539008.432908471324481, 0.0 ], [ 173830.365750477532856, 539011.45994281815365, 0.0 ], [ 173825.601889692246914, 539012.047858478035778, 0.0 ], [ 173825.337270692572929, 539009.912716191029176, 0.0 ], [ 173825.362756609742064, 539009.909571096533909, 0.0 ], [ 173825.252528113516746, 539009.016346827964298, 0.0 ], [ 173825.228138077189215, 539009.019356683711521, 0.0 ], [ 173824.560610360756982, 539003.610393089824356, 0.0 ], [ 173824.585033510928042, 539003.607379146385938, 0.0 ], [ 173824.474805015372112, 539002.714154877699912, 0.0 ], [ 173824.266833885485539, 539001.229928240878507, 0.0 ], [ 173825.437601555488072, 539001.08544217585586, 0.0 ], [ 173825.47434621193679, 539001.383183375117369, 0.0 ], [ 173827.380211171344854, 539001.14797579171136, 0.0 ], [ 173827.343466774676926, 539000.850236700032838, 0.0 ], [ 173828.668441425455967, 539000.68671787949279, 0.0 ], [ 173828.778675505687715, 539001.579942187177949, 0.0 ], [ 173829.19055073018535, 539001.529114164761268, 0.0 ] ], [ [ 173866.233285874332068, 538928.355388162075542, 0.0 ], [ 173866.1228601114708, 538927.460560441715643, 0.0 ], [ 173866.048385040165158, 538927.469750588177703, 0.0 ], [ 173865.89632329941378, 538926.231296609621495, 0.0 ], [ 173869.716569620766677, 538925.759834701195359, 0.0 ], [ 173870.647434209182393, 538933.302611677558161, 0.0 ], [ 173870.324881226668367, 538933.342418389394879, 0.0 ], [ 173870.477983957971446, 538934.583006716798991, 0.0 ], [ 173868.716348443733295, 538934.800412605865858, 0.0 ], [ 173868.679603787022643, 538934.502671406371519, 0.0 ], [ 173866.942780042765662, 538934.71701523871161, 0.0 ], [ 173866.77116221858887, 538933.326399485347793, 0.0 ], [ 173866.845601433538832, 538933.317213762085885, 0.0 ], [ 173866.735570802935399, 538932.425592866376974, 0.0 ], [ 173866.661071018781513, 538932.434332715929486, 0.0 ], [ 173866.158816994720837, 538928.364578469889238, 0.0 ], [ 173866.233285874332068, 538928.355388162075542, 0.0 ] ], [ [ 173863.332194833928952, 538935.464878484723158, 0.0 ], [ 173863.17909210320795, 538934.224290156387724, 0.0 ], [ 173862.85653912165435, 538934.264096870203502, 0.0 ], [ 173861.925674532947596, 538926.721319892094471, 0.0 ], [ 173865.746686772326939, 538926.249763460713439, 0.0 ], [ 173865.89951438040589, 538927.488122459501028, 0.0 ], [ 173865.825118672131794, 538927.497303276439197, 0.0 ], [ 173865.936260599846719, 538928.392044463544153, 0.0 ], [ 173866.009946387523087, 538928.382950798841193, 0.0 ], [ 173866.51220041140914, 538932.452705044415779, 0.0 ], [ 173866.438569847057806, 538932.462246168986894, 0.0 ], [ 173866.547866071545286, 538933.353955846978351, 0.0 ], [ 173866.622291557985591, 538933.344771355274133, 0.0 ], [ 173866.793909438623814, 538934.73538756580092, 0.0 ], [ 173865.057085692387773, 538934.949731398955919, 0.0 ], [ 173865.093830346188042, 538935.247472597518936, 0.0 ], [ 173863.332194833928952, 538935.464878484723158, 0.0 ] ], [ [ 173858.293520178092876, 538929.335245682159439, 0.0 ], [ 173858.183088416059036, 538928.440369350020774, 0.0 ], [ 173858.108613402175251, 538928.449559952132404, 0.0 ], [ 173857.956496349128429, 538927.211161687970161, 0.0 ], [ 173861.776803923712578, 538926.739692219649442, 0.0 ], [ 173862.707668514136458, 538934.282469196710736, 0.0 ], [ 173862.385115534358192, 538934.322275908431038, 0.0 ], [ 173862.538218264351599, 538935.562864236300811, 0.0 ], [ 173860.776582750462694, 538935.780270122922957, 0.0 ], [ 173860.739838093199069, 538935.48252892435994, 0.0 ], [ 173859.003014347748831, 538935.696872758446261, 0.0 ], [ 173858.831390582752647, 538934.306208847672679, 0.0 ], [ 173858.905829740280751, 538934.297022671089508, 0.0 ], [ 173858.795805108093191, 538933.405450386693701, 0.0 ], [ 173858.721305322949775, 538933.414190233801492, 0.0 ], [ 173858.219051297404803, 538929.344435989623889, 0.0 ], [ 173858.293520178092876, 538929.335245682159439, 0.0 ] ], [ [ 173854.916773425386054, 538935.243954388541169, 0.0 ], [ 173853.985908834671136, 538927.701177410315722, 0.0 ], [ 173857.806921074981801, 538927.22962098044809, 0.0 ], [ 173857.959742684499361, 538928.467931370134465, 0.0 ], [ 173857.885346977971494, 538928.477112184162252, 0.0 ], [ 173857.996494904888095, 538929.371901982929558, 0.0 ], [ 173858.070180690818233, 538929.362808317295276, 0.0 ], [ 173858.572434718982549, 538933.432562562637031, 0.0 ], [ 173858.498804153496167, 538933.442103688721545, 0.0 ], [ 173858.608088300505187, 538934.333765505463816, 0.0 ], [ 173858.68251991996658, 538934.324580721906386, 0.0 ], [ 173858.854143741424195, 538935.715245086001232, 0.0 ], [ 173857.117319994024001, 538935.92958891869057, 0.0 ], [ 173857.154064651200315, 538936.227330116787925, 0.0 ], [ 173855.392429136467399, 538936.444736003526486, 0.0 ], [ 173855.239326407026965, 538935.204147675656714, 0.0 ], [ 173854.916773425386054, 538935.243954388541169, 0.0 ] ], [ [ 173850.353754484065576, 538930.315103200613521, 0.0 ], [ 173850.243316722888267, 538929.42017826018855, 0.0 ], [ 173850.168841707869433, 538929.429368861718103, 0.0 ], [ 173850.01602222060319, 538928.191106636077166, 0.0 ], [ 173853.837038228899473, 538927.719549740781076, 0.0 ], [ 173854.767902818479342, 538935.262326716561802, 0.0 ], [ 173854.445349835848901, 538935.302133427234367, 0.0 ], [ 173854.598452567413915, 538936.542721756384708, 0.0 ], [ 173852.836817053845152, 538936.760127642424777, 0.0 ], [ 173852.800072398764314, 538936.462386444094591, 0.0 ], [ 173851.063248652149923, 538936.676730277598836, 0.0 ], [ 173850.891618829307845, 538935.286017305334099, 0.0 ], [ 173850.966058046469698, 538935.27683158009313, 0.0 ], [ 173850.856040028680582, 538934.385307830059901, 0.0 ], [ 173850.781539629329927, 538934.394047753536142, 0.0 ], [ 173850.279281833325513, 538930.324293973157182, 0.0 ], [ 173850.353754484065576, 538930.315103200613521, 0.0 ] ], [ [ 173846.728890049445909, 538936.25443245540373, 0.0 ], [ 173845.798025461408542, 538928.711655478109606, 0.0 ], [ 173849.867151722341077, 538928.209479865035973, 0.0 ], [ 173850.019970988039859, 538929.447740280535072, 0.0 ], [ 173849.945575283200014, 538929.456921093864366, 0.0 ], [ 173850.056729209347395, 538930.351759503013454, 0.0 ], [ 173850.130414993531303, 538930.342665837961249, 0.0 ], [ 173850.632665365672437, 538934.412421445827931, 0.0 ], [ 173850.559038456558483, 538934.421961206709966, 0.0 ], [ 173850.668316607916495, 538935.313574416097254, 0.0 ], [ 173850.742748167162063, 538935.304389175027609, 0.0 ], [ 173850.9143780436425, 538936.695102604338899, 0.0 ], [ 173848.929436619451735, 538936.940066985553131, 0.0 ], [ 173848.966181275522104, 538937.237808183534071, 0.0 ], [ 173847.204545761022018, 538937.455214070971124, 0.0 ], [ 173847.051443031668896, 538936.214625741704367, 0.0 ], [ 173846.728890049445909, 538936.25443245540373, 0.0 ] ], [ [ 173841.991028861200903, 538931.949976137490012, 0.0 ], [ 173841.807314700534334, 538930.461269021383487, 0.0 ], [ 173841.7328396870289, 538930.470459623960778, 0.0 ], [ 173841.580024936527479, 538929.232204785686918, 0.0 ], [ 173845.649154964601621, 538928.730028706602752, 0.0 ], [ 173846.580019442888442, 538936.272804783773609, 0.0 ], [ 173846.257466465292964, 538936.312611493747681, 0.0 ], [ 173846.410569194005802, 538937.553199821268208, 0.0 ], [ 173844.64893368066987, 538937.770605708588846, 0.0 ], [ 173844.612189026724081, 538937.47286451025866, 0.0 ], [ 173842.627247601398267, 538937.717828890774399, 0.0 ], [ 173842.577961351897102, 538937.318463397445157, 0.0 ], [ 173842.652394437376643, 538937.309277968946844, 0.0 ], [ 173842.468680277379462, 538935.820570852723904, 0.0 ], [ 173842.394238074572058, 538935.829757405212149, 0.0 ], [ 173841.916562962229364, 538931.959165615728125, 0.0 ], [ 173841.991028861200903, 538931.949976137490012, 0.0 ] ], [ [ 173869.34696375601925, 538937.04011169471778, 0.0 ], [ 173869.383708292007213, 538937.337851934367791, 0.0 ], [ 173871.120532023283886, 538937.123507980839349, 0.0 ], [ 173871.291866860585287, 538938.511830714414828, 0.0 ], [ 173871.217392773163738, 538938.521021202555858, 0.0 ], [ 173871.327069075225154, 538939.415847375290468, 0.0 ], [ 173871.402287214848911, 538939.406564596923999, 0.0 ], [ 173872.00857406394789, 538944.31929469644092, 0.0 ], [ 173871.934004515991546, 538944.3284974291455, 0.0 ], [ 173872.043515889876289, 538945.220276112435386, 0.0 ], [ 173872.118621598259779, 538945.211007681442425, 0.0 ], [ 173872.248244282382075, 538946.274240651284344, 0.0 ], [ 173868.427232044516131, 538946.745797083131038, 0.0 ], [ 173868.297606468811864, 538945.682540719863027, 0.0 ], [ 173868.37137148148031, 538945.673437734716572, 0.0 ], [ 173868.261214288591873, 538944.781761574791744, 0.0 ], [ 173868.186025702045299, 538944.791040702024475, 0.0 ], [ 173867.579738853441086, 538939.878310605185106, 0.0 ], [ 173867.654927439783933, 538939.869031477021053, 0.0 ], [ 173867.544657754537184, 538938.974255708162673, 0.0 ], [ 173867.470851731835864, 538938.983363751671277, 0.0 ], [ 173867.415877857652958, 538938.537911540828645, 0.0 ], [ 173867.738430847151903, 538938.498104906640947, 0.0 ], [ 173867.720058511855314, 538938.349234231282026, 0.0 ], [ 173867.585328243178083, 538937.257517581922002, 0.0 ], [ 173869.34696375601925, 538937.04011169471778, 0.0 ] ], [ [ 173866.791351576801389, 538937.355502545600757, 0.0 ], [ 173866.94445430545602, 538938.596090879640542, 0.0 ], [ 173867.267007284797728, 538938.556284159771167, 0.0 ], [ 173867.321981012617471, 538939.001735169673339, 0.0 ], [ 173867.246916316042189, 538939.010998541838489, 0.0 ], [ 173867.357186226290651, 538939.905776134342887, 0.0 ], [ 173867.43086824810598, 538939.896682933089323, 0.0 ], [ 173868.037155093537876, 538944.809413030394353, 0.0 ], [ 173867.963473074429203, 538944.818506231647916, 0.0 ], [ 173868.073630043829326, 538945.710180568275973, 0.0 ], [ 173868.148735754191875, 538945.700912135187536, 0.0 ], [ 173868.278361437609419, 538946.764169410336763, 0.0 ], [ 173864.456583275750745, 538947.235820364905521, 0.0 ], [ 173863.329636968730483, 538938.084993462543935, 0.0 ], [ 173865.066460715956055, 538937.870649629272521, 0.0 ], [ 173865.029716062301304, 538937.572908432106487, 0.0 ], [ 173866.791351576801389, 538937.355502545600757, 0.0 ] ], [ [ 173859.645562452176819, 538938.237374320975505, 0.0 ], [ 173861.407197964697843, 538938.019968434353359, 0.0 ], [ 173861.443942618294386, 538938.317709623137489, 0.0 ], [ 173863.180766364675947, 538938.103365791263059, 0.0 ], [ 173864.308478587103309, 538947.254098171018995, 0.0 ], [ 173860.487466342747211, 538947.725654602632858, 0.0 ], [ 173860.357834779599216, 538946.662349627586082, 0.0 ], [ 173860.431599787727464, 538946.653246644884348, 0.0 ], [ 173860.321448593313107, 538945.761619094642811, 0.0 ], [ 173860.247628707089461, 538945.770729308365844, 0.0 ], [ 173859.639973155601183, 538940.858168124803342, 0.0 ], [ 173859.715161745843943, 538940.848888995475136, 0.0 ], [ 173859.608003072207794, 538939.953679483500309, 0.0 ], [ 173859.530912619200535, 538939.963193322299048, 0.0 ], [ 173859.475944777805125, 538939.517790021607652, 0.0 ], [ 173859.798665180278476, 538939.477962648845278, 0.0 ], [ 173859.645562452176819, 538938.237374320975505, 0.0 ] ], [ [ 173853.995449917914812, 538939.236938414163888, 0.0 ], [ 173853.958705232478678, 538938.939196970080957, 0.0 ], [ 173855.204255977965659, 538938.785481820697896, 0.0 ], [ 173855.412323414930142, 538940.471448073862121, 0.0 ], [ 173855.337258776591625, 538940.480711905169301, 0.0 ], [ 173855.447685703577008, 538941.375544144189917, 0.0 ], [ 173855.522755758895073, 538941.366279645240866, 0.0 ], [ 173856.129042608052259, 538946.279009743127972, 0.0 ], [ 173856.053824530332349, 538946.2882925120648, 0.0 ], [ 173856.096609631145839, 538946.635245575336739, 0.0 ], [ 173852.315417181263911, 538947.101887791417539, 0.0 ], [ 173852.24192797660362, 538946.506406261818483, 0.0 ], [ 173852.350980571995024, 538946.491713435389102, 0.0 ], [ 173852.24082838522736, 538945.60013535770122, 0.0 ], [ 173852.166675421409309, 538945.609286677325144, 0.0 ], [ 173851.881209409912117, 538943.296420008642599, 0.0 ], [ 173849.896267060888931, 538943.541384499287233, 0.0 ], [ 173849.716301658540033, 538942.082862214883789, 0.0 ], [ 173849.790454625181155, 538942.073710895725526, 0.0 ], [ 173849.68017138671712, 538941.178825302049518, 0.0 ], [ 173849.606365422310773, 538941.1879337989958, 0.0 ], [ 173849.526370656531071, 538940.544122930848971, 0.0 ], [ 173850.136740161688067, 538940.468796512461267, 0.0 ], [ 173850.008133889554301, 538939.426702480996028, 0.0 ], [ 173852.127596479753265, 538939.165176645619795, 0.0 ], [ 173852.164341127412627, 538939.462917783064768, 0.0 ], [ 173853.995449917914812, 538939.236938414163888, 0.0 ] ], [ [ 173858.986316244961927, 538939.427077502012253, 0.0 ], [ 173859.004688597313361, 538939.575948283774778, 0.0 ], [ 173859.32724159344798, 538939.53614168940112, 0.0 ], [ 173859.382209321833216, 538939.981544078327715, 0.0 ], [ 173859.307144624122884, 538939.99080745165702, 0.0 ], [ 173859.417420530808158, 538940.885633651865646, 0.0 ], [ 173859.491102550877258, 538940.87654045119416, 0.0 ], [ 173860.097389397735242, 538945.789270549779758, 0.0 ], [ 173860.023825942567782, 538945.798349117627367, 0.0 ], [ 173860.133858348533977, 538946.689989479375072, 0.0 ], [ 173860.208964007091708, 538946.680720585864037, 0.0 ], [ 173860.338595739245648, 538947.744026930537075, 0.0 ], [ 173856.51681758207269, 538948.21567788394168, 0.0 ], [ 173856.387948933406733, 538947.152254082378931, 0.0 ], [ 173856.461713884957135, 538947.143150647636503, 0.0 ], [ 173856.351565745426342, 538946.251547854393721, 0.0 ], [ 173856.276377158559626, 538946.260826982557774, 0.0 ], [ 173855.670090309256921, 538941.348096883506514, 0.0 ], [ 173855.745278898684774, 538941.338817755808122, 0.0 ], [ 173855.635000213223975, 538940.443969071260653, 0.0 ], [ 173855.561194190348033, 538940.453077117563225, 0.0 ], [ 173855.389871239283821, 538939.064850691589527, 0.0 ], [ 173857.126694984879578, 538938.850506858085282, 0.0 ], [ 173857.089950344554381, 538938.552765780710615, 0.0 ], [ 173858.85158584479359, 538938.335359774064273, 0.0 ], [ 173858.986316244961927, 538939.427077502012253, 0.0 ] ], [ [ 173868.748579072504072, 538979.341198206995614, 0.0 ], [ 173868.871060854202369, 538980.333665613783523, 0.0 ], [ 173869.553353913594037, 538985.640051086316817, 0.0 ], [ 173869.526367068756372, 538985.643381568603218, 0.0 ], [ 173869.636601034260821, 538986.53660516499076, 0.0 ], [ 173869.755663853080478, 538987.279362230212428, 0.0 ], [ 173868.614335641701473, 538987.42021515883971, 0.0 ], [ 173868.577590612432687, 538987.122473974246532, 0.0 ], [ 173866.642272441880777, 538987.361314341891557, 0.0 ], [ 173866.679017090878915, 538987.659055496100336, 0.0 ], [ 173864.560092403029557, 538987.920554922544397, 0.0 ], [ 173864.449858507403405, 538987.027331895427778, 0.0 ], [ 173863.861034728062805, 538987.099999078433029, 0.0 ], [ 173863.757812710973667, 538986.254529249737971, 0.0 ], [ 173863.735197525005788, 538986.257320222561248, 0.0 ], [ 173863.539407241361914, 538984.671104798326269, 0.0 ], [ 173865.524336024565855, 538984.426141978474334, 0.0 ], [ 173865.175092249060981, 538981.595859321882017, 0.0 ], [ 173865.196609511651332, 538981.593203847180121, 0.0 ], [ 173865.099698534788331, 538980.799094678368419, 0.0 ], [ 173865.077073926688172, 538980.801886814064346, 0.0 ], [ 173864.869069348671474, 538979.116422328981571, 0.0 ], [ 173868.690068582131062, 538978.64486750238575, 0.0 ], [ 173868.775638556631748, 538979.337858757236972, 0.0 ], [ 173868.748579072504072, 538979.341198206995614, 0.0 ] ], [ [ 173852.834332141443156, 538987.576788411010057, 0.0 ], [ 173852.718137931253295, 538986.635221656877548, 0.0 ], [ 173856.514658731815871, 538986.166687748278491, 0.0 ], [ 173856.630862519639777, 538987.108277814579196, 0.0 ], [ 173856.611713489779504, 538987.110641023027711, 0.0 ], [ 173856.709694391873199, 538987.904618269414641, 0.0 ], [ 173857.169938372797333, 538991.476405792986043, 0.0 ], [ 173859.154879794688895, 538991.231441412121058, 0.0 ], [ 173859.27108382168808, 538992.173040285008028, 0.0 ], [ 173859.247915251762606, 538992.175899405381642, 0.0 ], [ 173859.358143746561836, 538993.069123677676544, 0.0 ], [ 173859.454961168463342, 538993.662994727725163, 0.0 ], [ 173858.844591852102894, 538993.738321124925278, 0.0 ], [ 173858.954825795313809, 538994.631544555188157, 0.0 ], [ 173856.835900944191962, 538994.893044115626253, 0.0 ], [ 173856.799156290187966, 538994.595302917296067, 0.0 ], [ 173854.863838116987608, 538994.834143224288709, 0.0 ], [ 173854.900582765898434, 538995.131884422386065, 0.0 ], [ 173853.759241445950465, 538995.272738941246644, 0.0 ], [ 173853.575352146261139, 538993.782687664730474, 0.0 ], [ 173853.599793900328223, 538993.779734196607023, 0.0 ], [ 173853.489558774454053, 538992.886449056328274, 0.0 ], [ 173852.809833934879862, 538987.579811769421212, 0.0 ], [ 173852.834332141443156, 538987.576788411010057, 0.0 ] ], [ [ 173847.626692612451734, 538986.362299703061581, 0.0 ], [ 173847.676314796932274, 538986.356175603927113, 0.0 ], [ 173852.440111977019114, 538985.767743774922565, 0.0 ], [ 173852.54410333558917, 538986.610491518629715, 0.0 ], [ 173852.519605188223068, 538986.613515021977946, 0.0 ], [ 173852.641427048132755, 538987.600595097523183, 0.0 ], [ 173852.667220919567626, 538987.597411839407869, 0.0 ], [ 173853.316491912963102, 538992.90959344105795, 0.0 ], [ 173853.292424783314345, 538992.912563601508737, 0.0 ], [ 173853.407659092161339, 538993.808973259758204, 0.0 ], [ 173853.432118503988022, 538993.805954688694328, 0.0 ], [ 173853.505770509596914, 538994.402755402261391, 0.0 ], [ 173853.093723191850586, 538994.45360668853391, 0.0 ], [ 173853.112095519551076, 538994.602477288688533, 0.0 ], [ 173853.204129386489512, 538995.346809295704588, 0.0 ], [ 173851.209263031603768, 538995.592998650390655, 0.0 ], [ 173851.172518380481051, 538995.295257371035405, 0.0 ], [ 173849.410882867698092, 538995.512663240544498, 0.0 ], [ 173849.447627344110515, 538995.810404509189539, 0.0 ], [ 173848.802457977755694, 538995.889500664896332, 0.0 ], [ 173847.832436343014706, 538987.998064036830328, 0.0 ], [ 173847.85373997874558, 538987.995434628799558, 0.0 ], [ 173847.7557493710774, 538987.201458699535578, 0.0 ], [ 173847.626692612451734, 538986.362299703061581, 0.0 ] ], [ [ 173842.65826187573839, 538986.964876553276554, 0.0 ], [ 173847.472361596097471, 538986.375834852107801, 0.0 ], [ 173847.576299507636577, 538987.218041659449227, 0.0 ], [ 173847.551186998316552, 538987.221140828798525, 0.0 ], [ 173847.649167885771021, 538988.015117958420888, 0.0 ], [ 173848.64812012159382, 538995.902984516578726, 0.0 ], [ 173848.003078414389165, 538995.983115101000294, 0.0 ], [ 173847.966333570017014, 538995.685373878455721, 0.0 ], [ 173846.204698062269017, 538995.902779783238657, 0.0 ], [ 173846.241442740283674, 538996.200521058868617, 0.0 ], [ 173844.246576356003061, 538996.446710165822878, 0.0 ], [ 173844.154886879900005, 538995.702335656504147, 0.0 ], [ 173844.136514552665176, 538995.553465056465939, 0.0 ], [ 173843.724467248714063, 538995.60431643249467, 0.0 ], [ 173843.650815242726821, 538995.007515720557421, 0.0 ], [ 173843.675274656125112, 538995.004497151705436, 0.0 ], [ 173843.566211806493811, 538994.112889060401358, 0.0 ], [ 173843.540630559495185, 538994.116046078968793, 0.0 ], [ 173842.860797231289325, 538988.606027673115022, 0.0 ], [ 173842.885304867231753, 538988.603003303287551, 0.0 ], [ 173842.787323981639929, 538987.80902617413085, 0.0 ], [ 173842.65826187573839, 538986.964876553276554, 0.0 ] ], [ [ 173862.682768552593188, 538996.791240260470659, 0.0 ], [ 173862.646024087327532, 538996.493499038624577, 0.0 ], [ 173863.816791758377803, 538996.349012973019853, 0.0 ], [ 173864.000341653096257, 538997.836314077489078, 0.0 ], [ 173863.975146698096069, 538997.839423264376819, 0.0 ], [ 173864.085375194525113, 538998.732647535507567, 0.0 ], [ 173864.110575618688017, 538998.729537673294544, 0.0 ], [ 173864.778103333665058, 539004.138501267880201, 0.0 ], [ 173864.752869795018341, 539004.14161521627102, 0.0 ], [ 173864.863103760697413, 539005.034838812192902, 0.0 ], [ 173864.888337299897103, 539005.031724861706607, 0.0 ], [ 173865.151847562287003, 539007.16694321052637, 0.0 ], [ 173860.387986541900318, 539007.754856939427555, 0.0 ], [ 173860.014417556201806, 539004.727821247302927, 0.0 ], [ 173859.964038048376096, 539004.727821247885004, 0.0 ], [ 173859.297089219413465, 538999.323546800762415, 0.0 ], [ 173859.321512179158162, 538999.320532882004045, 0.0 ], [ 173859.211283681652276, 538998.427308610989712, 0.0 ], [ 173859.186855063366238, 538998.430323228356428, 0.0 ], [ 173859.113543073734036, 538997.836276093730703, 0.0 ], [ 173859.52541779296007, 538997.785443990374915, 0.0 ], [ 173859.415183956705732, 538996.892219650908373, 0.0 ], [ 173860.740158689441159, 538996.728704536217265, 0.0 ], [ 173860.776903263147688, 538997.026443606358953, 0.0 ], [ 173862.682768552593188, 538996.791240260470659, 0.0 ] ], [ [ 173858.964672086905921, 538997.854648469132371, 0.0 ], [ 173859.037984343856806, 538998.448694644845091, 0.0 ], [ 173859.012789390835678, 538998.451803833362646, 0.0 ], [ 173859.123017887002788, 538999.345028103678487, 0.0 ], [ 173859.148218499554787, 538999.341918218531646, 0.0 ], [ 173859.81592352874577, 539004.752318594604731, 0.0 ], [ 173859.766299809853081, 539004.758442774298601, 0.0 ], [ 173860.139871867082547, 539007.785477117402479, 0.0 ], [ 173855.376011029875372, 539008.373392783338204, 0.0 ], [ 173855.111392049700953, 539006.238250494934618, 0.0 ], [ 173855.136877967452165, 539006.235105401370674, 0.0 ], [ 173855.026649469597032, 539005.341881130007096, 0.0 ], [ 173855.002259435248561, 539005.344890986918472, 0.0 ], [ 173854.334731719049159, 538999.935927393264137, 0.0 ], [ 173854.359154870035127, 538999.932913451106288, 0.0 ], [ 173854.248926372791175, 538999.039689179509878, 0.0 ], [ 173854.224497753719334, 538999.04270379722584, 0.0 ], [ 173854.040955245960504, 538997.555462543386966, 0.0 ], [ 173855.211722913314588, 538997.410976478364319, 0.0 ], [ 173855.248467570316279, 538997.708717675646767, 0.0 ], [ 173857.15433252856019, 538997.473510094918311, 0.0 ], [ 173857.117588134162361, 538997.175771002890542, 0.0 ], [ 173858.442562782845926, 538997.012252181419171, 0.0 ], [ 173858.552796864736592, 538997.905476490268484, 0.0 ], [ 173858.964672086905921, 538997.854648469132371, 0.0 ] ], [ [ 173853.892084638209781, 538997.573834872571751, 0.0 ], [ 173854.075634534179699, 538999.061135977157392, 0.0 ], [ 173854.050439580343664, 538999.064245163463056, 0.0 ], [ 173854.160668076219736, 538999.957469434593804, 0.0 ], [ 173854.185868499218486, 538999.954359570518136, 0.0 ], [ 173854.853396213322412, 539005.363323166617192, 0.0 ], [ 173854.828162675810745, 539005.366437114891596, 0.0 ], [ 173854.938396640965948, 539006.259660710231401, 0.0 ], [ 173854.963630179030588, 539006.256546762422659, 0.0 ], [ 173855.227140443195822, 539008.391765111242421, 0.0 ], [ 173850.463279369170777, 539008.979678845964372, 0.0 ], [ 173850.089710435131565, 539005.95264314673841, 0.0 ], [ 173850.040086715889629, 539005.958767279284075, 0.0 ], [ 173849.372382099099923, 539000.548368699732237, 0.0 ], [ 173849.396805060445331, 539000.545354779809713, 0.0 ], [ 173849.286576563492417, 538999.652130509028211, 0.0 ], [ 173849.262147943605669, 538999.655145128257573, 0.0 ], [ 173849.188835954962997, 538999.061097992933355, 0.0 ], [ 173849.600710673083086, 538999.010265887947753, 0.0 ], [ 173849.490476837381721, 538998.117041550693102, 0.0 ], [ 173850.815451569884317, 538997.953526434022933, 0.0 ], [ 173850.852196144347545, 538998.251265504979528, 0.0 ], [ 173852.758061432279646, 538998.016062159091234, 0.0 ], [ 173852.721316969080362, 538997.718320938176475, 0.0 ], [ 173853.892084638209781, 538997.573834872571751, 0.0 ] ], [ [ 173849.039964966796106, 538999.079470368451439, 0.0 ], [ 173849.113277225580532, 538999.673516544979066, 0.0 ], [ 173849.08808227092959, 538999.676625733263791, 0.0 ], [ 173849.198310766514624, 539000.569850003230385, 0.0 ], [ 173849.22351138072554, 539000.566740116337314, 0.0 ], [ 173849.891216411517235, 539005.977140492061153, 0.0 ], [ 173849.84159268939402, 539005.983264673152007, 0.0 ], [ 173850.215164748136885, 539009.010299016255885, 0.0 ], [ 173845.451303930138238, 539009.598214680561796, 0.0 ], [ 173845.186684931308264, 539007.463072393788025, 0.0 ], [ 173845.21217084795353, 539007.459927298827097, 0.0 ], [ 173845.101942350622267, 539006.566703027696349, 0.0 ], [ 173845.077552314702189, 539006.569712885771878, 0.0 ], [ 173844.410024602169869, 539001.16074929269962, 0.0 ], [ 173844.434447751933476, 539001.157735349028371, 0.0 ], [ 173844.324219255271601, 539000.264511078014039, 0.0 ], [ 173844.299790634569945, 539000.267525697010569, 0.0 ], [ 173844.11624812555965, 538998.780284443986602, 0.0 ], [ 173845.28701579378685, 538998.635798378847539, 0.0 ], [ 173845.323760448722169, 538998.933539576944895, 0.0 ], [ 173847.229625408275751, 538998.698331994237378, 0.0 ], [ 173847.192881013121223, 538998.400592901045457, 0.0 ], [ 173848.517855664395029, 538998.237074081320316, 0.0 ], [ 173848.628089745703619, 538999.130298389703967, 0.0 ], [ 173849.039964966796106, 538999.079470368451439, 0.0 ] ], [ [ 173906.148443282290827, 538923.533860493684188, 0.0 ], [ 173906.270925467222696, 538924.526331158122048, 0.0 ], [ 173906.748521076777251, 538928.396840172703378, 0.0 ], [ 173906.8710523188347, 538929.389441823470406, 0.0 ], [ 173906.945455282868352, 538929.380260113277473, 0.0 ], [ 173907.135449801309733, 538930.919496679445729, 0.0 ], [ 173905.398626056412468, 538931.133840510854498, 0.0 ], [ 173905.435370710183633, 538931.431581709650345, 0.0 ], [ 173903.67373519676039, 538931.648987598367967, 0.0 ], [ 173903.520632466650568, 538930.408399270498194, 0.0 ], [ 173903.19807948617381, 538930.448205982102081, 0.0 ], [ 173902.261735540057998, 538922.901066965074278, 0.0 ], [ 173906.082651787379291, 538922.429522380931303, 0.0 ], [ 173906.217878147843294, 538923.52525885112118, 0.0 ], [ 173906.148443282290827, 538923.533860493684188, 0.0 ] ], [ [ 173898.426368716289289, 538924.481766060111113, 0.0 ], [ 173898.29252261860529, 538923.390913047478534, 0.0 ], [ 173902.112768936611246, 538922.91945114126429, 0.0 ], [ 173903.043633507564664, 538930.462227948475629, 0.0 ], [ 173902.72108052612748, 538930.50203465949744, 0.0 ], [ 173902.874183255364187, 538931.742622987250797, 0.0 ], [ 173901.112547740456648, 538931.960028875619173, 0.0 ], [ 173901.075803086045198, 538931.662287676357664, 0.0 ], [ 173899.338979339314392, 538931.876631508814171, 0.0 ], [ 173899.149013601127081, 538930.337342966464348, 0.0 ], [ 173899.223446689662524, 538930.328157537616789, 0.0 ], [ 173899.114132606278872, 538929.43620323180221, 0.0 ], [ 173899.038947788241785, 538929.445481893373653, 0.0 ], [ 173898.536770834383788, 538925.376352179911919, 0.0 ], [ 173898.611233640491264, 538925.367162623791955, 0.0 ], [ 173898.500837655592477, 538924.472576208063401, 0.0 ], [ 173898.426368716289289, 538924.481766060111113, 0.0 ] ], [ [ 173898.387900227331556, 538925.394724508863874, 0.0 ], [ 173898.890077181014931, 538929.463854222442023, 0.0 ], [ 173898.816391391854268, 538929.472947887610644, 0.0 ], [ 173898.925705251749605, 538930.364900373504497, 0.0 ], [ 173899.000142884964589, 538930.355714382370934, 0.0 ], [ 173899.190108737588162, 538931.89500383764971, 0.0 ], [ 173897.453285112074809, 538932.109347679652274, 0.0 ], [ 173897.490029766398948, 538932.40708887623623, 0.0 ], [ 173895.728394253470469, 538932.62449476425536, 0.0 ], [ 173895.575291524786735, 538931.383906437084079, 0.0 ], [ 173895.252738421084359, 538931.423713141586632, 0.0 ], [ 173894.321873849869007, 538923.880936332163401, 0.0 ], [ 173898.14288608849165, 538923.409379901131615, 0.0 ], [ 173898.277498000941705, 538924.500137477763928, 0.0 ], [ 173898.203096216515405, 538924.509319043485448, 0.0 ], [ 173898.314214439596981, 538925.403818177641369, 0.0 ], [ 173898.387900227331556, 538925.394724508863874, 0.0 ] ], [ [ 173890.486597025534138, 538925.461574971675873, 0.0 ], [ 173890.352695669076638, 538924.370778126409277, 0.0 ], [ 173894.173003243049607, 538923.899308660416864, 0.0 ], [ 173895.103867813188117, 538931.442085468559526, 0.0 ], [ 173894.781314831692725, 538931.481892179232091, 0.0 ], [ 173894.934417559677968, 538932.722480508033186, 0.0 ], [ 173893.172782047913643, 538932.939886393374763, 0.0 ], [ 173893.136037392920116, 538932.642145196557976, 0.0 ], [ 173891.399213644996053, 538932.856489028898068, 0.0 ], [ 173891.209241907141404, 538931.317151876166463, 0.0 ], [ 173891.283674996782793, 538931.307966447900981, 0.0 ], [ 173891.173621201334754, 538930.41615277947858, 0.0 ], [ 173891.099182092759293, 538930.425339412991889, 0.0 ], [ 173890.597005140094552, 538926.3562097013928, 0.0 ], [ 173890.672189957724186, 538926.346931039122865, 0.0 ], [ 173890.561065960326232, 538925.452385117998347, 0.0 ], [ 173890.486597025534138, 538925.461574971675873, 0.0 ] ], [ [ 173890.950311486143619, 538930.44371174229309, 0.0 ], [ 173890.876625695906114, 538930.452805406996049, 0.0 ], [ 173890.985933557269163, 538931.344709279597737, 0.0 ], [ 173891.060371188796125, 538931.335523291141726, 0.0 ], [ 173891.250343038322171, 538932.874861356685869, 0.0 ], [ 173889.513519294036087, 538933.089205189142376, 0.0 ], [ 173889.550263948971406, 538933.386946387705393, 0.0 ], [ 173887.788628433569102, 538933.604352274909616, 0.0 ], [ 173887.635525703342864, 538932.363763946341351, 0.0 ], [ 173887.312972722778795, 538932.40357066038996, 0.0 ], [ 173886.382108155172318, 538924.860793850966729, 0.0 ], [ 173890.20312039469718, 538924.389237419236451, 0.0 ], [ 173890.337726305238903, 538925.47994638828095, 0.0 ], [ 173890.263324522500625, 538925.489127952721901, 0.0 ], [ 173890.374448744900292, 538926.383675695513375, 0.0 ], [ 173890.448134530888638, 538926.374582029297017, 0.0 ], [ 173890.950311486143619, 538930.44371174229309, 0.0 ] ], [ [ 173882.731699719501194, 538927.32687797548715, 0.0 ], [ 173882.62125998197007, 538926.43217728624586, 0.0 ], [ 173882.546822835429339, 538926.441363677964546, 0.0 ], [ 173882.412225304811727, 538925.350722609669901, 0.0 ], [ 173886.233237546199234, 538924.879166179918684, 0.0 ], [ 173887.164102115493733, 538932.421942988527007, 0.0 ], [ 173886.841549133940134, 538932.46174969826825, 0.0 ], [ 173886.99465186346788, 538933.702338027069345, 0.0 ], [ 173885.233016349258833, 538933.919743913575076, 0.0 ], [ 173885.196271696477197, 538933.622002714895643, 0.0 ], [ 173883.459447950182948, 538933.836346548283473, 0.0 ], [ 173883.269470212631859, 538932.296960786450654, 0.0 ], [ 173883.343903300556121, 538932.287775356671773, 0.0 ], [ 173883.234601222648052, 538931.395918266498484, 0.0 ], [ 173883.159991877619177, 538931.40512590832077, 0.0 ], [ 173882.657239442516584, 538927.336067220545374, 0.0 ], [ 173882.731699719501194, 538927.32687797548715, 0.0 ] ], [ [ 173873.68645246909, 538925.269905941211618, 0.0 ], [ 173873.839286072936375, 538926.508313551545143, 0.0 ], [ 173873.764890365768224, 538926.517494366737083, 0.0 ], [ 173873.87602629425237, 538927.412186945788562, 0.0 ], [ 173873.949712080881, 538927.403093278990127, 0.0 ], [ 173874.45271563885035, 538931.47275502490811, 0.0 ], [ 173874.378335542860441, 538931.482388649252243, 0.0 ], [ 173874.487633788434323, 538932.374180739629082, 0.0 ], [ 173874.562067245948128, 538932.364994804142043, 0.0 ], [ 173874.733675132476492, 538933.755530045833439, 0.0 ], [ 173872.996851387404604, 538933.969873879454099, 0.0 ], [ 173873.033596040593693, 538934.267615078249946, 0.0 ], [ 173871.271960528014461, 538934.485020966036245, 0.0 ], [ 173871.118857798835961, 538933.244432637002319, 0.0 ], [ 173870.79630481734057, 538933.284239349421114, 0.0 ], [ 173869.86544022502494, 538925.741462372476235, 0.0 ], [ 173873.68645246909, 538925.269905941211618, 0.0 ] ], [ [ 173906.741657950013177, 538933.885090652154759, 0.0 ], [ 173906.704913315013982, 538933.58734961564187, 0.0 ], [ 173908.82383817929076, 538933.325850152177736, 0.0 ], [ 173908.951478083617985, 538934.368062213528901, 0.0 ], [ 173909.562767874333076, 538934.292621996602975, 0.0 ], [ 173909.931743591296254, 538937.289997184299864, 0.0 ], [ 173907.946801243029768, 538937.534961682977155, 0.0 ], [ 173908.250586345384363, 538939.996252350974828, 0.0 ], [ 173908.177068620483624, 538940.005739952088334, 0.0 ], [ 173908.287137435283512, 538940.897675327141769, 0.0 ], [ 173908.361645555036375, 538940.888480640365742, 0.0 ], [ 173908.416874934773659, 538941.336003202362917, 0.0 ], [ 173904.669493151886854, 538941.798472798080184, 0.0 ], [ 173904.645528335007839, 538941.600296549731866, 0.0 ], [ 173904.570482858689502, 538941.609597183647566, 0.0 ], [ 173903.965126066264929, 538936.696713469224051, 0.0 ], [ 173904.039377032109769, 538936.687550055678003, 0.0 ], [ 173903.929126826260472, 538935.792997041950002, 0.0 ], [ 173903.854730197868776, 538935.802177970879711, 0.0 ], [ 173903.628253808710724, 538933.967044370132498, 0.0 ], [ 173904.873804394097533, 538933.813329461496323, 0.0 ], [ 173904.910549195628846, 538934.111070330021903, 0.0 ], [ 173906.741657950013177, 538933.885090652154759, 0.0 ] ], [ [ 173901.742559588863514, 538934.199761610594578, 0.0 ], [ 173901.779304125346243, 538934.497501848265529, 0.0 ], [ 173903.516127856302774, 538934.283157896716148, 0.0 ], [ 173903.70585964404745, 538935.820549368159845, 0.0 ], [ 173903.631384595733834, 538935.829739975277334, 0.0 ], [ 173903.741635819023941, 538936.72429471265059, 0.0 ], [ 173903.815321608446538, 538936.715201047249138, 0.0 ], [ 173904.422542269137921, 538941.627815570449457, 0.0 ], [ 173904.347922626853688, 538941.637024483876303, 0.0 ], [ 173904.458099112147465, 538942.528921905090101, 0.0 ], [ 173904.532614213676425, 538942.519726355094463, 0.0 ], [ 173904.644447221566224, 538943.433855430106632, 0.0 ], [ 173900.823434978810837, 538943.905411862069741, 0.0 ], [ 173900.711599085538182, 538942.991259395028464, 0.0 ], [ 173900.785364098788705, 538942.982156407902949, 0.0 ], [ 173900.674981080199359, 538942.089892657706514, 0.0 ], [ 173900.60054576996481, 538942.099078822066076, 0.0 ], [ 173899.994309365341906, 538937.18675747839734, 0.0 ], [ 173900.069494185852818, 538937.177478815661743, 0.0 ], [ 173899.959240978962043, 538936.282901497092098, 0.0 ], [ 173899.884844348620391, 538936.292082427768037, 0.0 ], [ 173899.811473688809201, 538935.697561456006952, 0.0 ], [ 173900.134026680054376, 538935.657754822517745, 0.0 ], [ 173900.115654343098868, 538935.508884144132026, 0.0 ], [ 173899.980924075323856, 538934.417167496634647, 0.0 ], [ 173901.742559588863514, 538934.199761610594578, 0.0 ] ], [ [ 173899.662602784082992, 538935.715931373764761, 0.0 ], [ 173899.735973628499778, 538936.310453843907453, 0.0 ], [ 173899.661499538691714, 538936.319644331466407, 0.0 ], [ 173899.771752970555099, 538937.214223471004516, 0.0 ], [ 173899.845438759104582, 538937.205129805952311, 0.0 ], [ 173900.451675163407344, 538942.117451150203124, 0.0 ], [ 173900.377239855850348, 538942.126637314795516, 0.0 ], [ 173900.488213266537059, 538943.018826358253136, 0.0 ], [ 173900.562728370015975, 538943.009630810469389, 0.0 ], [ 173900.674564374319743, 538943.923784191254526, 0.0 ], [ 173896.852786213334184, 538944.395435144309886, 0.0 ], [ 173895.725232468481408, 538935.244640676071867, 0.0 ], [ 173897.462056215386838, 538935.030296842451207, 0.0 ], [ 173897.425311561208218, 538934.732555645518005, 0.0 ], [ 173899.186947073583724, 538934.515149758430198, 0.0 ], [ 173899.340049805789022, 538935.755738092586398, 0.0 ], [ 173899.662602784082992, 538935.715931373764761, 0.0 ] ], [ [ 173892.194260679592844, 538936.637609862023965, 0.0 ], [ 173892.041157950734487, 538935.397021535784006, 0.0 ], [ 173893.8027934639249, 538935.179615648463368, 0.0 ], [ 173893.839538118016208, 538935.477356837014668, 0.0 ], [ 173895.576361864048522, 538935.263013004441746, 0.0 ], [ 173896.704681526956847, 538944.413712950190529, 0.0 ], [ 173892.883669280505273, 538944.885269382153638, 0.0 ], [ 173892.771827394433785, 538943.97106830147095, 0.0 ], [ 173892.846183010347886, 538943.96189243462868, 0.0 ], [ 173892.73607556236675, 538943.069644020521082, 0.0 ], [ 173892.660835241142195, 538943.079383347649127, 0.0 ], [ 173892.055477521265857, 538938.16649974999018, 0.0 ], [ 173892.129728490137495, 538938.157336335512809, 0.0 ], [ 173892.019469283957733, 538937.262710407143459, 0.0 ], [ 173891.94507265536231, 538937.271891337120906, 0.0 ], [ 173891.871540278196335, 538936.677437235834077, 0.0 ], [ 173892.194260679592844, 538936.637609862023965, 0.0 ] ], [ [ 173874.34606210803031, 538936.725440665963106, 0.0 ], [ 173874.30931747352588, 538936.427699629683048, 0.0 ], [ 173876.428242336231051, 538936.166200166917406, 0.0 ], [ 173876.55511387824663, 538937.208468262688257, 0.0 ], [ 173877.16721303598024, 538937.132928160368465, 0.0 ], [ 173877.246695632667979, 538937.776974031934515, 0.0 ], [ 173877.171630935394205, 538937.786237403634004, 0.0 ], [ 173877.281893347302685, 538938.680954233161174, 0.0 ], [ 173877.355413988494547, 538938.671880949637853, 0.0 ], [ 173877.535379389213631, 538940.130403233226389, 0.0 ], [ 173875.550437039404642, 538940.375367730623111, 0.0 ], [ 173875.835904860607116, 538942.688233842141926, 0.0 ], [ 173875.762384220346576, 538942.697307124501094, 0.0 ], [ 173875.872554212372052, 538943.58902953856159, 0.0 ], [ 173875.980953159509227, 538943.57674017152749, 0.0 ], [ 173876.054442362306872, 538944.172221700660884, 0.0 ], [ 173872.274623772769701, 538944.638694365741685, 0.0 ], [ 173872.231097136042081, 538944.291832815506496, 0.0 ], [ 173872.15744473572704, 538944.300922359805554, 0.0 ], [ 173871.551157821901143, 538939.388192270416766, 0.0 ], [ 173871.624810289329616, 538939.379102716920897, 0.0 ], [ 173871.51454360227217, 538938.4843512539519, 0.0 ], [ 173871.440737581549911, 538938.493459298158996, 0.0 ], [ 173871.232657967484556, 538936.807394383009523, 0.0 ], [ 173872.478208551590797, 538936.653679476585239, 0.0 ], [ 173872.514953355421312, 538936.951420343131758, 0.0 ], [ 173874.34606210803031, 538936.725440665963106, 0.0 ] ], [ [ 173891.381911763804965, 538936.586724882130511, 0.0 ], [ 173891.40028411502135, 538936.735595667269081, 0.0 ], [ 173891.722837112902198, 538936.6957890719641, 0.0 ], [ 173891.796201935823774, 538937.290262752328999, 0.0 ], [ 173891.721727844938869, 538937.29945324070286, 0.0 ], [ 173891.83198727609124, 538938.194080992368981, 0.0 ], [ 173891.906774334114743, 538938.184851417434402, 0.0 ], [ 173892.511964632401941, 538943.097755676717497, 0.0 ], [ 173892.43747416001861, 538943.106494833249599, 0.0 ], [ 173892.548441572173033, 538943.99863526923582, 0.0 ], [ 173892.622956671140855, 538943.989439720287919, 0.0 ], [ 173892.734798676654464, 538944.903641710407101, 0.0 ], [ 173888.913786436780356, 538945.37519814260304, 0.0 ], [ 173888.801941548706964, 538944.460972756496631, 0.0 ], [ 173888.876297163777053, 538944.451796891284175, 0.0 ], [ 173888.766132452030433, 538943.55999486555811, 0.0 ], [ 173888.691881481092423, 538943.569158280151896, 0.0 ], [ 173888.084660822700243, 538938.65654375765007, 0.0 ], [ 173888.159845643473091, 538938.64726509351749, 0.0 ], [ 173888.049583436280955, 538937.752614861237817, 0.0 ], [ 173887.97518664051313, 538937.761795812170021, 0.0 ], [ 173887.785466759261908, 538936.224498072988354, 0.0 ], [ 173889.522290504508419, 538936.01015423994977, 0.0 ], [ 173889.485545863688458, 538935.712413164321333, 0.0 ], [ 173891.247181361773983, 538935.495007154531777, 0.0 ], [ 173891.381911763804965, 538936.586724882130511, 0.0 ] ], [ [ 173893.587106476159533, 538976.273648410453461, 0.0 ], [ 173893.559042474254966, 538976.27711090084631, 0.0 ], [ 173893.658966974762734, 538977.086837100796402, 0.0 ], [ 173894.365134336083429, 538982.57799477968365, 0.0 ], [ 173894.338134867197368, 538982.581326821120456, 0.0 ], [ 173894.429118214146001, 538983.327564893872477, 0.0 ], [ 173894.045349668973358, 538983.374925971031189, 0.0 ], [ 173894.155583679559641, 538984.268149934941903, 0.0 ], [ 173892.160703275876585, 538984.514331099344417, 0.0 ], [ 173892.123958622745704, 538984.216589822084643, 0.0 ], [ 173890.362323379144073, 538984.433995563769713, 0.0 ], [ 173890.399068130616797, 538984.731739069917239, 0.0 ], [ 173889.753961615555454, 538984.811346805538051, 0.0 ], [ 173889.661917999153957, 538984.065252966247499, 0.0 ], [ 173889.684509414451895, 538984.062464927555993, 0.0 ], [ 173889.574275449296692, 538983.169241333613172, 0.0 ], [ 173888.87187549835653, 538977.663823030889034, 0.0 ], [ 173888.894486611854518, 538977.661032563541085, 0.0 ], [ 173888.797109661391005, 538976.880747252609581, 0.0 ], [ 173888.775563172792317, 538976.88340620114468, 0.0 ], [ 173888.569559361028951, 538975.214161302195862, 0.0 ], [ 173893.383042313042097, 538974.62012268055696, 0.0 ], [ 173893.587106476159533, 538976.273648410453461, 0.0 ] ], [ [ 173888.420688551326748, 538975.232529931119643, 0.0 ], [ 173888.626692404854111, 538976.901774822617881, 0.0 ], [ 173888.605145949637517, 538976.904434035648592, 0.0 ], [ 173888.695992468128679, 538977.685529000475071, 0.0 ], [ 173888.723005184583599, 538977.682195322704501, 0.0 ], [ 173889.40278108016355, 538983.19040569209028, 0.0 ], [ 173889.375781307957368, 538983.193737770197913, 0.0 ], [ 173889.486015271773795, 538984.086961367167532, 0.0 ], [ 173889.605090307537466, 538984.829715493018739, 0.0 ], [ 173888.959985190362204, 538984.909334570285864, 0.0 ], [ 173888.923240068135783, 538984.61159110814333, 0.0 ], [ 173887.161604851717129, 538984.828997071832418, 0.0 ], [ 173887.198349529033294, 538985.126738347229548, 0.0 ], [ 173885.20347150543239, 538985.372938814456575, 0.0 ], [ 173885.093237494642381, 538984.479714848916046, 0.0 ], [ 173884.703993936738698, 538984.527710214839317, 0.0 ], [ 173884.611921891308157, 538983.781652281526476, 0.0 ], [ 173883.909522241418017, 538978.276233942946419, 0.0 ], [ 173883.932133050460834, 538978.27344351192005, 0.0 ], [ 173883.834147305664374, 538977.479466982069425, 0.0 ], [ 173883.607205598906148, 538975.826568552060053, 0.0 ], [ 173888.420688551326748, 538975.232529931119643, 0.0 ] ], [ [ 173878.64485205031815, 538976.438979583210312, 0.0 ], [ 173883.458335003175307, 538975.844940963434055, 0.0 ], [ 173883.662698222848121, 538977.500625751097687, 0.0 ], [ 173883.635653161938535, 538977.503963421215303, 0.0 ], [ 173883.733638908655848, 538978.297939950134605, 0.0 ], [ 173884.440459866251331, 538983.802812649053521, 0.0 ], [ 173884.413427749066614, 538983.806148721254431, 0.0 ], [ 173884.504410902329255, 538984.552383174188435, 0.0 ], [ 173884.120642357273027, 538984.599744251463562, 0.0 ], [ 173884.230876367306337, 538985.492968217120506, 0.0 ], [ 173882.235995962109882, 538985.739149380708113, 0.0 ], [ 173882.199251311016269, 538985.441408102051355, 0.0 ], [ 173880.437616067152703, 538985.658813843736425, 0.0 ], [ 173880.474360819353024, 538985.956557350582443, 0.0 ], [ 173879.829254304175265, 538986.036165085737593, 0.0 ], [ 173879.737178489740472, 538985.290078862570226, 0.0 ], [ 173879.759802295418922, 538985.287286827922799, 0.0 ], [ 173879.648473333392758, 538984.394198367022909, 0.0 ], [ 173879.626944525603903, 538984.396855267346837, 0.0 ], [ 173878.947201018076157, 538978.888640901073813, 0.0 ], [ 173878.969779492152156, 538978.885854460881092, 0.0 ], [ 173878.87179374450352, 538978.091877932078205, 0.0 ], [ 173878.849182881938759, 538978.09466836892534, 0.0 ], [ 173878.64485205031815, 538976.438979583210312, 0.0 ] ], [ [ 173873.682683681021444, 538977.051368935848586, 0.0 ], [ 173878.496166634286055, 538976.457330314791761, 0.0 ], [ 173878.700344664510339, 538978.113036701921374, 0.0 ], [ 173878.673299602727639, 538978.11637437029276, 0.0 ], [ 173878.771285349474056, 538978.910350899910554, 0.0 ], [ 173879.478259001421975, 538984.415204755729064, 0.0 ], [ 173879.451074187731137, 538984.41855967103038, 0.0 ], [ 173879.561308153759455, 538985.311783265671693, 0.0 ], [ 173879.680568389885593, 538986.054515878786333, 0.0 ], [ 173879.035463275358779, 538986.134134954656474, 0.0 ], [ 173878.998718152375659, 538985.836391493561678, 0.0 ], [ 173877.237082935665967, 538986.053797457134351, 0.0 ], [ 173877.273827613738831, 538986.351538731367327, 0.0 ], [ 173875.278949591447599, 538986.597739200107753, 0.0 ], [ 173875.168715578416595, 538985.704515235032886, 0.0 ], [ 173874.779286816192325, 538985.752532114041969, 0.0 ], [ 173874.687214770674473, 538985.00647418317385, 0.0 ], [ 173873.985000163404038, 538979.501033005537465, 0.0 ], [ 173874.007425931398757, 538979.498265411937609, 0.0 ], [ 173873.909440186485881, 538978.704288880690001, 0.0 ], [ 173873.682683681021444, 538977.051368935848586, 0.0 ] ], [ [ 173873.71094604380778, 538978.728785319370218, 0.0 ], [ 173873.808931790641509, 538979.522761848173104, 0.0 ], [ 173873.835976850998122, 538979.519424180150963, 0.0 ], [ 173874.515720348339528, 538985.027638546773233, 0.0 ], [ 173874.488720629480667, 538985.030970620689914, 0.0 ], [ 173874.579703947063535, 538985.777206395054236, 0.0 ], [ 173874.195935402152827, 538985.824567474075593, 0.0 ], [ 173874.306169411633164, 538986.717791437637061, 0.0 ], [ 173872.311289007717278, 538986.963972602621652, 0.0 ], [ 173872.274544355896069, 538986.666231324430555, 0.0 ], [ 173870.512909108947497, 538986.88363706599921, 0.0 ], [ 173870.549653861904517, 538987.181380572612397, 0.0 ], [ 173869.904547346581239, 538987.26098830671981, 0.0 ], [ 173869.812503759399988, 538986.514896765467711, 0.0 ], [ 173869.834000177361304, 538986.512243862031028, 0.0 ], [ 173869.724861210823292, 538985.618885130272247, 0.0 ], [ 173869.702269795816392, 538985.621673168730922, 0.0 ], [ 173869.046957979502622, 538980.311961208586581, 0.0 ], [ 173869.069555397931254, 538980.309172430541366, 0.0 ], [ 173868.947073216055287, 538979.316701769013889, 0.0 ], [ 173868.924475795356557, 538979.319490546593443, 0.0 ], [ 173868.720145093364408, 538977.663802804425359, 0.0 ], [ 173873.533628044242505, 538977.069764184299856, 0.0 ], [ 173873.73796505984501, 538978.725450864527375, 0.0 ], [ 173873.71094604380778, 538978.728785319370218, 0.0 ] ] ], [ [ [ 173882.202784185297787, 538939.382434327504598, 0.0 ], [ 173882.205021370813483, 538939.382158233434893, 0.0 ], [ 173882.094754666264635, 538938.487471544882283, 0.0 ], [ 173882.0923947605188, 538938.487762768520042, 0.0 ], [ 173882.202784185297787, 538939.382434327504598, 0.0 ] ] ], [ [ [ 173825.527627486968413, 538961.42618815752212, 0.0 ], [ 173825.552123922447208, 538961.624682291643694, 0.0 ], [ 173826.246853420860134, 538961.538944758940488, 0.0 ], [ 173826.222356984944781, 538961.340450626797974, 0.0 ], [ 173825.527627486968413, 538961.42618815752212, 0.0 ] ] ], [ [ [ 173827.471675259555923, 538971.463651374680921, 0.0 ], [ 173827.447178821836133, 538971.265157242305577, 0.0 ], [ 173826.752449324645568, 538971.350894775358029, 0.0 ], [ 173826.776945759134833, 538971.549388907384127, 0.0 ], [ 173827.471675259555923, 538971.463651374680921, 0.0 ] ] ], [ [ [ 173829.284411576489219, 538986.152217168360949, 0.0 ], [ 173828.589682077727048, 538986.237954700365663, 0.0 ], [ 173828.614178514835658, 538986.43644883367233, 0.0 ], [ 173829.308908014034387, 538986.350711299688555, 0.0 ], [ 173829.284411576489219, 538986.152217168360949, 0.0 ] ] ], [ [ [ 173828.904351785342442, 538991.23705266660545, 0.0 ], [ 173828.928848221956287, 538991.435546798398718, 0.0 ], [ 173829.335181770700729, 538991.38321097928565, 0.0 ], [ 173829.921301439841045, 538991.310877137933858, 0.0 ], [ 173829.896805001393659, 538991.112383003230207, 0.0 ], [ 173828.904351785342442, 538991.23705266660545, 0.0 ] ] ] ] } },
{ "type": "Feature", "properties": { "H_SHMRS": 3.25, "Z_MIN": 36.0, "Z_MAX": 40.5, "no": null, "provinsi": "Bali", "kabupaten": "Kota Denpasar", "kecamatan": "Denpasar Selatan", "desa_kelur": "Sanur", "id": 41.0, "nogambarde": null, "nohmsrs": null, "unit": null, "lantai": "1", "lantaim2": null, "fungsi": null, "penggunaan": "Tanah Perumahan", "alamat": null, "nibtanahbe": "01530", "nibunit": null, "building": "00004", "Keterangan": "Ruang Umum" }, "geometry": { "type": "MultiPolygon", "coordinates": [ [ [ [ 173909.545400047267321, 538934.141400000429712, 0.0 ], [ 173909.979500049288617, 538937.600200001033954, 0.0 ], [ 173909.997000046860194, 538937.741700000013225, 0.0 ], [ 173910.812500048283255, 538944.35370000207331, 0.0 ], [ 173913.502500047092326, 538944.06160000001546, 0.0 ], [ 173915.982500047364738, 538964.240300000179559, 0.0 ], [ 173916.195200047921389, 538965.971100002177991, 0.0 ], [ 173933.194300046103308, 538963.911400001263246, 0.0 ], [ 173931.236100049281958, 538945.87120000156574, 0.0 ], [ 173933.204700047412189, 538945.684300000662915, 0.0 ], [ 173931.973600047029322, 538939.449000000604428, 0.0 ], [ 173928.895400047855219, 538917.625100001110695, 0.0 ], [ 173913.736000047560083, 538919.442900000023656, 0.0 ], [ 173914.127200046641519, 538922.433800002094358, 0.0 ], [ 173908.164300047996221, 538923.130200001760386, 0.0 ], [ 173909.545400047267321, 538934.141400000429712, 0.0 ] ], [ [ 173927.737721966346726, 538940.412972608231939, 0.0 ], [ 173926.751070254598744, 538940.582606049370952, 0.0 ], [ 173921.981388661428355, 538941.123369702021591, 0.0 ], [ 173920.994690380612155, 538941.29262577870395, 0.0 ], [ 173917.527048289834056, 538941.672042745281942, 0.0 ], [ 173916.53967390046455, 538941.842053695581853, 0.0 ], [ 173915.887830383318942, 538941.92253058438655, 0.0 ], [ 173915.526507926435443, 538938.994742134236731, 0.0 ], [ 173916.327193992474349, 538938.895928345387802, 0.0 ], [ 173916.128919798240531, 538937.286350094946101, 0.0 ], [ 173916.724827264173655, 538937.212808326818049, 0.0 ], [ 173916.632965625874931, 538936.468455330934376, 0.0 ], [ 173916.037209958594758, 538936.541978366323747, 0.0 ], [ 173915.516295568784699, 538932.324023164925165, 0.0 ], [ 173916.11241635037004, 538932.250455070286989, 0.0 ], [ 173916.020554713992169, 538931.5061020742869, 0.0 ], [ 173915.424450614635134, 538931.579668110236526, 0.0 ], [ 173914.903999423288042, 538927.361684957519174, 0.0 ], [ 173915.499481848382857, 538927.288195643923245, 0.0 ], [ 173915.407620211102767, 538926.543842647923157, 0.0 ], [ 173914.911384855426149, 538926.605083742062561, 0.0 ], [ 173914.390829637675779, 538922.3870353277307, 0.0 ], [ 173914.887064994691173, 538922.325794232543558, 0.0 ], [ 173914.795203356537968, 538921.581441236427054, 0.0 ], [ 173914.200215717108222, 538921.654869487276301, 0.0 ], [ 173913.952189825096866, 538919.645120698376559, 0.0 ], [ 173928.764214170398191, 538917.817148186150007, 0.0 ], [ 173929.01285268474021, 538919.831861037760973, 0.0 ], [ 173928.513121290510753, 538919.893533581867814, 0.0 ], [ 173928.604982930002734, 538920.637886578100733, 0.0 ], [ 173929.104746690980392, 538920.576210037339479, 0.0 ], [ 173929.62526360451011, 538924.79421434411779, 0.0 ], [ 173929.375414092559367, 538924.825048619648442, 0.0 ], [ 173929.467275729926769, 538925.569401616812684, 0.0 ], [ 173929.717157609848073, 538925.538563345908187, 0.0 ], [ 173931.501420388376573, 538939.996674894820899, 0.0 ], [ 173927.737721966346726, 538940.412972608231939, 0.0 ] ] ] ] } },
{ "type": "Feature", "properties": { "H_SHMRS": 3.25, "Z_MIN": 40.25, "Z_MAX": 44.5, "no": null, "provinsi": "Bali", "kabupaten": "Kota Denpasar", "kecamatan": "Denpasar Selatan", "desa_kelur": "Sanur", "id": 32.0, "nogambarde": null, "nohmsrs": null, "unit": null, "lantai": "2", "lantaim2": null, "fungsi": null, "penggunaan": "Tanah Perumahan", "alamat": null, "nibtanahbe": "01530", "nibunit": null, "building": "00003", "Keterangan": "Ruang Umum" }, "geometry": { "type": "MultiPolygon", "coordinates": [ [ [ [ 173909.546053759288043, 538934.146608615643345, 0.0 ], [ 173909.820074455550639, 538936.374547165934928, 0.0 ], [ 173907.835132105101366, 538936.619511662167497, 0.0 ], [ 173908.252538437081967, 538939.993791839573532, 0.0 ], [ 173908.178036395140225, 538940.002985778381117, 0.0 ], [ 173908.288161656091688, 538940.89537730126176, 0.0 ], [ 173908.36266977302148, 538940.886182615184225, 0.0 ], [ 173908.417899155581836, 538941.333705177064985, 0.0 ], [ 173904.670517372898757, 538941.796174770686775, 0.0 ], [ 173904.658984082692768, 538941.696705814567395, 0.0 ], [ 173904.584622456575744, 538941.705882423906587, 0.0 ], [ 173903.953838982357411, 538936.594657200272195, 0.0 ], [ 173904.028229533083504, 538936.58547701977659, 0.0 ], [ 173903.930151044391096, 538935.790699016768485, 0.0 ], [ 173903.855754416028503, 538935.799879945232533, 0.0 ], [ 173903.629278026812244, 538933.964746342622675, 0.0 ], [ 173904.863960883463733, 538933.812291097827256, 0.0 ], [ 173904.900705684936838, 538934.110031964024529, 0.0 ], [ 173906.742682170763146, 538933.882792626973242, 0.0 ], [ 173906.705937532940879, 538933.585051588132046, 0.0 ], [ 173908.824862397072138, 538933.323552126530558, 0.0 ], [ 173908.9341201975476, 538934.216814623796381, 0.0 ], [ 173909.545397038396914, 538934.141376005951315, 0.0 ], [ 173908.164300047996221, 538923.130200001760386, 0.0 ], [ 173906.355800047458615, 538923.341500000213273, 0.0 ], [ 173906.219400048459647, 538922.236000001663342, 0.0 ], [ 173882.250400048709707, 538925.19400000188034, 0.0 ], [ 173882.484700046974467, 538927.093499999959022, 0.0 ], [ 173874.197100048826542, 538928.116300000692718, 0.0 ], [ 173873.822100048011634, 538925.076500001596287, 0.0 ], [ 173841.41300004630466, 538929.074000001186505, 0.0 ], [ 173841.553800048190169, 538930.2143, 0.0 ], [ 173817.734500048332848, 538933.153900001198053, 0.0 ], [ 173817.873400048614712, 538934.279700001236051, 0.0 ], [ 173815.392200046655489, 538934.585900000063702, 0.0 ], [ 173816.090600047318731, 538940.244800000917166, 0.0 ], [ 173814.604200047906488, 538940.428300002706237, 0.0 ], [ 173814.964200046728365, 538943.345500000403263, 0.0 ], [ 173814.34340004666592, 538943.422099999617785, 0.0 ], [ 173815.375700046133716, 538952.60530000156723, 0.0 ], [ 173819.161800048867008, 538987.363299999851733, 0.0 ], [ 173821.005600046628388, 539002.303400001954287, 0.0 ], [ 173824.212600047991145, 539001.964900000370108, 0.0 ], [ 173825.542400048667332, 539012.130100001930259, 0.0 ], [ 173865.317400047613773, 539007.221400000620633, 0.0 ], [ 173865.04060004738858, 539004.978499999502674, 0.0 ], [ 173868.963000048941467, 539004.494400001480244, 0.0 ], [ 173867.098000047175447, 538989.382400001049973, 0.0 ], [ 173897.785400048567681, 538985.595200001378544, 0.0 ], [ 173896.890600047074258, 538978.297600000048988, 0.0 ], [ 173896.821900046837982, 538977.737400001264177, 0.0 ], [ 173893.95580004749354, 538978.107800000812858, 0.0 ], [ 173893.390700046817074, 538973.894900000304915, 0.0 ], [ 173893.304600047296844, 538973.905600001802668, 0.0 ], [ 173867.770000047545182, 538977.056000001379289, 0.0 ], [ 173867.930900047387695, 538978.64920000184793, 0.0 ], [ 173864.717000048782211, 538979.045800002408214, 0.0 ], [ 173865.360000047483481, 538984.256500000949018, 0.0 ], [ 173863.375000046507921, 538984.501499999780208, 0.0 ], [ 173863.820900046848692, 538988.124299999908544, 0.0 ], [ 173859.005500047875103, 538988.718499999842606, 0.0 ], [ 173859.290000046778005, 538991.040399999823421, 0.0 ], [ 173857.305000047170324, 538991.285400001332164, 0.0 ], [ 173856.649700047943043, 538985.975500000291504, 0.0 ], [ 173853.40070004700101, 538986.376500001060776, 0.0 ], [ 173853.213800047553377, 538984.874100001063198, 0.0 ], [ 173832.644000048167072, 538987.412599999341182, 0.0 ], [ 173831.225500048603863, 538975.909899999853224, 0.0 ], [ 173832.584200046898331, 538975.742200001259334, 0.0 ], [ 173831.359400048910175, 538965.817500000935979, 0.0 ], [ 173830.001700048538623, 538965.985000000568107, 0.0 ], [ 173828.388200047716964, 538952.900600000517443, 0.0 ], [ 173840.380500047962414, 538951.42060000251513, 0.0 ], [ 173840.212500047520734, 538950.059400000143796, 0.0 ], [ 173844.202100048889406, 538949.567100000102073, 0.0 ], [ 173843.734200046717888, 538945.775700000929646, 0.0 ], [ 173845.609000047930749, 538945.413300000014715, 0.0 ], [ 173845.066600048041437, 538941.01799999922514, 0.0 ], [ 173849.363800047314726, 538940.474600001005456, 0.0 ], [ 173849.773500047915149, 538943.878100001602434, 0.0 ], [ 173851.673800046526594, 538943.63820000027772, 0.0 ], [ 173852.14170004663174, 538947.429600001312792, 0.0 ], [ 173856.13130004829145, 538946.937200002139434, 0.0 ], [ 173856.299300046870485, 538948.298400000436231, 0.0 ], [ 173872.496800046326825, 538946.29940000094939, 0.0 ], [ 173872.328800049028359, 538944.938200001604855, 0.0 ], [ 173876.318500047840644, 538944.44580000161659, 0.0 ], [ 173875.850600046018371, 538940.654500000644475, 0.0 ], [ 173877.612300046515884, 538940.437000001780689, 0.0 ], [ 173877.19390004791785, 538937.047300001373515, 0.0 ], [ 173877.323700046923477, 538937.037000001990236, 0.0 ], [ 173881.621600047772517, 538936.507600001525134, 0.0 ], [ 173881.750600047700573, 538936.491700000013225, 0.0 ], [ 173881.766400046850322, 538936.619700000970624, 0.0 ], [ 173881.935200047126273, 538937.987999999546446, 0.0 ], [ 173881.958537328930106, 538937.985123141203076, 0.0 ], [ 173881.90514631694532, 538937.552496734890155, 0.0 ], [ 173882.514549414627254, 538937.477289549773559, 0.0 ], [ 173882.404348464478971, 538936.584061961388215, 0.0 ], [ 173884.524216220655944, 538936.322526012663729, 0.0 ], [ 173884.560960866045207, 538936.620267147780396, 0.0 ], [ 173886.39206965820631, 538936.394287781440653, 0.0 ], [ 173886.355324972246308, 538936.096546335262246, 0.0 ], [ 173887.600875716103474, 538935.942831188556738, 0.0 ], [ 173887.827340304211248, 538937.777869181940332, 0.0 ], [ 173887.752866216964321, 538937.787059668684378, 0.0 ], [ 173887.850956699403469, 538938.581934853456914, 0.0 ], [ 173887.92543686425779, 538938.572743615019135, 0.0 ], [ 173888.556220213184133, 538943.683968894300051, 0.0 ], [ 173888.48143069454818, 538943.693198421038687, 0.0 ], [ 173888.49338277275092, 538943.792616409715265, 0.0 ], [ 173884.74747254914837, 538944.254904395667836, 0.0 ], [ 173884.692225342005258, 538943.807237935601734, 0.0 ], [ 173884.766588010475971, 538943.798061198438518, 0.0 ], [ 173884.644111902453005, 538942.805589785915799, 0.0 ], [ 173884.569743223866681, 538942.814767265925184, 0.0 ], [ 173884.164707352290861, 538939.540710654924624, 0.0 ], [ 173882.251446712733014, 538939.776828808244318, 0.0 ], [ 173882.402800047013443, 538941.003500001155771, 0.0 ], [ 173884.070500046887901, 538940.797700001043268, 0.0 ], [ 173884.538400046498282, 538944.589100000797771, 0.0 ], [ 173888.528000046877423, 538944.096700000576675, 0.0 ], [ 173888.696100046829088, 538945.457900001201779, 0.0 ], [ 173904.89360004736227, 538943.458900001947768, 0.0 ], [ 173904.725700047740247, 538942.097700000042096, 0.0 ], [ 173908.715200049075065, 538941.605300000868738, 0.0 ], [ 173908.247300047776662, 538937.813999999663793, 0.0 ], [ 173908.469500047038309, 538937.786600000923499, 0.0 ], [ 173909.905100047530141, 538937.609400000772439, 0.0 ], [ 173909.979500049288617, 538937.600200001033954, 0.0 ], [ 173909.546053759288043, 538934.146608615643345, 0.0 ] ], [ [ 173842.479397156595951, 538937.733895845478401, 0.0 ], [ 173842.620119386032457, 538938.874165236600675, 0.0 ], [ 173840.883295640262077, 538939.088509070803411, 0.0 ], [ 173840.920040297438391, 538939.386250268435106, 0.0 ], [ 173839.15840478381142, 538939.603656156104989, 0.0 ], [ 173839.005302053556079, 538938.363067829050124, 0.0 ], [ 173838.682749070576392, 538938.402874540654011, 0.0 ], [ 173837.751884481636807, 538930.860097566037439, 0.0 ], [ 173841.572896723315353, 538930.388541132211685, 0.0 ], [ 173841.584989130758913, 538930.486525667249225, 0.0 ], [ 173841.510593424580293, 538930.495706480112858, 0.0 ], [ 173841.694307586090872, 538931.984413597849198, 0.0 ], [ 173841.768712406425038, 538931.975231657968834, 0.0 ], [ 173842.246387519291602, 538935.845823447103612, 0.0 ], [ 173842.171959000523202, 538935.855008312501013, 0.0 ], [ 173842.355673161364393, 538937.343715428491123, 0.0 ], [ 173842.430110794288339, 538937.334529440267943, 0.0 ], [ 173842.479397156595951, 538937.733895845478401, 0.0 ] ], [ [ 173833.782928473199718, 538931.349911940749735, 0.0 ], [ 173837.603013875399483, 538930.878469893126749, 0.0 ], [ 173838.533878463233123, 538938.421246868674643, 0.0 ], [ 173838.211325482028769, 538938.461053578881547, 0.0 ], [ 173838.364428211585619, 538939.701641907449812, 0.0 ], [ 173836.602792699151905, 538939.919047794886865, 0.0 ], [ 173836.566048044100171, 538939.621306597138755, 0.0 ], [ 173834.829224296321627, 538939.835650428314693, 0.0 ], [ 173834.639209816668881, 538938.295966929756105, 0.0 ], [ 173834.713642905990127, 538938.286781499511562, 0.0 ], [ 173834.615823039901443, 538937.494099111645482, 0.0 ], [ 173834.54138382000383, 538937.503284835838713, 0.0 ], [ 173834.0147103141353, 538933.235660079750232, 0.0 ], [ 173834.089173179410864, 538933.226470975321718, 0.0 ], [ 173833.991033871599939, 538932.431200171704404, 0.0 ], [ 173833.916564937098883, 538932.440390025032684, 0.0 ], [ 173833.782928473199718, 538931.349911940749735, 0.0 ] ], [ [ 173834.392513157916255, 538937.521656706463546, 0.0 ], [ 173834.318081601522863, 538937.530841944273561, 0.0 ], [ 173834.415901467669755, 538938.323524337261915, 0.0 ], [ 173834.490339101699647, 538938.314338347408921, 0.0 ], [ 173834.680353692994686, 538939.854022757383063, 0.0 ], [ 173832.943529946060153, 538940.068366589141078, 0.0 ], [ 173832.980274603818543, 538940.366107788984664, 0.0 ], [ 173831.218639087717747, 538940.583513674559072, 0.0 ], [ 173831.065536358713871, 538939.34292534715496, 0.0 ], [ 173830.742983378469944, 538939.382732058409601, 0.0 ], [ 173829.812118784728227, 538931.839955083210953, 0.0 ], [ 173833.633131027338095, 538931.368398651015013, 0.0 ], [ 173833.767694217327517, 538932.458761440590024, 0.0 ], [ 173833.693292432115413, 538932.467943007010035, 0.0 ], [ 173833.791431739984546, 538933.263213809696026, 0.0 ], [ 173833.86583960003918, 538933.254031495191157, 0.0 ], [ 173834.392513157916255, 538937.521656706463546, 0.0 ] ], [ [ 173826.051262176508317, 538933.41100908361841, 0.0 ], [ 173825.976793240901316, 538933.420198936597444, 0.0 ], [ 173825.843101523671066, 538932.329777020961046, 0.0 ], [ 173829.663247509888606, 538931.858327495632693, 0.0 ], [ 173830.594078100810293, 538939.401108666905202, 0.0 ], [ 173830.27155978771043, 538939.440911098383367, 0.0 ], [ 173830.424662518809782, 538940.681499426951632, 0.0 ], [ 173828.66302700387314, 538940.898905313573778, 0.0 ], [ 173828.626282348239329, 538940.601164113846608, 0.0 ], [ 173826.889458602061495, 538940.81550794665236, 0.0 ], [ 173826.699438122828724, 538939.275775841786526, 0.0 ], [ 173826.773871213255916, 538939.266590412473306, 0.0 ], [ 173826.676057157339528, 538938.473955113557167, 0.0 ], [ 173826.601606178184738, 538938.483143057208508, 0.0 ], [ 173826.074956485623261, 538934.215516289463267, 0.0 ], [ 173826.149407462886302, 538934.206328344531357, 0.0 ], [ 173826.051262176508317, 538933.41100908361841, 0.0 ] ], [ [ 173826.476129773363937, 538939.303333248128183, 0.0 ], [ 173826.550567405676702, 538939.294147258391604, 0.0 ], [ 173826.740587996580871, 538940.833880274556577, 0.0 ], [ 173825.003764251247048, 538941.048224107944407, 0.0 ], [ 173825.04050890399958, 538941.345965307555161, 0.0 ], [ 173823.278873391012894, 538941.563371193711646, 0.0 ], [ 173823.125770663260482, 538940.322782865492627, 0.0 ], [ 173822.80321768016438, 538940.362589578493498, 0.0 ], [ 173821.87235308997333, 538932.819812603993341, 0.0 ], [ 173825.694230914174113, 538932.348149348166771, 0.0 ], [ 173825.827922521770233, 538933.438570352969691, 0.0 ], [ 173825.753520738246152, 538933.447751918574795, 0.0 ], [ 173825.85166623085388, 538934.24307284783572, 0.0 ], [ 173825.926085897430312, 538934.233888768590987, 0.0 ], [ 173826.452735589118674, 538938.501515535521321, 0.0 ], [ 173826.378315923502669, 538938.510699617327191, 0.0 ], [ 173826.476129773363937, 538939.303333248128183, 0.0 ] ], [ [ 173817.902470242377603, 538933.309741362812929, 0.0 ], [ 173821.723482484987471, 538932.838184930733405, 0.0 ], [ 173822.654347074043471, 538940.380961906048469, 0.0 ], [ 173822.331794092722703, 538940.420768618118018, 0.0 ], [ 173822.484896819805726, 538941.661356946337037, 0.0 ], [ 173820.723261307983194, 538941.87876283400692, 0.0 ], [ 173820.686516651738202, 538941.581021634745412, 0.0 ], [ 173818.949692907190183, 538941.795365467085503, 0.0 ], [ 173818.75966642840649, 538940.255584750324488, 0.0 ], [ 173818.83409951714566, 538940.246399320079945, 0.0 ], [ 173818.736291480250657, 538939.453812783234753, 0.0 ], [ 173818.661852313874988, 538939.462998961098492, 0.0 ], [ 173818.135178925702348, 538935.195375118171796, 0.0 ], [ 173818.209641787572764, 538935.186186016886495, 0.0 ], [ 173818.111490483599482, 538934.390817992272787, 0.0 ], [ 173818.037021544092568, 538934.400007844320498, 0.0 ], [ 173817.902470242377603, 538933.309741362812929, 0.0 ] ], [ [ 173839.006381438259268, 538942.242221171967685, 0.0 ], [ 173839.196064627525629, 538943.77922023111023, 0.0 ], [ 173839.121590597351314, 538943.788411174318753, 0.0 ], [ 173839.219717964180745, 538944.583585235173814, 0.0 ], [ 173839.294198071991559, 538944.574393540038727, 0.0 ], [ 173839.92498610803159, 538949.685656251618639, 0.0 ], [ 173839.850477080472047, 538949.69485105224885, 0.0 ], [ 173839.950942569412291, 538950.487267168005928, 0.0 ], [ 173840.022819369740319, 538950.478397199418396, 0.0 ], [ 173840.135667209338862, 538951.392800973029807, 0.0 ], [ 173836.314654971065465, 538951.864357403130271, 0.0 ], [ 173836.203872922080336, 538950.949674949981272, 0.0 ], [ 173836.276159803237533, 538950.940753925358877, 0.0 ], [ 173836.166089172882494, 538950.048803857411258, 0.0 ], [ 173836.091727479826659, 538950.057980473502539, 0.0 ], [ 173835.473185831127921, 538945.045949972933158, 0.0 ], [ 173835.547576328885043, 538945.036769336205907, 0.0 ], [ 173835.449440056749154, 538944.241573090781458, 0.0 ], [ 173835.375049557595048, 538944.250753724016249, 0.0 ], [ 173835.301727272133576, 538943.656624732189812, 0.0 ], [ 173835.624280263116816, 538943.616818098002113, 0.0 ], [ 173835.605907924444182, 538943.467947419616394, 0.0 ], [ 173835.471177658066154, 538942.376230773166753, 0.0 ], [ 173837.232813169161091, 538942.158824886195362, 0.0 ], [ 173837.269557706284104, 538942.456565122585744, 0.0 ], [ 173839.006381438259268, 538942.242221171967685, 0.0 ] ], [ [ 173835.15285670288722, 538943.674997356603853, 0.0 ], [ 173835.226178780110786, 538944.269124685786664, 0.0 ], [ 173835.151704750809586, 538944.278315628762357, 0.0 ], [ 173835.252473248518072, 538945.073187033762224, 0.0 ], [ 173835.324482474999968, 538945.064300275291316, 0.0 ], [ 173835.943024181528017, 538950.076331230811775, 0.0 ], [ 173835.868347736482974, 538950.085546690272167, 0.0 ], [ 173835.978418419108493, 538950.977497202227823, 0.0 ], [ 173836.052933464932721, 538950.968301197281107, 0.0 ], [ 173836.165784362179693, 538951.882729732664302, 0.0 ], [ 173832.344772122072754, 538952.354286163114011, 0.0 ], [ 173831.216478921414819, 538943.203584161121398, 0.0 ], [ 173832.952310131600825, 538942.989362818771042, 0.0 ], [ 173832.915565476781921, 538942.691621622652747, 0.0 ], [ 173834.677200989506673, 538942.474215736030601, 0.0 ], [ 173834.830303722061217, 538943.714804068207741, 0.0 ], [ 173835.15285670288722, 538943.674997356603853, 0.0 ] ], [ [ 173827.684514594206121, 538944.596675839391537, 0.0 ], [ 173827.531411865027621, 538943.35608751187101, 0.0 ], [ 173829.293047378596384, 538943.138681624550372, 0.0 ], [ 173829.329669550235849, 538943.43543034279719, 0.0 ], [ 173831.065500653116032, 538943.221209015347995, 0.0 ], [ 173832.195901514904108, 538952.372658491367474, 0.0 ], [ 173828.375669515022309, 538952.844118632958271, 0.0 ], [ 173828.262812788976589, 538951.929642859497108, 0.0 ], [ 173828.336388163588708, 538951.920563278719783, 0.0 ], [ 173828.226430188136874, 538951.028648204752244, 0.0 ], [ 173828.152058987296186, 538951.03782645938918, 0.0 ], [ 173827.533252659137361, 538946.025827697128989, 0.0 ], [ 173827.607810635003261, 538946.016626857570373, 0.0 ], [ 173827.509674382512458, 538945.221380792441778, 0.0 ], [ 173827.435110384656582, 538945.230582838645205, 0.0 ], [ 173827.361794192984235, 538944.636503213550895, 0.0 ], [ 173827.684514594206121, 538944.596675839391537, 0.0 ] ], [ [ 173824.029738504090346, 538951.734035680186935, 0.0 ], [ 173825.097674693213776, 538951.602240191888995, 0.0 ], [ 173825.093142768426333, 538951.565518108778633, 0.0 ], [ 173827.896397975215223, 538951.219564487575553, 0.0 ], [ 173827.904259730275953, 538951.283268132130615, 0.0 ], [ 173828.492175363993738, 538956.047128707519732, 0.0 ], [ 173817.674244605062995, 538957.382184577640146, 0.0 ], [ 173817.529758521559415, 538956.211416777223349, 0.0 ], [ 173817.82749975923798, 538956.174672305001877, 0.0 ], [ 173817.592293941532262, 538954.268807067535818, 0.0 ], [ 173817.294553061481565, 538954.305551663506776, 0.0 ], [ 173817.131032157252776, 538952.980545489350334, 0.0 ], [ 173818.024289203836815, 538952.870307206525467, 0.0 ], [ 173817.976257065980462, 538952.481104416772723, 0.0 ], [ 173818.62080564108328, 538952.401559603400528, 0.0 ], [ 173818.616336815786781, 538952.365348810795695, 0.0 ], [ 173824.025135691743344, 538951.69673918641638, 0.0 ], [ 173824.029738504090346, 538951.734035680186935, 0.0 ] ], [ [ 173818.288586809183471, 538959.910850817570463, 0.0 ], [ 173818.071181045845151, 538958.149215397308581, 0.0 ], [ 173817.773439161566785, 538958.185959949740209, 0.0 ], [ 173817.69382629764732, 538957.540854381630197, 0.0 ], [ 173827.291015815513674, 538956.356451630475931, 0.0 ], [ 173827.885054406622658, 538961.169934340636246, 0.0 ], [ 173819.181088769226335, 538962.244102836120874, 0.0 ], [ 173819.130237512115855, 538961.832055538077839, 0.0 ], [ 173818.237013582547661, 538961.942289543221705, 0.0 ], [ 173817.99084550893167, 538959.947595484438352, 0.0 ], [ 173818.288586809183471, 538959.910850817570463, 0.0 ] ], [ [ 173818.603256430564215, 538964.909948810585774, 0.0 ], [ 173818.3570885672234, 538962.915254724211991, 0.0 ], [ 173819.250312497548293, 538962.805020716274157, 0.0 ], [ 173819.199461096111918, 538962.392973435344175, 0.0 ], [ 173827.903426733071683, 538961.318804941256531, 0.0 ], [ 173828.497465324617224, 538966.132287650019862, 0.0 ], [ 173818.900275688647525, 538967.316689906292595, 0.0 ], [ 173818.820662472513504, 538966.671584101160988, 0.0 ], [ 173819.118403620814206, 538966.634839547332376, 0.0 ], [ 173818.900997726246715, 538964.873204128583893, 0.0 ], [ 173818.603256430564215, 538964.909948810585774, 0.0 ] ], [ [ 173819.518985869974131, 538969.839906628010795, 0.0 ], [ 173819.301580106053734, 538968.078271205420606, 0.0 ], [ 173819.003838222502964, 538968.115015758550726, 0.0 ], [ 173818.924225361086428, 538967.469910190440714, 0.0 ], [ 173828.521414877672214, 538966.285507440101355, 0.0 ], [ 173829.11545346758794, 538971.09899015002884, 0.0 ], [ 173820.411487832170678, 538972.173158645746298, 0.0 ], [ 173820.360636573255761, 538971.761111349216662, 0.0 ], [ 173819.46741264584125, 538971.871345354011282, 0.0 ], [ 173819.221244570420822, 538969.876651294645853, 0.0 ], [ 173819.518985869974131, 538969.839906628010795, 0.0 ] ], [ [ 173819.828078267397359, 538974.834655425976962, 0.0 ], [ 173819.581910405308008, 538972.839961340883747, 0.0 ], [ 173820.475134333421011, 538972.72972733376082, 0.0 ], [ 173820.424282935826341, 538972.317680052714422, 0.0 ], [ 173829.12824857007945, 538971.243511556531303, 0.0 ], [ 173829.722287162527209, 538976.056994267157279, 0.0 ], [ 173820.125097525917226, 538977.241396524594165, 0.0 ], [ 173820.045484309608582, 538976.596290718996897, 0.0 ], [ 173820.343225459975656, 538976.559546163887717, 0.0 ], [ 173820.12581956514623, 538974.797910745255649, 0.0 ], [ 173819.828078267397359, 538974.834655425976962, 0.0 ] ], [ [ 173820.738230481336359, 538979.760264050215483, 0.0 ], [ 173820.520824720180826, 538977.99862862972077, 0.0 ], [ 173820.223082834592788, 538978.035373182152398, 0.0 ], [ 173820.143469973176252, 538977.390267616719939, 0.0 ], [ 173829.740659489587415, 538976.205864866496995, 0.0 ], [ 173830.334698079677764, 538981.019347574096173, 0.0 ], [ 173821.630732444900787, 538982.093516069930047, 0.0 ], [ 173821.57988118432695, 538981.681468771421351, 0.0 ], [ 173820.686657256446779, 538981.7917027779622, 0.0 ], [ 173820.440489182568854, 538979.797008719528094, 0.0 ], [ 173820.738230481336359, 538979.760264050215483, 0.0 ] ], [ [ 173821.047322879545391, 538984.755012850160711, 0.0 ], [ 173820.801155016233679, 538982.76031876495108, 0.0 ], [ 173821.694378944812343, 538982.650084758060984, 0.0 ], [ 173821.643527545587858, 538982.238037476316094, 0.0 ], [ 173830.347493181994651, 538981.163868981879205, 0.0 ], [ 173830.941531774646137, 538985.97735169052612, 0.0 ], [ 173821.344342138181673, 538987.161753947613761, 0.0 ], [ 173821.264728921814822, 538986.516648143646307, 0.0 ], [ 173821.562470071396092, 538986.479903587140143, 0.0 ], [ 173821.345064176537562, 538984.718268170487136, 0.0 ], [ 173821.047322879545391, 538984.755012850160711, 0.0 ] ], [ [ 173822.044514866021927, 538990.345063333166763, 0.0 ], [ 173821.80930971444468, 538988.439197985106148, 0.0 ], [ 173821.511568497808184, 538988.475942829973064, 0.0 ], [ 173821.367082443437539, 538987.305175025714561, 0.0 ], [ 173832.185013203474227, 538985.970119156641886, 0.0 ], [ 173832.785170872230083, 538990.833193783997558, 0.0 ], [ 173829.907039518206147, 538991.188388094771653, 0.0 ], [ 173829.900919337873347, 538991.138796400977299, 0.0 ], [ 173829.897589307045564, 538991.111813233350404, 0.0 ], [ 173828.904529409133829, 538991.23436801508069, 0.0 ], [ 173828.907859430997632, 538991.261351095512509, 0.0 ], [ 173823.49862608636613, 538991.926707717240788, 0.0 ], [ 173823.495564030396054, 538991.901895950781181, 0.0 ], [ 173822.851310572674265, 538991.983564566005953, 0.0 ], [ 173822.803544083726592, 538991.596513000782579, 0.0 ], [ 173821.910319519898621, 538991.70674700778909, 0.0 ], [ 173821.746773986233165, 538990.381807940080762, 0.0 ], [ 173822.044514866021927, 538990.345063333166763, 0.0 ] ], [ [ 173837.548470113542862, 538987.598284198902547, 0.0 ], [ 173837.65241436555516, 538988.440542366937734, 0.0 ], [ 173837.627301857399289, 538988.443641535821371, 0.0 ], [ 173837.725282742176205, 538989.237618665210903, 0.0 ], [ 173837.746586451743497, 538989.234989839838818, 0.0 ], [ 173838.724234978377353, 538997.125485222437419, 0.0 ], [ 173838.079193273733836, 538997.205615808488801, 0.0 ], [ 173838.042448425781913, 538996.907874584314413, 0.0 ], [ 173836.280812920653261, 538997.125280489446595, 0.0 ], [ 173836.317557596659753, 538997.423021765891463, 0.0 ], [ 173834.322691213747021, 538997.669210872380063, 0.0 ], [ 173834.231001737178303, 538996.924836363294162, 0.0 ], [ 173834.212629410962109, 538996.7759657636052, 0.0 ], [ 173833.800582105322974, 538996.826817141030915, 0.0 ], [ 173833.726930100936443, 538996.230016426532529, 0.0 ], [ 173833.751389513141476, 538996.226997858146206, 0.0 ], [ 173833.628900262410752, 538995.234469925868325, 0.0 ], [ 173833.604440481285565, 538995.237488389480859, 0.0 ], [ 173832.936912088713143, 538989.828528379905038, 0.0 ], [ 173832.961419726285385, 538989.825504010659643, 0.0 ], [ 173832.863438840548042, 538989.031526882201433, 0.0 ], [ 173832.838940656627528, 538989.034550083684735, 0.0 ], [ 173832.734376731299562, 538988.187377260997891, 0.0 ], [ 173837.498847897950327, 538987.604407990351319, 0.0 ], [ 173837.548470113542862, 538987.598284198902547, 0.0 ] ], [ [ 173839.164385499956552, 539000.899063482531346, 0.0 ], [ 173839.274613997840788, 539001.792287751683034, 0.0 ], [ 173839.299814610887552, 539001.789177865488455, 0.0 ], [ 173839.9675196405733, 539007.199578240513802, 0.0 ], [ 173839.917895920778392, 539007.205702421022579, 0.0 ], [ 173840.291467947565252, 539010.232736768084578, 0.0 ], [ 173835.527607163006905, 539010.820652429014444, 0.0 ], [ 173835.262988162314286, 539008.685510141658597, 0.0 ], [ 173835.288474077824503, 539008.682365047396161, 0.0 ], [ 173835.178245581017109, 539007.789140778477304, 0.0 ], [ 173835.153855546290288, 539007.792150634690188, 0.0 ], [ 173834.486327831749804, 539002.3831870398717, 0.0 ], [ 173834.51075098029105, 539002.380173096666113, 0.0 ], [ 173834.400522484153043, 539001.486948827281594, 0.0 ], [ 173834.37609386749682, 539001.48996344441548, 0.0 ], [ 173834.19255135714775, 539000.002722191042267, 0.0 ], [ 173835.36331902621896, 538999.858236126136035, 0.0 ], [ 173835.400063679087907, 539000.155977323302068, 0.0 ], [ 173837.305928639863851, 538999.920769742922857, 0.0 ], [ 173837.269184243952623, 538999.623030650313012, 0.0 ], [ 173838.594158894906286, 538999.45951183012221, 0.0 ], [ 173838.704392975691007, 539000.352736138156615, 0.0 ], [ 173839.116268198442413, 539000.301908117486164, 0.0 ], [ 173839.189580456266413, 539000.895954292267561, 0.0 ], [ 173839.164385499956552, 539000.899063482531346, 0.0 ] ], [ [ 173834.202035690948833, 539001.511504811933264, 0.0 ], [ 173834.312264188542031, 539002.404729081899859, 0.0 ], [ 173834.337464612035546, 539002.401619218522683, 0.0 ], [ 173835.004992324509658, 539007.810582813457586, 0.0 ], [ 173834.979758789297193, 539007.813696763012558, 0.0 ], [ 173835.089992753375554, 539008.706920357653871, 0.0 ], [ 173835.115226291905856, 539008.70380640856456, 0.0 ], [ 173835.378736554062925, 539010.839024757849984, 0.0 ], [ 173830.614875535480678, 539011.426938486285508, 0.0 ], [ 173830.241306547890417, 539008.399902794975787, 0.0 ], [ 173830.191682827746263, 539008.406026927987114, 0.0 ], [ 173829.523978210461792, 539002.995628346106969, 0.0 ], [ 173829.548401172214653, 539002.992614427930675, 0.0 ], [ 173829.438172673544614, 539002.099390158196911, 0.0 ], [ 173829.413744056073483, 539002.102404776727781, 0.0 ], [ 173829.340432066528592, 539001.508357640937902, 0.0 ], [ 173829.752306785259861, 539001.4575255359523, 0.0 ], [ 173829.642072950664442, 539000.564301198348403, 0.0 ], [ 173830.967047679820098, 539000.400786082609557, 0.0 ], [ 173831.003792255767621, 539000.698525153798983, 0.0 ], [ 173832.909657546202652, 539000.463321807212196, 0.0 ], [ 173832.872913078725105, 539000.165580584318377, 0.0 ], [ 173834.043680749542546, 539000.021094520692714, 0.0 ], [ 173834.227230645308737, 539001.508395623648539, 0.0 ], [ 173834.202035690948833, 539001.511504811933264, 0.0 ] ], [ [ 173829.239678383048158, 539002.123885380337015, 0.0 ], [ 173829.34990687755635, 539003.017109649605118, 0.0 ], [ 173829.375107492262032, 539003.013999765156768, 0.0 ], [ 173830.042812520754524, 539008.424400139832869, 0.0 ], [ 173829.993188803346129, 539008.430524319875985, 0.0 ], [ 173830.366760826058453, 539011.457558666821569, 0.0 ], [ 173825.602900041063549, 539012.045474328566343, 0.0 ], [ 173825.338281044125324, 539009.91033204132691, 0.0 ], [ 173825.363766958500491, 539009.907186946948059, 0.0 ], [ 173825.25353846224607, 539009.013962676166557, 0.0 ], [ 173825.229148425947642, 539009.016972534009255, 0.0 ], [ 173824.561620712222066, 539003.608008939772844, 0.0 ], [ 173824.586043862393126, 539003.604994997032918, 0.0 ], [ 173824.475815364014124, 539002.711770726135001, 0.0 ], [ 173824.451386745728087, 539002.714785344433039, 0.0 ], [ 173824.267844236921519, 539001.227544089662842, 0.0 ], [ 173825.438611906865845, 539001.083058024640195, 0.0 ], [ 173825.475356560520595, 539001.380799223319627, 0.0 ], [ 173827.381221519783139, 539001.145591641892679, 0.0 ], [ 173827.344477125909179, 539000.847852550214157, 0.0 ], [ 173828.669451773836045, 539000.684333729790524, 0.0 ], [ 173828.779685856890865, 539001.577558037824929, 0.0 ], [ 173829.191561078536324, 539001.526730015524663, 0.0 ], [ 173829.264873335399898, 539002.120776192401536, 0.0 ], [ 173829.239678383048158, 539002.123885380337015, 0.0 ] ], [ [ 173866.548881444963627, 538933.351611671620049, 0.0 ], [ 173866.623306934197899, 538933.342427181545645, 0.0 ], [ 173866.794924812042154, 538934.733043392421678, 0.0 ], [ 173865.058101065922529, 538934.947387225576676, 0.0 ], [ 173865.094845722516766, 538935.245128423906863, 0.0 ], [ 173863.333210207551019, 538935.462534311343916, 0.0 ], [ 173863.180107479653088, 538934.221945983008482, 0.0 ], [ 173862.857554495305521, 538934.261752696475014, 0.0 ], [ 173861.926689906453248, 538926.718975718365982, 0.0 ], [ 173865.747702145628864, 538926.24741928698495, 0.0 ], [ 173865.900529753707815, 538927.485778286354616, 0.0 ], [ 173865.826134045433719, 538927.494959102827124, 0.0 ], [ 173865.924254412588198, 538928.290076445089653, 0.0 ], [ 173865.998656254203524, 538928.280895334435627, 0.0 ], [ 173866.525461932644248, 538932.549591113696806, 0.0 ], [ 173866.451036444806959, 538932.558775602374226, 0.0 ], [ 173866.548881444963627, 538933.351611671620049, 0.0 ] ], [ [ 173857.957511722896015, 538927.208817514474504, 0.0 ], [ 173861.777819297276437, 538926.737348046619445, 0.0 ], [ 173862.708683890581597, 538934.280125023331493, 0.0 ], [ 173862.386130908038467, 538934.319931734935381, 0.0 ], [ 173862.539233638060978, 538935.560520063154399, 0.0 ], [ 173860.777598124259384, 538935.77792594966013, 0.0 ], [ 173860.740853469789727, 538935.480184750631452, 0.0 ], [ 173859.004029721632833, 538935.694528584950604, 0.0 ], [ 173858.832405956607545, 538934.303864674293436, 0.0 ], [ 173858.906845114164753, 538934.294678497477435, 0.0 ], [ 173858.809012025536504, 538933.501888972707093, 0.0 ], [ 173858.734566793165868, 538933.511075898190029, 0.0 ], [ 173858.207761218829546, 538929.242380973300897, 0.0 ], [ 173858.282230210810667, 538929.233191577950493, 0.0 ], [ 173858.184103789826622, 538928.438025178504176, 0.0 ], [ 173858.109628775942838, 538928.447215780499391, 0.0 ], [ 173857.957511722896015, 538927.208817514474504, 0.0 ] ], [ [ 173858.609103677212261, 538934.331421332317404, 0.0 ], [ 173858.683535293850582, 538934.322236548759975, 0.0 ], [ 173858.855159115337301, 538935.712900912505575, 0.0 ], [ 173857.118335368024418, 538935.927244744729251, 0.0 ], [ 173857.155080025229836, 538936.224985943292268, 0.0 ], [ 173855.393444510584231, 538936.442391830030829, 0.0 ], [ 173855.240341781114694, 538935.201803502277471, 0.0 ], [ 173854.917788799502887, 538935.241610215278342, 0.0 ], [ 173853.986924208700657, 538927.698833238799125, 0.0 ], [ 173857.807936448749388, 538927.227276807068847, 0.0 ], [ 173857.960758058296051, 538928.465587196755223, 0.0 ], [ 173857.886362351739081, 538928.474768010666594, 0.0 ], [ 173857.984488772752229, 538929.269934413139708, 0.0 ], [ 173858.058890556916595, 538929.260752846952528, 0.0 ], [ 173858.585696071851999, 538933.529447317006998, 0.0 ], [ 173858.511270588525804, 538933.538631806964986, 0.0 ], [ 173858.609103677212261, 538934.331421332317404, 0.0 ] ], [ [ 173850.01703759204247, 538928.188762462814339, 0.0 ], [ 173853.83805360289989, 538927.717205567052588, 0.0 ], [ 173854.768918192596175, 538935.259982542833313, 0.0 ], [ 173854.446365209994838, 538935.299789255484939, 0.0 ], [ 173854.599467941588955, 538936.540377583354712, 0.0 ], [ 173852.837832425313536, 538936.757783469278365, 0.0 ], [ 173852.801087770261802, 538936.460042270598933, 0.0 ], [ 173851.06426402652869, 538936.674386102124117, 0.0 ], [ 173850.892634203657508, 538935.283673132304102, 0.0 ], [ 173850.967073420819361, 538935.274487406713888, 0.0 ], [ 173850.869246498972643, 538934.481747858226299, 0.0 ], [ 173850.794801262702094, 538934.490934785455465, 0.0 ], [ 173850.267995523172431, 538930.222238507354632, 0.0 ], [ 173850.342464516230393, 538930.213049096171744, 0.0 ], [ 173850.244332097121514, 538929.417834086809307, 0.0 ], [ 173850.169857082131784, 538929.427024690434337, 0.0 ], [ 173850.01703759204247, 538928.188762462814339, 0.0 ] ], [ [ 173850.669331982266158, 538935.311230242368765, 0.0 ], [ 173850.743763541511726, 538935.302045001531951, 0.0 ], [ 173850.915393418021267, 538936.692758430610411, 0.0 ], [ 173848.930451993946917, 538936.937722810194828, 0.0 ], [ 173848.967196650017286, 538937.235464009921998, 0.0 ], [ 173847.205561135633616, 538937.452869897941127, 0.0 ], [ 173847.05245840625139, 538936.212281570071355, 0.0 ], [ 173846.729905424057506, 538936.252088282024488, 0.0 ], [ 173845.799040835874621, 538928.709311304730363, 0.0 ], [ 173849.868167096574325, 538928.207135691307485, 0.0 ], [ 173850.020986362331314, 538929.445396105060354, 0.0 ], [ 173849.94659065749147, 538929.454576920950785, 0.0 ], [ 173850.04472307942342, 538930.249791932408698, 0.0 ], [ 173850.119124859076692, 538930.240610367036425, 0.0 ], [ 173850.645930544822477, 538934.509306202526204, 0.0 ], [ 173850.571505060390336, 538934.51849069353193, 0.0 ], [ 173850.669331982266158, 538935.311230242368765, 0.0 ] ], [ [ 173841.581040311255492, 538929.229860612307675, 0.0 ], [ 173845.650170339096803, 538928.72768453322351, 0.0 ], [ 173846.581034817529144, 538936.270460610394366, 0.0 ], [ 173846.258481839933665, 538936.310267320368439, 0.0 ], [ 173846.411584568646504, 538937.550855648471043, 0.0 ], [ 173844.649949055426987, 538937.768261534860358, 0.0 ], [ 173844.61320439868723, 538937.470520336879417, 0.0 ], [ 173842.628262976271799, 538937.715484717162326, 0.0 ], [ 173842.578976723976666, 538937.316119224065915, 0.0 ], [ 173842.653409812250175, 538937.306933795334771, 0.0 ], [ 173842.469695652223891, 538935.818226679228246, 0.0 ], [ 173842.395253449416487, 538935.827413231832907, 0.0 ], [ 173841.917578337015584, 538931.956821442348883, 0.0 ], [ 173841.992044235987123, 538931.947631963994354, 0.0 ], [ 173841.808330075291451, 538930.458924847887829, 0.0 ], [ 173841.733855061786016, 538930.468115448602475, 0.0 ], [ 173841.581040311255492, 538929.229860612307675, 0.0 ] ], [ [ 173867.268031505052932, 538938.55398613458965, 0.0 ], [ 173867.32300523284357, 538938.999437144608237, 0.0 ], [ 173867.247940536297392, 538939.008700515376404, 0.0 ], [ 173867.346046561084222, 538939.803701627650298, 0.0 ], [ 173867.421284753741929, 538939.794416844495572, 0.0 ], [ 173868.051900612306781, 538944.905661683296785, 0.0 ], [ 173867.976800976786762, 538944.914929365506396, 0.0 ], [ 173868.074654261377873, 538945.707882542978041, 0.0 ], [ 173868.14975997453439, 538945.698614108841866, 0.0 ], [ 173868.27938565518707, 538946.761871383409016, 0.0 ], [ 173864.457607496355195, 538947.233522340655327, 0.0 ], [ 173863.330661186395446, 538938.082695436081849, 0.0 ], [ 173865.06748493629857, 538937.868351602344774, 0.0 ], [ 173865.030740279849852, 538937.570610405178741, 0.0 ], [ 173866.792375794233521, 538937.35320451867301, 0.0 ], [ 173866.945478525711223, 538938.593792852712795, 0.0 ], [ 173867.268031505052932, 538938.55398613458965, 0.0 ] ], [ [ 173859.799689400970237, 538939.475664622150362, 0.0 ], [ 173859.646586670045508, 538938.235076296376064, 0.0 ], [ 173861.408222185273189, 538938.017670407658443, 0.0 ], [ 173861.444966838840628, 538938.315411596442573, 0.0 ], [ 173863.181790585134877, 538938.101067764335312, 0.0 ], [ 173864.309502807707759, 538947.251800145604648, 0.0 ], [ 173860.48849056076142, 538947.723356576287188, 0.0 ], [ 173860.358859000407392, 538946.66005160077475, 0.0 ], [ 173860.432624005741673, 538946.650948617956601, 0.0 ], [ 173860.334776670730207, 538945.858043653075583, 0.0 ], [ 173860.260838222166058, 538945.867168499622494, 0.0 ], [ 173859.630054965527961, 538940.755944497184828, 0.0 ], [ 173859.704022332851309, 538940.746816543629393, 0.0 ], [ 173859.609027292928658, 538939.951381456688978, 0.0 ], [ 173859.531936839892296, 538939.960895295953378, 0.0 ], [ 173859.476968998496886, 538939.515491994912736, 0.0 ], [ 173859.799689400970237, 538939.475664622150362, 0.0 ] ], [ [ 173855.205280196067179, 538938.783183796098456, 0.0 ], [ 173855.41334763308987, 538940.469150049146265, 0.0 ], [ 173855.338282994751353, 538940.47841388056986, 0.0 ], [ 173855.436398044636007, 538941.27348813705612, 0.0 ], [ 173855.511468696204247, 538941.264223563601263, 0.0 ], [ 173856.142251982935704, 538946.37544779619202, 0.0 ], [ 173856.067152470059227, 538946.384715929511003, 0.0 ], [ 173856.097633849421982, 538946.632947548758239, 0.0 ], [ 173852.31644139974378, 538947.099589764839038, 0.0 ], [ 173852.242952197848354, 538946.504108236986212, 0.0 ], [ 173852.352004793239757, 538946.489415406715125, 0.0 ], [ 173852.254300934757339, 538945.697673029382713, 0.0 ], [ 173852.180522913724417, 538945.70677807694301, 0.0 ], [ 173851.769573307828978, 538942.380965910037048, 0.0 ], [ 173849.784597923746333, 538942.625934479758143, 0.0 ], [ 173849.705515098379692, 538941.980744365951978, 0.0 ], [ 173849.779314987943508, 538941.971636620117351, 0.0 ], [ 173849.681195608020062, 538941.176527275354601, 0.0 ], [ 173849.606996328366222, 538941.186833617626689, 0.0 ], [ 173849.509012833615998, 538940.392875319928862, 0.0 ], [ 173850.11938233661931, 538940.317548899678513, 0.0 ], [ 173850.009158107975964, 538939.424404454650357, 0.0 ], [ 173852.128620698058512, 538939.162878619274125, 0.0 ], [ 173852.165365345717873, 538939.460619756137021, 0.0 ], [ 173853.996474138897611, 538939.234640387585387, 0.0 ], [ 173853.959729453461478, 538938.936898942803964, 0.0 ], [ 173855.205280196067179, 538938.783183796098456, 0.0 ] ], [ [ 173859.328265811316669, 538939.53384366305545, 0.0 ], [ 173859.383233539760113, 538939.97924605361186, 0.0 ], [ 173859.308168842049781, 538939.988509425194934, 0.0 ], [ 173859.406280892872019, 538940.783559378236532, 0.0 ], [ 173859.481519030960044, 538940.774274135706946, 0.0 ], [ 173860.112302345136413, 538945.885498594725505, 0.0 ], [ 173860.037035289977212, 538945.894786939607002, 0.0 ], [ 173860.134882569342153, 538946.687691452680156, 0.0 ], [ 173860.209988225135021, 538946.678422557539307, 0.0 ], [ 173860.339619960082928, 538947.741728903958574, 0.0 ], [ 173856.517841800319729, 538948.213379857246764, 0.0 ], [ 173856.387437700788723, 538947.150145548395813, 0.0 ], [ 173856.46273810317507, 538947.140852620941587, 0.0 ], [ 173856.364756393042626, 538946.346858814707957, 0.0 ], [ 173856.29098530812189, 538946.355962548521347, 0.0 ], [ 173855.660339446709258, 538941.245852142223157, 0.0 ], [ 173855.734139428299386, 538941.236744842375629, 0.0 ], [ 173855.636024434148567, 538940.441671044216491, 0.0 ], [ 173855.562218411301728, 538940.450779090519063, 0.0 ], [ 173855.390895457414445, 538939.062552665127441, 0.0 ], [ 173857.127719205687754, 538938.848208833602257, 0.0 ], [ 173857.090974565362558, 538938.550467755878344, 0.0 ], [ 173858.852610062720487, 538938.333061747136526, 0.0 ], [ 173858.987340465682792, 538939.424779475084506, 0.0 ], [ 173859.005712815211155, 538939.573650258942507, 0.0 ], [ 173859.328265811316669, 538939.53384366305545, 0.0 ] ], [ [ 173845.0764193101204, 538943.05355403595604, 0.0 ], [ 173845.17454220764921, 538943.848691867548041, 0.0 ], [ 173845.249022371019237, 538943.839500631787814, 0.0 ], [ 173845.310270224494161, 538944.335790735669434, 0.0 ], [ 173843.325327876751544, 538944.58075522875879, 0.0 ], [ 173843.741768255509669, 538947.955154383904301, 0.0 ], [ 173843.666486457688734, 538947.964445014717057, 0.0 ], [ 173843.77656260484946, 538948.856441046111286, 0.0 ], [ 173843.851850536157144, 538948.8471501263557, 0.0 ], [ 173843.907128768012626, 538949.295067978906445, 0.0 ], [ 173840.160713142540772, 538949.757418338791467, 0.0 ], [ 173840.148218323214678, 538949.658106623333879, 0.0 ], [ 173840.073856684815837, 538949.667283695191145, 0.0 ], [ 173839.443068650522036, 538944.556020986172371, 0.0 ], [ 173839.517459204857005, 538944.54684080730658, 0.0 ], [ 173839.419331924436847, 538943.751667430391535, 0.0 ], [ 173839.344935348170111, 538943.760848814272322, 0.0 ], [ 173839.118507394421613, 538941.926107672508806, 0.0 ], [ 173840.354156467627035, 538941.773534687818028, 0.0 ], [ 173840.390901269711321, 538942.071275555179454, 0.0 ], [ 173842.231911535054678, 538941.844153956975788, 0.0 ], [ 173842.195166899386095, 538941.546412919415161, 0.0 ], [ 173844.314091764506884, 538941.28491345688235, 0.0 ], [ 173844.424349033593899, 538942.178054111544043, 0.0 ], [ 173845.034718324808637, 538942.102727492456324, 0.0 ], [ 173845.150893398706103, 538943.044363548629917, 0.0 ], [ 173845.0764193101204, 538943.05355403595604, 0.0 ] ], [ [ 173868.75020560080884, 538979.352526892325841, 0.0 ], [ 173868.872681707522133, 538980.344998301705346, 0.0 ], [ 173868.900764867896214, 538980.341532695456408, 0.0 ], [ 173869.556056838395307, 538985.651350306114182, 0.0 ], [ 173869.528281317034271, 538985.654778122785501, 0.0 ], [ 173869.638515282626031, 538986.548001717077568, 0.0 ], [ 173869.66629107616609, 538986.544573868392035, 0.0 ], [ 173869.756682868232019, 538987.277016746113077, 0.0 ], [ 173868.615354656940326, 538987.417869674856775, 0.0 ], [ 173868.578609627642436, 538987.120128490496427, 0.0 ], [ 173866.643291457206942, 538987.358968859887682, 0.0 ], [ 173866.68003610620508, 538987.656710012000985, 0.0 ], [ 173864.561111418501241, 538987.918209438794293, 0.0 ], [ 173864.450877522816882, 538987.024986411328427, 0.0 ], [ 173863.862053740740521, 538987.097653592471033, 0.0 ], [ 173863.759396828216268, 538986.265826691640541, 0.0 ], [ 173863.737850987963611, 538986.268485694658011, 0.0 ], [ 173863.54042625677539, 538984.668759314343333, 0.0 ], [ 173865.525355039862916, 538984.423796494607814, 0.0 ], [ 173865.177735099860001, 538981.607039141701534, 0.0 ], [ 173865.199297021463281, 538981.604378154268488, 0.0 ], [ 173865.101316136104288, 538980.81040102452971, 0.0 ], [ 173865.079761422501178, 538980.813060988555662, 0.0 ], [ 173864.870088363910327, 538979.114076845115051, 0.0 ], [ 173868.691087597137084, 538978.642522018169984, 0.0 ], [ 173868.778282662009588, 538979.349061860819347, 0.0 ], [ 173868.75020560080884, 538979.352526892325841, 0.0 ] ], [ [ 173859.155898810538929, 538991.229095928720199, 0.0 ], [ 173859.272102837538114, 538992.170694803004153, 0.0 ], [ 173859.248934264818672, 538992.173553923377767, 0.0 ], [ 173859.35916276241187, 538993.066778193926439, 0.0 ], [ 173859.382336801470956, 538993.063918395666406, 0.0 ], [ 173859.455980184371583, 538993.660649243625812, 0.0 ], [ 173858.845610865217168, 538993.735975641408004, 0.0 ], [ 173858.95584481122205, 538994.629199073533528, 0.0 ], [ 173856.836919960274827, 538994.890698631992564, 0.0 ], [ 173856.800175303418655, 538994.592957433313131, 0.0 ], [ 173854.864857130334713, 538994.831797740305774, 0.0 ], [ 173854.901601779274642, 538995.129538938519545, 0.0 ], [ 173853.760260462178849, 538995.2703934579622, 0.0 ], [ 173853.576371162489522, 538993.780342180514708, 0.0 ], [ 173853.600812916527502, 538993.777388712856919, 0.0 ], [ 173853.490577787859365, 538992.884103572345339, 0.0 ], [ 173853.466144827078097, 538992.887180413352326, 0.0 ], [ 173852.81085295099183, 538987.577466283924878, 0.0 ], [ 173852.835351157555124, 538987.574442929239012, 0.0 ], [ 173852.71915694733616, 538986.632876173011027, 0.0 ], [ 173856.515677747695008, 538986.164342264295556, 0.0 ], [ 173856.631881532724947, 538987.105932332691737, 0.0 ], [ 173856.612732505658641, 538987.108295539626852, 0.0 ], [ 173856.710713404958369, 538987.902272787294351, 0.0 ], [ 173856.729867329762783, 538987.899908974650316, 0.0 ], [ 173857.17095738594071, 538991.474060308770277, 0.0 ], [ 173859.155898810538929, 538991.229095928720199, 0.0 ] ], [ [ 173852.520624204335036, 538986.611169538577087, 0.0 ], [ 173852.642446064273827, 538987.598249614005908, 0.0 ], [ 173852.668239935679594, 538987.595066355541348, 0.0 ], [ 173853.310648598562693, 538992.811081080813892, 0.0 ], [ 173853.28618885402102, 538992.814099844428711, 0.0 ], [ 173853.408678105595754, 538993.806627775775269, 0.0 ], [ 173853.433137520216405, 538993.803609205177054, 0.0 ], [ 173853.506789523002226, 538994.400409918511286, 0.0 ], [ 173853.094742208108073, 538994.451261204550974, 0.0 ], [ 173853.113114535808563, 538994.600131802610122, 0.0 ], [ 173853.205148402776103, 538995.344463811372407, 0.0 ], [ 173851.210282047977671, 538995.59065316664055, 0.0 ], [ 173851.173537396854954, 538995.292911889031529, 0.0 ], [ 173849.411901884159306, 538995.510317757027224, 0.0 ], [ 173849.448646360629937, 538995.808059025672264, 0.0 ], [ 173848.803476991481148, 538995.887155182776041, 0.0 ], [ 173847.833455356623745, 538987.995718551101163, 0.0 ], [ 173847.854758995148586, 538987.993089145515114, 0.0 ], [ 173847.756768387480406, 538987.199113215785474, 0.0 ], [ 173847.731655878189486, 538987.202212385949679, 0.0 ], [ 173847.627711626031669, 538986.359954219544306, 0.0 ], [ 173847.677333810512209, 538986.353830120409839, 0.0 ], [ 173852.441130993101979, 538985.765398291288875, 0.0 ], [ 173852.545122351672035, 538986.60814603662584, 0.0 ], [ 173852.520624204335036, 538986.611169538577087, 0.0 ] ], [ [ 173847.473374272143701, 538986.373438009992242, 0.0 ], [ 173847.577318521245616, 538987.215696175815538, 0.0 ], [ 173847.552206014719559, 538987.218795345281251, 0.0 ], [ 173847.65018689938006, 538988.012772474437952, 0.0 ], [ 173847.671490607579472, 538988.010143648949452, 0.0 ], [ 173848.649139138142345, 538995.900639032828622, 0.0 ], [ 173848.004097430966794, 538995.98076961748302, 0.0 ], [ 173847.967352583800675, 538995.683028394822031, 0.0 ], [ 173846.20571707613999, 538995.900434299837798, 0.0 ], [ 173846.242461754183751, 538996.198175575002097, 0.0 ], [ 173844.247595369990449, 538996.444364681839943, 0.0 ], [ 173844.155905896681361, 538995.699990172870457, 0.0 ], [ 173844.137533569446532, 538995.55111957306508, 0.0 ], [ 173843.725486262730556, 538995.601970948511735, 0.0 ], [ 173843.651834256743314, 538995.005170236574486, 0.0 ], [ 173843.676293670141604, 538995.002151666209102, 0.0 ], [ 173843.553804418159416, 538994.00962373521179, 0.0 ], [ 173843.529344638634939, 538994.01264219917357, 0.0 ], [ 173842.86181624798337, 538988.603682187036611, 0.0 ], [ 173842.886323883954901, 538988.600657819421031, 0.0 ], [ 173842.78834299830487, 538987.806680690613575, 0.0 ], [ 173842.763844813191099, 538987.809703892446123, 0.0 ], [ 173842.659280889609363, 538986.962531069526449, 0.0 ], [ 173847.423752034577774, 538986.37956180179026, 0.0 ], [ 173847.473374272143701, 538986.373438009992242, 0.0 ] ], [ [ 173842.590316885878565, 538987.831644498277456, 0.0 ], [ 173842.688307492586318, 538988.625620425795205, 0.0 ], [ 173842.712815092381788, 538988.622595757013187, 0.0 ], [ 173843.380341280048015, 538994.031556040630676, 0.0 ], [ 173843.355881536670495, 538994.034574802382849, 0.0 ], [ 173843.478370786848245, 538995.027102734427899, 0.0 ], [ 173843.502830200275639, 538995.024084164062515, 0.0 ], [ 173843.576482206990477, 538995.620884877745993, 0.0 ], [ 173843.164434890379198, 538995.671736163669266, 0.0 ], [ 173843.18280721703195, 538995.820606763125397, 0.0 ], [ 173843.27484108437784, 538996.564938770374283, 0.0 ], [ 173841.279974728211528, 538996.811128126457334, 0.0 ], [ 173841.243230076390319, 538996.513386847567745, 0.0 ], [ 173839.481594566372223, 538996.730792715447024, 0.0 ], [ 173839.51833904068917, 538997.028533983160742, 0.0 ], [ 173838.873169674421661, 538997.107630140148103, 0.0 ], [ 173837.903148039535154, 538989.216193511500023, 0.0 ], [ 173837.924451676663011, 538989.213564103934914, 0.0 ], [ 173837.826461068965727, 538988.419588174554519, 0.0 ], [ 173837.80134856083896, 538988.422687344253063, 0.0 ], [ 173837.697404308710247, 538987.580429177964106, 0.0 ], [ 173837.747026493627345, 538987.574305079528131, 0.0 ], [ 173842.510823673568666, 538986.985873251222074, 0.0 ], [ 173842.614815032022307, 538987.828620994929224, 0.0 ], [ 173842.590316885878565, 538987.831644498277456, 0.0 ] ], [ [ 173863.817802107398165, 538996.34662882250268, 0.0 ], [ 173864.001352004968794, 538997.833929927786812, 0.0 ], [ 173863.976157049968606, 538997.837039113859646, 0.0 ], [ 173864.086385546397651, 538998.730263385572471, 0.0 ], [ 173864.111585970531451, 538998.727153521729633, 0.0 ], [ 173864.779113682830939, 539004.13611711608246, 0.0 ], [ 173864.753880146949086, 539004.139231066103093, 0.0 ], [ 173864.864114112686366, 539005.03245466016233, 0.0 ], [ 173864.889347649062984, 539005.029340711771511, 0.0 ], [ 173865.152857914305059, 539007.164559060474858, 0.0 ], [ 173860.388996894180309, 539007.752472789143212, 0.0 ], [ 173860.015427905629622, 539004.725437097367831, 0.0 ], [ 173859.96580418405938, 539004.731561230495572, 0.0 ], [ 173859.298099568753969, 538999.321162648731843, 0.0 ], [ 173859.32252252852777, 538999.318148731836118, 0.0 ], [ 173859.212294033786748, 538998.424924461054616, 0.0 ], [ 173859.187865412735846, 538998.427939078537747, 0.0 ], [ 173859.114553425868507, 538997.833891941932961, 0.0 ], [ 173859.526428145065438, 538997.783059838227928, 0.0 ], [ 173859.4161943088111, 538996.889835500973277, 0.0 ], [ 173860.741169038694352, 538996.726320386398584, 0.0 ], [ 173860.777913615194848, 538997.02405945607461, 0.0 ], [ 173862.683778901700862, 538996.788856108323671, 0.0 ], [ 173862.647034439258277, 538996.49111488845665, 0.0 ], [ 173863.817802107398165, 538996.34662882250268, 0.0 ] ], [ [ 173859.013799740205286, 538998.449419683660381, 0.0 ], [ 173859.124028236372396, 538999.34264395351056, 0.0 ], [ 173859.149228851747466, 538999.339534068712965, 0.0 ], [ 173859.816933880996658, 539004.749934442690574, 0.0 ], [ 173859.76731015931, 539004.756058624014258, 0.0 ], [ 173860.140882216597674, 539007.783092965837568, 0.0 ], [ 173855.377021379681537, 539008.371008633170277, 0.0 ], [ 173855.112402402271982, 539006.235866343136877, 0.0 ], [ 173855.137888317229226, 539006.232721249805763, 0.0 ], [ 173855.027659819315886, 539005.33949698030483, 0.0 ], [ 173855.003269784996519, 539005.342506834655069, 0.0 ], [ 173854.335742071503773, 538999.933543243212625, 0.0 ], [ 173854.360165219695773, 538999.930529299308546, 0.0 ], [ 173854.249936722451821, 538999.037305029574782, 0.0 ], [ 173854.225508106173947, 538999.040319647290744, 0.0 ], [ 173854.041965595592046, 538997.553078393568285, 0.0 ], [ 173855.212733262887923, 538997.408592326566577, 0.0 ], [ 173855.24947791986051, 538997.706333525595255, 0.0 ], [ 173857.155342878017109, 538997.471125945216045, 0.0 ], [ 173857.118598483590176, 538997.173386852489784, 0.0 ], [ 173858.443573132215533, 538997.00986803160049, 0.0 ], [ 173858.5538072141062, 538997.903092340216972, 0.0 ], [ 173858.965682436246425, 538997.852264319080859, 0.0 ], [ 173859.038994696020382, 538998.446310496772639, 0.0 ], [ 173859.013799740205286, 538998.449419683660381, 0.0 ] ], [ [ 173854.05144993000431, 538999.061861013877206, 0.0 ], [ 173854.161678425909486, 538999.955085282446817, 0.0 ], [ 173854.186878848879132, 538999.951975422678515, 0.0 ], [ 173854.854406563099474, 539005.360939015168697, 0.0 ], [ 173854.829173025587806, 539005.364052964490838, 0.0 ], [ 173854.939406990743009, 539006.25727656041272, 0.0 ], [ 173854.964640528778546, 539006.254162610275671, 0.0 ], [ 173855.228150793001987, 539008.389380959328264, 0.0 ], [ 173850.464289719238877, 539008.977294694515876, 0.0 ], [ 173850.090720785170561, 539005.950258996686898, 0.0 ], [ 173850.041097065928625, 539005.956383129581809, 0.0 ], [ 173849.373392449051607, 539000.545984548283741, 0.0 ], [ 173849.397815410426119, 539000.542970629758202, 0.0 ], [ 173849.287586913444102, 538999.649746358860284, 0.0 ], [ 173849.263158293557353, 538999.652760978089646, 0.0 ], [ 173849.189846304885577, 538999.058713841135614, 0.0 ], [ 173849.601721022976562, 538999.007881738012657, 0.0 ], [ 173849.491487190098269, 538998.114657400874421, 0.0 ], [ 173850.816461919719586, 538997.951142283971421, 0.0 ], [ 173850.853206494182814, 538998.248881355277263, 0.0 ], [ 173852.759071784792468, 538998.013678008690476, 0.0 ], [ 173852.722327318770112, 538997.715936785913073, 0.0 ], [ 173853.893094987841323, 538997.57145072252024, 0.0 ], [ 173854.076644883840345, 538999.058751826989464, 0.0 ], [ 173854.05144993000431, 538999.061861013877206, 0.0 ] ], [ [ 173849.089092601265293, 538999.674241585191339, 0.0 ], [ 173849.19932109687943, 539000.567465855157934, 0.0 ], [ 173849.224521711119451, 539000.564355968264863, 0.0 ], [ 173849.892226739175385, 539005.974756344105117, 0.0 ], [ 173849.842603019846138, 539005.980880524846725, 0.0 ], [ 173850.216175075853243, 539009.007914867950603, 0.0 ], [ 173845.452314260939602, 539009.595830532722175, 0.0 ], [ 173845.187695262080524, 539007.460688245831989, 0.0 ], [ 173845.21318117872579, 539007.457543150871061, 0.0 ], [ 173845.102952681365423, 539006.564318881719373, 0.0 ], [ 173845.078562645416241, 539006.567328738048673, 0.0 ], [ 173844.411034930031747, 539001.15836514311377, 0.0 ], [ 173844.435458079795353, 539001.155351201305166, 0.0 ], [ 173844.325229583104374, 539000.262126929941587, 0.0 ], [ 173844.30080096522579, 539000.265141547191888, 0.0 ], [ 173844.117258456157288, 538998.777900295564905, 0.0 ], [ 173845.288026124355383, 538998.633414229145274, 0.0 ], [ 173845.324770779290702, 538998.931155428872444, 0.0 ], [ 173847.230635738727869, 538998.695947846397758, 0.0 ], [ 173847.193891343544237, 538998.39820875483565, 0.0 ], [ 173848.518865991936764, 538998.234689933247864, 0.0 ], [ 173848.629100073303562, 538999.1279142415151, 0.0 ], [ 173849.040975297131808, 538999.077086221077479, 0.0 ], [ 173849.114287555945339, 538999.671132396906614, 0.0 ], [ 173849.089092601265293, 538999.674241585191339, 0.0 ] ], [ [ 173844.126742811262375, 539000.286682912381366, 0.0 ], [ 173844.236971306614578, 539001.179907182697207, 0.0 ], [ 173844.262171731243143, 539001.176797320949845, 0.0 ], [ 173844.929699444590369, 539006.58576091483701, 0.0 ], [ 173844.904465908242855, 539006.588874864391983, 0.0 ], [ 173845.014699872874189, 539007.482098457636312, 0.0 ], [ 173845.039933409745572, 539007.478984509827569, 0.0 ], [ 173845.303443672921276, 539009.614202858996578, 0.0 ], [ 173840.539582618366694, 539010.20211659243796, 0.0 ], [ 173840.16601366593386, 539007.175080894958228, 0.0 ], [ 173840.116389946255367, 539007.181205029366538, 0.0 ], [ 173839.448685330542503, 539001.770806448650546, 0.0 ], [ 173839.473108290723758, 539001.767792528378777, 0.0 ], [ 173839.362879794323817, 539000.874568258062936, 0.0 ], [ 173839.338451175630325, 539000.877582876710221, 0.0 ], [ 173839.265139185125008, 539000.283535741502419, 0.0 ], [ 173839.677013904933119, 539000.232703636633232, 0.0 ], [ 173839.566780069784727, 538999.339479297748767, 0.0 ], [ 173840.891754799173214, 538999.175964182708412, 0.0 ], [ 173840.928499374364037, 538999.473703253082931, 0.0 ], [ 173842.834364663489396, 538999.238499908591621, 0.0 ], [ 173842.797620199533412, 538998.940758684417233, 0.0 ], [ 173843.968387869506842, 538998.796272621140815, 0.0 ], [ 173844.15193776396336, 539000.283573724096641, 0.0 ], [ 173844.126742811262375, 539000.286682912381366, 0.0 ] ], [ [ 173906.872071347374003, 538929.387096286634915, 0.0 ], [ 173906.946474311407655, 538929.377914576558396, 0.0 ], [ 173907.136468832672108, 538930.917151142726652, 0.0 ], [ 173905.399645087862154, 538931.131494974019006, 0.0 ], [ 173905.436389741662424, 538931.429236172814853, 0.0 ], [ 173903.674754228355596, 538931.646642059553415, 0.0 ], [ 173903.52165149821667, 538930.406053733779117, 0.0 ], [ 173903.199098517769016, 538930.445860445383005, 0.0 ], [ 173902.262754568713717, 538922.898721428471617, 0.0 ], [ 173906.083670818596147, 538922.427176843862981, 0.0 ], [ 173906.223812714131782, 538923.522202229010873, 0.0 ], [ 173906.149462313536787, 538923.531514957430772, 0.0 ], [ 173906.27194449849776, 538924.523985621170141, 0.0 ], [ 173906.749540108110523, 538928.394494636566378, 0.0 ], [ 173906.872071347374003, 538929.387096286634915, 0.0 ] ], [ [ 173898.293541647493839, 538923.388567510759458, 0.0 ], [ 173902.113787968060933, 538922.917105604312383, 0.0 ], [ 173903.044652539130766, 538930.459882411640137, 0.0 ], [ 173902.722099554899614, 538930.499689124990255, 0.0 ], [ 173902.875202286988497, 538931.740277450415306, 0.0 ], [ 173901.113566772197373, 538931.957683338900097, 0.0 ], [ 173901.076822117785923, 538931.659942139289342, 0.0 ], [ 173899.339998371113325, 538931.874285971978679, 0.0 ], [ 173899.150032632926013, 538930.334997429628856, 0.0 ], [ 173899.224465721461456, 538930.325812000548467, 0.0 ], [ 173899.126597132184543, 538929.532734823878855, 0.0 ], [ 173899.052157968806569, 538929.541921001742594, 0.0 ], [ 173898.52548440877581, 538925.274295790004544, 0.0 ], [ 173898.599947270442499, 538925.265106688137166, 0.0 ], [ 173898.501856687304098, 538924.470230671344325, 0.0 ], [ 173898.427387748000911, 538924.479420523508452, 0.0 ], [ 173898.293541647493839, 538923.388567510759458, 0.0 ] ], [ [ 173898.926724283577641, 538930.362554834457114, 0.0 ], [ 173899.001161916792626, 538930.353368846001104, 0.0 ], [ 173899.19112776662223, 538931.892658300930634, 0.0 ], [ 173897.454304144019261, 538932.107002141303383, 0.0 ], [ 173897.491048798314296, 538932.404743341496214, 0.0 ], [ 173895.729413285531336, 538932.622149227536283, 0.0 ], [ 173895.576310554024531, 538931.381560900365002, 0.0 ], [ 173895.253757450351259, 538931.421367602772079, 0.0 ], [ 173894.322892881784355, 538923.878590793698095, 0.0 ], [ 173898.143905120203272, 538923.407034363946877, 0.0 ], [ 173898.27851703268243, 538924.497791941161267, 0.0 ], [ 173898.204115248227026, 538924.506973506649956, 0.0 ], [ 173898.302205831452738, 538925.30184952262789, 0.0 ], [ 173898.376613693486433, 538925.292667204979807, 0.0 ], [ 173898.903287252614973, 538929.560292418114841, 0.0 ], [ 173898.828855694213416, 538929.569477658951655, 0.0 ], [ 173898.926724283577641, 538930.362554834457114, 0.0 ] ], [ [ 173890.562084992503515, 538925.450039581162855, 0.0 ], [ 173890.487616054917453, 538925.459229432861321, 0.0 ], [ 173890.353714698430849, 538924.368432590155862, 0.0 ], [ 173894.174022272200091, 538923.896963121602312, 0.0 ], [ 173895.104886845248984, 538931.439739931607619, 0.0 ], [ 173894.782333860959625, 538931.479546642745845, 0.0 ], [ 173894.935436591767939, 538932.720134971197695, 0.0 ], [ 173893.173801077326061, 538932.937540857004933, 0.0 ], [ 173893.137056422303431, 538932.639799659955315, 0.0 ], [ 173891.40023267728975, 538932.854143492062576, 0.0 ], [ 173891.210260939405998, 538931.314806339913048, 0.0 ], [ 173891.284694026253419, 538931.305620909435675, 0.0 ], [ 173891.18683143670205, 538930.512592344777659, 0.0 ], [ 173891.112392275012098, 538930.521778521942906, 0.0 ], [ 173890.585718883870868, 538926.254154676804319, 0.0 ], [ 173890.660181743820431, 538926.244965575751849, 0.0 ], [ 173890.562084992503515, 538925.450039581162855, 0.0 ] ], [ [ 173890.986952586768894, 538931.342363742762245, 0.0 ], [ 173891.061390221089823, 538931.33317775465548, 0.0 ], [ 173891.251362070615869, 538932.872515819966793, 0.0 ], [ 173889.514538323652232, 538933.0868596524233, 0.0 ], [ 173889.551282978558447, 538933.384600850637071, 0.0 ], [ 173887.78964746609563, 538933.602006738074124, 0.0 ], [ 173887.636544735840289, 538932.361418409855105, 0.0 ], [ 173887.313991752511356, 538932.401225122157484, 0.0 ], [ 173886.38312718475936, 538924.858448314247653, 0.0 ], [ 173890.204139424080495, 538924.386891882983036, 0.0 ], [ 173890.338745337416185, 538925.477600849466398, 0.0 ], [ 173890.264343551913043, 538925.48678241588641, 0.0 ], [ 173890.362440306053031, 538926.28170840756502, 0.0 ], [ 173890.436848166398704, 538926.27252609457355, 0.0 ], [ 173890.963521553843748, 538930.540149939013645, 0.0 ], [ 173890.889089999953285, 538930.549335177289322, 0.0 ], [ 173890.986952586768894, 538931.342363742762245, 0.0 ] ], [ [ 173882.413244337454671, 538925.34837707283441, 0.0 ], [ 173886.234256578609347, 538924.876820641104132, 0.0 ], [ 173887.165121148049366, 538932.419597450061701, 0.0 ], [ 173886.842568163701799, 538932.459404161898419, 0.0 ], [ 173886.995670893258648, 538933.699992490583099, 0.0 ], [ 173885.23403538193088, 538933.917398376972415, 0.0 ], [ 173885.197290726326173, 538933.619657178409398, 0.0 ], [ 173883.46046698014834, 538933.834001011913642, 0.0 ], [ 173883.270489242568146, 538932.294615247985348, 0.0 ], [ 173883.344922333286377, 538932.285429820185527, 0.0 ], [ 173883.247063602291746, 538931.492448655888438, 0.0 ], [ 173883.172626399609726, 538931.501634591957554, 0.0 ], [ 173882.645953018567525, 538927.234010829473846, 0.0 ], [ 173882.720415879593929, 538927.224821724928916, 0.0 ], [ 173882.622279011819046, 538926.429831749759614, 0.0 ], [ 173882.547841865278315, 538926.4390181414783, 0.0 ], [ 173882.413244337454671, 538925.34837707283441, 0.0 ] ], [ [ 173874.48864916418097, 538932.371836566482671, 0.0 ], [ 173874.563082618900808, 538932.362650630646385, 0.0 ], [ 173874.734690505429171, 538933.753185872687027, 0.0 ], [ 173872.997866760473698, 538933.96752970572561, 0.0 ], [ 173873.034611416456755, 538934.265270904521458, 0.0 ], [ 173871.272975901170867, 538934.482676790910773, 0.0 ], [ 173871.119873171992367, 538933.242088465369307, 0.0 ], [ 173870.797320190496976, 538933.281895175343379, 0.0 ], [ 173869.866455600888003, 538925.739118198747747, 0.0 ], [ 173873.687467841926264, 538925.26756176922936, 0.0 ], [ 173873.840301445801742, 538926.505969377816655, 0.0 ], [ 173873.765905741398456, 538926.515150192775764, 0.0 ], [ 173873.864018168707844, 538927.31020319473464, 0.0 ], [ 173873.938423942716327, 538927.3010539872339, 0.0 ], [ 173874.465227631269954, 538931.569733644952066, 0.0 ], [ 173874.390802147332579, 538931.578918135724962, 0.0 ], [ 173874.48864916418097, 538932.371836566482671, 0.0 ] ], [ [ 173865.897338672686601, 538926.228952435776591, 0.0 ], [ 173869.717584993835771, 538925.757490527466871, 0.0 ], [ 173870.648449582367903, 538933.300267503829673, 0.0 ], [ 173870.325896602676949, 538933.340074216015637, 0.0 ], [ 173870.478999331156956, 538934.580662544816732, 0.0 ], [ 173868.717363817035221, 538934.798068432253785, 0.0 ], [ 173868.680619163147639, 538934.500327232875861, 0.0 ], [ 173866.943795416184003, 538934.714671063702554, 0.0 ], [ 173866.772177594801178, 538933.32405531196855, 0.0 ], [ 173866.84661680975114, 538933.314869588357396, 0.0 ], [ 173866.748777883069124, 538932.522032767883502, 0.0 ], [ 173866.674332648981363, 538932.531219696160406, 0.0 ], [ 173866.147526913933689, 538928.262523463577963, 0.0 ], [ 173866.2219958518981, 538928.253333611879498, 0.0 ], [ 173866.123875484772725, 538927.458216267637908, 0.0 ], [ 173866.049400413467083, 538927.46740641456563, 0.0 ], [ 173865.897338672686601, 538926.228952435776591, 0.0 ] ], [ [ 173901.743583807052346, 538934.197463583434001, 0.0 ], [ 173901.780328343564179, 538934.495203821454197, 0.0 ], [ 173903.517152077227365, 538934.28085986955557, 0.0 ], [ 173903.706883862178074, 538935.818251342861913, 0.0 ], [ 173903.63240881668753, 538935.827441947883926, 0.0 ], [ 173903.73048809505417, 538936.622219854383729, 0.0 ], [ 173903.80496826331364, 538936.613028614781797, 0.0 ], [ 173904.435751672106562, 538941.724253848660737, 0.0 ], [ 173904.361242642597063, 538941.733448648476042, 0.0 ], [ 173904.459123333188472, 538942.526623879792169, 0.0 ], [ 173904.533638434746535, 538942.517428328166716, 0.0 ], [ 173904.645471442636335, 538943.431557404925115, 0.0 ], [ 173900.824459200113779, 538943.903113836655393, 0.0 ], [ 173900.71262330681202, 538942.988961367518641, 0.0 ], [ 173900.786388317239471, 538942.979858382372186, 0.0 ], [ 173900.688167909509502, 538942.18674859974999, 0.0 ], [ 173900.613806217035744, 538942.195925216772594, 0.0 ], [ 173899.983788867219118, 538937.084607871482149, 0.0 ], [ 173900.057756234047702, 538937.075479915132746, 0.0 ], [ 173899.960265197325498, 538936.280603471910581, 0.0 ], [ 173899.885868566983845, 538936.289784400723875, 0.0 ], [ 173899.812497909966623, 538935.695263430243358, 0.0 ], [ 173900.135050901182694, 538935.655456796986982, 0.0 ], [ 173900.116678564227186, 538935.506586118834093, 0.0 ], [ 173899.981948293629102, 538934.414869471569546, 0.0 ], [ 173901.743583807052346, 538934.197463583434001, 0.0 ] ], [ [ 173899.663627002446447, 538935.713633346720599, 0.0 ], [ 173899.7369978496572, 538936.308155816979706, 0.0 ], [ 173899.662523759849137, 538936.317346306168474, 0.0 ], [ 173899.760605403746013, 538937.112149865599349, 0.0 ], [ 173899.835085568367504, 538937.102958627860062, 0.0 ], [ 173900.464935498719569, 538942.214296634774655, 0.0 ], [ 173900.390426470024977, 538942.223491434357129, 0.0 ], [ 173900.489237485046033, 538943.01652833330445, 0.0 ], [ 173900.563752588524949, 538943.007332783192396, 0.0 ], [ 173900.675588592828717, 538943.921486163977534, 0.0 ], [ 173896.853810434869956, 538944.393137119477615, 0.0 ], [ 173895.726256687077694, 538935.242342651123181, 0.0 ], [ 173897.463080433866708, 538935.02799881726969, 0.0 ], [ 173897.426335779688088, 538934.730257618590258, 0.0 ], [ 173899.187971294741146, 538934.512851731153205, 0.0 ], [ 173899.34107402418158, 538935.753440065775067, 0.0 ], [ 173899.663627002446447, 538935.713633346720599, 0.0 ] ], [ [ 173892.195284898363752, 538936.635311834979802, 0.0 ], [ 173892.042182169505395, 538935.394723508274183, 0.0 ], [ 173893.803817682608496, 538935.177317621186376, 0.0 ], [ 173893.840562336699804, 538935.475058810086921, 0.0 ], [ 173895.577386082644807, 538935.260714977630414, 0.0 ], [ 173896.705705745698651, 538944.411414923029952, 0.0 ], [ 173892.884693499479908, 538944.882971357437782, 0.0 ], [ 173892.772851613379316, 538943.968770276638679, 0.0 ], [ 173892.847207229293417, 538943.959594409330748, 0.0 ], [ 173892.749335369822802, 538943.166490725707263, 0.0 ], [ 173892.674806257797172, 538943.175688004703261, 0.0 ], [ 173892.044190593878739, 538938.064444751944393, 0.0 ], [ 173892.118581147660734, 538938.055264572263695, 0.0 ], [ 173892.020493502815953, 538937.260412379866466, 0.0 ], [ 173891.946096874191426, 538937.269593310076743, 0.0 ], [ 173891.872564497025451, 538936.675139208789915, 0.0 ], [ 173892.195284898363752, 538936.635311834979802, 0.0 ] ], [ [ 173874.347086327819852, 538936.723142639384605, 0.0 ], [ 173874.310341693315422, 538936.42540160252247, 0.0 ], [ 173876.429266555904178, 538936.163902139873244, 0.0 ], [ 173876.537755995756015, 538937.057220672606491, 0.0 ], [ 173877.149855151365045, 538936.981680569937453, 0.0 ], [ 173877.247719852312002, 538937.774676005472429, 0.0 ], [ 173877.172655155067332, 538937.783939378103241, 0.0 ], [ 173877.270753677876201, 538938.578879730775952, 0.0 ], [ 173877.34412756524398, 538938.569824556587264, 0.0 ], [ 173877.423710252536694, 538939.214953213464469, 0.0 ], [ 173875.438767903309781, 538939.459917711326852, 0.0 ], [ 173875.850944739126135, 538942.785540134995244, 0.0 ], [ 173875.775852090213448, 538942.79480695608072, 0.0 ], [ 173875.873578432248905, 538943.586731512332335, 0.0 ], [ 173875.98197737938608, 538943.574442144366913, 0.0 ], [ 173876.055466582183726, 538944.169923673616722, 0.0 ], [ 173872.275647992850281, 538944.636396340792999, 0.0 ], [ 173872.24442527082283, 538944.388257825514302, 0.0 ], [ 173872.170654252462555, 538944.397361552226357, 0.0 ], [ 173871.539870904845884, 538939.286137354676612, 0.0 ], [ 173871.613670850696508, 538939.277030061231926, 0.0 ], [ 173871.515567822294543, 538938.482053225277923, 0.0 ], [ 173871.44176180154318, 538938.491161271231249, 0.0 ], [ 173871.233682187448721, 538936.805096358410083, 0.0 ], [ 173872.479232771496754, 538936.651381450006738, 0.0 ], [ 173872.515977572533302, 538936.949122316436842, 0.0 ], [ 173874.347086327819852, 538936.723142639384605, 0.0 ] ], [ [ 173891.723861331731314, 538936.693491045036353, 0.0 ], [ 173891.797226154681994, 538937.287964726681821, 0.0 ], [ 173891.722752063797088, 538937.297155213775113, 0.0 ], [ 173891.820839708700078, 538938.092007407103665, 0.0 ], [ 173891.895487295638304, 538938.082795510767028, 0.0 ], [ 173892.526102958567208, 538943.194038760731928, 0.0 ], [ 173892.451593931618845, 538943.203233560081571, 0.0 ], [ 173892.549465791118564, 538943.996337242424488, 0.0 ], [ 173892.623980890086386, 538943.987141693010926, 0.0 ], [ 173892.735822898423066, 538944.901343683712184, 0.0 ], [ 173888.914810655987822, 538945.372900113579817, 0.0 ], [ 173888.802965767885325, 538944.458674729452468, 0.0 ], [ 173888.877321382926311, 538944.449498864123598, 0.0 ], [ 173888.779452521936037, 538943.656419483828358, 0.0 ], [ 173888.705090829258552, 538943.665596101665869, 0.0 ], [ 173888.074307573639089, 538938.554372200975195, 0.0 ], [ 173888.148698137752945, 538938.545192019548267, 0.0 ], [ 173888.050607655342901, 538937.75031683628913, 0.0 ], [ 173887.97621085960418, 538937.759497785242274, 0.0 ], [ 173887.786490978323855, 538936.222200046293437, 0.0 ], [ 173889.52331472345395, 538936.007856215001084, 0.0 ], [ 173889.486570082633989, 538935.71011513704434, 0.0 ], [ 173891.24820558342617, 538935.49270912935026, 0.0 ], [ 173891.382935985486256, 538936.58442685729824, 0.0 ], [ 173891.401308333908673, 538936.733297639992088, 0.0 ], [ 173891.723861331731314, 538936.693491045036353, 0.0 ] ], [ [ 173871.121556243277155, 538937.121209955890663, 0.0 ], [ 173871.29289108060766, 538938.509532689466141, 0.0 ], [ 173871.218416993186111, 538938.518723175162449, 0.0 ], [ 173871.315929411677644, 538939.313772895489819, 0.0 ], [ 173871.391000186704332, 538939.304508774424903, 0.0 ], [ 173872.021783466101624, 538944.415732976631261, 0.0 ], [ 173871.947274439793546, 538944.42492777435109, 0.0 ], [ 173872.044540109985974, 538945.217978087370284, 0.0 ], [ 173872.119645818398567, 538945.208709654747508, 0.0 ], [ 173872.249268502520863, 538946.271942624356598, 0.0 ], [ 173868.428256262093782, 538946.743499056319706, 0.0 ], [ 173868.298630689154379, 538945.680242693168111, 0.0 ], [ 173868.372395701822825, 538945.671139710000716, 0.0 ], [ 173868.274542417289922, 538944.878186531714164, 0.0 ], [ 173868.200771332543809, 538944.887290265411139, 0.0 ], [ 173867.569820633216295, 538939.776086749159731, 0.0 ], [ 173867.643787999491906, 538939.766958792810328, 0.0 ], [ 173867.545681974763284, 538938.971957681234926, 0.0 ], [ 173867.471875952091068, 538938.981065726955421, 0.0 ], [ 173867.41690207508509, 538938.535613514017314, 0.0 ], [ 173867.739455067378003, 538938.495806881808676, 0.0 ], [ 173867.721082729287446, 538938.346936202724464, 0.0 ], [ 173867.586352460552007, 538937.255219556973316, 0.0 ], [ 173869.347987976128934, 538937.037813669536263, 0.0 ], [ 173869.384732512087794, 538937.33555390778929, 0.0 ], [ 173871.121556243277155, 538937.121209955890663, 0.0 ] ], [ [ 173893.384061329357792, 538974.617777198087424, 0.0 ], [ 173893.588125492504332, 538976.271302928333171, 0.0 ], [ 173893.560061487776693, 538976.274765418260358, 0.0 ], [ 173893.659985988313565, 538977.084491616697051, 0.0 ], [ 173893.688054479775019, 538977.081027818261646, 0.0 ], [ 173894.367830305709504, 538982.589237631182186, 0.0 ], [ 173894.339741036586929, 538982.59270399203524, 0.0 ], [ 173894.430137230607215, 538983.325219410005957, 0.0 ], [ 173894.046368685463676, 538983.372580488794483, 0.0 ], [ 173894.156602696049958, 538984.265804450842552, 0.0 ], [ 173892.161722289689351, 538984.511985614895821, 0.0 ], [ 173892.124977639323333, 538984.214244337403215, 0.0 ], [ 173890.36334239304415, 538984.431650079553947, 0.0 ], [ 173890.400087144516874, 538984.729393585934304, 0.0 ], [ 173889.754980629513739, 538984.809001321089454, 0.0 ], [ 173889.664577691291925, 538984.076470376108773, 0.0 ], [ 173889.686106517649023, 538984.073813607799821, 0.0 ], [ 173889.575872552406508, 538983.180590011994354, 0.0 ], [ 173889.554343729309039, 538983.183246780186892, 0.0 ], [ 173888.899064370547421, 538977.873531380086206, 0.0 ], [ 173888.92060476669576, 538977.870873049250804, 0.0 ], [ 173888.79812867520377, 538976.878401769790798, 0.0 ], [ 173888.776582186605083, 538976.88106071902439, 0.0 ], [ 173888.570578374841716, 538975.211815818329342, 0.0 ], [ 173893.384061329357792, 538974.617777198087424, 0.0 ] ], [ [ 173888.42170756511041, 538975.230184446554631, 0.0 ], [ 173888.627711421489948, 538976.899429340148345, 0.0 ], [ 173888.606164963479387, 538976.902088551549241, 0.0 ], [ 173888.728653208556352, 538977.894558333442546, 0.0 ], [ 173888.750193604762899, 538977.891900002839975, 0.0 ], [ 173889.405472959013423, 538983.201615403522737, 0.0 ], [ 173889.383944169327151, 538983.204272434464656, 0.0 ], [ 173889.494178136141272, 538984.097496030037291, 0.0 ], [ 173889.515706926264102, 538984.094838996999897, 0.0 ], [ 173889.606109321495751, 538984.827370011131279, 0.0 ], [ 173888.961004207172664, 538984.906989086070098, 0.0 ], [ 173888.924259084917139, 538984.609245624043979, 0.0 ], [ 173887.162623865820933, 538984.826651587733068, 0.0 ], [ 173887.199368543137098, 538985.124392863246612, 0.0 ], [ 173885.204490522446577, 538985.370593330124393, 0.0 ], [ 173885.094256511656567, 538984.477369366912171, 0.0 ], [ 173884.710488046112005, 538984.52473109960556, 0.0 ], [ 173884.620082884968724, 538983.79221678734757, 0.0 ], [ 173884.591993655834813, 538983.795683492091484, 0.0 ], [ 173883.912217829085421, 538978.287473679869436, 0.0 ], [ 173883.94028627499938, 538978.284009539638646, 0.0 ], [ 173883.842295666225255, 538977.490033610025421, 0.0 ], [ 173883.814225672365865, 538977.493497941643, 0.0 ], [ 173883.608224612980848, 538975.824223067844287, 0.0 ], [ 173888.42170756511041, 538975.230184446554631, 0.0 ] ], [ [ 173883.637297792476602, 538977.515332768089138, 0.0 ], [ 173883.735278678243048, 538978.309309897245839, 0.0 ], [ 173883.763347165950108, 538978.305846100789495, 0.0 ], [ 173884.443122995900922, 538983.814055911730975, 0.0 ], [ 173884.415033724915702, 538983.817522272118367, 0.0 ], [ 173884.505429916578578, 538984.550037689972669, 0.0 ], [ 173884.12166137152235, 538984.597398769226857, 0.0 ], [ 173884.231895381584764, 538985.49062273313757, 0.0 ], [ 173882.237014979298692, 538985.736803898704238, 0.0 ], [ 173882.200270328205079, 538985.439062619814649, 0.0 ], [ 173880.438635081663961, 538985.656468361616135, 0.0 ], [ 173880.475379833864281, 538985.954211868927814, 0.0 ], [ 173879.830273318715626, 538986.033819601638243, 0.0 ], [ 173879.739870380086359, 538985.301288658054546, 0.0 ], [ 173879.761399205046473, 538985.298631887999363, 0.0 ], [ 173879.651165240386035, 538984.405408292775974, 0.0 ], [ 173879.629636415891582, 538984.408065062714741, 0.0 ], [ 173878.974357057304587, 538979.098349660402164, 0.0 ], [ 173878.995897454879014, 538979.095691329916008, 0.0 ], [ 173878.873421364638489, 538978.103220050921664, 0.0 ], [ 173878.851874874613713, 538978.105878999689594, 0.0 ], [ 173878.645871064712992, 538976.436634101090021, 0.0 ], [ 173883.459354017250007, 538975.842595478752628, 0.0 ], [ 173883.665367828129092, 538977.511868779314682, 0.0 ], [ 173883.637297792476602, 538977.515332768089138, 0.0 ] ], [ [ 173878.681643049378181, 538978.126888937549666, 0.0 ], [ 173878.804131290409714, 538979.119358716649003, 0.0 ], [ 173878.825671688013244, 538979.116700386279263, 0.0 ], [ 173879.480951044883113, 538984.426415788708255, 0.0 ], [ 173879.459422253770754, 538984.429072819533758, 0.0 ], [ 173879.569656220031902, 538985.322296415921301, 0.0 ], [ 173879.591185011580819, 538985.319639383698814, 0.0 ], [ 173879.681587404425954, 538986.052170394221321, 0.0 ], [ 173879.036482289957348, 538986.131789470557123, 0.0 ], [ 173878.999737166974228, 538985.834046009462327, 0.0 ], [ 173877.238101950380951, 538986.05145197280217, 0.0 ], [ 173877.274846628424712, 538986.349193249247037, 0.0 ], [ 173875.279968606249895, 538986.595393715891987, 0.0 ], [ 173875.169734593189787, 538985.702169752796181, 0.0 ], [ 173874.785966130584711, 538985.749531483626924, 0.0 ], [ 173874.695560966269113, 538985.017017172416672, 0.0 ], [ 173874.667471740860492, 538985.020483877160586, 0.0 ], [ 173873.987695912888739, 538979.512274065404199, 0.0 ], [ 173874.015764357813168, 538979.508809925289825, 0.0 ], [ 173873.917773748922627, 538978.714833996607922, 0.0 ], [ 173873.889703756052768, 538978.718298327177763, 0.0 ], [ 173873.683702695707325, 538977.04902345337905, 0.0 ], [ 173878.497185648680897, 538976.454984832089394, 0.0 ], [ 173878.703189503168687, 538978.124229724053293, 0.0 ], [ 173878.681643049378181, 538978.126888937549666, 0.0 ] ], [ [ 173873.712590836046729, 538978.740155989304185, 0.0 ], [ 173873.810571721929591, 538979.534133118344471, 0.0 ], [ 173873.838640211499296, 538979.530669322120957, 0.0 ], [ 173874.518416039849399, 538985.038879132480361, 0.0 ], [ 173874.490326767030638, 538985.042345492518507, 0.0 ], [ 173874.580722961924039, 538985.774860913283192, 0.0 ], [ 173874.19695441701333, 538985.822221990092658, 0.0 ], [ 173874.307188426493667, 538986.715445953188464, 0.0 ], [ 173872.3123080227233, 538986.961627118405886, 0.0 ], [ 173872.275563370872987, 538986.663885840214789, 0.0 ], [ 173870.513928124040831, 538986.881291582016274, 0.0 ], [ 173870.550672876997851, 538987.179035090375692, 0.0 ], [ 173869.905566361703677, 538987.25864282285329, 0.0 ], [ 173869.815163425460923, 538986.526111878221855, 0.0 ], [ 173869.836692249024054, 538986.523455108515918, 0.0 ], [ 173869.726458282093517, 538985.630231513525359, 0.0 ], [ 173869.704929461790016, 538985.632888283347711, 0.0 ], [ 173869.049650100670988, 538980.323172881267965, 0.0 ], [ 173869.071190499642398, 538980.32051455124747, 0.0 ], [ 173868.948714407830266, 538979.328043271088973, 0.0 ], [ 173868.927167919202475, 538979.330702219507657, 0.0 ], [ 173868.721164108341327, 538977.661457322305068, 0.0 ], [ 173873.534647061751457, 538977.067418700200506, 0.0 ], [ 173873.740660870738793, 538978.736692000878975, 0.0 ], [ 173873.712590836046729, 538978.740155989304185, 0.0 ] ] ], [ [ [ 173882.19021155370865, 538939.280537111335434, 0.0 ], [ 173882.1932832581806, 538939.280158046865836, 0.0 ], [ 173882.095778885704931, 538938.48517351783812, 0.0 ], [ 173882.092130829463713, 538938.485623706248589, 0.0 ], [ 173882.19021155370865, 538939.280537111335434, 0.0 ] ] ] ] } },
{ "type": "Feature", "properties": { "H_SHMRS": 3.25, "Z_MIN": 40.5, "Z_MAX": 45.0, "no": null, "provinsi": "Bali", "kabupaten": "Kota Denpasar", "kecamatan": "Denpasar Selatan", "desa_kelur": "Sanur", "id": 42.0, "nogambarde": null, "nohmsrs": null, "unit": null, "lantai": "2", "lantaim2": null, "fungsi": null, "penggunaan": "Tanah Perumahan", "alamat": null, "nibtanahbe": "01530", "nibunit": null, "building": "00004", "Keterangan": "Ruang Umum" }, "geometry": { "type": "MultiPolygon", "coordinates": [ [ [ [ 173909.545397038396914, 538934.141376005951315, 0.0 ], [ 173909.545409988902975, 538934.141374407219701, 0.0 ], [ 173909.546053759288043, 538934.146608615643345, 0.0 ], [ 173909.979500049288617, 538937.600200001033954, 0.0 ], [ 173909.997000046860194, 538937.741700000013225, 0.0 ], [ 173910.812500048283255, 538944.35370000207331, 0.0 ], [ 173913.502500047092326, 538944.06160000001546, 0.0 ], [ 173915.982500047364738, 538964.240300000179559, 0.0 ], [ 173916.195200047921389, 538965.971100002177991, 0.0 ], [ 173933.194300046103308, 538963.911400001263246, 0.0 ], [ 173931.236100049281958, 538945.87120000156574, 0.0 ], [ 173933.204700047412189, 538945.684300000662915, 0.0 ], [ 173931.973600047029322, 538939.449000000604428, 0.0 ], [ 173928.895400047855219, 538917.625100001110695, 0.0 ], [ 173913.736000047560083, 538919.442900000023656, 0.0 ], [ 173914.127200046641519, 538922.433800002094358, 0.0 ], [ 173908.164300047996221, 538923.130200001760386, 0.0 ], [ 173909.545397038396914, 538934.141376005951315, 0.0 ] ] ] ] } },
{ "type": "Feature", "properties": { "H_SHMRS": 3.25, "Z_MIN": 44.5, "Z_MAX": 48.75, "no": null, "provinsi": "Bali", "kabupaten": "Kota Denpasar", "kecamatan": "Denpasar Selatan", "desa_kelur": "Sanur", "id": 33.0, "nogambarde": null, "nohmsrs": null, "unit": null, "lantai": "3", "lantaim2": null, "fungsi": null, "penggunaan": "Tanah Perumahan", "alamat": null, "nibtanahbe": "01530", "nibunit": null, "building": "00003", "Keterangan": "Ruang Umum" }, "geometry": { "type": "MultiPolygon", "coordinates": [ [ [ [ 173909.545400047267321, 538934.141400000429712, 0.0 ], [ 173908.164300047996221, 538923.130200001760386, 0.0 ], [ 173906.355800047458615, 538923.341500000213273, 0.0 ], [ 173906.219400048459647, 538922.236000001663342, 0.0 ], [ 173882.250400048709707, 538925.19400000188034, 0.0 ], [ 173882.484700046974467, 538927.093499999959022, 0.0 ], [ 173874.197100048826542, 538928.116300000692718, 0.0 ], [ 173873.822100048011634, 538925.076500001596287, 0.0 ], [ 173841.41300004630466, 538929.074000001186505, 0.0 ], [ 173841.553800048190169, 538930.2143, 0.0 ], [ 173817.734500048332848, 538933.153900001198053, 0.0 ], [ 173817.873400048614712, 538934.279700001236051, 0.0 ], [ 173815.392200046655489, 538934.585900000063702, 0.0 ], [ 173816.090600047318731, 538940.244800000917166, 0.0 ], [ 173814.604200047906488, 538940.428300002706237, 0.0 ], [ 173814.964200046728365, 538943.345500000403263, 0.0 ], [ 173814.34340004666592, 538943.422099999617785, 0.0 ], [ 173815.375700046133716, 538952.60530000156723, 0.0 ], [ 173819.161800048867008, 538987.363299999851733, 0.0 ], [ 173821.005600046628388, 539002.303400001954287, 0.0 ], [ 173824.212600047991145, 539001.964900000370108, 0.0 ], [ 173825.542400048667332, 539012.130100001930259, 0.0 ], [ 173865.317400047613773, 539007.221400000620633, 0.0 ], [ 173865.04060004738858, 539004.978499999502674, 0.0 ], [ 173868.963000048941467, 539004.494400001480244, 0.0 ], [ 173867.098000047175447, 538989.382400001049973, 0.0 ], [ 173897.785400048567681, 538985.595200001378544, 0.0 ], [ 173896.890600047074258, 538978.297600000048988, 0.0 ], [ 173896.821900046837982, 538977.737400001264177, 0.0 ], [ 173893.95580004749354, 538978.107800000812858, 0.0 ], [ 173893.390700046817074, 538973.894900000304915, 0.0 ], [ 173893.304600047296844, 538973.905600001802668, 0.0 ], [ 173867.770000047545182, 538977.056000001379289, 0.0 ], [ 173867.930900047387695, 538978.64920000184793, 0.0 ], [ 173864.717000048782211, 538979.045800002408214, 0.0 ], [ 173865.360000047483481, 538984.256500000949018, 0.0 ], [ 173863.375000046507921, 538984.501499999780208, 0.0 ], [ 173863.820900046848692, 538988.124299999908544, 0.0 ], [ 173859.005500047875103, 538988.718499999842606, 0.0 ], [ 173859.290000046778005, 538991.040399999823421, 0.0 ], [ 173857.305000047170324, 538991.285400001332164, 0.0 ], [ 173856.649700047943043, 538985.975500000291504, 0.0 ], [ 173853.40070004700101, 538986.376500001060776, 0.0 ], [ 173853.213800047553377, 538984.874100001063198, 0.0 ], [ 173832.644000048167072, 538987.412599999341182, 0.0 ], [ 173831.225500048603863, 538975.909899999853224, 0.0 ], [ 173832.584200046898331, 538975.742200001259334, 0.0 ], [ 173831.359400048910175, 538965.817500000935979, 0.0 ], [ 173830.001700048538623, 538965.985000000568107, 0.0 ], [ 173828.388200047716964, 538952.900600000517443, 0.0 ], [ 173840.380500047962414, 538951.42060000251513, 0.0 ], [ 173840.212500047520734, 538950.059400000143796, 0.0 ], [ 173844.202100048889406, 538949.567100000102073, 0.0 ], [ 173843.734200046717888, 538945.775700000929646, 0.0 ], [ 173845.609000047930749, 538945.413300000014715, 0.0 ], [ 173845.066600048041437, 538941.01799999922514, 0.0 ], [ 173849.363800047314726, 538940.474600001005456, 0.0 ], [ 173849.773500047915149, 538943.878100001602434, 0.0 ], [ 173851.673800046526594, 538943.63820000027772, 0.0 ], [ 173852.14170004663174, 538947.429600001312792, 0.0 ], [ 173856.13130004829145, 538946.937200002139434, 0.0 ], [ 173856.299300046870485, 538948.298400000436231, 0.0 ], [ 173872.496800046326825, 538946.29940000094939, 0.0 ], [ 173872.328800049028359, 538944.938200001604855, 0.0 ], [ 173876.318500047840644, 538944.44580000161659, 0.0 ], [ 173875.850600046018371, 538940.654500000644475, 0.0 ], [ 173877.612300046515884, 538940.437000001780689, 0.0 ], [ 173877.19390004791785, 538937.047300001373515, 0.0 ], [ 173877.323700046923477, 538937.037000001990236, 0.0 ], [ 173881.621600047772517, 538936.507600001525134, 0.0 ], [ 173881.750600047700573, 538936.491700000013225, 0.0 ], [ 173881.766400046850322, 538936.619700000970624, 0.0 ], [ 173881.935200047126273, 538937.987999999546446, 0.0 ], [ 173881.957599421672057, 538937.985238758381456, 0.0 ], [ 173881.904740941216005, 538937.556927449884824, 0.0 ], [ 173882.514144038956147, 538937.481720264768228, 0.0 ], [ 173882.403943088807864, 538936.588492684182711, 0.0 ], [ 173884.523810845217668, 538936.326956735108979, 0.0 ], [ 173884.560555493400898, 538936.62469786813017, 0.0 ], [ 173886.391664285736624, 538936.398718500975519, 0.0 ], [ 173886.354919599776622, 538936.100977058289573, 0.0 ], [ 173887.600470343779307, 538935.947261909488589, 0.0 ], [ 173887.826934929093113, 538937.782299890066497, 0.0 ], [ 173887.752460841846187, 538937.791490379022434, 0.0 ], [ 173887.850551324314438, 538938.586365555413067, 0.0 ], [ 173887.925031489168759, 538938.577174317208119, 0.0 ], [ 173888.555814832536271, 538943.688399560982361, 0.0 ], [ 173888.481025313900318, 538943.697629087837413, 0.0 ], [ 173888.492977392103057, 538943.797047074884176, 0.0 ], [ 173884.747067168122157, 538944.259335062582977, 0.0 ], [ 173884.691819960949942, 538943.811668604263104, 0.0 ], [ 173884.766182629449759, 538943.802491865004413, 0.0 ], [ 173884.643706524191657, 538942.810020462027751, 0.0 ], [ 173884.569337842811365, 538942.819197942269966, 0.0 ], [ 173884.164301976794377, 538939.545141355367377, 0.0 ], [ 173882.251979115622817, 538939.781143770553172, 0.0 ], [ 173882.402800047013443, 538941.003500001155771, 0.0 ], [ 173884.070500046887901, 538940.797700001043268, 0.0 ], [ 173884.538400046498282, 538944.589100000797771, 0.0 ], [ 173888.528000046877423, 538944.096700000576675, 0.0 ], [ 173888.696100046829088, 538945.457900001201779, 0.0 ], [ 173904.89360004736227, 538943.458900001947768, 0.0 ], [ 173904.725700047740247, 538942.097700000042096, 0.0 ], [ 173908.715200049075065, 538941.605300000868738, 0.0 ], [ 173908.247300047776662, 538937.813999999663793, 0.0 ], [ 173908.469500047038309, 538937.786600000923499, 0.0 ], [ 173909.905100047530141, 538937.609400000772439, 0.0 ], [ 173909.979500049288617, 538937.600200001033954, 0.0 ], [ 173909.545400047267321, 538934.141400000429712, 0.0 ] ], [ [ 173841.693902220053133, 538931.988844386884011, 0.0 ], [ 173841.768307040387299, 538931.979662446654402, 0.0 ], [ 173842.245982150547206, 538935.850254209828563, 0.0 ], [ 173842.171553631720599, 538935.859439073246904, 0.0 ], [ 173842.355267792590894, 538937.348146180505864, 0.0 ], [ 173842.429705422720872, 538937.338960191933438, 0.0 ], [ 173842.478991785028484, 538937.738326593535021, 0.0 ], [ 173842.619714014464989, 538938.878595976973884, 0.0 ], [ 173840.882890268519986, 538939.092939809430391, 0.0 ], [ 173840.9196349256963, 538939.39068100519944, 0.0 ], [ 173839.157999411894707, 538939.608086893218569, 0.0 ], [ 173839.004896681639366, 538938.367498575127684, 0.0 ], [ 173838.682343701424543, 538938.407305286615156, 0.0 ], [ 173837.751479117985582, 538930.864528364152648, 0.0 ], [ 173841.572491360100685, 538930.392971934517846, 0.0 ], [ 173841.584583767544245, 538930.490956465480849, 0.0 ], [ 173841.510188061336521, 538930.500137280090712, 0.0 ], [ 173841.693902220053133, 538931.988844386884011, 0.0 ] ], [ [ 173834.088767812558217, 538933.230901762610301, 0.0 ], [ 173833.99062850754126, 538932.435630966094323, 0.0 ], [ 173833.916159570217133, 538932.444820817443542, 0.0 ], [ 173833.782523109111935, 538931.354342741076834, 0.0 ], [ 173837.602608511748258, 538930.882900693104602, 0.0 ], [ 173838.533473094052169, 538938.425677615101449, 0.0 ], [ 173838.210920112818712, 538938.465484326821752, 0.0 ], [ 173838.364022839610698, 538939.706072644679807, 0.0 ], [ 173836.602387326973258, 538939.923478533979505, 0.0 ], [ 173836.565642671892419, 538939.625737337511964, 0.0 ], [ 173834.82881892673322, 538939.840081168687902, 0.0 ], [ 173834.638804447051371, 538938.30039768118877, 0.0 ], [ 173834.713237536401721, 538938.291212253388949, 0.0 ], [ 173834.615417670313036, 538937.498529868898913, 0.0 ], [ 173834.540978450415423, 538937.507715590996668, 0.0 ], [ 173834.014304950105725, 538933.240090867271647, 0.0 ], [ 173834.088767812558217, 538933.230901762610301, 0.0 ] ], [ [ 173833.69288706802763, 538932.472373799770139, 0.0 ], [ 173833.791026373131899, 538933.26764459698461, 0.0 ], [ 173833.865434233186534, 538933.25846228026785, 0.0 ], [ 173834.392107788298745, 538937.526087463600561, 0.0 ], [ 173834.317676231876248, 538937.535272703389637, 0.0 ], [ 173834.415496098052245, 538938.327955086831935, 0.0 ], [ 173834.489933729288168, 538938.318769097328186, 0.0 ], [ 173834.679948320612311, 538939.858453495777212, 0.0 ], [ 173832.943124576268019, 538940.072797329863533, 0.0 ], [ 173832.979869231232442, 538940.370538525516167, 0.0 ], [ 173831.218233717780095, 538940.587944412254728, 0.0 ], [ 173831.065130988747114, 538939.34735609323252, 0.0 ], [ 173830.742578005651012, 538939.387162806349806, 0.0 ], [ 173829.811713423026958, 538931.84438588260673, 0.0 ], [ 173833.632725663250312, 538931.372829451225698, 0.0 ], [ 173833.76728885047487, 538932.463192233932205, 0.0 ], [ 173833.69288706802763, 538932.472373799770139, 0.0 ] ], [ [ 173826.149002098012716, 538934.210759131121449, 0.0 ], [ 173826.050856811576523, 538933.415439877891913, 0.0 ], [ 173825.976387875998626, 538933.424629728775471, 0.0 ], [ 173825.842696158710169, 538932.334207820473239, 0.0 ], [ 173829.662842145364266, 538931.862758295494132, 0.0 ], [ 173830.593672730785329, 538939.405539412749931, 0.0 ], [ 173830.271154417627258, 538939.445341844460927, 0.0 ], [ 173830.424257145961747, 538940.685930163599551, 0.0 ], [ 173828.662621633644449, 538940.903336052200757, 0.0 ], [ 173828.625876978010638, 538940.605594854219817, 0.0 ], [ 173826.889053231629077, 538940.819938686792739, 0.0 ], [ 173826.699032755190274, 538939.280206593102776, 0.0 ], [ 173826.773465842823498, 538939.271021164138801, 0.0 ], [ 173826.675651786878007, 538938.478385868715122, 0.0 ], [ 173826.601200807723217, 538938.487573812482879, 0.0 ], [ 173826.074551120720571, 538934.219947076053359, 0.0 ], [ 173826.149002098012716, 538934.210759131121449, 0.0 ] ], [ [ 173825.925680532527622, 538934.238319555297494, 0.0 ], [ 173826.452330221480224, 538938.505946294637397, 0.0 ], [ 173826.377910555835115, 538938.515130372601561, 0.0 ], [ 173826.475724402902415, 538939.307763999444433, 0.0 ], [ 173826.55016203521518, 538939.298578007845208, 0.0 ], [ 173826.740182626119349, 538940.838311016559601, 0.0 ], [ 173825.003358877816936, 538941.052654848434031, 0.0 ], [ 173825.040103533363435, 538941.350396045367233, 0.0 ], [ 173823.278468020202126, 538941.567801932105795, 0.0 ], [ 173823.125365292420611, 538940.327213613316417, 0.0 ], [ 173822.802812309295405, 538940.367020325735211, 0.0 ], [ 173821.871947727457155, 538932.82424340385478, 0.0 ], [ 173825.693825549213216, 538932.35258014977444, 0.0 ], [ 173825.827517156838439, 538933.44300114561338, 0.0 ], [ 173825.753115373314358, 538933.452182710985653, 0.0 ], [ 173825.851260865922086, 538934.247503636870533, 0.0 ], [ 173825.925680532527622, 538934.238319555297494, 0.0 ] ], [ [ 173818.209236421826063, 538935.190616803360172, 0.0 ], [ 173818.111085117823677, 538934.395248784683645, 0.0 ], [ 173818.036616178345867, 538934.404438636964187, 0.0 ], [ 173817.902064876601798, 538933.314172162441537, 0.0 ], [ 173821.723077119648224, 538932.842615730711259, 0.0 ], [ 173822.653941703174496, 538940.385392653872259, 0.0 ], [ 173822.331388721824624, 538940.425199364311993, 0.0 ], [ 173822.484491448907647, 538941.665787682519294, 0.0 ], [ 173820.722855936881388, 538941.883193570072763, 0.0 ], [ 173820.6861112806655, 538941.585452374420129, 0.0 ], [ 173818.949287533119787, 538941.799796207109466, 0.0 ], [ 173818.759261057100957, 538940.260015500010923, 0.0 ], [ 173818.833694148634095, 538940.250830071396194, 0.0 ], [ 173818.735886111739092, 538939.458243540022522, 0.0 ], [ 173818.661446945363423, 538939.467429717769846, 0.0 ], [ 173818.134773559955647, 538935.199805905111134, 0.0 ], [ 173818.209236421826063, 538935.190616803360172, 0.0 ] ], [ [ 173839.005976063519483, 538942.246651890454814, 0.0 ], [ 173839.195659252814949, 538943.783650940051302, 0.0 ], [ 173839.12118522261153, 538943.792841882677749, 0.0 ], [ 173839.219312586676097, 538944.588015936431475, 0.0 ], [ 173839.293792697280878, 538944.578824243391864, 0.0 ], [ 173839.924580727791181, 538949.690086919581518, 0.0 ], [ 173839.850071700231638, 538949.699281718232669, 0.0 ], [ 173839.950537189142779, 538950.491697828634642, 0.0 ], [ 173840.022413986676838, 538950.482827859930694, 0.0 ], [ 173840.135261829098454, 538951.397231626324356, 0.0 ], [ 173836.314249587623635, 538951.868788056191988, 0.0 ], [ 173836.203467541432474, 538950.954105608863756, 0.0 ], [ 173836.275754422589671, 538950.94518458575476, 0.0 ], [ 173836.165683792234631, 538950.053234523627907, 0.0 ], [ 173836.091322099149693, 538950.062411141232587, 0.0 ], [ 173835.472780453215819, 538945.050380674190819, 0.0 ], [ 173835.547170953766908, 538945.041200039442629, 0.0 ], [ 173835.449034681631019, 538944.246003797859885, 0.0 ], [ 173835.37464418244781, 538944.255184432840906, 0.0 ], [ 173835.301321896986337, 538943.661055444041267, 0.0 ], [ 173835.623874887998682, 538943.621248810668476, 0.0 ], [ 173835.605502549326047, 538943.472378134145401, 0.0 ], [ 173835.470772282948019, 538942.380661494913511, 0.0 ], [ 173837.232407797040651, 538942.163255606195889, 0.0 ], [ 173837.269152331369696, 538942.460995842586271, 0.0 ], [ 173839.005976063519483, 538942.246651890454814, 0.0 ] ], [ [ 173835.152451327739982, 538943.679428071016446, 0.0 ], [ 173835.225773404992651, 538944.273555394844152, 0.0 ], [ 173835.151299372839276, 538944.282746337587014, 0.0 ], [ 173835.252067873399938, 538945.077617737115361, 0.0 ], [ 173835.324077099881833, 538945.068730978528038, 0.0 ], [ 173835.942618800851051, 538950.080761898541823, 0.0 ], [ 173835.867942355806008, 538950.089977358002216, 0.0 ], [ 173835.978013038431527, 538950.981927864253521, 0.0 ], [ 173836.052528084255755, 538950.972731857560575, 0.0 ], [ 173836.165378978737863, 538951.88716038572602, 0.0 ], [ 173832.344366738194367, 538952.358716817805544, 0.0 ], [ 173831.216073548654094, 538943.208014881354757, 0.0 ], [ 173832.951904756191652, 538942.993793538305908, 0.0 ], [ 173832.915160101401852, 538942.69605234276969, 0.0 ], [ 173834.676795617124299, 538942.478646456263959, 0.0 ], [ 173834.829898346855771, 538943.719234780757688, 0.0 ], [ 173835.152451327739982, 538943.679428071016446, 0.0 ] ], [ [ 173827.684109221037943, 538944.601106551941484, 0.0 ], [ 173827.531006491859443, 538943.360518233035691, 0.0 ], [ 173829.292642005631933, 538943.143112346879207, 0.0 ], [ 173829.329264177242294, 538943.439861062797718, 0.0 ], [ 173831.065095280326204, 538943.225639733020216, 0.0 ], [ 173832.195496133819688, 538952.377089146175422, 0.0 ], [ 173828.375264130736468, 538952.848549285670742, 0.0 ], [ 173828.262407407455612, 538951.93407351966016, 0.0 ], [ 173828.335982782067731, 538951.92499393876642, 0.0 ], [ 173828.226024806645, 538951.033078874344938, 0.0 ], [ 173828.151653605804313, 538951.042257127002813, 0.0 ], [ 173827.532847283175215, 538946.03025840013288, 0.0 ], [ 173827.607405259041116, 538946.021057558828034, 0.0 ], [ 173827.509269006521208, 538945.225811501266435, 0.0 ], [ 173827.434705011488404, 538945.235013547237031, 0.0 ], [ 173827.361388819816057, 538944.640933925751597, 0.0 ], [ 173827.684109221037943, 538944.601106551941484, 0.0 ] ], [ [ 173824.029333122132812, 538951.738466346054338, 0.0 ], [ 173825.097269311372656, 538951.606670855777338, 0.0 ], [ 173825.092737389408285, 538951.569948776159436, 0.0 ], [ 173827.895992593694245, 538951.223995155189186, 0.0 ], [ 173827.903854348725872, 538951.287698797881603, 0.0 ], [ 173828.491769979678793, 538956.051559339743108, 0.0 ], [ 173817.673839219613001, 538957.386615208233707, 0.0 ], [ 173817.529353138903389, 538956.21584741701372, 0.0 ], [ 173817.827094376581954, 538956.179102944559418, 0.0 ], [ 173817.591888558876235, 538954.273237720248289, 0.0 ], [ 173817.294147678796435, 538954.309982317849062, 0.0 ], [ 173817.130626774567645, 538952.984976151376031, 0.0 ], [ 173818.023883824032964, 538952.874737870297395, 0.0 ], [ 173817.97585168335354, 538952.485535080544651, 0.0 ], [ 173818.620400258543668, 538952.405990269035101, 0.0 ], [ 173818.615931436070241, 538952.369779474334791, 0.0 ], [ 173824.024730312579777, 538951.701169852050953, 0.0 ], [ 173824.029333122132812, 538951.738466346054338, 0.0 ] ], [ [ 173818.288181420997716, 538959.915281429304741, 0.0 ], [ 173818.07077566042426, 538958.153646022081375, 0.0 ], [ 173817.77303377611679, 538958.190390574396588, 0.0 ], [ 173817.693420912168222, 538957.545285012107342, 0.0 ], [ 173827.290610431082314, 538956.360882260953076, 0.0 ], [ 173827.884649016632466, 538961.174364937585779, 0.0 ], [ 173819.180683381127892, 538962.248533433070406, 0.0 ], [ 173819.12983212119434, 538961.836486136890016, 0.0 ], [ 173818.236608194303699, 538961.946720144129358, 0.0 ], [ 173817.990440120716812, 538959.952026098617353, 0.0 ], [ 173818.288181420997716, 538959.915281429304741, 0.0 ] ], [ [ 173818.602851039584493, 538964.914379388443194, 0.0 ], [ 173818.356683179037645, 538962.919685315340757, 0.0 ], [ 173819.249907106655883, 538962.80945130973123, 0.0 ], [ 173819.199055708013475, 538962.397404030198231, 0.0 ], [ 173827.903021343081491, 538961.323235534364358, 0.0 ], [ 173828.497059931891272, 538966.136718210182153, 0.0 ], [ 173818.899870294902939, 538967.321120467502624, 0.0 ], [ 173818.820257078739814, 538966.676014666329138, 0.0 ], [ 173819.117998227098724, 538966.63927011215128, 0.0 ], [ 173818.9005923353252, 538964.877634707139805, 0.0 ], [ 173818.602851039584493, 538964.914379388443194, 0.0 ] ], [ [ 173819.518580473493785, 538969.844337169197388, 0.0 ], [ 173819.301174712338252, 538968.08270176127553, 0.0 ], [ 173819.003432828758378, 538968.119446313125081, 0.0 ], [ 173818.923819967370946, 538967.474340751883574, 0.0 ], [ 173828.521009482152294, 538966.289938001427799, 0.0 ], [ 173829.115048069332261, 538971.103420675965026, 0.0 ], [ 173820.411082432983676, 538972.177589171682484, 0.0 ], [ 173820.360231176862726, 538971.765541876782663, 0.0 ], [ 173819.467007246566936, 538971.87577588215936, 0.0 ], [ 173819.220839173911372, 538969.8810818369966, 0.0 ], [ 173819.518580473493785, 538969.844337169197388, 0.0 ] ], [ [ 173819.827672865329077, 538974.839085933403112, 0.0 ], [ 173819.581505006033694, 538972.844391861814074, 0.0 ], [ 173820.474728934234008, 538972.734157854458317, 0.0 ], [ 173820.423877536639338, 538972.322110576438718, 0.0 ], [ 173829.12784317182377, 538971.247942080604844, 0.0 ], [ 173829.721881758741802, 538976.061424756189808, 0.0 ], [ 173820.124692123878049, 538977.24582701374311, 0.0 ], [ 173820.045078907569405, 538976.600721213151701, 0.0 ], [ 173820.342820057965582, 538976.563976658158936, 0.0 ], [ 173820.125414163107052, 538974.802341252448969, 0.0 ], [ 173819.827672865329077, 538974.839085933403112, 0.0 ] ], [ [ 173820.737825076561421, 538979.76469452213496, 0.0 ], [ 173820.520419315376785, 538978.003059114562348, 0.0 ], [ 173820.222677432582714, 538978.039803667110391, 0.0 ], [ 173820.143064568343107, 538977.394698103773408, 0.0 ], [ 173829.740254085772904, 538976.210295353317633, 0.0 ], [ 173830.334292673127493, 538981.02377802983392, 0.0 ], [ 173821.630327037419192, 538982.097946525318548, 0.0 ], [ 173821.579475779639324, 538981.685899230418727, 0.0 ], [ 173820.686251851642737, 538981.796133235213347, 0.0 ], [ 173820.440083777793916, 538979.801439189701341, 0.0 ], [ 173820.737825076561421, 538979.76469452213496, 0.0 ] ], [ [ 173821.046917469182517, 538984.759443287039176, 0.0 ], [ 173820.800749611458741, 538982.764749216614291, 0.0 ], [ 173821.693973537359852, 538982.654515209491365, 0.0 ], [ 173821.643122140900232, 538982.242467929841951, 0.0 ], [ 173830.347087775444379, 538981.168299435637891, 0.0 ], [ 173830.941126362537034, 538985.98178211087361, 0.0 ], [ 173821.343936725053936, 538987.16618436772842, 0.0 ], [ 173821.264323511481052, 538986.52107856713701, 0.0 ], [ 173821.56206466112053, 538986.484334010747261, 0.0 ], [ 173821.34465876899776, 538984.722698604804464, 0.0 ], [ 173821.046917469182517, 538984.759443287039176, 0.0 ] ], [ [ 173822.044109452952398, 538990.349493729067035, 0.0 ], [ 173821.808904301346047, 538988.443628394044936, 0.0 ], [ 173821.511163087474415, 538988.480373240541667, 0.0 ], [ 173821.366677030309802, 538987.309605443617329, 0.0 ], [ 173832.184607791510643, 538985.974549575010315, 0.0 ], [ 173832.784765454707667, 538990.837624167324975, 0.0 ], [ 173829.906634103157558, 538991.192818477167748, 0.0 ], [ 173829.900513922853861, 538991.1432267857017, 0.0 ], [ 173829.897183892026078, 538991.116243618074805, 0.0 ], [ 173828.904123993997928, 538991.238798400154337, 0.0 ], [ 173828.907454013067763, 538991.265781480353326, 0.0 ], [ 173823.498220670677256, 538991.931138101732358, 0.0 ], [ 173823.495158614707179, 538991.906326335505582, 0.0 ], [ 173822.850905156868976, 538991.987994950963184, 0.0 ], [ 173822.803138667950407, 538991.600943386671133, 0.0 ], [ 173821.90991410400602, 538991.71117739379406, 0.0 ], [ 173821.746368573134532, 538990.386238335748203, 0.0 ], [ 173822.044109452952398, 538990.349493729067035, 0.0 ] ], [ [ 173837.54807103969506, 538987.602765960735269, 0.0 ], [ 173837.652008951350581, 538988.444972762721591, 0.0 ], [ 173837.62689644319471, 538988.448071932070889, 0.0 ], [ 173837.724877327971626, 538989.242049055406824, 0.0 ], [ 173837.746181034774054, 538989.239420230383985, 0.0 ], [ 173838.723829558672151, 538997.129915556870401, 0.0 ], [ 173838.078787851176457, 538997.210046143154614, 0.0 ], [ 173838.042043006047606, 538996.912304921075702, 0.0 ], [ 173836.280407497892156, 538997.129710827837698, 0.0 ], [ 173836.31715217672172, 538997.427452098927461, 0.0 ], [ 173834.322285790753085, 538997.673641209024936, 0.0 ], [ 173834.230596317007439, 538996.92926670180168, 0.0 ], [ 173834.212223990791244, 538996.780396103742532, 0.0 ], [ 173833.800176685093902, 538996.831247481168248, 0.0 ], [ 173833.726524680707371, 538996.234446772257797, 0.0 ], [ 173833.750984092912404, 538996.231428201775998, 0.0 ], [ 173833.628494842181681, 538995.238900278927758, 0.0 ], [ 173833.604035063850461, 538995.241918740910478, 0.0 ], [ 173832.936506674042903, 538989.832958770450205, 0.0 ], [ 173832.961014311615145, 538989.829934401321225, 0.0 ], [ 173832.863033425848698, 538989.03595727623906, 0.0 ], [ 173832.838535241928184, 538989.038980479468592, 0.0 ], [ 173832.733971319394186, 538988.191807662602514, 0.0 ], [ 173837.54807103969506, 538987.602765960735269, 0.0 ] ], [ [ 173839.163980077515589, 539000.903493789373897, 0.0 ], [ 173839.274208572576754, 539001.796718052821234, 0.0 ], [ 173839.299409185652621, 539001.793608166393824, 0.0 ], [ 173839.967114209779538, 539007.204008503933437, 0.0 ], [ 173839.917490490013734, 539007.210132685024291, 0.0 ], [ 173840.291062514006626, 539010.237167009501718, 0.0 ], [ 173835.527201728953514, 539010.825082668685354, 0.0 ], [ 173835.262582731025759, 539008.689940396579914, 0.0 ], [ 173835.288068646535976, 539008.686795303714462, 0.0 ], [ 173835.177840152522549, 539007.793571040267125, 0.0 ], [ 173835.15345011500176, 539007.796580896596424, 0.0 ], [ 173834.485922405991005, 539002.387617340777069, 0.0 ], [ 173834.510345554561354, 539002.384603397804312, 0.0 ], [ 173834.400117058394244, 539001.49137913400773, 0.0 ], [ 173834.375688441738021, 539001.49439375300426, 0.0 ], [ 173834.192145931359846, 539000.007152508595027, 0.0 ], [ 173835.362913600547472, 538999.862666443921626, 0.0 ], [ 173835.399658256239491, 539000.16040763957426, 0.0 ], [ 173837.305523217219161, 538999.925200059078634, 0.0 ], [ 173837.268778821307933, 538999.627460967865773, 0.0 ], [ 173838.593753469584044, 538999.463942148140632, 0.0 ], [ 173838.703987550397869, 539000.357166448491625, 0.0 ], [ 173839.115862773178378, 539000.306338427821174, 0.0 ], [ 173839.189175031031482, 539000.900384600972757, 0.0 ], [ 173839.163980077515589, 539000.903493789373897, 0.0 ] ], [ [ 173834.201630265160929, 539001.515935120056383, 0.0 ], [ 173834.311858762783231, 539002.409159382805228, 0.0 ], [ 173834.337059186247643, 539002.406049521407112, 0.0 ], [ 173835.004586895985994, 539007.815013075596653, 0.0 ], [ 173834.979353357979562, 539007.818127024918795, 0.0 ], [ 173835.089587322057923, 539008.711350614205003, 0.0 ], [ 173835.114820860588225, 539008.708236664999276, 0.0 ], [ 173835.378331122774398, 539010.843454999267124, 0.0 ], [ 173830.614470100874314, 539011.431368726072833, 0.0 ], [ 173830.240901116048917, 539008.404333056183532, 0.0 ], [ 173830.191277395933867, 539008.410457190359011, 0.0 ], [ 173829.523572786973091, 539003.000058649107814, 0.0 ], [ 173829.547995745931985, 539002.997044728486799, 0.0 ], [ 173829.437767250055913, 539002.103820466436446, 0.0 ], [ 173829.413338629790815, 539002.106835083337501, 0.0 ], [ 173829.340026643010788, 539001.512787952669896, 0.0 ], [ 173829.751901361800265, 539001.461955848382786, 0.0 ], [ 173829.641667527204845, 539000.568731515784748, 0.0 ], [ 173830.966642256476916, 539000.405216400278732, 0.0 ], [ 173831.003386832424439, 539000.702955467510037, 0.0 ], [ 173832.909252120298333, 539000.467752121505328, 0.0 ], [ 173832.87250765558565, 539000.170010901871137, 0.0 ], [ 173834.04327532654861, 539000.025524836732075, 0.0 ], [ 173834.226825219520833, 539001.51282593223732, 0.0 ], [ 173834.201630265160929, 539001.515935120056383, 0.0 ] ], [ [ 173829.239272956736386, 539002.128315688925795, 0.0 ], [ 173829.349501454038545, 539003.021539950743318, 0.0 ], [ 173829.37470206595026, 539003.018430066062137, 0.0 ], [ 173830.042407091706991, 539008.428830401273444, 0.0 ], [ 173829.992783371475525, 539008.434954583644867, 0.0 ], [ 173830.366355394246057, 539011.461988907656632, 0.0 ], [ 173825.602494608727284, 539012.049904569634236, 0.0 ], [ 173825.337875611789059, 539009.914762297412381, 0.0 ], [ 173825.363361528958194, 539009.911617202567868, 0.0 ], [ 173825.253133032703772, 539009.018392938189209, 0.0 ], [ 173825.228742996376241, 539009.021402795566246, 0.0 ], [ 173824.561215285415528, 539003.612439240911044, 0.0 ], [ 173824.585638435586588, 539003.609425297472626, 0.0 ], [ 173824.475409939972451, 539002.716201032744721, 0.0 ], [ 173824.450981321715517, 539002.719215651042759, 0.0 ], [ 173824.267438812850742, 539001.231974408961833, 0.0 ], [ 173825.438206482940586, 539001.087488342425786, 0.0 ], [ 173825.474951136595337, 539001.385229539126158, 0.0 ], [ 173827.380816096090712, 539001.15002195793204, 0.0 ], [ 173827.344071702187648, 539000.852282867650501, 0.0 ], [ 173828.669046350260032, 539000.688764047808945, 0.0 ], [ 173828.779280430520885, 539001.581988348276354, 0.0 ], [ 173829.19115565501852, 539001.531160327722318, 0.0 ], [ 173829.264467911882093, 539002.12520649889484, 0.0 ], [ 173829.239272956736386, 539002.128315688925795, 0.0 ] ], [ [ 173865.825728682015324, 538927.499389901640825, 0.0 ], [ 173865.923849049169803, 538928.294507238315418, 0.0 ], [ 173865.998250887991162, 538928.285326129524037, 0.0 ], [ 173866.525056563667022, 538932.554021877120249, 0.0 ], [ 173866.450631075829733, 538932.563206367543899, 0.0 ], [ 173866.548476076015504, 538933.35604243108537, 0.0 ], [ 173866.622901565220673, 538933.346857939497568, 0.0 ], [ 173866.794519443123136, 538934.737474140711129, 0.0 ], [ 173865.057695696770679, 538934.951817974098958, 0.0 ], [ 173865.094440350600053, 538935.249559170450084, 0.0 ], [ 173863.332804838253651, 538935.466965055791661, 0.0 ], [ 173863.179702107503545, 538934.226376736769453, 0.0 ], [ 173862.857149125920841, 538934.266183450235985, 0.0 ], [ 173861.9262845426274, 538926.723406526609324, 0.0 ], [ 173865.747296782181365, 538926.251850097323768, 0.0 ], [ 173865.90012439028942, 538927.490209086914547, 0.0 ], [ 173865.825728682015324, 538927.499389901640825, 0.0 ] ], [ [ 173858.281824846548261, 538929.237622371176258, 0.0 ], [ 173858.18369842559332, 538928.442455976968631, 0.0 ], [ 173858.109223411709536, 538928.451646578963846, 0.0 ], [ 173857.957106361427577, 538927.213248322368599, 0.0 ], [ 173861.777413936186349, 538926.74177885602694, 0.0 ], [ 173862.708278518402949, 538934.284555779304355, 0.0 ], [ 173862.38572553859558, 538934.324362490675412, 0.0 ], [ 173862.538828265853226, 538935.564950807602145, 0.0 ], [ 173860.77719275187701, 538935.782356695854105, 0.0 ], [ 173860.740448097407352, 538935.484615499153733, 0.0 ], [ 173859.003624351869803, 538935.698959331144579, 0.0 ], [ 173858.832000586844515, 538934.308295432012528, 0.0 ], [ 173858.906439744372619, 538934.299109255196527, 0.0 ], [ 173858.808606658567442, 538933.50631973601412, 0.0 ], [ 173858.734161423373735, 538933.515506663126871, 0.0 ], [ 173858.207355854596244, 538929.246811768156476, 0.0 ], [ 173858.281824846548261, 538929.237622371176258, 0.0 ] ], [ [ 173857.885956987447571, 538928.479198811226524, 0.0 ], [ 173857.984083408489823, 538929.274365207878873, 0.0 ], [ 173858.058485189860221, 538929.265183641691692, 0.0 ], [ 173858.585290704824729, 538933.53387808019761, 0.0 ], [ 173858.510865218704566, 538933.543062569922768, 0.0 ], [ 173858.608698307361919, 538934.335852089803666, 0.0 ], [ 173858.683129924029345, 538934.326667307992466, 0.0 ], [ 173858.854753745545167, 538935.71733166044578, 0.0 ], [ 173857.117929998028558, 538935.931675493484363, 0.0 ], [ 173857.154674652440008, 538936.229416689835489, 0.0 ], [ 173855.393039140413748, 538936.446822576806881, 0.0 ], [ 173855.23993641094421, 538935.206234256271273, 0.0 ], [ 173854.9173834293033, 538935.246040969272144, 0.0 ], [ 173853.986518846795661, 538927.703264046576805, 0.0 ], [ 173857.807531087251846, 538927.231707614846528, 0.0 ], [ 173857.960352694033645, 538928.470017997082323, 0.0 ], [ 173857.885956987447571, 538928.479198811226524, 0.0 ] ], [ [ 173850.342059151123976, 538930.217479890561663, 0.0 ], [ 173850.243926732015098, 538929.422264887019992, 0.0 ], [ 173850.169451717054471, 538929.431455488898791, 0.0 ], [ 173850.016632229730021, 538928.193193270475604, 0.0 ], [ 173853.837648238171823, 538927.721636375063099, 0.0 ], [ 173854.768512822367484, 538935.2644132967107, 0.0 ], [ 173854.445959839737043, 538935.304220009129494, 0.0 ], [ 173854.599062568537192, 538936.544808327802457, 0.0 ], [ 173852.837427054881118, 538936.762214215588756, 0.0 ], [ 173852.80068239980028, 538936.464473019004799, 0.0 ], [ 173851.063858655892545, 538936.678816850413568, 0.0 ], [ 173850.892228835815331, 538935.288103891769424, 0.0 ], [ 173850.966668050154112, 538935.278918165829964, 0.0 ], [ 173850.868841131130466, 538934.486178622930311, 0.0 ], [ 173850.794395894830814, 538934.495365550159477, 0.0 ], [ 173850.267590158066014, 538930.226669301977381, 0.0 ], [ 173850.342059151123976, 538930.217479890561663, 0.0 ] ], [ [ 173849.946185292326845, 538929.459007720928639, 0.0 ], [ 173850.044317714287899, 538930.254222727147862, 0.0 ], [ 173850.118719493970275, 538930.245041159912944, 0.0 ], [ 173850.645525176922092, 538934.513736965949647, 0.0 ], [ 173850.571099692489952, 538934.522921456489712, 0.0 ], [ 173850.668926611600909, 538935.315661000087857, 0.0 ], [ 173850.743358170846477, 538935.306475759018213, 0.0 ], [ 173850.914988047385123, 538936.697189180296846, 0.0 ], [ 173848.930046623107046, 538936.942153560346924, 0.0 ], [ 173848.96679127914831, 538937.239894756348804, 0.0 ], [ 173847.205155764590017, 538937.457300643669441, 0.0 ], [ 173847.052053035178687, 538936.21671232371591, 0.0 ], [ 173846.729500055749668, 538936.256519035785459, 0.0 ], [ 173845.798635470302543, 538928.713742112740874, 0.0 ], [ 173849.867761734232772, 538928.211566499550827, 0.0 ], [ 173850.020580997195793, 538929.449826905271038, 0.0 ], [ 173849.946185292326845, 538929.459007720928639, 0.0 ] ], [ [ 173841.991638869978487, 538931.952062754426152, 0.0 ], [ 173841.807924712076783, 538930.463355646119453, 0.0 ], [ 173841.733449698571349, 538930.472546248929575, 0.0 ], [ 173841.580634948040824, 538929.234291419619694, 0.0 ], [ 173845.649764976318693, 538928.732115340884775, 0.0 ], [ 173846.580629446398234, 538936.274891366250813, 0.0 ], [ 173846.258076468773652, 538936.314698075759225, 0.0 ], [ 173846.411179197515594, 538937.555286394082941, 0.0 ], [ 173844.64954368409235, 538937.772692281054333, 0.0 ], [ 173844.612799030175665, 538937.474951085052453, 0.0 ], [ 173842.627857604733435, 538937.719915465335362, 0.0 ], [ 173842.57857135523227, 538937.320549974334426, 0.0 ], [ 173842.653004443505779, 538937.311364547233097, 0.0 ], [ 173842.469290283479495, 538935.822657440323383, 0.0 ], [ 173842.394848080642987, 538935.831843992928043, 0.0 ], [ 173841.917172971006949, 538931.961252231383696, 0.0 ], [ 173841.991638869978487, 538931.952062754426152, 0.0 ] ], [ [ 173867.247535161790438, 538939.013131233979948, 0.0 ], [ 173867.3456411837833, 538939.808132339152507, 0.0 ], [ 173867.420879379264079, 538939.798847555997781, 0.0 ], [ 173868.051495232270099, 538944.910092357778922, 0.0 ], [ 173867.976395596750081, 538944.919360041501932, 0.0 ], [ 173868.074248881370295, 538945.712313211639412, 0.0 ], [ 173868.149354594497709, 538945.703044776921161, 0.0 ], [ 173868.278980275179492, 538946.766302046249621, 0.0 ], [ 173864.457202113146195, 538947.237953001167625, 0.0 ], [ 173863.330255814245902, 538938.087126163882203, 0.0 ], [ 173865.067079561558785, 538937.872782330261543, 0.0 ], [ 173865.030334907904034, 538937.575041135307401, 0.0 ], [ 173866.791970422462327, 538937.357635248918086, 0.0 ], [ 173866.945073151175166, 538938.598223572946154, 0.0 ], [ 173867.267626130545978, 538938.558416855288669, 0.0 ], [ 173867.32259985836572, 538939.003867861581966, 0.0 ], [ 173867.247535161790438, 538939.013131233979948, 0.0 ] ], [ [ 173859.79928402567748, 538939.480095342500135, 0.0 ], [ 173859.646181297546718, 538938.239507025573403, 0.0 ], [ 173861.407816810155055, 538938.022101137554273, 0.0 ], [ 173861.444561463722493, 538938.319842324592173, 0.0 ], [ 173863.181385210191365, 538938.105498491902836, 0.0 ], [ 173864.309097427263623, 538947.256230806699023, 0.0 ], [ 173860.488085179909831, 538947.727787238778546, 0.0 ], [ 173860.358453619555803, 538946.664482270600274, 0.0 ], [ 173860.432218627684051, 538946.655379288247786, 0.0 ], [ 173860.334371292672586, 538945.862474329420365, 0.0 ], [ 173860.260432844108436, 538945.871599175385199, 0.0 ], [ 173859.6296495902061, 538940.760375210666098, 0.0 ], [ 173859.703616957529448, 538940.751247255131602, 0.0 ], [ 173859.608621917577693, 538939.955812173546292, 0.0 ], [ 173859.531531464570435, 538939.965326014091261, 0.0 ], [ 173859.476563623175025, 538939.519922716659494, 0.0 ], [ 173859.79928402567748, 538939.480095342500135, 0.0 ] ], [ [ 173855.204874823102728, 538938.787614523316734, 0.0 ], [ 173855.412942260096315, 538940.473580765421502, 0.0 ], [ 173855.337877621757798, 538940.482844596845098, 0.0 ], [ 173855.435992668848485, 538941.277918848209083, 0.0 ], [ 173855.511063320445828, 538941.268654274521396, 0.0 ], [ 173856.141846604441525, 538946.379878469975665, 0.0 ], [ 173856.066747091535944, 538946.389146604924463, 0.0 ], [ 173856.097228470898699, 538946.637378222658299, 0.0 ], [ 173852.316036020813044, 538947.104020438622683, 0.0 ], [ 173852.242546816123649, 538946.508538914727978, 0.0 ], [ 173852.351599414338125, 538946.493846086435951, 0.0 ], [ 173852.253895555855706, 538945.70210371282883, 0.0 ], [ 173852.180117534793681, 538945.711208759923466, 0.0 ], [ 173851.769167931663105, 538942.385396615369245, 0.0 ], [ 173849.784192547347629, 538942.630365188466385, 0.0 ], [ 173849.705109721980989, 538941.985175078967586, 0.0 ], [ 173849.778909611544805, 538941.97606733313296, 0.0 ], [ 173849.680790231621359, 538941.180957994074561, 0.0 ], [ 173849.606590954761487, 538941.191264335880987, 0.0 ], [ 173849.508607457217295, 538940.397306042257696, 0.0 ], [ 173850.118976963072782, 538940.321979621308856, 0.0 ], [ 173850.008752734429436, 538939.428835182450712, 0.0 ], [ 173852.128215324715711, 538939.167309348820709, 0.0 ], [ 173852.164959972375073, 538939.465050483588129, 0.0 ], [ 173853.996068765787641, 538939.239071114803664, 0.0 ], [ 173853.959324080322403, 538938.941329672583379, 0.0 ], [ 173855.204874823102728, 538938.787614523316734, 0.0 ] ], [ [ 173859.327860438788775, 538939.538274383055978, 0.0 ], [ 173859.382828164409148, 538939.983676770352758, 0.0 ], [ 173859.307763466698816, 538939.992940141703002, 0.0 ], [ 173859.405875517521054, 538940.78799008904025, 0.0 ], [ 173859.481113655638183, 538940.778704846627079, 0.0 ], [ 173860.111896964226617, 538945.889929270953871, 0.0 ], [ 173860.036629909096519, 538945.899217615253292, 0.0 ], [ 173860.13447718846146, 538946.692122120992281, 0.0 ], [ 173860.209582847048296, 538946.682853229460306, 0.0 ], [ 173860.339214579231339, 538947.746159566682763, 0.0 ], [ 173856.517436419031583, 538948.217810520087369, 0.0 ], [ 173856.387032319500577, 538947.154576218337752, 0.0 ], [ 173856.462332721916027, 538947.145283290999942, 0.0 ], [ 173856.364351014548447, 538946.351289488840848, 0.0 ], [ 173856.290579929627711, 538946.360393223701976, 0.0 ], [ 173855.65993407095084, 538941.25028285314329, 0.0 ], [ 173855.733734052540967, 538941.241175553412177, 0.0 ], [ 173855.635619058390148, 538940.446101762936451, 0.0 ], [ 173855.56181303554331, 538940.455209809471853, 0.0 ], [ 173855.39049008442089, 538939.066983392462134, 0.0 ], [ 173857.127313832897926, 538938.852639560005628, 0.0 ], [ 173857.09056919257273, 538938.554898483911529, 0.0 ], [ 173858.852204690105282, 538938.33749247668311, 0.0 ], [ 173858.986935090302723, 538939.429210195317864, 0.0 ], [ 173859.005307442625053, 538939.578080979525112, 0.0 ], [ 173859.327860438788775, 538939.538274383055978, 0.0 ] ], [ [ 173845.076013936050003, 538943.057984745362774, 0.0 ], [ 173845.174136830755742, 538943.853122569038533, 0.0 ], [ 173845.248616994154872, 538943.843931333627552, 0.0 ], [ 173845.309864847600693, 538944.340221434948035, 0.0 ], [ 173843.324922499683453, 538944.585185927920975, 0.0 ], [ 173843.741362875676714, 538947.959585059550591, 0.0 ], [ 173843.666081077855779, 538947.968875690363348, 0.0 ], [ 173843.776157224987401, 538948.860871713957749, 0.0 ], [ 173843.851445156324189, 538948.851580794434994, 0.0 ], [ 173843.906723388179671, 538949.299498644890264, 0.0 ], [ 173840.160307759506395, 538949.761849004775286, 0.0 ], [ 173840.147812942974269, 538949.662537289084867, 0.0 ], [ 173840.073451304575428, 538949.671714361291379, 0.0 ], [ 173839.442663273046492, 538944.560451689991169, 0.0 ], [ 173839.517053830175428, 538944.551271508564241, 0.0 ], [ 173839.418926546932198, 538943.756098137469962, 0.0 ], [ 173839.344529973488534, 538943.765279523329809, 0.0 ], [ 173839.118102019710932, 538941.930538394255564, 0.0 ], [ 173840.353751095826738, 538941.777965409797616, 0.0 ], [ 173840.390495895146159, 538942.075706274830736, 0.0 ], [ 173842.231506160664139, 538941.848584675113671, 0.0 ], [ 173842.194761524995556, 538941.550843639415689, 0.0 ], [ 173844.313686390349176, 538941.289344176766463, 0.0 ], [ 173844.423943659436191, 538942.182484827702865, 0.0 ], [ 173845.03431295073824, 538942.107158206985332, 0.0 ], [ 173845.150488024606602, 538943.04879425780382, 0.0 ], [ 173845.076013936050003, 538943.057984745362774, 0.0 ] ], [ [ 173868.749800189980306, 538979.356957324082032, 0.0 ], [ 173868.872276296693599, 538980.349428728339262, 0.0 ], [ 173868.90035945706768, 538980.345963121973909, 0.0 ], [ 173869.555651424831012, 538985.655780695495196, 0.0 ], [ 173869.527875900676008, 538985.65920851030387, 0.0 ], [ 173869.638109866267769, 538986.552432100870647, 0.0 ], [ 173869.665885659807827, 538986.549004249973223, 0.0 ], [ 173869.756277451873757, 538987.281447122339159, 0.0 ], [ 173868.614949240465648, 538987.422300051082857, 0.0 ], [ 173868.578204211138655, 538987.124558868352324, 0.0 ], [ 173866.642886040499434, 538987.363399237859994, 0.0 ], [ 173866.679630689555779, 538987.661140387994237, 0.0 ], [ 173864.560706001590006, 538987.922639815020375, 0.0 ], [ 173864.450472108728718, 538987.029416795005091, 0.0 ], [ 173863.861648326565046, 538987.102083977893926, 0.0 ], [ 173863.758991414040793, 538986.270257080672309, 0.0 ], [ 173863.737445573759032, 538986.272916081943549, 0.0 ], [ 173863.540020842570812, 538984.673189714667387, 0.0 ], [ 173865.524949625891168, 538984.428226894699037, 0.0 ], [ 173865.177329688653117, 538981.611469560302794, 0.0 ], [ 173865.198891610256396, 538981.608808573102579, 0.0 ], [ 173865.100910724868299, 538980.814831450814381, 0.0 ], [ 173865.079356011236086, 538980.817491415073164, 0.0 ], [ 173864.869682955439202, 538979.118507282692008, 0.0 ], [ 173868.690682189102517, 538978.646952457609586, 0.0 ], [ 173868.777877253975021, 538979.353492294554599, 0.0 ], [ 173868.749800189980306, 538979.356957324082032, 0.0 ] ], [ [ 173859.155493393045617, 538991.233526287949644, 0.0 ], [ 173859.271697417250834, 538992.175125152803957, 0.0 ], [ 173859.24852884732536, 538992.177984275273047, 0.0 ], [ 173859.358757342153694, 538993.071208538254723, 0.0 ], [ 173859.381931381183676, 538993.068348742206581, 0.0 ], [ 173859.455574764084304, 538993.665079584461637, 0.0 ], [ 173858.845205444900785, 538993.740405979566276, 0.0 ], [ 173858.955439388111699, 538994.63362940447405, 0.0 ], [ 173856.836514536902541, 538994.895128967007622, 0.0 ], [ 173856.799769882869441, 538994.597387770423666, 0.0 ], [ 173854.864451709581772, 538994.836228075437248, 0.0 ], [ 173854.901196358521702, 538995.133969271555543, 0.0 ], [ 173853.759855038515525, 538995.274823790648952, 0.0 ], [ 173853.575965741591062, 538993.784772526938468, 0.0 ], [ 173853.600407495658146, 538993.781819056835957, 0.0 ], [ 173853.490172369754873, 538992.888533922261558, 0.0 ], [ 173853.465739408973604, 538992.891610764781944, 0.0 ], [ 173852.810447535623098, 538987.581896674470045, 0.0 ], [ 173852.834945742215496, 538987.578873316058889, 0.0 ], [ 173852.718751531967428, 538986.637306569260545, 0.0 ], [ 173856.51527233273373, 538986.168772660777904, 0.0 ], [ 173856.631476117763668, 538987.110362719860859, 0.0 ], [ 173856.612327090726467, 538987.112725928076543, 0.0 ], [ 173856.710307990026195, 538987.906703171087429, 0.0 ], [ 173856.729461914830608, 538987.904339358443394, 0.0 ], [ 173857.170551968243672, 538991.478490666486323, 0.0 ], [ 173859.155493393045617, 538991.233526287949644, 0.0 ] ], [ [ 173852.5202187889372, 538986.615599934477359, 0.0 ], [ 173852.642040648905095, 538987.602680002921261, 0.0 ], [ 173852.667834520310862, 538987.599496744456701, 0.0 ], [ 173853.310243177664233, 538992.815511432592757, 0.0 ], [ 173853.285783435887424, 538992.818530196789652, 0.0 ], [ 173853.408272684668191, 538993.811058121733367, 0.0 ], [ 173853.432732099317946, 538993.808039551018737, 0.0 ], [ 173853.506384102103766, 538994.40484025888145, 0.0 ], [ 173853.094336787151406, 538994.455691545037553, 0.0 ], [ 173853.112709114851896, 538994.604562143213116, 0.0 ], [ 173853.204742979025468, 538995.348894146387465, 0.0 ], [ 173851.209876626846381, 538995.595083501422778, 0.0 ], [ 173851.17313197569456, 538995.297342223813757, 0.0 ], [ 173849.411496462824289, 538995.514748091809452, 0.0 ], [ 173849.448240939265816, 538995.812489360105246, 0.0 ], [ 173848.803071570087923, 538995.891585515579209, 0.0 ], [ 173847.833049943525111, 538988.000148941995576, 0.0 ], [ 173847.854353579255985, 538987.99751953582745, 0.0 ], [ 173847.756362971558701, 538987.203543612267822, 0.0 ], [ 173847.731250465090852, 538987.206642781849951, 0.0 ], [ 173847.627306859212695, 538986.364389853668399, 0.0 ], [ 173852.440725577704143, 538985.769828692893498, 0.0 ], [ 173852.544716936274199, 538986.612576432991773, 0.0 ], [ 173852.5202187889372, 538986.615599934477359, 0.0 ] ], [ [ 173847.472975196578773, 538986.377919771941379, 0.0 ], [ 173847.576913108117878, 538987.220126571715809, 0.0 ], [ 173847.551800598797854, 538987.223225741647184, 0.0 ], [ 173847.649781486252323, 538988.017202863236889, 0.0 ], [ 173847.671085194451734, 538988.014574039494619, 0.0 ], [ 173848.648733716720017, 538995.905069365631789, 0.0 ], [ 173848.003692009457154, 538995.985199952265248, 0.0 ], [ 173847.966947162291035, 538995.68745873158332, 0.0 ], [ 173846.205311654426623, 538995.904864634620026, 0.0 ], [ 173846.242056332499487, 538996.20260591013357, 0.0 ], [ 173844.247189948102459, 538996.448795017087832, 0.0 ], [ 173844.155500474793371, 538995.704420511727221, 0.0 ], [ 173844.137128147529438, 538995.555549915181473, 0.0 ], [ 173843.725080840755254, 538995.606401291443035, 0.0 ], [ 173843.651428837591084, 538995.009600582416169, 0.0 ], [ 173843.675888250989374, 538995.00658201193437, 0.0 ], [ 173843.553398999007186, 538994.014054088387638, 0.0 ], [ 173843.528939219453605, 538994.017072550603189, 0.0 ], [ 173842.8614108315669, 538988.608112579560839, 0.0 ], [ 173842.885918467509327, 538988.605088210315444, 0.0 ], [ 173842.7879375818884, 538987.811111087095924, 0.0 ], [ 173842.763439399568597, 538987.814134288579226, 0.0 ], [ 173842.658875475986861, 538986.966961471363902, 0.0 ], [ 173847.472975196578773, 538986.377919771941379, 0.0 ] ], [ [ 173842.589911472226959, 538987.836074894643389, 0.0 ], [ 173842.687902078963816, 538988.630050818086602, 0.0 ], [ 173842.712409678730182, 538988.627026149304584, 0.0 ], [ 173843.379935858043609, 538994.035986391943879, 0.0 ], [ 173843.355476117489161, 538994.039005153812468, 0.0 ], [ 173843.477965367666911, 538995.031533080153167, 0.0 ], [ 173843.502424781094305, 538995.028514509671368, 0.0 ], [ 173843.576076784986071, 538995.625315218116157, 0.0 ], [ 173843.164029468374792, 538995.676166504388675, 0.0 ], [ 173843.182401794998441, 538995.825037101632915, 0.0 ], [ 173843.274435662373435, 538996.569369104807265, 0.0 ], [ 173841.279569306003395, 538996.815558459493332, 0.0 ], [ 173841.242824656976154, 538996.517817182233557, 0.0 ], [ 173839.481189143960364, 538996.735223050229251, 0.0 ], [ 173839.517933621100383, 538997.0329643181758, 0.0 ], [ 173838.872764251951594, 538997.112060474581085, 0.0 ], [ 173837.902742625388782, 538989.22062390204519, 0.0 ], [ 173837.924046262487536, 538989.21799449424725, 0.0 ], [ 173837.826055654819356, 538988.424018571036868, 0.0 ], [ 173837.800943146663485, 538988.427117739687674, 0.0 ], [ 173837.696999540814431, 538987.584864814067259, 0.0 ], [ 173842.51041825991706, 538986.990303653175943, 0.0 ], [ 173842.614409618370701, 538987.833051391062327, 0.0 ], [ 173842.589911472226959, 538987.836074894643389, 0.0 ] ], [ [ 173863.817396684811683, 538996.351059139007702, 0.0 ], [ 173864.00094657955924, 538997.838360234280117, 0.0 ], [ 173863.975751624559052, 538997.841469421400689, 0.0 ], [ 173864.085980121017201, 538998.734693685197271, 0.0 ], [ 173864.111180542357033, 538998.731583822984248, 0.0 ], [ 173864.778708251891658, 539004.140547378105111, 0.0 ], [ 173864.753474716038909, 539004.143661326728761, 0.0 ], [ 173864.863708678982221, 539005.036884917062707, 0.0 ], [ 173864.888942218152806, 539005.033770966809243, 0.0 ], [ 173865.152452480600914, 539007.168989300611429, 0.0 ], [ 173860.388591459981399, 539007.756903029396199, 0.0 ], [ 173860.015022474195575, 539004.729867359506898, 0.0 ], [ 173859.965398755419301, 539004.735991492983885, 0.0 ], [ 173859.29769414284965, 538999.325592950452119, 0.0 ], [ 173859.322117102652555, 538999.322579031577334, 0.0 ], [ 173859.211888607911533, 538998.429354768129997, 0.0 ], [ 173859.187459989596391, 538998.432369385380298, 0.0 ], [ 173859.114147999964189, 538997.838322254479863, 0.0 ], [ 173859.526022719190223, 538997.78749015124049, 0.0 ], [ 173859.415788885729853, 538996.894265819108114, 0.0 ], [ 173860.740763615758624, 538996.730750704533421, 0.0 ], [ 173860.777508189436048, 538997.028489770367742, 0.0 ], [ 173862.683373478968861, 538996.793286426691338, 0.0 ], [ 173862.646629013703205, 538996.495545204961672, 0.0 ], [ 173863.817396684811683, 538996.351059139007702, 0.0 ] ], [ [ 173859.013394314271864, 538998.453849990502931, 0.0 ], [ 173859.123622810468078, 538999.347074253018945, 0.0 ], [ 173859.148823425843148, 538999.343964368104935, 0.0 ], [ 173859.816528449562611, 539004.754364705178887, 0.0 ], [ 173859.766904730669921, 539004.760488886851817, 0.0 ], [ 173860.14047678236966, 539007.787523207487538, 0.0 ], [ 173855.376615947752725, 539008.375438873190433, 0.0 ], [ 173855.111996970284963, 539006.240296599338762, 0.0 ], [ 173855.137482885271311, 539006.237151506356895, 0.0 ], [ 173855.027254390151938, 539005.343927242327482, 0.0 ], [ 173855.0028643530095, 539005.346937098773196, 0.0 ], [ 173854.335336645075586, 538999.937973544467241, 0.0 ], [ 173854.359759793267585, 538999.934959600679576, 0.0 ], [ 173854.249531298817601, 538999.041735336533748, 0.0 ], [ 173854.225102679716656, 538999.044749953784049, 0.0 ], [ 173854.041560171928722, 538997.557508711935952, 0.0 ], [ 173855.212327839341015, 538997.413022646680474, 0.0 ], [ 173855.249072496342706, 538997.710763841983862, 0.0 ], [ 173857.154937454673927, 538997.475556259742007, 0.0 ], [ 173857.118193060276099, 538997.177817170973867, 0.0 ], [ 173858.443167709046975, 538997.014298349618912, 0.0 ], [ 173858.553401790937642, 538997.907522652880289, 0.0 ], [ 173858.965277013136074, 538997.856694629881531, 0.0 ], [ 173859.038589270086959, 538998.450740802101791, 0.0 ], [ 173859.013394314271864, 538998.453849990502931, 0.0 ] ], [ [ 173854.051044503547018, 538999.066291320603341, 0.0 ], [ 173854.161272999452194, 538999.959515585796908, 0.0 ], [ 173854.186473425244913, 538999.956405722186901, 0.0 ], [ 173854.854001133906422, 539005.365369276958518, 0.0 ], [ 173854.828767596394755, 539005.368483225698583, 0.0 ], [ 173854.939001561549958, 539006.261706816963851, 0.0 ], [ 173854.964235099614598, 539006.258592866943218, 0.0 ], [ 173855.227745361044072, 539008.393811199232005, 0.0 ], [ 173850.463884286786197, 539008.981724933953956, 0.0 ], [ 173850.090315355482744, 539005.954689258825965, 0.0 ], [ 173850.040691633446841, 539005.960813391720876, 0.0 ], [ 173849.372987024893519, 539000.550414849654771, 0.0 ], [ 173849.397409983444959, 539000.547400928917341, 0.0 ], [ 173849.287181489286013, 538999.65417666756548, 0.0 ], [ 173849.262752869399264, 538999.657191284932196, 0.0 ], [ 173849.189440880698385, 538999.063144153449684, 0.0 ], [ 173849.601315598847577, 538999.012312050326727, 0.0 ], [ 173849.49108176594018, 538998.119087719242088, 0.0 ], [ 173850.816056495707016, 538997.955572601873428, 0.0 ], [ 173850.852801070170244, 538998.253311670967378, 0.0 ], [ 173852.758666360983625, 538998.018108325079083, 0.0 ], [ 173852.721921894990373, 538997.72036710428074, 0.0 ], [ 173853.892689564177999, 538997.575881038792431, 0.0 ], [ 173854.076239460177021, 538999.063182134064846, 0.0 ], [ 173854.051044503547018, 538999.066291320603341, 0.0 ] ], [ [ 173849.088687174284132, 538999.678671892150305, 0.0 ], [ 173849.198915669927374, 539000.571896156528965, 0.0 ], [ 173849.224116284109186, 539000.568786269868724, 0.0 ], [ 173849.891821309458464, 539005.979186605778523, 0.0 ], [ 173849.842197590100113, 539005.985310787335038, 0.0 ], [ 173850.215769643371459, 539009.012345108087175, 0.0 ], [ 173845.451908827933948, 539009.600260772160254, 0.0 ], [ 173845.187289829045767, 539007.465118500287645, 0.0 ], [ 173845.212775745691033, 539007.461973407422192, 0.0 ], [ 173845.102547251153737, 539006.568749142228626, 0.0 ], [ 173845.078157215204556, 539006.571758999838494, 0.0 ], [ 173844.410629505349789, 539001.162795444251969, 0.0 ], [ 173844.435052655113395, 539001.159781502443366, 0.0 ], [ 173844.324824158393312, 539000.266557238996029, 0.0 ], [ 173844.300395540514728, 539000.269571855780669, 0.0 ], [ 173844.116853031446226, 538998.782330611720681, 0.0 ], [ 173845.287620699731633, 538998.637844546698034, 0.0 ], [ 173845.324365354666952, 538998.935585742932744, 0.0 ], [ 173847.23023031433695, 538998.700378160574473, 0.0 ], [ 173847.193485919182422, 538998.402639070875011, 0.0 ], [ 173848.518460570485331, 538998.239120251033455, 0.0 ], [ 173848.628694649058161, 538999.13234455161728, 0.0 ], [ 173849.040569872944616, 538999.081516531528905, 0.0 ], [ 173849.113882128964178, 538999.675562703749165, 0.0 ], [ 173849.088687174284132, 538999.678671892150305, 0.0 ] ], [ [ 173844.126337386580417, 539000.291113218991086, 0.0 ], [ 173844.236565881903516, 539001.184337484068237, 0.0 ], [ 173844.261766303738113, 539001.181227622553706, 0.0 ], [ 173844.92929401434958, 539006.590191176976077, 0.0 ], [ 173844.904060477972962, 539006.593305126414634, 0.0 ], [ 173845.014294442604296, 539007.486528714303859, 0.0 ], [ 173845.039527979504783, 539007.483414764516056, 0.0 ], [ 173845.303038239915622, 539009.618633098551072, 0.0 ], [ 173840.53917718763114, 539010.206546832341701, 0.0 ], [ 173840.165608235169202, 539007.179511159076355, 0.0 ], [ 173840.115984515490709, 539007.18563529138919, 0.0 ], [ 173839.448279905336676, 539001.775236750021577, 0.0 ], [ 173839.472702865488827, 539001.772222829516977, 0.0 ], [ 173839.362474369059782, 539000.878998564789072, 0.0 ], [ 173839.338045750395395, 539000.882013183669187, 0.0 ], [ 173839.264733762684045, 539000.287966051721014, 0.0 ], [ 173839.676608479727292, 539000.237133949063718, 0.0 ], [ 173839.5663746445789, 538999.343909616116434, 0.0 ], [ 173840.891349376906874, 538999.180394500726834, 0.0 ], [ 173840.928093952126801, 538999.478133569005877, 0.0 ], [ 173842.833959241455887, 538999.242930224630982, 0.0 ], [ 173842.797214774705935, 538998.94518900255207, 0.0 ], [ 173843.967982444737572, 538998.800702939159237, 0.0 ], [ 173844.151532339252299, 539000.288004032801837, 0.0 ], [ 173844.126337386580417, 539000.291113218991086, 0.0 ] ], [ [ 173903.1986931443098, 538930.450291190296412, 0.0 ], [ 173902.262349206401268, 538922.903152227867395, 0.0 ], [ 173906.083265453897184, 538922.43160764570348, 0.0 ], [ 173906.223407349432819, 538923.526633020723239, 0.0 ], [ 173906.14905694880872, 538923.535945749026723, 0.0 ], [ 173906.271539131004829, 538924.528416405781172, 0.0 ], [ 173906.29628265806241, 538924.525362824555486, 0.0 ], [ 173906.774001657671761, 538928.395993729121983, 0.0 ], [ 173906.749134740646696, 538928.398925394983962, 0.0 ], [ 173906.871665977145312, 538929.391527037601918, 0.0 ], [ 173906.946068941149861, 538929.382345327408984, 0.0 ], [ 173907.136063462443417, 538930.92158188065514, 0.0 ], [ 173905.399239714664873, 538931.135925713926554, 0.0 ], [ 173905.435984368465142, 538931.433666911441833, 0.0 ], [ 173903.674348854954587, 538931.651072797831148, 0.0 ], [ 173903.521246127609629, 538930.410484478925355, 0.0 ], [ 173903.1986931443098, 538930.450291190296412, 0.0 ] ], [ [ 173898.599541904928628, 538925.269537474261597, 0.0 ], [ 173898.501451321761124, 538924.474661462940276, 0.0 ], [ 173898.426982382457936, 538924.483851317083463, 0.0 ], [ 173898.293136284744833, 538923.392998311668634, 0.0 ], [ 173902.11338260571938, 538922.92153640370816, 0.0 ], [ 173903.04424716567155, 538930.464313158765435, 0.0 ], [ 173902.721694184205262, 538930.504119870252907, 0.0 ], [ 173902.874796913500177, 538931.744708188809454, 0.0 ], [ 173901.113161401299294, 538931.962114076828584, 0.0 ], [ 173901.076416744093876, 538931.664372879313305, 0.0 ], [ 173899.339593000069726, 538931.878716712002642, 0.0 ], [ 173899.149627261853311, 538930.339428180828691, 0.0 ], [ 173899.224060350417858, 538930.330242751166224, 0.0 ], [ 173899.126191763934912, 538929.537165580666624, 0.0 ], [ 173899.051752597733866, 538929.546351758530363, 0.0 ], [ 173898.52507904326194, 538925.278726576012559, 0.0 ], [ 173898.599541904928628, 538925.269537474261597, 0.0 ] ], [ [ 173895.253352078871103, 538931.425798349431716, 0.0 ], [ 173894.322487518598791, 538923.883021592977457, 0.0 ], [ 173898.143499757425161, 538923.411465163575485, 0.0 ], [ 173898.278111667139456, 538924.502222732990049, 0.0 ], [ 173898.203709882684052, 538924.511404298362322, 0.0 ], [ 173898.30180046588066, 538925.306280308752321, 0.0 ], [ 173898.376208327943459, 538925.297097991220653, 0.0 ], [ 173898.902881881513167, 538929.564723174786195, 0.0 ], [ 173898.828450325905578, 538929.573908415390179, 0.0 ], [ 173898.926318912475836, 538930.366985585424118, 0.0 ], [ 173899.00075654569082, 538930.357799596968107, 0.0 ], [ 173899.190722395549528, 538931.897089039091952, 0.0 ], [ 173897.453898769948864, 538932.11143288272433, 0.0 ], [ 173897.490643427066971, 538932.409174077678472, 0.0 ], [ 173895.729007911257213, 538932.62657996523194, 0.0 ], [ 173895.575905182573479, 538931.385991645860486, 0.0 ], [ 173895.253352078871103, 538931.425798349431716, 0.0 ] ], [ [ 173890.659776377433445, 538926.249396361643448, 0.0 ], [ 173890.561679626116529, 538925.454470372758806, 0.0 ], [ 173890.487210691353539, 538925.463660226552747, 0.0 ], [ 173890.353309334837832, 538924.372863391065039, 0.0 ], [ 173894.173616909014527, 538923.901393922860734, 0.0 ], [ 173895.104481473739725, 538931.444170678849332, 0.0 ], [ 173894.781928492215229, 538931.483977389871143, 0.0 ], [ 173894.935031220258679, 538932.724565709009767, 0.0 ], [ 173893.173395705613075, 538932.941971596563235, 0.0 ], [ 173893.136651050590444, 538932.644230399630032, 0.0 ], [ 173891.399827305402141, 538932.858574231504463, 0.0 ], [ 173891.209855570283253, 538931.319237088551745, 0.0 ], [ 173891.284288657130674, 538931.310051662032492, 0.0 ], [ 173891.186426067550201, 538930.517023099469952, 0.0 ], [ 173891.111986905889353, 538930.526209278032184, 0.0 ], [ 173890.585313517512986, 538926.258585464791395, 0.0 ], [ 173890.659776377433445, 538926.249396361643448, 0.0 ] ], [ [ 173890.203734060458373, 538924.391322683659382, 0.0 ], [ 173890.3383399710292, 538925.482031642692164, 0.0 ], [ 173890.263938188290922, 538925.491213209577836, 0.0 ], [ 173890.362034939666046, 538926.286139196017757, 0.0 ], [ 173890.436442800011719, 538926.276956881163642, 0.0 ], [ 173890.963116184691899, 538930.544580695335753, 0.0 ], [ 173890.888684630801436, 538930.55376593361143, 0.0 ], [ 173890.986547217617044, 538931.346794493962079, 0.0 ], [ 173891.060984849144006, 538931.337608505622484, 0.0 ], [ 173891.250956698699156, 538932.876946559525095, 0.0 ], [ 173889.514132951531792, 538933.091290391981602, 0.0 ], [ 173889.550877606467111, 538933.389031588914804, 0.0 ], [ 173887.789242093800567, 538933.606437476351857, 0.0 ], [ 173887.636139363545226, 538932.365849156747572, 0.0 ], [ 173887.313586382981157, 538932.405655869049951, 0.0 ], [ 173886.382721820729785, 538924.8628791134106, 0.0 ], [ 173890.203734060458373, 538924.391322683659382, 0.0 ] ], [ [ 173882.720010515186004, 538927.229252512915991, 0.0 ], [ 173882.621873647411121, 538926.434262541588396, 0.0 ], [ 173882.547436500841286, 538926.443448933190666, 0.0 ], [ 173882.412838972988538, 538925.352807873860002, 0.0 ], [ 173886.233851214579772, 538924.881251442362554, 0.0 ], [ 173887.164715775666991, 538932.424028198933229, 0.0 ], [ 173886.842162794113392, 538932.463834908907302, 0.0 ], [ 173886.995265523670241, 538933.70442322792951, 0.0 ], [ 173885.233630009373883, 538933.921829114668071, 0.0 ], [ 173885.196885353769176, 538933.624087917734869, 0.0 ], [ 173883.460061607416719, 538933.838431751471944, 0.0 ], [ 173883.27008387260139, 538932.299046000349335, 0.0 ], [ 173883.344516960525652, 538932.289860570803285, 0.0 ], [ 173883.24665823232499, 538931.496879412210546, 0.0 ], [ 173883.172221029613866, 538931.506065348046832, 0.0 ], [ 173882.645547651336528, 538927.238441615481861, 0.0 ], [ 173882.720010515186004, 538927.229252512915991, 0.0 ] ], [ [ 173873.765500376030104, 538926.519580992171541, 0.0 ], [ 173873.863612803368596, 538927.314633989939466, 0.0 ], [ 173873.938018577347975, 538927.305484780343249, 0.0 ], [ 173874.464822263165843, 538931.574164408491924, 0.0 ], [ 173874.390396779199364, 538931.583348899497651, 0.0 ], [ 173874.488243793253787, 538932.376267324201763, 0.0 ], [ 173874.562677250796696, 538932.367081388598308, 0.0 ], [ 173874.734285134531092, 538933.757616621209309, 0.0 ], [ 173872.997461389371892, 538933.971960454247892, 0.0 ], [ 173873.034206045384053, 538934.26970164955128, 0.0 ], [ 173871.272570529894438, 538934.487107537337579, 0.0 ], [ 173871.119467803509906, 538933.246519219479524, 0.0 ], [ 173870.796914819191443, 538933.286325930035673, 0.0 ], [ 173869.866050237877062, 538925.743549006991088, 0.0 ], [ 173873.687062479322776, 538925.271992577356286, 0.0 ], [ 173873.839896083227359, 538926.510400176630355, 0.0 ], [ 173873.765500376030104, 538926.519580992171541, 0.0 ] ], [ [ 173866.221590488479706, 538928.257764404872432, 0.0 ], [ 173866.123470121383434, 538927.462647068314254, 0.0 ], [ 173866.048995050077792, 538927.47183721291367, 0.0 ], [ 173865.896933309268206, 538926.233383243903518, 0.0 ], [ 173869.71717963082483, 538925.761921337689273, 0.0 ], [ 173870.648044213827234, 538933.304698260035366, 0.0 ], [ 173870.325491231313208, 538933.344504970009439, 0.0 ], [ 173870.478593959822319, 538934.585093289613724, 0.0 ], [ 173868.716958445496857, 538934.802499176817946, 0.0 ], [ 173868.680213791609276, 538934.504757979651913, 0.0 ], [ 173866.943390044441912, 538934.71910181408748, 0.0 ], [ 173866.771772223029984, 538933.328486069338396, 0.0 ], [ 173866.84621143800905, 538933.319300346425734, 0.0 ], [ 173866.748372514121002, 538932.526463533286005, 0.0 ], [ 173866.67392728003324, 538932.535650461213663, 0.0 ], [ 173866.147121547721326, 538928.266954256570898, 0.0 ], [ 173866.221590488479706, 538928.257764404872432, 0.0 ] ], [ [ 173906.742276794888312, 538933.887223346275277, 0.0 ], [ 173906.705532159860013, 538933.589482309413143, 0.0 ], [ 173908.824457024253206, 538933.32798284792807, 0.0 ], [ 173908.933714821905596, 538934.221245337976143, 0.0 ], [ 173909.545004613319179, 538934.145805123029277, 0.0 ], [ 173909.819669077201979, 538936.378977864515036, 0.0 ], [ 173907.834726729313843, 538936.623942363075912, 0.0 ], [ 173908.252133055764716, 538939.998222514637746, 0.0 ], [ 173908.177631013822975, 538940.007416453096084, 0.0 ], [ 173908.287756274774438, 538940.899807970621623, 0.0 ], [ 173908.36226439170423, 538940.890613282332197, 0.0 ], [ 173908.417493774293689, 538941.338135842583142, 0.0 ], [ 173904.670111991203157, 538941.800605435972102, 0.0 ], [ 173904.658578700968064, 538941.701136480085552, 0.0 ], [ 173904.58421707485104, 538941.710313089308329, 0.0 ], [ 173903.953433606162434, 538936.59908790292684, 0.0 ], [ 173904.027824156917632, 538936.589907722664066, 0.0 ], [ 173903.929745668254327, 538935.795129724428989, 0.0 ], [ 173903.855349042627495, 538935.804310653591529, 0.0 ], [ 173903.628872653411236, 538933.969177064253017, 0.0 ], [ 173904.863555510208244, 538933.816721818991937, 0.0 ], [ 173904.900300311681349, 538934.11446268344298, 0.0 ], [ 173906.742276794888312, 538933.887223346275277, 0.0 ] ], [ [ 173900.11627318765386, 538935.511016832431778, 0.0 ], [ 173899.981542919849744, 538934.419300192501396, 0.0 ], [ 173901.743178433447611, 538934.201894304831512, 0.0 ], [ 173901.779922969959443, 538934.499634540756233, 0.0 ], [ 173903.516746701003285, 538934.285290588857606, 0.0 ], [ 173903.706478485983098, 538935.822682051220909, 0.0 ], [ 173903.632003440492554, 538935.831872656010091, 0.0 ], [ 173903.730082718859194, 538936.626650554710068, 0.0 ], [ 173903.804562887147767, 538936.617459319182672, 0.0 ], [ 173904.435346290381858, 538941.728684513946064, 0.0 ], [ 173904.360837263637222, 538941.737879313761368, 0.0 ], [ 173904.458717951463768, 538942.53105453972239, 0.0 ], [ 173904.533233053021831, 538942.521858989610337, 0.0 ], [ 173904.645066058146767, 538943.435988059267402, 0.0 ], [ 173900.824053817952517, 538943.907544491114095, 0.0 ], [ 173900.712217924708966, 538942.993392028729431, 0.0 ], [ 173900.785982935136417, 538942.984289042185992, 0.0 ], [ 173900.687762530171312, 538942.191179265151732, 0.0 ], [ 173900.613400837697554, 538942.20035588205792, 0.0 ], [ 173899.983383490645792, 538937.089038573554717, 0.0 ], [ 173900.057350857445272, 538937.079910618136637, 0.0 ], [ 173899.959859823517036, 538936.285034179920331, 0.0 ], [ 173899.885463193204487, 538936.29421510908287, 0.0 ], [ 173899.812092533364194, 538935.699694142094813, 0.0 ], [ 173900.134645524609368, 538935.659887509071268, 0.0 ], [ 173900.11627318765386, 538935.511016832431778, 0.0 ] ], [ [ 173897.462675059796311, 538935.032429534941912, 0.0 ], [ 173897.425930405617692, 538934.734688339638524, 0.0 ], [ 173899.187565920874476, 538934.517282452317886, 0.0 ], [ 173899.34066865031491, 538935.757870777626522, 0.0 ], [ 173899.663221628637984, 538935.718064060318284, 0.0 ], [ 173899.73659247305477, 538936.312586527084932, 0.0 ], [ 173899.662118383217603, 538936.321777014294639, 0.0 ], [ 173899.760200027114479, 538937.116580568253994, 0.0 ], [ 173899.834680191765074, 538937.107389330514707, 0.0 ], [ 173900.464530119323172, 538942.218727299943566, 0.0 ], [ 173900.390021090657683, 538942.227922099642456, 0.0 ], [ 173900.488832102884771, 538943.020958993118256, 0.0 ], [ 173900.563347206363687, 538943.011763445101678, 0.0 ], [ 173900.675183210696559, 538943.925916818203405, 0.0 ], [ 173896.853405052301241, 538944.397567771957256, 0.0 ], [ 173895.725851312832674, 538935.246773368329741, 0.0 ], [ 173897.462675059796311, 538935.032429534941912, 0.0 ] ], [ [ 173892.194879523740383, 538936.639742548577487, 0.0 ], [ 173892.041776794882026, 538935.399154229206033, 0.0 ], [ 173893.80341230815975, 538935.181748342118226, 0.0 ], [ 173893.840156962251058, 538935.479489531251602, 0.0 ], [ 173895.576980708370684, 538935.26514569693245, 0.0 ], [ 173896.705300363129936, 538944.415845579002053, 0.0 ], [ 173892.88428811650374, 538944.887402009451762, 0.0 ], [ 173892.772446233197115, 538943.97320093633607, 0.0 ], [ 173892.846801846317248, 538943.964025068562478, 0.0 ], [ 173892.748929989640601, 538943.170921392738819, 0.0 ], [ 173892.674400877614971, 538943.180118669988587, 0.0 ], [ 173892.043785219255369, 538938.068875455996022, 0.0 ], [ 173892.118175773008261, 538938.059695276315324, 0.0 ], [ 173892.020088128163479, 538937.264843089855276, 0.0 ], [ 173891.945691499538952, 538937.274024017853662, 0.0 ], [ 173891.872159122372977, 538936.679569922620431, 0.0 ], [ 173892.194879523740383, 538936.639742548577487, 0.0 ] ], [ [ 173877.343722191813868, 538938.574255268089473, 0.0 ], [ 173877.423304876312613, 538939.219383921474218, 0.0 ], [ 173875.43836252685287, 538939.46434841863811, 0.0 ], [ 173875.850539359933464, 538942.789970818208531, 0.0 ], [ 173875.775446713814745, 538942.799237639876083, 0.0 ], [ 173875.873173053056234, 538943.591162190074101, 0.0 ], [ 173875.98157200019341, 538943.57887282280717, 0.0 ], [ 173876.055061202991055, 538944.174354347749613, 0.0 ], [ 173872.275242613279261, 538944.64082701341249, 0.0 ], [ 173872.24401989125181, 538944.392688501509838, 0.0 ], [ 173872.170248872833326, 538944.401792226359248, 0.0 ], [ 173871.539465530775487, 538939.290568068157881, 0.0 ], [ 173871.613265473861247, 538939.281460772734135, 0.0 ], [ 173871.51516244825325, 538938.486483943997882, 0.0 ], [ 173871.441356427501887, 538938.495591988088563, 0.0 ], [ 173871.233276813378325, 538936.809527086559683, 0.0 ], [ 173872.478827397571877, 538936.655812180135399, 0.0 ], [ 173872.515572201402392, 538936.953553044237196, 0.0 ], [ 173874.346680954098701, 538936.727573367534205, 0.0 ], [ 173874.309936319594271, 538936.429832332767546, 0.0 ], [ 173876.428861182386754, 538936.16833287011832, 0.0 ], [ 173876.537350619444624, 538937.061651395633817, 0.0 ], [ 173877.149449777905829, 538936.986111294594593, 0.0 ], [ 173877.247314476087922, 538937.779106724425219, 0.0 ], [ 173877.172249778814148, 538937.788370095309801, 0.0 ], [ 173877.270348304475192, 538938.583310442278162, 0.0 ], [ 173877.343722191813868, 538938.574255268089473, 0.0 ] ], [ [ 173891.723455957049737, 538936.697921758168377, 0.0 ], [ 173891.796820780000417, 538937.292395434807986, 0.0 ], [ 173891.722346689086407, 538937.301585923880339, 0.0 ], [ 173891.820434334018501, 538938.096438109525479, 0.0 ], [ 173891.895081918191863, 538938.087226213072427, 0.0 ], [ 173892.525697578355903, 538943.198469426017255, 0.0 ], [ 173892.451188551378436, 538943.207664227113128, 0.0 ], [ 173892.549060408142395, 538944.000767904217355, 0.0 ], [ 173892.623575507110218, 538943.991572354687378, 0.0 ], [ 173892.735417515446898, 538944.905774337123148, 0.0 ], [ 173888.914405275369063, 538945.377330767805688, 0.0 ], [ 173888.802560387266567, 538944.463105390663259, 0.0 ], [ 173888.876915999513585, 538944.453929525450803, 0.0 ], [ 173888.779047141317278, 538943.660850150743499, 0.0 ], [ 173888.704685448610689, 538943.670026768697426, 0.0 ], [ 173888.073902198550059, 538938.558802902931347, 0.0 ], [ 173888.148292762693018, 538938.549622724181972, 0.0 ], [ 173888.050202280282974, 538937.754747544182464, 0.0 ], [ 173887.975805484515149, 538937.763928493019193, 0.0 ], [ 173887.78608560320572, 538936.226630765129812, 0.0 ], [ 173889.522909348539542, 538936.012286933604628, 0.0 ], [ 173889.486164710513549, 538935.714545858441852, 0.0 ], [ 173891.247800208686385, 538935.497139850631356, 0.0 ], [ 173891.382530610746471, 538936.588857568684034, 0.0 ], [ 173891.400902959168889, 538936.737728352192789, 0.0 ], [ 173891.723455957049737, 538936.697921758168377, 0.0 ] ], [ [ 173871.218011619115714, 538938.523153894115239, 0.0 ], [ 173871.315524034813279, 538939.318203606759198, 0.0 ], [ 173871.390594809869071, 538939.308939485927112, 0.0 ], [ 173872.021378086472396, 538944.420163652743213, 0.0 ], [ 173871.946869060193421, 538944.429358450579457, 0.0 ], [ 173872.044134730385849, 538945.2224087578943, 0.0 ], [ 173872.119240438798442, 538945.21314032538794, 0.0 ], [ 173872.248863122949842, 538946.276373287662864, 0.0 ], [ 173868.427850882086204, 538946.747929719043896, 0.0 ], [ 173868.298225309146801, 538945.684673363226466, 0.0 ], [ 173868.371990321815247, 538945.675570378429256, 0.0 ], [ 173868.274137037282344, 538944.882617207593285, 0.0 ], [ 173868.200365952536231, 538944.891720941173844, 0.0 ], [ 173867.569415255944477, 538939.78051746042911, 0.0 ], [ 173867.643382622220088, 538939.771389506291598, 0.0 ], [ 173867.545276600285433, 538938.97638839983847, 0.0 ], [ 173867.471470577613218, 538938.98549644369632, 0.0 ], [ 173867.41649670060724, 538938.540044234599918, 0.0 ], [ 173867.739049692929257, 538938.500237602740526, 0.0 ], [ 173867.720677354809595, 538938.351366925053298, 0.0 ], [ 173867.585947088897228, 538937.259650285122916, 0.0 ], [ 173869.34758260185481, 538937.042244397453032, 0.0 ], [ 173869.384327137842774, 538937.339984633494169, 0.0 ], [ 173871.121150869177654, 538937.125640681944788, 0.0 ], [ 173871.292485706537263, 538938.513963406789117, 0.0 ], [ 173871.218011619115714, 538938.523153894115239, 0.0 ] ], [ [ 173893.559656079625711, 538976.279195848852396, 0.0 ], [ 173893.659580580133479, 538977.088922041235492, 0.0 ], [ 173893.687649068800965, 538977.085458245128393, 0.0 ], [ 173894.36742489199969, 538982.59366801881697, 0.0 ], [ 173894.339335622877115, 538982.597134379670024, 0.0 ], [ 173894.429731814103434, 538983.329649794031866, 0.0 ], [ 173894.045963268901687, 538983.377010871190578, 0.0 ], [ 173894.156197279517073, 538984.270234827650711, 0.0 ], [ 173892.161316872952739, 538984.516415993333794, 0.0 ], [ 173892.124572222586721, 538984.21867471607402, 0.0 ], [ 173890.362936976132914, 538984.43608045799192, 0.0 ], [ 173890.399681727576535, 538984.733823962509632, 0.0 ], [ 173889.75457521530916, 538984.813431697664782, 0.0 ], [ 173889.664172277087346, 538984.080900756409392, 0.0 ], [ 173889.685701100621372, 538984.078243989846669, 0.0 ], [ 173889.575467135407962, 538983.185020399861969, 0.0 ], [ 173889.553938315075357, 538983.187677167938091, 0.0 ], [ 173888.898658959078602, 538977.877961804624647, 0.0 ], [ 173888.920199355226941, 538977.875303476001136, 0.0 ], [ 173888.797723266528919, 538976.882832202245481, 0.0 ], [ 173888.776176777901128, 538976.885491151362658, 0.0 ], [ 173888.570172968931729, 538975.216246263706125, 0.0 ], [ 173893.383655921148602, 538974.622207641717978, 0.0 ], [ 173893.587720081501175, 538976.275733360438608, 0.0 ], [ 173893.559656079625711, 538976.279195848852396, 0.0 ] ], [ [ 173888.421302159200422, 538975.234614891931415, 0.0 ], [ 173888.627306009962922, 538976.903859772486612, 0.0 ], [ 173888.605759554775432, 538976.906518985866569, 0.0 ], [ 173888.72824779705843, 538977.898988758446649, 0.0 ], [ 173888.749788193264976, 538977.896330427960493, 0.0 ], [ 173889.40506754477974, 538983.206045791739598, 0.0 ], [ 173889.383538755064365, 538983.208702822215855, 0.0 ], [ 173889.493772719113622, 538984.101926411851309, 0.0 ], [ 173889.515301512059523, 538984.099269379163161, 0.0 ], [ 173889.605703904468101, 538984.831800387357362, 0.0 ], [ 173888.960598790086806, 538984.911419462645426, 0.0 ], [ 173888.923853667831281, 538984.613676004344597, 0.0 ], [ 173887.162218448531348, 538984.83108196593821, 0.0 ], [ 173887.198963128641481, 538985.128823239472695, 0.0 ], [ 173885.204085104982369, 538985.375023706583306, 0.0 ], [ 173885.093851094134152, 538984.48179974919185, 0.0 ], [ 173884.710082631354453, 538984.529161481535994, 0.0 ], [ 173884.619677467446309, 538983.796647174982354, 0.0 ], [ 173884.591588241077261, 538983.800113879609853, 0.0 ], [ 173883.911812417092733, 538978.291904106736183, 0.0 ], [ 173883.939880862977589, 538978.288439968018793, 0.0 ], [ 173883.841890256997431, 538977.494464044459164, 0.0 ], [ 173883.813820263138041, 538977.497928375611082, 0.0 ], [ 173883.607819206546992, 538975.82865351322107, 0.0 ], [ 173888.421302159200422, 538975.234614891931415, 0.0 ] ], [ [ 173883.458948608022183, 538975.847025924711488, 0.0 ], [ 173883.664962416078197, 538977.516299213748425, 0.0 ], [ 173883.636892383219674, 538977.519763200427406, 0.0 ], [ 173883.734873266192153, 538978.313740323763341, 0.0 ], [ 173883.762941756722284, 538978.310276527423412, 0.0 ], [ 173884.442717578320298, 538983.818486299482174, 0.0 ], [ 173884.41462831015815, 538983.821952661615796, 0.0 ], [ 173884.505024501791922, 538984.554468074114993, 0.0 ], [ 173884.121255956735695, 538984.601829150924459, 0.0 ], [ 173884.231489966798108, 538985.495053109247237, 0.0 ], [ 173882.236609561485238, 538985.741234273067676, 0.0 ], [ 173882.199864910391625, 538985.443492998019792, 0.0 ], [ 173880.43822966364678, 538985.660898739937693, 0.0 ], [ 173880.474974415876204, 538985.958642245386727, 0.0 ], [ 173879.829867903434206, 538986.038249978329986, 0.0 ], [ 173879.739464964834042, 538985.305719038005918, 0.0 ], [ 173879.760993789765052, 538985.303062269813381, 0.0 ], [ 173879.650759825104615, 538984.409838681807742, 0.0 ], [ 173879.629231000610162, 538984.412495448137634, 0.0 ], [ 173878.973951647581998, 538979.102780086919665, 0.0 ], [ 173878.995492045127321, 538979.100121756899171, 0.0 ], [ 173878.873015954886796, 538978.107650483143516, 0.0 ], [ 173878.851469464862021, 538978.110309432027861, 0.0 ], [ 173878.645465654932195, 538976.441064544254914, 0.0 ], [ 173883.458948608022183, 538975.847025924711488, 0.0 ] ], [ [ 173878.681237639597384, 538978.131319371284917, 0.0 ], [ 173878.803725880658021, 538979.123789143166505, 0.0 ], [ 173878.825266278261552, 538979.121130812796764, 0.0 ], [ 173879.480545629572589, 538984.430846176459454, 0.0 ], [ 173879.459016838460229, 538984.433503206819296, 0.0 ], [ 173879.569250801956514, 538985.326726795872673, 0.0 ], [ 173879.590779593505431, 538985.324069763650186, 0.0 ], [ 173879.681181989144534, 538986.056600770796649, 0.0 ], [ 173879.036076874588616, 538986.136219848878682, 0.0 ], [ 173878.999331751605496, 538985.838476389530115, 0.0 ], [ 173877.237696532014525, 538986.055882353102788, 0.0 ], [ 173877.274441210087389, 538986.353623623610474, 0.0 ], [ 173875.279563187679742, 538986.599824092234485, 0.0 ], [ 173875.169329177442705, 538985.706600134377368, 0.0 ], [ 173874.785560714779422, 538985.753961867303587, 0.0 ], [ 173874.695155553228687, 538985.021447559935041, 0.0 ], [ 173874.667066325055202, 538985.024914266425185, 0.0 ], [ 173873.987290502613178, 538979.516704494017176, 0.0 ], [ 173874.015358947537607, 538979.513240351807326, 0.0 ], [ 173873.917368341441033, 538978.719264428364113, 0.0 ], [ 173873.889298348571174, 538978.722728759399615, 0.0 ], [ 173873.683297288196627, 538977.053453896660358, 0.0 ], [ 173878.496780241694069, 538976.459415275137872, 0.0 ], [ 173878.702784096210962, 538978.128660158370622, 0.0 ], [ 173878.681237639597384, 538978.131319371284917, 0.0 ] ], [ [ 173873.712185425742064, 538978.744586421409622, 0.0 ], [ 173873.810166311624926, 538979.538563544745557, 0.0 ], [ 173873.838234801194631, 538979.535099748987705, 0.0 ], [ 173874.518010624015005, 538985.043309521395713, 0.0 ], [ 173874.489921353990212, 538985.04677588166669, 0.0 ], [ 173874.580317546089645, 538985.779291294864379, 0.0 ], [ 173874.196549001149833, 538985.826652372139506, 0.0 ], [ 173874.30678301063017, 538986.719876329530962, 0.0 ], [ 173872.311902606656076, 538986.966057494631968, 0.0 ], [ 173872.27515795477666, 538986.668316220166162, 0.0 ], [ 173870.51352270776988, 538986.885721959988587, 0.0 ], [ 173870.5502674607269, 538987.183465466601774, 0.0 ], [ 173869.905160945374519, 538987.263073200709186, 0.0 ], [ 173869.814758009131765, 538986.530542260268703, 0.0 ], [ 173869.836286832694896, 538986.527885490329936, 0.0 ], [ 173869.726052868558327, 538985.634661902440712, 0.0 ], [ 173869.704524045460857, 538985.63731867109891, 0.0 ], [ 173869.049244692665525, 538980.327603307785466, 0.0 ], [ 173869.070785088842968, 538980.324944977764972, 0.0 ], [ 173868.948308997030836, 538979.332473704824224, 0.0 ], [ 173868.92676250837394, 538979.335132653592154, 0.0 ], [ 173868.72075870030676, 538977.665887767565437, 0.0 ], [ 173873.534241651417688, 538977.071849145228043, 0.0 ], [ 173873.740255460434128, 538978.741122434963472, 0.0 ], [ 173873.712185425742064, 538978.744586421409622, 0.0 ] ] ], [ [ [ 173882.190743959363317, 538939.284852086217143, 0.0 ], [ 173882.192877882451285, 538939.284588748705573, 0.0 ], [ 173882.095373509975616, 538938.489604227128439, 0.0 ], [ 173882.092663235089276, 538938.489938689745031, 0.0 ], [ 173882.190743959363317, 538939.284852086217143, 0.0 ] ] ] ] } },
{ "type": "Feature", "properties": { "H_SHMRS": 3.25, "Z_MIN": 45.0, "Z_MAX": 49.5, "no": null, "provinsi": "Bali", "kabupaten": "Kota Denpasar", "kecamatan": "Denpasar Selatan", "desa_kelur": "Sanur", "id": 43.0, "nogambarde": null, "nohmsrs": null, "unit": null, "lantai": "3", "lantaim2": null, "fungsi": null, "penggunaan": "Tanah Perumahan", "alamat": null, "nibtanahbe": "01530", "nibunit": null, "building": "00004", "Keterangan": "Ruang Umum" }, "geometry": { "type": "MultiPolygon", "coordinates": [ [ [ [ 173909.545400047267321, 538934.141400000429712, 0.0 ], [ 173909.979500049288617, 538937.600200001033954, 0.0 ], [ 173909.997000046860194, 538937.741700000013225, 0.0 ], [ 173910.812500048283255, 538944.35370000207331, 0.0 ], [ 173913.502500047092326, 538944.06160000001546, 0.0 ], [ 173915.982500047364738, 538964.240300000179559, 0.0 ], [ 173916.195200047921389, 538965.971100002177991, 0.0 ], [ 173933.194300046103308, 538963.911400001263246, 0.0 ], [ 173931.236100049281958, 538945.87120000156574, 0.0 ], [ 173933.204700047412189, 538945.684300000662915, 0.0 ], [ 173931.973600047029322, 538939.449000000604428, 0.0 ], [ 173928.895400047855219, 538917.625100001110695, 0.0 ], [ 173913.736000047560083, 538919.442900000023656, 0.0 ], [ 173914.127200046641519, 538922.433800002094358, 0.0 ], [ 173908.164300047996221, 538923.130200001760386, 0.0 ], [ 173909.545400047267321, 538934.141400000429712, 0.0 ] ], [ [ 173925.006170486827614, 538918.282591515453532, 0.0 ], [ 173927.23889915709151, 538918.007047366234474, 0.0 ], [ 173928.13307553587947, 538925.252076476230286, 0.0 ], [ 173925.900292676844401, 538925.527627311646938, 0.0 ], [ 173925.205570739519317, 538925.61336391151417, 0.0 ], [ 173919.846215938334353, 538926.27476933656726, 0.0 ], [ 173919.151486524613574, 538926.360507561825216, 0.0 ], [ 173915.441874690906843, 538926.81831591471564, 0.0 ], [ 173915.441846216184786, 538926.818351461202838, 0.0 ], [ 173914.945610860129818, 538926.879592556739226, 0.0 ], [ 173914.351604519411922, 538922.066105168079957, 0.0 ], [ 173914.847839875495993, 538922.004864072427154, 0.0 ], [ 173914.847836017375812, 538922.00483254622668, 0.0 ], [ 173916.572501936374465, 538921.791989129502326, 0.0 ], [ 173916.626399430941092, 538922.22871943609789, 0.0 ], [ 173917.271505389915546, 538922.149105970398523, 0.0 ], [ 173917.151595374831231, 538921.177477540331893, 0.0 ], [ 173916.655037701246329, 538921.23875841323752, 0.0 ], [ 173916.420968879945576, 538919.342103474657051, 0.0 ], [ 173918.257366505713435, 538919.115471090655774, 0.0 ], [ 173919.051343072962482, 538919.017485338961706, 0.0 ], [ 173924.212193953309907, 538918.380577559932135, 0.0 ], [ 173925.006170486827614, 538918.282591515453532, 0.0 ] ], [ [ 173917.320193472696701, 538926.792056818143465, 0.0 ], [ 173928.157583956752205, 538925.448526445426978, 0.0 ], [ 173928.745504581573186, 538930.212435331661254, 0.0 ], [ 173918.820443614386022, 538931.437250128947198, 0.0 ], [ 173918.767902462219354, 538931.011509694624692, 0.0 ], [ 173918.638881295570172, 538931.027432375820354, 0.0 ], [ 173917.854828395327786, 538931.124193394556642, 0.0 ], [ 173917.691311445087194, 538929.79921877477318, 0.0 ], [ 173917.987455597613007, 538929.76267121755518, 0.0 ], [ 173917.753847248997772, 538927.85660901654046, 0.0 ], [ 173917.456106035155244, 538927.893353669089265, 0.0 ], [ 173917.320193472696701, 538926.792056818143465, 0.0 ] ], [ [ 173918.845192241598852, 538931.637787801446393, 0.0 ], [ 173928.770240866811946, 538930.412872984656133, 0.0 ], [ 173929.358161476469832, 538935.176781873567961, 0.0 ], [ 173918.519294533412904, 538936.508348555653356, 0.0 ], [ 173918.383381944935536, 538935.407051706686616, 0.0 ], [ 173918.681123158021364, 538935.370307046337985, 0.0 ], [ 173918.444320586859249, 538933.464639049139805, 0.0 ], [ 173918.148176436632639, 538933.501186614856124, 0.0 ], [ 173917.98465946567012, 538932.176211997750215, 0.0 ], [ 173918.768712357297773, 538932.079450901597738, 0.0 ], [ 173918.897733552352292, 538932.063528215163387, 0.0 ], [ 173918.845192241598852, 538931.637787801446393, 0.0 ] ], [ [ 173918.545015302632237, 538936.716763381962664, 0.0 ], [ 173929.382405787386233, 538935.373233010992408, 0.0 ], [ 173929.970326412527356, 538940.137141898390837, 0.0 ], [ 173920.045265443885, 538941.361956693930551, 0.0 ], [ 173919.992724291892955, 538940.936216260306537, 0.0 ], [ 173919.863703126029577, 538940.952138942317106, 0.0 ], [ 173919.079650225408841, 538941.048899959889241, 0.0 ], [ 173918.916133278224152, 538939.723925341735594, 0.0 ], [ 173919.212277429644018, 538939.68737778335344, 0.0 ], [ 173918.978669080126565, 538937.781315582920797, 0.0 ], [ 173918.680927864217665, 538937.81806023651734, 0.0 ], [ 173918.545015302632237, 538936.716763381962664, 0.0 ] ], [ [ 173920.070014070195612, 538941.562494367943145, 0.0 ], [ 173929.995062696863897, 538940.337579551851377, 0.0 ], [ 173930.582983306871029, 538945.101488440530375, 0.0 ], [ 173919.744116365152877, 538946.433055122382939, 0.0 ], [ 173919.608203777548624, 538945.331758271669969, 0.0 ], [ 173919.905944989906857, 538945.29501361225266, 0.0 ], [ 173919.669142417085823, 538943.389345615170896, 0.0 ], [ 173919.372998267994262, 538943.42589317902457, 0.0 ], [ 173919.209481297293678, 538942.100918563548476, 0.0 ], [ 173919.993534186476609, 538942.004157467279583, 0.0 ], [ 173920.122555355541408, 538941.988234784221277, 0.0 ], [ 173920.070014070195612, 538941.562494367943145, 0.0 ] ], [ [ 173919.769837136787828, 538946.641469952766784, 0.0 ], [ 173930.607227622211212, 538945.297939577721991, 0.0 ], [ 173931.195148247701582, 538950.061848466284573, 0.0 ], [ 173921.270087277604034, 538951.28666326275561, 0.0 ], [ 173921.217546125815716, 538950.860922829480842, 0.0 ], [ 173921.088524957944173, 538950.876845509628765, 0.0 ], [ 173920.304472059739055, 538950.973606527317315, 0.0 ], [ 173920.140955110022333, 538949.648631909978576, 0.0 ], [ 173920.437099263130222, 538949.612084352062084, 0.0 ], [ 173920.203490912681445, 538947.706022151513025, 0.0 ], [ 173919.905749700294109, 538947.742766804411076, 0.0 ], [ 173919.769837136787828, 538946.641469952766784, 0.0 ] ], [ [ 173921.294835905835498, 538951.487200935021974, 0.0 ], [ 173931.219884531165008, 538950.262286119512282, 0.0 ], [ 173931.80780513866921, 538955.026195009355433, 0.0 ], [ 173920.968938198377145, 538956.357761689578183, 0.0 ], [ 173920.833025611646008, 538955.256464840145782, 0.0 ], [ 173921.130766823218437, 538955.219720179447904, 0.0 ], [ 173920.893964251561556, 538953.314052184228785, 0.0 ], [ 173920.597820100781973, 538953.350599748897366, 0.0 ], [ 173920.434303130343324, 538952.025625130278058, 0.0 ], [ 173921.218356022727676, 538951.92886403365992, 0.0 ], [ 173921.347377190948464, 538951.912941353977658, 0.0 ], [ 173921.294835905835498, 538951.487200935021974, 0.0 ] ], [ [ 173929.598802811902715, 538955.493866803706624, 0.0 ], [ 173931.831585673906375, 538955.218315968057141, 0.0 ], [ 173932.725649232597789, 538962.463359000743367, 0.0 ], [ 173930.492920562799554, 538962.738903147750534, 0.0 ], [ 173929.599374571058434, 538962.849176603718661, 0.0 ], [ 173924.637017834669678, 538963.461587945581414, 0.0 ], [ 173923.744116508227307, 538963.571782138897106, 0.0 ], [ 173921.907718884234782, 538963.798414521850646, 0.0 ], [ 173921.673650063661626, 538961.901759583153762, 0.0 ], [ 173922.170207734452561, 538961.840478711295873, 0.0 ], [ 173922.05029772038688, 538960.868850279599428, 0.0 ], [ 173921.405191752826795, 538960.948463662993163, 0.0 ], [ 173921.459089247975498, 538961.385193969588727, 0.0 ], [ 173919.684428776410641, 538961.604207285330631, 0.0 ], [ 173919.67909014999168, 538961.560948504251428, 0.0 ], [ 173919.182548592623789, 538961.622227388201281, 0.0 ], [ 173918.594634120119736, 538956.858368298970163, 0.0 ], [ 173919.141170231800061, 538956.790919518913142, 0.0 ], [ 173919.140384655212983, 538956.784554020850919, 0.0 ], [ 173922.849996490258491, 538956.326745667262003, 0.0 ], [ 173923.544726071850164, 538956.241008826880716, 0.0 ], [ 173928.904080876644002, 538955.57960340345744, 0.0 ], [ 173929.598802811902715, 538955.493866803706624, 0.0 ] ] ] ] } },
{ "type": "Feature", "properties": { "H_SHMRS": 3.25, "Z_MIN": 48.75, "Z_MAX": 53.0, "no": null, "provinsi": "Bali", "kabupaten": "Kota Denpasar", "kecamatan": "Denpasar Selatan", "desa_kelur": "Sanur", "id": 34.0, "nogambarde": null, "nohmsrs": null, "unit": null, "lantai": "4", "lantaim2": null, "fungsi": null, "penggunaan": "Tanah Perumahan", "alamat": null, "nibtanahbe": "01530", "nibunit": null, "building": "00003", "Keterangan": "Ruang Umum" }, "geometry": { "type": "MultiPolygon", "coordinates": [ [ [ [ 173909.545400047267321, 538934.141400000429712, 0.0 ], [ 173908.164300047996221, 538923.130200001760386, 0.0 ], [ 173906.355800047458615, 538923.341500000213273, 0.0 ], [ 173906.219400048459647, 538922.236000001663342, 0.0 ], [ 173882.250400048709707, 538925.19400000188034, 0.0 ], [ 173882.484700046974467, 538927.093499999959022, 0.0 ], [ 173874.197100048826542, 538928.116300000692718, 0.0 ], [ 173873.822100048011634, 538925.076500001596287, 0.0 ], [ 173841.41300004630466, 538929.074000001186505, 0.0 ], [ 173841.553800048190169, 538930.2143, 0.0 ], [ 173817.734500048332848, 538933.153900001198053, 0.0 ], [ 173817.873400048614712, 538934.279700001236051, 0.0 ], [ 173815.392200046655489, 538934.585900000063702, 0.0 ], [ 173816.090600047318731, 538940.244800000917166, 0.0 ], [ 173814.604200047906488, 538940.428300002706237, 0.0 ], [ 173814.964200046728365, 538943.345500000403263, 0.0 ], [ 173814.34340004666592, 538943.422099999617785, 0.0 ], [ 173815.375700046133716, 538952.60530000156723, 0.0 ], [ 173819.161800048867008, 538987.363299999851733, 0.0 ], [ 173821.005600046628388, 539002.303400001954287, 0.0 ], [ 173824.212600047991145, 539001.964900000370108, 0.0 ], [ 173825.542400048667332, 539012.130100001930259, 0.0 ], [ 173865.317400047613773, 539007.221400000620633, 0.0 ], [ 173865.04060004738858, 539004.978499999502674, 0.0 ], [ 173868.963000048941467, 539004.494400001480244, 0.0 ], [ 173867.098000047175447, 538989.382400001049973, 0.0 ], [ 173897.785400048567681, 538985.595200001378544, 0.0 ], [ 173896.890600047074258, 538978.297600000048988, 0.0 ], [ 173896.821900046837982, 538977.737400001264177, 0.0 ], [ 173893.95580004749354, 538978.107800000812858, 0.0 ], [ 173893.390700046817074, 538973.894900000304915, 0.0 ], [ 173893.304600047296844, 538973.905600001802668, 0.0 ], [ 173867.770000047545182, 538977.056000001379289, 0.0 ], [ 173867.930900047387695, 538978.64920000184793, 0.0 ], [ 173864.717000048782211, 538979.045800002408214, 0.0 ], [ 173865.360000047483481, 538984.256500000949018, 0.0 ], [ 173863.375000046507921, 538984.501499999780208, 0.0 ], [ 173863.820900046848692, 538988.124299999908544, 0.0 ], [ 173859.005500047875103, 538988.718499999842606, 0.0 ], [ 173859.290000046778005, 538991.040399999823421, 0.0 ], [ 173857.305000047170324, 538991.285400001332164, 0.0 ], [ 173856.649700047943043, 538985.975500000291504, 0.0 ], [ 173853.40070004700101, 538986.376500001060776, 0.0 ], [ 173853.213800047553377, 538984.874100001063198, 0.0 ], [ 173832.644000048167072, 538987.412599999341182, 0.0 ], [ 173831.225500048603863, 538975.909899999853224, 0.0 ], [ 173832.584200046898331, 538975.742200001259334, 0.0 ], [ 173831.359400048910175, 538965.817500000935979, 0.0 ], [ 173830.001700048538623, 538965.985000000568107, 0.0 ], [ 173828.388200047716964, 538952.900600000517443, 0.0 ], [ 173840.380500047962414, 538951.42060000251513, 0.0 ], [ 173840.212500047520734, 538950.059400000143796, 0.0 ], [ 173844.202100048889406, 538949.567100000102073, 0.0 ], [ 173843.734200046717888, 538945.775700000929646, 0.0 ], [ 173845.609000047930749, 538945.413300000014715, 0.0 ], [ 173845.066600048041437, 538941.01799999922514, 0.0 ], [ 173849.363800047314726, 538940.474600001005456, 0.0 ], [ 173849.773500047915149, 538943.878100001602434, 0.0 ], [ 173851.673800046526594, 538943.63820000027772, 0.0 ], [ 173852.14170004663174, 538947.429600001312792, 0.0 ], [ 173856.13130004829145, 538946.937200002139434, 0.0 ], [ 173856.299300046870485, 538948.298400000436231, 0.0 ], [ 173872.496800046326825, 538946.29940000094939, 0.0 ], [ 173872.328800049028359, 538944.938200001604855, 0.0 ], [ 173876.318500047840644, 538944.44580000161659, 0.0 ], [ 173875.850600046018371, 538940.654500000644475, 0.0 ], [ 173877.612300046515884, 538940.437000001780689, 0.0 ], [ 173877.19390004791785, 538937.047300001373515, 0.0 ], [ 173877.323700046923477, 538937.037000001990236, 0.0 ], [ 173881.621600047772517, 538936.507600001525134, 0.0 ], [ 173881.750600047700573, 538936.491700000013225, 0.0 ], [ 173881.766400046850322, 538936.619700000970624, 0.0 ], [ 173881.935200047126273, 538937.987999999546446, 0.0 ], [ 173881.957252211112063, 538937.985281561384909, 0.0 ], [ 173881.904135972610675, 538937.554881641408429, 0.0 ], [ 173882.513539070350816, 538937.479674456059001, 0.0 ], [ 173882.403338120202534, 538936.5864468755899, 0.0 ], [ 173884.523205876495922, 538936.324910924653523, 0.0 ], [ 173884.559950524679152, 538936.622652057907544, 0.0 ], [ 173886.391059314133599, 538936.396672692033462, 0.0 ], [ 173886.354314630996669, 538936.098931247834116, 0.0 ], [ 173887.599865374912042, 538935.945216100895777, 0.0 ], [ 173887.826329960196745, 538937.780254081590101, 0.0 ], [ 173887.751855872978922, 538937.789444570080377, 0.0 ], [ 173887.849946355388965, 538938.584319747169502, 0.0 ], [ 173887.924426520272391, 538938.575128510245122, 0.0 ], [ 173888.555209863523487, 538943.686353752622381, 0.0 ], [ 173888.480420344887534, 538943.695583277149126, 0.0 ], [ 173888.492372423090274, 538943.795001266291365, 0.0 ], [ 173884.746462199254893, 538944.25728925189469, 0.0 ], [ 173884.691214992140885, 538943.809622795670293, 0.0 ], [ 173884.765577660611598, 538943.800446056993678, 0.0 ], [ 173884.6431015553826, 538942.807974652037956, 0.0 ], [ 173884.568732874002308, 538942.817152131581679, 0.0 ], [ 173884.163697005278664, 538939.543095545028336, 0.0 ], [ 173882.251721405162243, 538939.779055106919259, 0.0 ], [ 173882.402800047013443, 538941.003500001155771, 0.0 ], [ 173884.070500046887901, 538940.797700001043268, 0.0 ], [ 173884.538400046498282, 538944.589100000797771, 0.0 ], [ 173888.528000046877423, 538944.096700000576675, 0.0 ], [ 173888.696100046829088, 538945.457900001201779, 0.0 ], [ 173904.89360004736227, 538943.458900001947768, 0.0 ], [ 173904.725700047740247, 538942.097700000042096, 0.0 ], [ 173908.715200049075065, 538941.605300000868738, 0.0 ], [ 173908.247300047776662, 538937.813999999663793, 0.0 ], [ 173908.469500047038309, 538937.786600000923499, 0.0 ], [ 173909.905100047530141, 538937.609400000772439, 0.0 ], [ 173909.979500049288617, 538937.600200001033954, 0.0 ], [ 173909.545400047267321, 538934.141400000429712, 0.0 ] ], [ [ 173841.693297250720207, 538931.9867985782912, 0.0 ], [ 173841.767702071054373, 538931.977616638527252, 0.0 ], [ 173842.245377181097865, 538935.848208399955183, 0.0 ], [ 173842.170948662300361, 538935.857393263373524, 0.0 ], [ 173842.354662823112449, 538937.346100370399654, 0.0 ], [ 173842.429100453242427, 538937.336914381594397, 0.0 ], [ 173842.47838681837311, 538937.73628078319598, 0.0 ], [ 173842.619109047780512, 538938.876550168730319, 0.0 ], [ 173840.882285299099749, 538939.090894000953995, 0.0 ], [ 173840.919029956276063, 538939.38863519707229, 0.0 ], [ 173839.157394442532677, 538939.606041082763113, 0.0 ], [ 173839.00429171230644, 538938.365452764905058, 0.0 ], [ 173838.681738732091617, 538938.405259478604421, 0.0 ], [ 173837.750874148827279, 538930.862482555676252, 0.0 ], [ 173841.571886390767759, 538930.39092612452805, 0.0 ], [ 173841.583978798211319, 538930.488910656888038, 0.0 ], [ 173841.509583092032699, 538930.498091469751671, 0.0 ], [ 173841.693297250720207, 538931.9867985782912, 0.0 ] ], [ [ 173834.088162843574537, 538933.22885595203843, 0.0 ], [ 173833.99002353855758, 538932.433585155988112, 0.0 ], [ 173833.915554601233453, 538932.442775007453747, 0.0 ], [ 173833.781918140186463, 538931.352296932367608, 0.0 ], [ 173837.602003542619059, 538930.880854884861037, 0.0 ], [ 173838.532868124748347, 538938.423631806857884, 0.0 ], [ 173838.21031514351489, 538938.463438518578187, 0.0 ], [ 173838.363417870277772, 538939.704026836203411, 0.0 ], [ 173836.601782357727643, 538939.921432723291218, 0.0 ], [ 173836.565037702675909, 538939.623691527172923, 0.0 ], [ 173834.828213954780949, 538939.838035358930938, 0.0 ], [ 173834.638199477951275, 538938.298351871198975, 0.0 ], [ 173834.712632567301625, 538938.289166441070847, 0.0 ], [ 173834.614812701242045, 538937.496484058909118, 0.0 ], [ 173834.540373481315328, 538937.505669782985933, 0.0 ], [ 173834.013699981092941, 538933.238045056932606, 0.0 ], [ 173834.088162843574537, 538933.22885595203843, 0.0 ] ], [ [ 173833.86482926417375, 538933.256416472257115, 0.0 ], [ 173834.391502819198649, 538937.524041653494351, 0.0 ], [ 173834.317071262805257, 538937.533226893632673, 0.0 ], [ 173834.414891128952149, 538938.3259092788212, 0.0 ], [ 173834.489328760188073, 538938.316723289317451, 0.0 ], [ 173834.679343351483112, 538939.856407687882893, 0.0 ], [ 173832.942519607226131, 538940.070751519873738, 0.0 ], [ 173832.979264262190554, 538940.368492714944296, 0.0 ], [ 173831.217628748767311, 538940.585898604243994, 0.0 ], [ 173831.064526019792538, 538939.345310283242725, 0.0 ], [ 173830.74197303672554, 538939.385116996360011, 0.0 ], [ 173829.811108451453038, 538931.842340074945241, 0.0 ], [ 173833.632120691501768, 538931.370783643098548, 0.0 ], [ 173833.76668388149119, 538932.461146425106563, 0.0 ], [ 173833.692282099073054, 538932.470327989314683, 0.0 ], [ 173833.790421404119115, 538933.265598786761984, 0.0 ], [ 173833.86482926417375, 538933.256416472257115, 0.0 ] ], [ [ 173826.148397129378282, 538934.208713321248069, 0.0 ], [ 173826.050251843000297, 538933.413394066388719, 0.0 ], [ 173825.975782904570224, 538933.422583919134922, 0.0 ], [ 173825.842091190133942, 538932.332162010716274, 0.0 ], [ 173829.662237176613417, 538931.860712485271506, 0.0 ], [ 173830.593067761859857, 538939.403493602527305, 0.0 ], [ 173830.27054944873089, 538939.443296036450192, 0.0 ], [ 173830.42365217700717, 538940.683884355472401, 0.0 ], [ 173828.662016661954112, 538940.901290241861716, 0.0 ], [ 173828.625272009143373, 538940.603549046092667, 0.0 ], [ 173826.888448262878228, 538940.817892876802944, 0.0 ], [ 173826.698427783645457, 538939.278160783345811, 0.0 ], [ 173826.772860871278681, 538939.268975353916176, 0.0 ], [ 173826.675046818156261, 538938.476340058608912, 0.0 ], [ 173826.600595839001471, 538938.485528002493083, 0.0 ], [ 173826.073946149263065, 538934.217901268159039, 0.0 ], [ 173826.148397129378282, 538934.208713321248069, 0.0 ] ], [ [ 173825.92507556109922, 538934.236273745307699, 0.0 ], [ 173826.451725249935407, 538938.503900484414771, 0.0 ], [ 173826.377305584319402, 538938.513084564474411, 0.0 ], [ 173826.475119434180669, 538939.305718189105392, 0.0 ], [ 173826.549557066493435, 538939.296532200067304, 0.0 ], [ 173826.739577654545428, 538940.836265206686221, 0.0 ], [ 173825.002753909124294, 538941.050609038444236, 0.0 ], [ 173825.039498564670794, 538941.348350235261023, 0.0 ], [ 173823.277863051596796, 538941.565756121999584, 0.0 ], [ 173823.124760321050417, 538940.325167803792283, 0.0 ], [ 173822.802207340719178, 538940.364974515745416, 0.0 ], [ 173821.87134275623248, 538932.822197594097815, 0.0 ], [ 173825.693220580636989, 538932.350534340250306, 0.0 ], [ 173825.826912185468245, 538933.440955337136984, 0.0 ], [ 173825.752510404738132, 538933.450136900995858, 0.0 ], [ 173825.850655897316756, 538934.245457825134508, 0.0 ], [ 173825.92507556109922, 538934.236273745307699, 0.0 ] ], [ [ 173818.036011210089782, 538934.402392826741561, 0.0 ], [ 173817.901459908403922, 538933.312126352800988, 0.0 ], [ 173821.72247215124662, 538932.840569922700524, 0.0 ], [ 173822.653336734627374, 538940.383346843649633, 0.0 ], [ 173822.330783750483533, 538940.423153556068428, 0.0 ], [ 173822.483886480302317, 538941.663741874624975, 0.0 ], [ 173820.722250965598505, 538941.881147762411274, 0.0 ], [ 173820.685506312176585, 538941.583406564663164, 0.0 ], [ 173818.948682564718183, 538941.797750397119671, 0.0 ], [ 173818.758656088757562, 538940.257969691650942, 0.0 ], [ 173818.833089177467627, 538940.248784262803383, 0.0 ], [ 173818.735281140601728, 538939.456197730265558, 0.0 ], [ 173818.660841974226059, 538939.465383908129297, 0.0 ], [ 173818.134168588905595, 538935.197760095237754, 0.0 ], [ 173818.208631453569978, 538935.188570993603207, 0.0 ], [ 173818.110480149596697, 538934.39320297469385, 0.0 ], [ 173818.036011210089782, 538934.402392826741561, 0.0 ] ], [ [ 173839.293187727831537, 538944.576778435148299, 0.0 ], [ 173839.923975758225424, 538949.688041109475307, 0.0 ], [ 173839.849466730665881, 538949.697235908010043, 0.0 ], [ 173839.949932219606126, 538950.489652018877678, 0.0 ], [ 173840.021809017111082, 538950.480782049591653, 0.0 ], [ 173840.134656859503593, 538951.395185815868899, 0.0 ], [ 173836.313644618203398, 538951.866742247948423, 0.0 ], [ 173836.202862572012236, 538950.952059800503775, 0.0 ], [ 173836.275149453198537, 538950.943138775764965, 0.0 ], [ 173836.165078822872601, 538950.051188713288866, 0.0 ], [ 173836.090717129787663, 538950.060365331242792, 0.0 ], [ 173835.472175483970204, 538945.048334864317439, 0.0 ], [ 173835.54656598449219, 538945.039154231082648, 0.0 ], [ 173835.448429712385405, 538944.243957989383489, 0.0 ], [ 173835.374039213202195, 538944.253138622734696, 0.0 ], [ 173835.300716927769827, 538943.659009634167887, 0.0 ], [ 173835.623269918782171, 538943.619203000562266, 0.0 ], [ 173835.604897580109537, 538943.47033232380636, 0.0 ], [ 173835.470167313731508, 538942.378615684923716, 0.0 ], [ 173837.231802827736828, 538942.161209797952324, 0.0 ], [ 173837.268547362065874, 538942.458950032945722, 0.0 ], [ 173839.005371094157454, 538942.244606081862003, 0.0 ], [ 173839.195054283365607, 538943.781605129712261, 0.0 ], [ 173839.120580253191292, 538943.790796074667014, 0.0 ], [ 173839.218707617226755, 538944.58597012842074, 0.0 ], [ 173839.293187727831537, 538944.576778435148299, 0.0 ] ], [ [ 173835.323472130636219, 538945.066685168654658, 0.0 ], [ 173835.942013831518125, 538950.078716088552028, 0.0 ], [ 173835.867337386443978, 538950.087931548012421, 0.0 ], [ 173835.977408069069497, 538950.97988205391448, 0.0 ], [ 173836.051923114864621, 538950.970686049433425, 0.0 ], [ 173836.164774009317625, 538951.885114577366039, 0.0 ], [ 173832.343761768977856, 538952.356671007582918, 0.0 ], [ 173831.21546857964131, 538943.205969071132131, 0.0 ], [ 173832.951299787091557, 538942.991747730295174, 0.0 ], [ 173832.914555132301757, 538942.694006534526125, 0.0 ], [ 173834.676190647936892, 538942.476600646041334, 0.0 ], [ 173834.82929337763926, 538943.717188972048461, 0.0 ], [ 173835.151846358523471, 538943.677382261026651, 0.0 ], [ 173835.225168435747037, 538944.271509584737942, 0.0 ], [ 173835.150694403622765, 538944.280700529227033, 0.0 ], [ 173835.251462904154323, 538945.07557192875538, 0.0 ], [ 173835.323472130636219, 538945.066685168654658, 0.0 ] ], [ [ 173827.683504252170678, 538944.599060741951689, 0.0 ], [ 173827.530401523021283, 538943.358472423395142, 0.0 ], [ 173829.292037036677357, 538943.141066536656581, 0.0 ], [ 173829.328659208316822, 538943.437815252458677, 0.0 ], [ 173831.064490311313421, 538943.223593925125897, 0.0 ], [ 173832.194891164603177, 538952.375043336418457, 0.0 ], [ 173828.374659161694581, 538952.846503477077931, 0.0 ], [ 173828.261802438442828, 538951.932027711300179, 0.0 ], [ 173828.335377813054947, 538951.922948128543794, 0.0 ], [ 173828.225419837632217, 538951.031033064355142, 0.0 ], [ 173828.151048636791529, 538951.040211316780187, 0.0 ], [ 173827.532242314278847, 538946.028212590143085, 0.0 ], [ 173827.606800290173851, 538946.019011750817299, 0.0 ], [ 173827.50866403762484, 538945.223765691043809, 0.0 ], [ 173827.434100039827172, 538945.232967737247236, 0.0 ], [ 173827.360783848154824, 538944.638888115761802, 0.0 ], [ 173827.683504252170678, 538944.599060741951689, 0.0 ] ], [ [ 173824.028728153323755, 538951.736420538043603, 0.0 ], [ 173825.096664342505392, 538951.604625047650188, 0.0 ], [ 173825.09213242054102, 538951.56790296616964, 0.0 ], [ 173827.895387624681462, 538951.221949345548637, 0.0 ], [ 173827.903249379742192, 538951.285652989754453, 0.0 ], [ 173828.491165010607801, 538956.049513529753312, 0.0 ], [ 173817.673234251036774, 538957.384569399990141, 0.0 ], [ 173817.528748170327162, 538956.21380160888657, 0.0 ], [ 173817.82648940521176, 538956.177057134802453, 0.0 ], [ 173817.591283590358216, 538954.271191912237555, 0.0 ], [ 173817.293542710278416, 538954.307936507859267, 0.0 ], [ 173817.130021806049626, 538952.982930341502652, 0.0 ], [ 173818.023278855485842, 538952.872692062053829, 0.0 ], [ 173817.975246714835521, 538952.483489272650331, 0.0 ], [ 173818.619795289996546, 538952.403944459045306, 0.0 ], [ 173818.615326464700047, 538952.367733665974811, 0.0 ], [ 173824.024125340976752, 538951.699124044040218, 0.0 ], [ 173824.028728153323755, 538951.736420538043603, 0.0 ] ], [ [ 173818.287576452363282, 538959.913235621177591, 0.0 ], [ 173818.070170689024962, 538958.151600213954225, 0.0 ], [ 173817.772428804717492, 538958.188344764406793, 0.0 ], [ 173817.692815943591995, 538957.543239204213023, 0.0 ], [ 173827.29000546206953, 538956.358836452709511, 0.0 ], [ 173827.884044047503266, 538961.172319127479568, 0.0 ], [ 173819.180078412377043, 538962.246487622731365, 0.0 ], [ 173819.129227152472595, 538961.834440328413621, 0.0 ], [ 173818.236003225640161, 538961.944674334255978, 0.0 ], [ 173817.989835152082378, 538959.949980288045481, 0.0 ], [ 173818.287576452363282, 538959.913235621177591, 0.0 ] ], [ [ 173818.602246068039676, 538964.91233357868623, 0.0 ], [ 173818.3560782103159, 538962.917639507330023, 0.0 ], [ 173819.249302137905033, 538962.807405499741435, 0.0 ], [ 173819.198450739262626, 538962.395358222420327, 0.0 ], [ 173827.902416373952292, 538961.321189726470038, 0.0 ], [ 173828.496454962645657, 538966.134672401589341, 0.0 ], [ 173818.899265326093882, 538967.319074659491889, 0.0 ], [ 173818.819652109930757, 538966.673968856339343, 0.0 ], [ 173819.117393258260563, 538966.63722430204507, 0.0 ], [ 173818.899987366574351, 538964.875588896567933, 0.0 ], [ 173818.602246068039676, 538964.91233357868623, 0.0 ] ], [ [ 173819.51797550462652, 538969.842291360837407, 0.0 ], [ 173819.300569743500091, 538968.080655951634981, 0.0 ], [ 173819.002827859949321, 538968.117400504997931, 0.0 ], [ 173818.923214995767921, 538967.472294942010194, 0.0 ], [ 173828.520404512877576, 538966.287892191438004, 0.0 ], [ 173829.114443099970231, 538971.101374865858816, 0.0 ], [ 173820.4104774640291, 538972.175543361459859, 0.0 ], [ 173820.359626205114182, 538971.763496067025699, 0.0 ], [ 173819.466402277641464, 538971.87373007228598, 0.0 ], [ 173819.220234205073211, 538969.879036027356051, 0.0 ], [ 173819.51797550462652, 538969.842291360837407, 0.0 ] ], [ [ 173819.827067896374501, 538974.837040125159547, 0.0 ], [ 173819.580900037079118, 538972.842346053337678, 0.0 ], [ 173820.474123965250328, 538972.732112046098337, 0.0 ], [ 173820.423272567684762, 538972.320064768544398, 0.0 ], [ 173829.12723820246174, 538971.24589627282694, 0.0 ], [ 173829.721276789263356, 538976.059378945850767, 0.0 ], [ 173820.124087154865265, 538977.243781203404069, 0.0 ], [ 173820.044473938556621, 538976.59867540479172, 0.0 ], [ 173820.342215086158831, 538976.56193084968254, 0.0 ], [ 173820.124809194094269, 538974.800295442575589, 0.0 ], [ 173819.827067896374501, 538974.837040125159547, 0.0 ] ], [ [ 173820.737220107461326, 538979.762648714124225, 0.0 ], [ 173820.519814346334897, 538978.001013304572552, 0.0 ], [ 173820.222072463540826, 538978.037757857237011, 0.0 ], [ 173820.142459599301219, 538977.392652295180596, 0.0 ], [ 173829.739649116294459, 538976.208249544957653, 0.0 ], [ 173830.333687703532632, 538981.021732219611295, 0.0 ], [ 173821.629722068231786, 538982.095900715328753, 0.0 ], [ 173821.578870810481021, 538981.683853420312516, 0.0 ], [ 173820.685646882513538, 538981.794087426969782, 0.0 ], [ 173820.439478808693821, 538979.799393381341361, 0.0 ], [ 173820.737220107461326, 538979.762648714124225, 0.0 ] ], [ [ 173821.046312500024214, 538984.757397476932965, 0.0 ], [ 173820.80014463950647, 538982.762703406042419, 0.0 ], [ 173821.693368568172446, 538982.652469399385154, 0.0 ], [ 173821.642517171712825, 538982.240422121365555, 0.0 ], [ 173830.346482805878622, 538981.166253625648096, 0.0 ], [ 173830.940521392854862, 538985.979736300883815, 0.0 ], [ 173821.343331755808322, 538987.164138557505794, 0.0 ], [ 173821.263718542264542, 538986.519032756797969, 0.0 ], [ 173821.561459691874916, 538986.482288202620111, 0.0 ], [ 173821.344053796987282, 538984.720652796560898, 0.0 ], [ 173821.046312500024214, 538984.757397476932965, 0.0 ] ], [ [ 173822.043504483648576, 538990.3474479210563, 0.0 ], [ 173821.808299332071329, 538988.44158258580137, 0.0 ], [ 173821.510558118228801, 538988.478327430435456, 0.0 ], [ 173821.366072061064187, 538987.30755963572301, 0.0 ], [ 173832.184002821770264, 538985.972503765020519, 0.0 ], [ 173832.78416048764484, 538990.835578358615749, 0.0 ], [ 173829.906029133446282, 538991.190772669040598, 0.0 ], [ 173829.899908953142585, 538991.141180975595489, 0.0 ], [ 173829.896578922314802, 538991.114197807502933, 0.0 ], [ 173828.903519024315756, 538991.236752589815296, 0.0 ], [ 173828.906849046179559, 538991.263735669781454, 0.0 ], [ 173823.497615701227915, 538991.929092291626148, 0.0 ], [ 173823.494553645286942, 538991.904280525166541, 0.0 ], [ 173822.850300190300914, 538991.985949140973389, 0.0 ], [ 173822.802533698559273, 538991.598897576681338, 0.0 ], [ 173821.909309134673094, 538991.709131583804265, 0.0 ], [ 173821.74576360383071, 538990.384192525874823, 0.0 ], [ 173822.043504483648576, 538990.3474479210563, 0.0 ] ], [ [ 173837.547459732129937, 538987.60066879238002, 0.0 ], [ 173837.651403981290059, 538988.44292695238255, 0.0 ], [ 173837.626291473163292, 538988.446026121848263, 0.0 ], [ 173837.724272357911104, 538989.240003245417029, 0.0 ], [ 173837.745576067478396, 538989.237374419812113, 0.0 ], [ 173838.723224588437006, 538997.127869746880606, 0.0 ], [ 173838.078182880941313, 538997.208000334561802, 0.0 ], [ 173838.041438035841566, 538996.910259112832136, 0.0 ], [ 173836.279802527773427, 538997.127665017498657, 0.0 ], [ 173836.316547206573887, 538997.425406290101819, 0.0 ], [ 173834.321680820721667, 538997.671595398685895, 0.0 ], [ 173834.229991346976021, 538996.927220895187929, 0.0 ], [ 173834.211619020759827, 538996.778350295382552, 0.0 ], [ 173833.799571715091588, 538996.829201670945622, 0.0 ], [ 173833.725919710705057, 538996.232400963664986, 0.0 ], [ 173833.750379122939194, 538996.229382393765263, 0.0 ], [ 173833.627889872237574, 538995.236854468821548, 0.0 ], [ 173833.60343009387725, 538995.239872932550497, 0.0 ], [ 173832.93590170700918, 538989.830912960227579, 0.0 ], [ 173832.96040934175835, 538989.827888590632938, 0.0 ], [ 173832.862428456021007, 538989.033911467879079, 0.0 ], [ 173832.837930272100493, 538989.036934671574272, 0.0 ], [ 173832.733366349566495, 538988.189761854126118, 0.0 ], [ 173837.497837502509356, 538987.606792585225776, 0.0 ], [ 173837.547459732129937, 538987.60066879238002, 0.0 ] ], [ [ 173839.115257805678993, 539000.304292619577609, 0.0 ], [ 173839.188570060709026, 539000.898338790982962, 0.0 ], [ 173839.163375107193133, 539000.90144797868561, 0.0 ], [ 173839.273603602225194, 539001.794672242482193, 0.0 ], [ 173839.298804215330165, 539001.791562356054783, 0.0 ], [ 173839.966509242134634, 539007.201962693710811, 0.0 ], [ 173839.916885522339726, 539007.20808687468525, 0.0 ], [ 173840.290457543480443, 539010.235121198813431, 0.0 ], [ 173835.526596758631058, 539010.823036859976128, 0.0 ], [ 173835.261977760761511, 539008.687894588219933, 0.0 ], [ 173835.287463679094799, 539008.684749493608251, 0.0 ], [ 173835.177235182287404, 539007.79152523051016, 0.0 ], [ 173835.152845147560583, 539007.794535086257383, 0.0 ], [ 173834.485317435872275, 539002.38557153288275, 0.0 ], [ 173834.509740587236593, 539002.382557589327917, 0.0 ], [ 173834.399512091098586, 539001.48933332413435, 0.0 ], [ 173834.375083471619291, 539001.492347942665219, 0.0 ], [ 173834.191540964093292, 539000.005106700351462, 0.0 ], [ 173835.362308633251814, 538999.860620634164661, 0.0 ], [ 173835.399053286120761, 539000.15836183144711, 0.0 ], [ 173837.304918246984016, 538999.923154248739593, 0.0 ], [ 173837.268173851072788, 538999.625415159505792, 0.0 ], [ 173838.593148502113763, 538999.46189633931499, 0.0 ], [ 173838.703382582898485, 539000.355120640131645, 0.0 ], [ 173839.115257805678993, 539000.304292619577609, 0.0 ] ], [ [ 173834.201025297865272, 539001.513889309717342, 0.0 ], [ 173834.311253792664502, 539002.407113574445248, 0.0 ], [ 173834.336454216158018, 539002.404003711184487, 0.0 ], [ 173835.003981925779954, 539007.812967265606858, 0.0 ], [ 173834.978748387773521, 539007.816081214696169, 0.0 ], [ 173835.088982351822779, 539008.709304803633131, 0.0 ], [ 173835.11421589035308, 539008.706190856406465, 0.0 ], [ 173835.377726152481046, 539010.841409189160913, 0.0 ], [ 173830.613865130813792, 539011.429322917130776, 0.0 ], [ 173830.240296146046603, 539008.402287248289213, 0.0 ], [ 173830.190672425931552, 539008.40841137978714, 0.0 ], [ 173829.522967817087192, 539002.998012838768773, 0.0 ], [ 173829.547390776046086, 539002.994998918497004, 0.0 ], [ 173829.437162280170014, 539002.101774656097405, 0.0 ], [ 173829.412733662698884, 539002.10478927299846, 0.0 ], [ 173829.339421673183097, 539001.51074214244727, 0.0 ], [ 173829.751296391914366, 539001.459910038276576, 0.0 ], [ 173829.64106255734805, 539000.566685707308352, 0.0 ], [ 173830.966037286561914, 539000.403170590056106, 0.0 ], [ 173831.002781862509437, 539000.700909659499303, 0.0 ], [ 173832.908647150266916, 539000.465706314891577, 0.0 ], [ 173832.871902688377304, 539000.167965093161911, 0.0 ], [ 173834.042670356488088, 539000.023479028372094, 0.0 ], [ 173834.226220252225175, 539001.510780121898279, 0.0 ], [ 173834.201025297865272, 539001.513889309717342, 0.0 ] ], [ [ 173829.238667986879591, 539002.126269878936, 0.0 ], [ 173829.348896484152647, 539003.019494142150506, 0.0 ], [ 173829.374097096064361, 539003.016384255955927, 0.0 ], [ 173830.041802121704677, 539008.426784593029879, 0.0 ], [ 173829.992178401473211, 539008.432908773305826, 0.0 ], [ 173830.365750424156431, 539011.459943097783253, 0.0 ], [ 173825.601889638870489, 539012.04785875917878, 0.0 ], [ 173825.337270641990472, 539009.912716487422585, 0.0 ], [ 173825.362756559159607, 539009.909571394557133, 0.0 ], [ 173825.252528062934289, 539009.016347129829228, 0.0 ], [ 173825.228138026606757, 539009.019356985576451, 0.0 ], [ 173824.56061031576246, 539003.610393430455588, 0.0 ], [ 173824.58503346593352, 539003.607379487599246, 0.0 ], [ 173824.474804970348487, 539002.714155224035494, 0.0 ], [ 173824.450376352062449, 539002.717169841052964, 0.0 ], [ 173824.266833843255881, 539001.229928598622791, 0.0 ], [ 173825.437601513287518, 539001.085442533832975, 0.0 ], [ 173825.474346166913165, 539001.383183728787117, 0.0 ], [ 173827.380211126321228, 539001.147976147709414, 0.0 ], [ 173827.343466732447268, 539000.850237057777122, 0.0 ], [ 173828.668441380461445, 539000.686718237237073, 0.0 ], [ 173828.778675463458057, 539001.579942539450713, 0.0 ], [ 173829.190550685161725, 539001.529114517383277, 0.0 ], [ 173829.263862942025298, 539002.12316068878863, 0.0 ], [ 173829.238667986879591, 539002.126269878936, 0.0 ] ], [ [ 173865.746691811742494, 538926.249804286984727, 0.0 ], [ 173865.899519419821445, 538927.488163278438151, 0.0 ], [ 173865.825123711576452, 538927.497344093048014, 0.0 ], [ 173865.923244078701828, 538928.292461429606192, 0.0 ], [ 173865.997645920317154, 538928.283280319068581, 0.0 ], [ 173866.524451593082631, 538932.551976068993099, 0.0 ], [ 173866.450026108068414, 538932.561160556972027, 0.0 ], [ 173866.547871108225081, 538933.353996620746329, 0.0 ], [ 173866.622296594636282, 538933.344812130904756, 0.0 ], [ 173866.793914472509641, 538934.735428330604918, 0.0 ], [ 173865.057090726244496, 538934.949772163410671, 0.0 ], [ 173865.093835380044766, 538935.247513360111043, 0.0 ], [ 173863.332199867785675, 538935.464919247780927, 0.0 ], [ 173863.179097139858641, 538934.224330928409472, 0.0 ], [ 173862.856544158305041, 538934.264137640129775, 0.0 ], [ 173861.925679575157119, 538926.721360718132928, 0.0 ], [ 173865.746691811742494, 538926.249804286984727, 0.0 ] ], [ [ 173858.281219879252603, 538929.235576562583447, 0.0 ], [ 173858.183093455474591, 538928.440410168608651, 0.0 ], [ 173858.108618444384774, 538928.44960076874122, 0.0 ], [ 173857.956501391337952, 538927.211202512262389, 0.0 ], [ 173861.7768089659221, 538926.739733046037145, 0.0 ], [ 173862.707673550787149, 538934.282509968965314, 0.0 ], [ 173862.385120568214916, 538934.322316680452786, 0.0 ], [ 173862.538223298237426, 538935.56290499935858, 0.0 ], [ 173860.776587784348521, 538935.78031088586431, 0.0 ], [ 173860.73984312984976, 538935.482569690910168, 0.0 ], [ 173859.003019381605554, 538935.696913523017429, 0.0 ], [ 173858.83139561660937, 538934.306249623419717, 0.0 ], [ 173858.905834776931442, 538934.297063446720131, 0.0 ], [ 173858.808001688332297, 538933.504273927304894, 0.0 ], [ 173858.733556453167694, 538933.51346085278783, 0.0 ], [ 173858.206750884477515, 538929.244765957933851, 0.0 ], [ 173858.281219879252603, 538929.235576562583447, 0.0 ] ], [ [ 173857.885352017387049, 538928.477153002982959, 0.0 ], [ 173857.983478438371094, 538929.272319397889078, 0.0 ], [ 173858.057880222564563, 538929.263137831352651, 0.0 ], [ 173858.584685734618688, 538933.531832271488383, 0.0 ], [ 173858.510260248498525, 538933.541016761329956, 0.0 ], [ 173858.608093337155879, 538934.333806279813871, 0.0 ], [ 173858.682524953823304, 538934.324621497537009, 0.0 ], [ 173858.854148775280919, 538935.715285850688815, 0.0 ], [ 173857.117325030674692, 538935.929629682912491, 0.0 ], [ 173857.154069685057038, 538936.227370879496448, 0.0 ], [ 173855.392434170353226, 538936.444776766467839, 0.0 ], [ 173855.239331440883689, 538935.204188447562046, 0.0 ], [ 173854.916778459242778, 538935.243995160562918, 0.0 ], [ 173853.985913876909763, 538927.701218237867579, 0.0 ], [ 173857.806926117191324, 538927.229661806486547, 0.0 ], [ 173857.95974772394402, 538928.467972186626866, 0.0 ], [ 173857.885352017387049, 538928.477153002982959, 0.0 ] ], [ [ 173850.341454181383597, 538930.215434080339037, 0.0 ], [ 173850.243321762303822, 538929.420219077030197, 0.0 ], [ 173850.168846747314092, 538929.429409679956734, 0.0 ], [ 173850.016027260018745, 538928.191147462115623, 0.0 ], [ 173853.837043271108996, 538927.719590566819534, 0.0 ], [ 173854.767907852336066, 538935.262367488117889, 0.0 ], [ 173854.445354872499593, 538935.302174198906869, 0.0 ], [ 173854.598457601270638, 538936.54276251909323, 0.0 ], [ 173852.836822087701876, 538936.760168405249715, 0.0 ], [ 173852.800077432650141, 538936.462427210528404, 0.0 ], [ 173851.063253686006647, 538936.676771042402834, 0.0 ], [ 173850.891623865958536, 538935.286058081197552, 0.0 ], [ 173850.966063080297317, 538935.276872355723754, 0.0 ], [ 173850.868236161273671, 538934.484132812940516, 0.0 ], [ 173850.793790925003123, 538934.49331973970402, 0.0 ], [ 173850.266985188325634, 538930.224623492220417, 0.0 ], [ 173850.341454181383597, 538930.215434080339037, 0.0 ] ], [ [ 173849.945580322644673, 538929.456961910938844, 0.0 ], [ 173850.04371274454752, 538930.252176916925237, 0.0 ], [ 173850.118114524229895, 538930.242995351320133, 0.0 ], [ 173850.644920207094401, 538934.511691157473251, 0.0 ], [ 173850.570494722662261, 538934.520875646499917, 0.0 ], [ 173850.668321641773218, 538935.313615191727877, 0.0 ], [ 173850.742753203812754, 538935.304429950891063, 0.0 ], [ 173850.914383077499224, 538936.695143370656297, 0.0 ], [ 173848.929441653308459, 538936.940107750124298, 0.0 ], [ 173848.966186309378827, 538937.237848946009763, 0.0 ], [ 173847.204550794907846, 538937.455254833679646, 0.0 ], [ 173847.051448068290483, 538936.214666515123099, 0.0 ], [ 173846.7288950860966, 538936.254473227192648, 0.0 ], [ 173845.798030500824098, 538928.711696304264478, 0.0 ], [ 173849.8671567645506, 538928.209520690958016, 0.0 ], [ 173850.019976027484518, 538929.447781097027473, 0.0 ], [ 173849.945580322644673, 538929.456961910938844, 0.0 ] ], [ [ 173841.991033900645562, 538931.950016944436356, 0.0 ], [ 173841.807319742743857, 538930.461309837875888, 0.0 ], [ 173841.732844729238423, 538930.470500440802425, 0.0 ], [ 173841.580029978737002, 538929.23224561160896, 0.0 ], [ 173845.649160006811144, 538928.730069530662149, 0.0 ], [ 173846.580024479539134, 538936.272845555911772, 0.0 ], [ 173846.257471499149688, 538936.31265226600226, 0.0 ], [ 173846.410574227833422, 538937.553240585722961, 0.0 ], [ 173844.648938714526594, 538937.770646473160014, 0.0 ], [ 173844.612194060580805, 538937.472905276459642, 0.0 ], [ 173842.62725263525499, 538937.717869657324627, 0.0 ], [ 173842.577966385753825, 538937.318504165741615, 0.0 ], [ 173842.652399474027334, 538937.309318737010472, 0.0 ], [ 173842.468685314030154, 538935.820611630100757, 0.0 ], [ 173842.394243111193646, 538935.829798183287494, 0.0 ], [ 173841.916568001644919, 538931.959206421277486, 0.0 ], [ 173841.991033900645562, 538931.950016944436356, 0.0 ] ], [ [ 173866.791365451819729, 538937.35558943846263, 0.0 ], [ 173866.944468183268327, 538938.596177764702588, 0.0 ], [ 173867.267021162639139, 538938.556371044949628, 0.0 ], [ 173867.321994890458882, 538939.001822051242925, 0.0 ], [ 173867.246930193854496, 538939.011085423408076, 0.0 ], [ 173867.345036215847358, 538939.806086528929882, 0.0 ], [ 173867.420274408534169, 538939.796801747754216, 0.0 ], [ 173868.050890264217742, 538944.908046549069695, 0.0 ], [ 173867.975790628697723, 538944.917314233491197, 0.0 ], [ 173868.073643913317937, 538945.710267401183955, 0.0 ], [ 173868.148749623680487, 538945.700998968910426, 0.0 ], [ 173868.278375307098031, 538946.764256236026995, 0.0 ], [ 173864.456597145239357, 538947.235907190828584, 0.0 ], [ 173863.329650846571894, 538938.085080355289392, 0.0 ], [ 173865.066474593768362, 538937.870736520155333, 0.0 ], [ 173865.029729937319644, 538937.572995324851945, 0.0 ], [ 173866.791365451819729, 538937.35558943846263, 0.0 ] ], [ [ 173859.798679055296816, 538939.478049534140155, 0.0 ], [ 173859.645576327224262, 538938.237461215583608, 0.0 ], [ 173861.407211842539255, 538938.020055328845046, 0.0 ], [ 173861.443956496106694, 538938.317796514253132, 0.0 ], [ 173863.180780242488254, 538938.103452682145871, 0.0 ], [ 173864.308492456591921, 538947.254184996359982, 0.0 ], [ 173860.487480212206719, 538947.725741428206675, 0.0 ], [ 173860.357848649058724, 538946.662436460494064, 0.0 ], [ 173860.431613657186972, 538946.653333478025161, 0.0 ], [ 173860.333766322175507, 538945.860428518615663, 0.0 ], [ 173860.259827873611357, 538945.869553364929743, 0.0 ], [ 173859.629044619825436, 538940.758329400094226, 0.0 ], [ 173859.703011987177888, 538940.749201447004452, 0.0 ], [ 173859.608016947226133, 538939.953766364953481, 0.0 ], [ 173859.530926494218875, 538939.963280204101466, 0.0 ], [ 173859.475958655646536, 538939.517876906902529, 0.0 ], [ 173859.798679055296816, 538939.478049534140155, 0.0 ] ], [ [ 173853.995463795698015, 538939.237025306909345, 0.0 ], [ 173853.958719110290986, 538938.939283864456229, 0.0 ], [ 173855.204269855777966, 538938.785568715305999, 0.0 ], [ 173855.412337289948482, 538940.471534957061522, 0.0 ], [ 173855.337272651609965, 538940.480798788252287, 0.0 ], [ 173855.435387701494619, 538941.275873038219288, 0.0 ], [ 173855.510458353062859, 538941.266608466161415, 0.0 ], [ 173856.141241634148173, 538946.377832661382854, 0.0 ], [ 173856.066142121242592, 538946.387100794934668, 0.0 ], [ 173856.096623500605347, 538946.635332414298318, 0.0 ], [ 173852.315431050694315, 538947.101974630029872, 0.0 ], [ 173852.241941848827992, 538946.506493104156107, 0.0 ], [ 173852.350994444219396, 538946.49180027586408, 0.0 ], [ 173852.253290585736977, 538945.700057902373374, 0.0 ], [ 173852.179512567527127, 538945.709162951097824, 0.0 ], [ 173851.768562964454759, 538942.38335080712568, 0.0 ], [ 173849.783587577432627, 538942.62831937847659, 0.0 ], [ 173849.70450475209509, 538941.983129268628545, 0.0 ], [ 173849.778304644452874, 538941.974021522677504, 0.0 ], [ 173849.680185264529428, 538941.17891218373552, 0.0 ], [ 173849.605985984875588, 538941.189218525774777, 0.0 ], [ 173849.508002490154468, 538940.395260234014131, 0.0 ], [ 173850.11837199315778, 538940.31993381283246, 0.0 ], [ 173850.008147764543537, 538939.426789374090731, 0.0 ], [ 173852.127610357536469, 538939.165263540809974, 0.0 ], [ 173852.16435500519583, 538939.463004674180411, 0.0 ], [ 173853.995463795698015, 538939.237025306909345, 0.0 ] ], [ [ 173857.089964222395793, 538938.552852675318718, 0.0 ], [ 173858.851599719811929, 538938.335446666344069, 0.0 ], [ 173858.986330122774234, 538939.427164387190714, 0.0 ], [ 173859.004702472331701, 538939.576035169186071, 0.0 ], [ 173859.327255468437215, 538939.536228575161658, 0.0 ], [ 173859.382223196851555, 538939.981630961643532, 0.0 ], [ 173859.307158499170328, 538939.990894332993776, 0.0 ], [ 173859.405270549963461, 538940.785944280563854, 0.0 ], [ 173859.480508685257519, 538940.776659038034268, 0.0 ], [ 173860.111291996581713, 538945.887883461895399, 0.0 ], [ 173860.036024941422511, 538945.897171806660481, 0.0 ], [ 173860.133872217964381, 538946.6900763126323, 0.0 ], [ 173860.208977876551216, 538946.680807420867495, 0.0 ], [ 173860.338609608705156, 538947.744113756110892, 0.0 ], [ 173856.516831448709127, 538948.215764711610973, 0.0 ], [ 173856.386427349207224, 538947.152530408115126, 0.0 ], [ 173856.461727754387539, 538947.143237480893731, 0.0 ], [ 173856.363746044255095, 538946.349243680364452, 0.0 ], [ 173856.289974959334359, 538946.358347413712181, 0.0 ], [ 173855.65932910356787, 538941.248237044783309, 0.0 ], [ 173855.73312908236403, 538941.239129745168611, 0.0 ], [ 173855.635014091036282, 538940.444055954227224, 0.0 ], [ 173855.561208065366372, 538940.453163999132812, 0.0 ], [ 173855.389885117096128, 538939.06493758270517, 0.0 ], [ 173857.126708862691885, 538938.850593751296401, 0.0 ], [ 173857.089964222395793, 538938.552852675318718, 0.0 ] ], [ [ 173845.248012027237564, 538943.841885525267571, 0.0 ], [ 173845.309259877889417, 538944.33817562519107, 0.0 ], [ 173843.324317530030385, 538944.583140119793825, 0.0 ], [ 173843.740757905965438, 538947.95753924921155, 0.0 ], [ 173843.665476108144503, 538947.966829879675061, 0.0 ], [ 173843.775552255276125, 538948.858825903385878, 0.0 ], [ 173843.85084018658381, 538948.849534984445199, 0.0 ], [ 173843.906118418439291, 538949.297452834784053, 0.0 ], [ 173840.159702789940638, 538949.759803195134737, 0.0 ], [ 173840.147207973408513, 538949.660491478745826, 0.0 ], [ 173840.072846335038776, 538949.669668553280644, 0.0 ], [ 173839.44205830359715, 538944.558405877789482, 0.0 ], [ 173839.516448860726086, 538944.549225698807277, 0.0 ], [ 173839.418321577511961, 538943.754052329109982, 0.0 ], [ 173839.343925004039193, 538943.763233712990768, 0.0 ], [ 173839.117497050319798, 538941.928492584265769, 0.0 ], [ 173840.353146126377396, 538941.77591959934216, 0.0 ], [ 173840.389890925696818, 538942.07366046460811, 0.0 ], [ 173842.230901191127487, 538941.846538866637275, 0.0 ], [ 173842.194156555458903, 538941.548797831404954, 0.0 ], [ 173844.313081420725212, 538941.287298368872143, 0.0 ], [ 173844.423338689783122, 538942.18043901771307, 0.0 ], [ 173845.033707981056068, 538942.105112398858182, 0.0 ], [ 173845.14988305492443, 538943.046748449327424, 0.0 ], [ 173845.075408966367831, 538943.055938937119208, 0.0 ], [ 173845.173531861044466, 538943.851076760794967, 0.0 ], [ 173845.248012027237564, 538943.841885525267571, 0.0 ] ], [ [ 173868.690077220497187, 538978.644906649133191, 0.0 ], [ 173868.777272282546619, 538979.351446486194618, 0.0 ], [ 173868.749195221374976, 538979.354911515372805, 0.0 ], [ 173868.871671328030061, 538980.347382919630036, 0.0 ], [ 173868.899754488433246, 538980.343917313148268, 0.0 ], [ 173869.555046456080163, 538985.653734884574078, 0.0 ], [ 173869.527270931925159, 538985.657162701594643, 0.0 ], [ 173869.637504897487815, 538986.55038629018236, 0.0 ], [ 173869.665280691027874, 538986.546958441380411, 0.0 ], [ 173869.755672483093804, 538987.279401313629933, 0.0 ], [ 173868.614344271714799, 538987.42025424039457, 0.0 ], [ 173868.577599242416909, 538987.122513059643097, 0.0 ], [ 173866.642281071865, 538987.361353427753784, 0.0 ], [ 173866.679025720863137, 538987.659094579285011, 0.0 ], [ 173864.56010103301378, 538987.920594005845487, 0.0 ], [ 173864.449867137387628, 538987.02737098664511, 0.0 ], [ 173863.861043358076131, 538987.10003816743847, 0.0 ], [ 173863.758386442728806, 538986.268211270100437, 0.0 ], [ 173863.736840605270118, 538986.270870273234323, 0.0 ], [ 173863.539415874111, 538984.671143905958161, 0.0 ], [ 173865.524344657344045, 538984.426181086339056, 0.0 ], [ 173865.176724720164202, 538981.609423751593567, 0.0 ], [ 173865.198286641767481, 538981.606762764509767, 0.0 ], [ 173865.100305756408488, 538980.81278564222157, 0.0 ], [ 173865.078751042776275, 538980.815445604850538, 0.0 ], [ 173864.869077984214528, 538979.116461474332027, 0.0 ], [ 173868.690077220497187, 538978.644906649133191, 0.0 ] ], [ [ 173859.154888421908254, 538991.231480477261357, 0.0 ], [ 173859.271092446113471, 538992.173079342464916, 0.0 ], [ 173859.247923876158893, 538992.175938464701176, 0.0 ], [ 173859.358152373752091, 538993.069162729429081, 0.0 ], [ 173859.381326412782073, 538993.06630293361377, 0.0 ], [ 173859.4549697956827, 538993.663033773540519, 0.0 ], [ 173858.844600476528285, 538993.738360171322711, 0.0 ], [ 173858.954834419710096, 538994.631583596230485, 0.0 ], [ 173856.835909568617353, 538994.893083158065565, 0.0 ], [ 173856.799164914584253, 538994.595341961365193, 0.0 ], [ 173854.863846741383895, 538994.834182266728021, 0.0 ], [ 173854.900591390323825, 538995.131923465291038, 0.0 ], [ 173853.759250070346752, 538995.272777981939726, 0.0 ], [ 173853.575360773480497, 538993.782726717996411, 0.0 ], [ 173853.599802527518477, 538993.779773246496916, 0.0 ], [ 173853.48956739885034, 538992.886488113668747, 0.0 ], [ 173853.465134438069072, 538992.889564956538379, 0.0 ], [ 173852.809842567628948, 538987.579850864363834, 0.0 ], [ 173852.834340771427378, 538987.576827507815324, 0.0 ], [ 173852.718146564031485, 538986.635260759037919, 0.0 ], [ 173856.514667364594061, 538986.166726850438863, 0.0 ], [ 173856.630871149594896, 538987.108316911035217, 0.0 ], [ 173856.611722122557694, 538987.110680119716562, 0.0 ], [ 173856.709703021857422, 538987.904657360399142, 0.0 ], [ 173856.728856943838764, 538987.902293547638692, 0.0 ], [ 173857.169946999987587, 538991.476444858009927, 0.0 ], [ 173859.154888421908254, 538991.231480477261357, 0.0 ] ], [ [ 173852.519613821001258, 538986.613554126117378, 0.0 ], [ 173852.641435678116977, 538987.600634194212034, 0.0 ], [ 173852.667229552345816, 538987.59745093586389, 0.0 ], [ 173853.309638209582772, 538992.813465623999946, 0.0 ], [ 173853.285178465011995, 538992.81648438621778, 0.0 ], [ 173853.407667716557626, 538993.809012311277911, 0.0 ], [ 173853.432127128384309, 538993.805993742309511, 0.0 ], [ 173853.505779133993201, 538994.402794448309578, 0.0 ], [ 173853.093731819069944, 538994.453645734931342, 0.0 ], [ 173853.112104143947363, 538994.602516334853135, 0.0 ], [ 173853.204138010914903, 538995.346848335699178, 0.0 ], [ 173851.209271656000055, 538995.593037691083737, 0.0 ], [ 173851.172527004877338, 538995.295296415570192, 0.0 ], [ 173849.410891492094379, 538995.51270228321664, 0.0 ], [ 173849.447635968535906, 538995.810443549882621, 0.0 ], [ 173848.802466602181084, 538995.889539707219228, 0.0 ], [ 173847.832444972998928, 538987.998103133286349, 0.0 ], [ 173847.85374861152377, 538987.995473725488409, 0.0 ], [ 173847.75575800385559, 538987.201497801928781, 0.0 ], [ 173847.730645494564669, 538987.20459697348997, 0.0 ], [ 173847.62670124520082, 538986.362338812556118, 0.0 ], [ 173847.676323429681361, 538986.356214713538066, 0.0 ], [ 173852.440120609768201, 538985.767782884184271, 0.0 ], [ 173852.544111968338257, 538986.610530622885562, 0.0 ], [ 173852.519613821001258, 538986.613554126117378, 0.0 ] ], [ [ 173847.472363888489781, 538986.375822603120469, 0.0 ], [ 173847.576308140385663, 538987.218080761493184, 0.0 ], [ 173847.551195631094743, 538987.221179931191728, 0.0 ], [ 173847.64917651572614, 538988.015157054876909, 0.0 ], [ 173847.670480223925551, 538988.012528228922747, 0.0 ], [ 173848.648128746019211, 538995.903023557504639, 0.0 ], [ 173848.003087038785452, 538995.983154143672436, 0.0 ], [ 173847.966342194413301, 538995.685412920895033, 0.0 ], [ 173846.204706686665304, 538995.902818826260045, 0.0 ], [ 173846.241451364709064, 538996.200560099561699, 0.0 ], [ 173844.246584980399348, 538996.44674920651596, 0.0 ], [ 173844.154895504296292, 538995.702374703367241, 0.0 ], [ 173844.136523177061463, 538995.553504104958847, 0.0 ], [ 173843.72447587311035, 538995.604355480754748, 0.0 ], [ 173843.650823867152212, 538995.007554772426374, 0.0 ], [ 173843.675283280550502, 538995.004536201828159, 0.0 ], [ 173843.552794031362282, 538994.012008278281428, 0.0 ], [ 173843.528334251837805, 538994.015026741777547, 0.0 ], [ 173842.860805864038412, 538988.606066769221798, 0.0 ], [ 173842.885313500009943, 538988.603042399743572, 0.0 ], [ 173842.787332614389015, 538987.809065278735943, 0.0 ], [ 173842.762834432069212, 538987.812088480452076, 0.0 ], [ 173842.65827050851658, 538986.964915662654676, 0.0 ], [ 173847.422741639747983, 538986.381946396548301, 0.0 ], [ 173847.472363888489781, 538986.375822603120469, 0.0 ] ], [ [ 173842.711804708407726, 538988.624980338965543, 0.0 ], [ 173843.379330890427809, 538994.033940583118238, 0.0 ], [ 173843.354871147050289, 538994.036959344986826, 0.0 ], [ 173843.47736039722804, 538995.029487270046957, 0.0 ], [ 173843.501819810655434, 538995.026468699448742, 0.0 ], [ 173843.5754718145472, 538995.62326940742787, 0.0 ], [ 173843.163424500729889, 538995.674120695563033, 0.0 ], [ 173843.181796827382641, 538995.822991293272935, 0.0 ], [ 173843.273830691905459, 538996.567323296214454, 0.0 ], [ 173841.278964338445803, 538996.813512650784105, 0.0 ], [ 173841.242219686624594, 538996.515771374222822, 0.0 ], [ 173839.480584173667012, 538996.73317724163644, 0.0 ], [ 173839.51732865080703, 538997.030918509932235, 0.0 ], [ 173838.872159284481313, 538997.11001466459129, 0.0 ], [ 173837.902137655299157, 538989.218578092055395, 0.0 ], [ 173837.923441292427015, 538989.215948685654439, 0.0 ], [ 173837.825450684758835, 538988.421972762444057, 0.0 ], [ 173837.800338176602963, 538988.425071931560524, 0.0 ], [ 173837.696393927268218, 538987.582813771092333, 0.0 ], [ 173837.746016109420452, 538987.576689672889188, 0.0 ], [ 173842.509813292446779, 538986.988257842604071, 0.0 ], [ 173842.613804648077348, 538987.831005582935177, 0.0 ], [ 173842.589306501933606, 538987.834029083955102, 0.0 ], [ 173842.68729710864136, 538988.628005008096807, 0.0 ], [ 173842.711804708407726, 538988.624980338965543, 0.0 ] ], [ [ 173863.975146655895514, 538997.839423612458631, 0.0 ], [ 173864.085375149501488, 538998.73264787660446, 0.0 ], [ 173864.110575573664391, 538998.729538014275022, 0.0 ], [ 173864.778103283082601, 539004.138501567998901, 0.0 ], [ 173864.752869747200748, 539004.14161551813595, 0.0 ], [ 173864.863103710114956, 539005.034839106723666, 0.0 ], [ 173864.888337249314645, 539005.031725158216432, 0.0 ], [ 173865.151847511733649, 539007.166943490039557, 0.0 ], [ 173860.387986491317861, 539007.754857220337726, 0.0 ], [ 173860.014417505619349, 539004.727821551263332, 0.0 ], [ 173859.964793784020003, 539004.733945682295598, 0.0 ], [ 173859.297089174389839, 538999.323547141510062, 0.0 ], [ 173859.321512134134537, 538999.320533220889047, 0.0 ], [ 173859.211283639422618, 538998.427308957558125, 0.0 ], [ 173859.186855018342612, 538998.430323575157672, 0.0 ], [ 173859.113543031504378, 538997.836276443907991, 0.0 ], [ 173859.525417750730412, 538997.785444340785034, 0.0 ], [ 173859.415183914476074, 538996.892220010980964, 0.0 ], [ 173860.740158647240605, 538996.728704893961549, 0.0 ], [ 173860.776903220947133, 538997.026443962007761, 0.0 ], [ 173862.68276851036353, 538996.791240616119467, 0.0 ], [ 173862.646024045097874, 538996.493499396368861, 0.0 ], [ 173863.816791713354178, 538996.349013330531307, 0.0 ], [ 173864.000341610866599, 538997.836314423941076, 0.0 ], [ 173863.975146655895514, 538997.839423612458631, 0.0 ] ], [ [ 173859.012789345812052, 538998.451804180047475, 0.0 ], [ 173859.123017841979163, 538999.345028444658965, 0.0 ], [ 173859.148218454560265, 538999.341918557882309, 0.0 ], [ 173859.815923480957281, 539004.75231889646966, 0.0 ], [ 173859.766299759270623, 539004.758443076047115, 0.0 ], [ 173860.139871813706122, 539007.785477396915667, 0.0 ], [ 173855.37601097652805, 539008.373393064830452, 0.0 ], [ 173855.111391999118496, 539006.238250791444443, 0.0 ], [ 173855.136877916898811, 539006.235105696017854, 0.0 ], [ 173855.026649421779439, 539005.341881432221271, 0.0 ], [ 173855.002259384666104, 539005.344891288550571, 0.0 ], [ 173854.334731674054638, 538999.9359277341282, 0.0 ], [ 173854.359154825011501, 538999.932913792319596, 0.0 ], [ 173854.248926327796653, 538999.039689526194707, 0.0 ], [ 173854.224497711489676, 538999.042704145191237, 0.0 ], [ 173854.040955200936878, 538997.555462901014835, 0.0 ], [ 173855.211722871114034, 538997.410976836341433, 0.0 ], [ 173855.248467525292654, 538997.708718031644821, 0.0 ], [ 173857.154332486330532, 538997.473510451149195, 0.0 ], [ 173857.117588089138735, 538997.175771360634826, 0.0 ], [ 173858.442562740616268, 538997.012252541026101, 0.0 ], [ 173858.552796819712967, 538997.905476842308417, 0.0 ], [ 173858.964672044676263, 538997.85464882128872, 0.0 ], [ 173859.037984301656252, 538998.44869499350898, 0.0 ], [ 173859.012789345812052, 538998.451804180047475, 0.0 ] ], [ [ 173854.050439535320038, 538999.064245512359776, 0.0 ], [ 173854.160668031225214, 538999.957469775807112, 0.0 ], [ 173854.185868454223964, 538999.95435991382692, 0.0 ], [ 173854.853396165533923, 539005.363323468714952, 0.0 ], [ 173854.828162628022255, 539005.366437418735586, 0.0 ], [ 173854.938396590383491, 539006.259661006741226, 0.0 ], [ 173854.963630128448131, 539006.256547056604177, 0.0 ], [ 173855.227140389819397, 539008.391765390522778, 0.0 ], [ 173850.463279315794352, 539008.979679125826806, 0.0 ], [ 173850.089710384549107, 539005.952643450815231, 0.0 ], [ 173850.040086665307172, 539005.958767582895234, 0.0 ], [ 173849.372382054076297, 539000.548369041178375, 0.0 ], [ 173849.396805015450809, 539000.545355120673776, 0.0 ], [ 173849.286576518497895, 538999.652130857110023, 0.0 ], [ 173849.262147901405115, 538999.65514547470957, 0.0 ], [ 173849.188835912704235, 538999.061098343343474, 0.0 ], [ 173849.600710630853428, 538999.010266240104102, 0.0 ], [ 173849.490476795152063, 538998.117041908553801, 0.0 ], [ 173850.815451527683763, 538997.953526791767217, 0.0 ], [ 173850.852196102117887, 538998.251265860977583, 0.0 ], [ 173852.758061390049988, 538998.016062514972873, 0.0 ], [ 173852.721316926850704, 538997.718321295687929, 0.0 ], [ 173853.892084595980123, 538997.573835229966789, 0.0 ], [ 173854.075634489185177, 538999.061136323609389, 0.0 ], [ 173854.050439535320038, 538999.064245512359776, 0.0 ] ], [ [ 173849.088082206289982, 538999.676626081811264, 0.0 ], [ 173849.19831070190412, 539000.569850346189924, 0.0 ], [ 173849.223511316115037, 539000.566740461275913, 0.0 ], [ 173849.891216341318795, 539005.977140796021558, 0.0 ], [ 173849.841592621989548, 539005.983264978858642, 0.0 ], [ 173850.215164675173583, 539009.010299299261533, 0.0 ], [ 173845.451303857145831, 539009.598214964033104, 0.0 ], [ 173845.186684861138929, 539007.46307269227691, 0.0 ], [ 173845.212170777784195, 539007.459927597083151, 0.0 ], [ 173845.101942280423827, 539006.566703333519399, 0.0 ], [ 173845.07755224450375, 539006.569713189732283, 0.0 ], [ 173844.410024534736294, 539001.160749636008404, 0.0 ], [ 173844.434447684529005, 539001.157735692104325, 0.0 ], [ 173844.324219190631993, 539000.264511428191327, 0.0 ], [ 173844.299790569959441, 539000.267526045441628, 0.0 ], [ 173844.116248060920043, 538998.780284803360701, 0.0 ], [ 173845.287015731970314, 538998.635798738338053, 0.0 ], [ 173845.323760386905633, 538998.933539935038425, 0.0 ], [ 173847.229625346459216, 538998.698332352214493, 0.0 ], [ 173847.192880951304687, 538998.400593262515031, 0.0 ], [ 173848.517855599755421, 538998.237074442673475, 0.0 ], [ 173848.628089681093115, 538999.130298743606545, 0.0 ], [ 173849.03996490497957, 538999.079470722703263, 0.0 ], [ 173849.113277160970028, 538999.673516895389184, 0.0 ], [ 173849.088082206289982, 538999.676626081811264, 0.0 ] ], [ [ 173843.967377474240493, 538998.798657128587365, 0.0 ], [ 173844.15092737149098, 539000.285958224209026, 0.0 ], [ 173844.125732415996026, 539000.289067410631105, 0.0 ], [ 173844.235960911319125, 539001.182291673496366, 0.0 ], [ 173844.261161335976794, 539001.179181812214665, 0.0 ], [ 173844.928689046471845, 539006.588145366637036, 0.0 ], [ 173844.90345550730126, 539006.591259316075593, 0.0 ], [ 173845.01368947190349, 539007.484482905711047, 0.0 ], [ 173845.038923008803977, 539007.48136895603966, 0.0 ], [ 173845.302433271950576, 539009.616587288212031, 0.0 ], [ 173840.538572217104957, 539010.20450102223549, 0.0 ], [ 173840.165003267495194, 539007.177465348620899, 0.0 ], [ 173840.11537954499363, 539007.183589481399395, 0.0 ], [ 173839.447674934985116, 539001.773190939449705, 0.0 ], [ 173839.472097895137267, 539001.770177020924166, 0.0 ], [ 173839.361869398737326, 539000.876952756312676, 0.0 ], [ 173839.337440780043835, 539000.879967375309207, 0.0 ], [ 173839.264128792361589, 539000.285920243477449, 0.0 ], [ 173839.676003512198804, 539000.235088139073923, 0.0 ], [ 173839.565769677050412, 538999.341863807523623, 0.0 ], [ 173840.89074440652621, 538999.178348692366853, 0.0 ], [ 173840.927488981717033, 538999.476087760995142, 0.0 ], [ 173842.833354270958807, 538999.240884413942695, 0.0 ], [ 173842.796609807031928, 538998.943143195938319, 0.0 ], [ 173843.967377474240493, 538998.798657128587365, 0.0 ] ], [ [ 173906.148451979272068, 538923.533899940550327, 0.0 ], [ 173906.295677688467549, 538924.523317015497014, 0.0 ], [ 173906.748529770993628, 538928.396879584295675, 0.0 ], [ 173906.87106100746314, 538929.389481229009107, 0.0 ], [ 173906.94546397429076, 538929.380299518816173, 0.0 ], [ 173907.135458492732141, 538930.919536073692143, 0.0 ], [ 173905.398634745040908, 538931.133879905450158, 0.0 ], [ 173905.435379401606042, 538931.431621102266945, 0.0 ], [ 173903.673743888182798, 538931.649026988772675, 0.0 ], [ 173903.520641158072976, 538930.408438670216128, 0.0 ], [ 173903.198088177596219, 538930.448245383682661, 0.0 ], [ 173902.261744237039238, 538922.901106419390999, 0.0 ], [ 173906.082660484360531, 538922.429561834665947, 0.0 ], [ 173906.222802379867062, 538923.524587212363258, 0.0 ], [ 173906.148451979272068, 538923.533899940550327, 0.0 ] ], [ [ 173898.426377413270529, 538924.481805506744422, 0.0 ], [ 173898.29253131558653, 538923.390952503075823, 0.0 ], [ 173902.112777636386454, 538922.919490594766103, 0.0 ], [ 173903.043642198957969, 538930.462267350172624, 0.0 ], [ 173902.721089214726817, 538930.502074061543681, 0.0 ], [ 173902.874191943992628, 538931.742662379750982, 0.0 ], [ 173901.112556431879057, 538931.960068265791051, 0.0 ], [ 173901.075811774673639, 538931.662327070604078, 0.0 ], [ 173899.3389880307368, 538931.876670903293416, 0.0 ], [ 173899.149022292549489, 538930.337382369907573, 0.0 ], [ 173899.223455381084932, 538930.328196941060014, 0.0 ], [ 173899.125586794601986, 538929.535119771608151, 0.0 ], [ 173899.05114762840094, 538929.544305949821137, 0.0 ], [ 173898.524474074045429, 538925.276680767303333, 0.0 ], [ 173898.598936935683014, 538925.267491665435955, 0.0 ], [ 173898.500846352544613, 538924.47261565446388, 0.0 ], [ 173898.426377413270529, 538924.481805506744422, 0.0 ] ], [ [ 173898.375603358726948, 538925.295052182977088, 0.0 ], [ 173898.902276912238449, 538929.562677366193384, 0.0 ], [ 173898.827845356601756, 538929.571862605051138, 0.0 ], [ 173898.925713943172013, 538930.364939777064137, 0.0 ], [ 173899.000151576386997, 538930.355753787909634, 0.0 ], [ 173899.190117426216602, 538931.89504323026631, 0.0 ], [ 173897.453293800674146, 538932.109387072385289, 0.0 ], [ 173897.490038457821356, 538932.407128269085661, 0.0 ], [ 173895.728402942069806, 538932.624534156755544, 0.0 ], [ 173895.575300213386072, 538931.383945836918429, 0.0 ], [ 173895.2527471097128, 538931.42375254095532, 0.0 ], [ 173894.321882549615111, 538923.880975786130875, 0.0 ], [ 173898.14289478547289, 538923.409419354866259, 0.0 ], [ 173898.277506697922945, 538924.500176924630068, 0.0 ], [ 173898.203104913496645, 538924.509358489653096, 0.0 ], [ 173898.301195496693254, 538925.304234499926679, 0.0 ], [ 173898.375603358726948, 538925.295052182977088, 0.0 ] ], [ [ 173890.48660571972141, 538925.461614415980875, 0.0 ], [ 173890.352704366057878, 538924.370817580725998, 0.0 ], [ 173894.173011940030847, 538923.899348114500754, 0.0 ], [ 173895.103876504581422, 538931.442124868161045, 0.0 ], [ 173894.78132352308603, 538931.481931580929086, 0.0 ], [ 173894.934426251100376, 538932.722519898670726, 0.0 ], [ 173893.172790736542083, 538932.939925785991363, 0.0 ], [ 173893.136046081548557, 538932.642184589290991, 0.0 ], [ 173891.399222336418461, 538932.856528423028067, 0.0 ], [ 173891.209250598563813, 538931.317191281937994, 0.0 ], [ 173891.283683688176097, 538931.308005851460621, 0.0 ], [ 173891.185821098624729, 538930.514977290527895, 0.0 ], [ 173891.111381934140809, 538930.524163469672203, 0.0 ], [ 173890.584708548674826, 538926.256539654219523, 0.0 ], [ 173890.659171408595284, 538926.247350552934222, 0.0 ], [ 173890.561074657307472, 538925.45242456428241, 0.0 ], [ 173890.48660571972141, 538925.461614415980875, 0.0 ] ], [ [ 173890.435837831173558, 538926.274911072221585, 0.0 ], [ 173890.962511215766426, 538930.542534886742942, 0.0 ], [ 173890.888079659052892, 538930.551720125135034, 0.0 ], [ 173890.985942248662468, 538931.344748684787191, 0.0 ], [ 173891.06037988018943, 538931.335562696447596, 0.0 ], [ 173891.250351729715476, 538932.87490075128153, 0.0 ], [ 173889.513527982635424, 538933.089244581642561, 0.0 ], [ 173889.550272637570743, 538933.386985780089162, 0.0 ], [ 173887.788637124962406, 538933.604391665779985, 0.0 ], [ 173887.635534394765273, 538932.363803348154761, 0.0 ], [ 173887.312981414201204, 538932.403610060107894, 0.0 ], [ 173886.382116852124454, 538924.860833304817788, 0.0 ], [ 173890.203129091649316, 538924.389276875182986, 0.0 ], [ 173890.337735002220143, 538925.479985834565014, 0.0 ], [ 173890.263333219481865, 538925.48916739912238, 0.0 ], [ 173890.361429970827885, 538926.28409338532947, 0.0 ], [ 173890.435837831173558, 538926.274911072221585, 0.0 ] ], [ [ 173882.719405543903122, 538927.22720670257695, 0.0 ], [ 173882.62126867895131, 538926.432216732529923, 0.0 ], [ 173882.546831532410579, 538926.441403122502379, 0.0 ], [ 173882.412234001792967, 538925.350762065500021, 0.0 ], [ 173886.23324624315137, 538924.879205633653328, 0.0 ], [ 173887.164110806916142, 538932.421982388012111, 0.0 ], [ 173886.841557825333439, 538932.46178910031449, 0.0 ], [ 173886.99466055209632, 538933.702377417357638, 0.0 ], [ 173885.233025040652137, 538933.91978330607526, 0.0 ], [ 173885.196280385076534, 538933.622042109025642, 0.0 ], [ 173883.459456638782285, 538933.836385940783657, 0.0 ], [ 173883.269478904025164, 538932.297000189661048, 0.0 ], [ 173883.343911991949426, 538932.287814762443304, 0.0 ], [ 173883.246053260925692, 538931.494833603850566, 0.0 ], [ 173883.171616058243671, 538931.504019539570436, 0.0 ], [ 173882.644942682876717, 538927.236395805026405, 0.0 ], [ 173882.719405543903122, 538927.22720670257695, 0.0 ] ], [ [ 173873.686457508534659, 538925.269946767250076, 0.0 ], [ 173873.839291112381034, 538926.508354368270375, 0.0 ], [ 173873.764895408006851, 538926.517535181948915, 0.0 ], [ 173873.863007832522271, 538927.31258817948401, 0.0 ], [ 173873.937413609295618, 538927.303438971983269, 0.0 ], [ 173874.46421729499707, 538931.572118600597605, 0.0 ], [ 173874.389791808265727, 538931.58130308915861, 0.0 ], [ 173874.487638825085014, 538932.374221515725367, 0.0 ], [ 173874.562072279833956, 538932.365035577910021, 0.0 ], [ 173874.733680166333215, 538933.755570812383667, 0.0 ], [ 173872.996856421261327, 538933.969914644258097, 0.0 ], [ 173873.03360107447952, 538934.267655840725638, 0.0 ], [ 173871.271965561900288, 538934.485061727114953, 0.0 ], [ 173871.118862832721788, 538933.244473409373313, 0.0 ], [ 173870.796309851197293, 538933.284280121326447, 0.0 ], [ 173869.865445267234463, 538925.741503198398277, 0.0 ], [ 173873.686457508534659, 538925.269946767250076, 0.0 ] ], [ [ 173866.22098551801173, 538928.255718595697545, 0.0 ], [ 173866.122865150915459, 538927.460601258091629, 0.0 ], [ 173866.048390079609817, 538927.46979140478652, 0.0 ], [ 173865.896328341623303, 538926.231337434961461, 0.0 ], [ 173869.716574660211336, 538925.759875527233817, 0.0 ], [ 173870.647439243039116, 538933.302652449579909, 0.0 ], [ 173870.324886263348162, 538933.342459161765873, 0.0 ], [ 173870.47798899182817, 538934.583047481020913, 0.0 ], [ 173868.716353477590019, 538934.800453366478905, 0.0 ], [ 173868.679608823731542, 538934.502712171059102, 0.0 ], [ 173866.942785076622386, 538934.717056003515609, 0.0 ], [ 173866.771167255239561, 538933.326440261094831, 0.0 ], [ 173866.845606470218627, 538933.317254535853863, 0.0 ], [ 173866.747767546330579, 538932.524417722946964, 0.0 ], [ 173866.673322309448849, 538932.533604650874622, 0.0 ], [ 173866.146516580047319, 538928.264908447978087, 0.0 ], [ 173866.22098551801173, 538928.255718595697545, 0.0 ] ], [ [ 173908.823852054425515, 538933.325937039218843, 0.0 ], [ 173908.933109854842769, 538934.219199529034086, 0.0 ], [ 173909.544399646227248, 538934.143759314203635, 0.0 ], [ 173909.819064110080944, 538936.376932055922225, 0.0 ], [ 173907.834121759457048, 538936.621896552620456, 0.0 ], [ 173908.251528085849714, 538939.996176706044935, 0.0 ], [ 173908.17702604670194, 538940.005370642407797, 0.0 ], [ 173908.287151304830331, 538940.897762162028812, 0.0 ], [ 173908.361659424554091, 538940.888567473157309, 0.0 ], [ 173908.416888804349583, 538941.336090031545609, 0.0 ], [ 173904.669507021433674, 538941.798559626797214, 0.0 ], [ 173904.657973731198581, 538941.699090671027079, 0.0 ], [ 173904.583612105081556, 538941.708267280599102, 0.0 ], [ 173903.952828636509366, 538936.597042092238553, 0.0 ], [ 173904.027219187264564, 538936.587861912092194, 0.0 ], [ 173903.929140701395227, 538935.793083916069008, 0.0 ], [ 173903.854744073003531, 538935.802264844765887, 0.0 ], [ 173903.628267683816375, 538933.967131255543791, 0.0 ], [ 173904.862950540526072, 538933.81467601028271, 0.0 ], [ 173904.899695341999177, 538934.112416874733754, 0.0 ], [ 173906.741671825118829, 538933.88517753558699, 0.0 ], [ 173906.704927190119633, 538933.587436500703916, 0.0 ], [ 173908.823852054425515, 538933.325937039218843, 0.0 ] ], [ [ 173903.516141731408425, 538934.28324478014838, 0.0 ], [ 173903.705873516359134, 538935.820636240299791, 0.0 ], [ 173903.631398470839486, 538935.829826847766526, 0.0 ], [ 173903.729477749206126, 538936.624604746932164, 0.0 ], [ 173903.803957917494699, 538936.615413508261554, 0.0 ], [ 173904.434741320612375, 538941.726638705353253, 0.0 ], [ 173904.360232293896843, 538941.735833504819311, 0.0 ], [ 173904.458112981694285, 538942.529008730780333, 0.0 ], [ 173904.532628083223244, 538942.51981318066828, 0.0 ], [ 173904.64446108834818, 538943.433942248229869, 0.0 ], [ 173900.823448848357657, 538943.905498679843731, 0.0 ], [ 173900.711612955085002, 538942.991346220253035, 0.0 ], [ 173900.785377965512453, 538942.982243233243935, 0.0 ], [ 173900.687157560576452, 538942.18913345632609, 0.0 ], [ 173900.612795868102694, 538942.198310074978508, 0.0 ], [ 173899.982778521167347, 538937.086992764961906, 0.0 ], [ 173900.056745887966827, 538937.077864809078164, 0.0 ], [ 173899.959254854067694, 538936.282988369232044, 0.0 ], [ 173899.884858223755145, 538936.292169297928922, 0.0 ], [ 173899.811487563914852, 538935.697648333618417, 0.0 ], [ 173900.134040555160027, 538935.657841700245626, 0.0 ], [ 173900.115668218204519, 538935.508971022441983, 0.0 ], [ 173899.980937950429507, 538934.417254381813109, 0.0 ], [ 173901.742573463940062, 538934.199848495656624, 0.0 ], [ 173901.779318000451894, 538934.497588731814176, 0.0 ], [ 173903.516141731408425, 538934.28324478014838, 0.0 ] ], [ [ 173899.662616659188643, 538935.716018249629997, 0.0 ], [ 173899.735987503605429, 538936.310540715930983, 0.0 ], [ 173899.661513413797366, 538936.319731203606352, 0.0 ], [ 173899.759595057665138, 538937.114534757332876, 0.0 ], [ 173899.834075222286629, 538937.105343519710004, 0.0 ], [ 173900.463925149757415, 538942.216681489720941, 0.0 ], [ 173900.389416121091926, 538942.225876290816814, 0.0 ], [ 173900.488227133289911, 538943.018913183943368, 0.0 ], [ 173900.562742239562795, 538943.009717636159621, 0.0 ], [ 173900.674578241072595, 538943.923871009727009, 0.0 ], [ 173896.852800082881004, 538944.395521962782368, 0.0 ], [ 173895.72524634358706, 538935.24472755973693, 0.0 ], [ 173897.462070090463385, 538935.030383725650609, 0.0 ], [ 173897.425325436313869, 538934.732642531045713, 0.0 ], [ 173899.186960951483343, 538934.51523664360866, 0.0 ], [ 173899.340063680923777, 538935.755824968684465, 0.0 ], [ 173899.662616659188643, 538935.716018249629997, 0.0 ] ], [ [ 173892.194274554669391, 538936.63769673963543, 0.0 ], [ 173892.041171825811034, 538935.397108420846052, 0.0 ], [ 173893.802807339001447, 538935.179702533176169, 0.0 ], [ 173893.839551993092755, 538935.47744372067973, 0.0 ], [ 173895.576375739154173, 538935.263099888339639, 0.0 ], [ 173896.704695393709699, 538944.413799768313766, 0.0 ], [ 173892.883683147258125, 538944.88535620062612, 0.0 ], [ 173892.771841263980605, 538943.971155127510428, 0.0 ], [ 173892.846196877071634, 538943.961979259853251, 0.0 ], [ 173892.74832502042409, 538943.168875583796762, 0.0 ], [ 173892.673795908427564, 538943.178072861162946, 0.0 ], [ 173892.04318025012617, 538938.06682964542415, 0.0 ], [ 173892.117570803908166, 538938.057649465627037, 0.0 ], [ 173892.019483159063384, 538937.26279727939982, 0.0 ], [ 173891.945086527644889, 538937.271978209144436, 0.0 ], [ 173891.871554153272882, 538936.677524113678373, 0.0 ], [ 173892.194274554669391, 538936.63769673963543, 0.0 ] ], [ [ 173874.346075985871721, 538936.725527559174225, 0.0 ], [ 173874.309331351367291, 538936.42778652405832, 0.0 ], [ 173876.428256214072462, 538936.166287061758339, 0.0 ], [ 173876.536745651130332, 538937.05960558494553, 0.0 ], [ 173877.148844809562434, 538936.984065483906306, 0.0 ], [ 173877.246709507715423, 538937.777060913620517, 0.0 ], [ 173877.171644810441649, 538937.78632428671699, 0.0 ], [ 173877.269743336073589, 538938.58126463368535, 0.0 ], [ 173877.343117223412264, 538938.572209459962323, 0.0 ], [ 173877.42269990791101, 538939.217338112764992, 0.0 ], [ 173875.437757558538578, 538939.462302610627376, 0.0 ], [ 173875.849934391560964, 538942.787925009964965, 0.0 ], [ 173875.774841742648277, 538942.797191829187796, 0.0 ], [ 173875.872568084625527, 538943.589116381364875, 0.0 ], [ 173875.980967031791806, 538943.576827014097944, 0.0 ], [ 173876.054456234589452, 538944.172308538807556, 0.0 ], [ 173872.27463764505228, 538944.638781204470433, 0.0 ], [ 173872.243414920201758, 538944.390642693033442, 0.0 ], [ 173872.169643901812378, 538944.399746417650022, 0.0 ], [ 173871.538860559870955, 538939.288522257120349, 0.0 ], [ 173871.612660505750682, 538939.279414964141324, 0.0 ], [ 173871.514557477319613, 538938.484438135637902, 0.0 ], [ 173871.440751456597354, 538938.493546179728583, 0.0 ], [ 173871.232671842502896, 538936.807481277966872, 0.0 ], [ 173872.478222429432208, 538936.653766369214281, 0.0 ], [ 173872.514967230468756, 538936.951507235760801, 0.0 ], [ 173874.346075985871721, 538936.725527559174225, 0.0 ] ], [ [ 173891.722850987978745, 538936.695875947712921, 0.0 ], [ 173891.796215808135457, 538937.290349626215175, 0.0 ], [ 173891.721741720015416, 538937.299540113192052, 0.0 ], [ 173891.819829364918405, 538938.094392300467007, 0.0 ], [ 173891.894476949091768, 538938.085180404479615, 0.0 ], [ 173892.525092609168496, 538943.196423617308028, 0.0 ], [ 173892.45058358219103, 538943.205618416774087, 0.0 ], [ 173892.548455438896781, 538943.998722095508128, 0.0 ], [ 173892.622970537864603, 538943.98952654376626, 0.0 ], [ 173892.734812546201283, 538944.903728528646752, 0.0 ], [ 173888.913800306298072, 538945.375284958980046, 0.0 ], [ 173888.801955418224679, 538944.461059580207802, 0.0 ], [ 173888.876311030500801, 538944.451883715111762, 0.0 ], [ 173888.778442172304494, 538943.658804342034273, 0.0 ], [ 173888.704080479597906, 538943.667980959988199, 0.0 ], [ 173888.07329722965369, 538938.556757092708722, 0.0 ], [ 173888.147687793767545, 538938.547576913260855, 0.0 ], [ 173888.049597311357502, 538937.752701735240407, 0.0 ], [ 173887.975200515618781, 538937.761882684193552, 0.0 ], [ 173887.785480634338455, 538936.224584958399646, 0.0 ], [ 173889.52230437961407, 538936.010241125244647, 0.0 ], [ 173889.485559741588077, 538935.71250004938338, 0.0 ], [ 173891.247195239673601, 538935.495094042038545, 0.0 ], [ 173891.381925638910616, 538936.586811762070283, 0.0 ], [ 173891.400297990127001, 538936.735682543134317, 0.0 ], [ 173891.722850987978745, 538936.695875947712921, 0.0 ] ], [ [ 173869.346977633860661, 538937.040198589093052, 0.0 ], [ 173869.383722169848625, 538937.337938825134188, 0.0 ], [ 173871.120545901125297, 538937.123594873468392, 0.0 ], [ 173871.291880738455802, 538938.51191759610083, 0.0 ], [ 173871.217406648211181, 538938.521108085871674, 0.0 ], [ 173871.314919066702714, 538939.316157796769403, 0.0 ], [ 173871.389989841729403, 538939.306893677683547, 0.0 ], [ 173872.020773118245415, 538944.418117842171341, 0.0 ], [ 173871.946264091966441, 538944.42731264187023, 0.0 ], [ 173872.043529759364901, 538945.22036294778809, 0.0 ], [ 173872.118635467748391, 538945.211094514816068, 0.0 ], [ 173872.248258151870687, 538946.274327478720807, 0.0 ], [ 173868.427245914004743, 538946.74588390882127, 0.0 ], [ 173868.297620341094444, 538945.682627553236671, 0.0 ], [ 173868.371385350939818, 538945.673524569603615, 0.0 ], [ 173868.273532066406915, 538944.880571398884058, 0.0 ], [ 173868.199760981689906, 538944.889675130485557, 0.0 ], [ 173867.568810288008535, 538939.778471651836298, 0.0 ], [ 173867.642777654284146, 538939.769343696185388, 0.0 ], [ 173867.544671632349491, 538938.974342589499429, 0.0 ], [ 173867.470865609706379, 538938.983450634987094, 0.0 ], [ 173867.415891732700402, 538938.537998426356353, 0.0 ], [ 173867.738444724993315, 538938.498191793914884, 0.0 ], [ 173867.720072386902757, 538938.349321116693318, 0.0 ], [ 173867.585342118196422, 538937.257604476180859, 0.0 ], [ 173869.346977633860661, 538937.040198589093052, 0.0 ] ], [ [ 173893.383050951408222, 538974.620161833008751, 0.0 ], [ 173893.587115111731691, 538976.273687552195042, 0.0 ], [ 173893.559051109827124, 538976.277150039793923, 0.0 ], [ 173893.658975610334892, 538977.08687623415608, 0.0 ], [ 173893.687044099031482, 538977.083412438165396, 0.0 ], [ 173894.366819922084687, 538982.591622208245099, 0.0 ], [ 173894.338730652962113, 538982.595088568981737, 0.0 ], [ 173894.429126844159327, 538983.327603983110748, 0.0 ], [ 173894.045358298986685, 538983.374965060618706, 0.0 ], [ 173894.155592309602071, 538984.268189018708654, 0.0 ], [ 173892.160711905889912, 538984.514370182878338, 0.0 ], [ 173892.12396725275903, 538984.216628907131962, 0.0 ], [ 173890.362332006363431, 538984.434034647536464, 0.0 ], [ 173890.399076760630123, 538984.73177815345116, 0.0 ], [ 173889.75397024556878, 538984.811385886976495, 0.0 ], [ 173889.66356730737607, 538984.078854947467335, 0.0 ], [ 173889.685096130939201, 538984.076198179507628, 0.0 ], [ 173889.574862165696686, 538983.182974590687081, 0.0 ], [ 173889.553333345393185, 538983.185631357249804, 0.0 ], [ 173888.898053989483742, 538977.87591599568259, 0.0 ], [ 173888.919594385661185, 538977.873257665312849, 0.0 ], [ 173888.797118296963163, 538976.880786393303424, 0.0 ], [ 173888.775571808364475, 538976.88344534044154, 0.0 ], [ 173888.569567999395076, 538975.214200455113314, 0.0 ], [ 173893.383050951408222, 538974.620161833008751, 0.0 ] ], [ [ 173888.420697189692874, 538975.232569081592374, 0.0 ], [ 173888.626701043220237, 538976.901813963544555, 0.0 ], [ 173888.605154585209675, 538976.904473177157342, 0.0 ], [ 173888.727642827492673, 538977.896942947641946, 0.0 ], [ 173888.74918322369922, 538977.894284619134851, 0.0 ], [ 173889.404462575097568, 538983.20399998081848, 0.0 ], [ 173889.382933785382193, 538983.206657013506629, 0.0 ], [ 173889.493167749402346, 538984.099880602909252, 0.0 ], [ 173889.514696542348247, 538984.097223569988273, 0.0 ], [ 173889.605098934756825, 538984.829754578880966, 0.0 ], [ 173888.959993820404634, 538984.909373653819785, 0.0 ], [ 173888.923248698149109, 538984.61163019365631, 0.0 ], [ 173887.161613478907384, 538984.829036157345399, 0.0 ], [ 173887.198358159017516, 538985.126777430763468, 0.0 ], [ 173885.203480135445716, 538985.372977897641249, 0.0 ], [ 173885.093246124655707, 538984.479753940249793, 0.0 ], [ 173884.709477661876008, 538984.527115670964122, 0.0 ], [ 173884.619072500790935, 538983.794601366040297, 0.0 ], [ 173884.59098327162792, 538983.798068070900626, 0.0 ], [ 173883.911207447730703, 538978.289858297677711, 0.0 ], [ 173883.93927589643863, 538978.28639415698126, 0.0 ], [ 173883.841285287664505, 538977.492418233770877, 0.0 ], [ 173883.813215293834219, 538977.49588256678544, 0.0 ], [ 173883.60721423724317, 538975.826607702416368, 0.0 ], [ 173888.420697189692874, 538975.232569081592374, 0.0 ] ], [ [ 173883.458343638718361, 538975.844980113673955, 0.0 ], [ 173883.664357446774375, 538977.514253402943723, 0.0 ], [ 173883.636287413915852, 538977.517717391718179, 0.0 ], [ 173883.734268296859227, 538978.311694515170529, 0.0 ], [ 173883.762336787389359, 538978.308230719179846, 0.0 ], [ 173884.442112608870957, 538983.816440490423702, 0.0 ], [ 173884.414023340679705, 538983.819906850578263, 0.0 ], [ 173884.504419532342581, 538984.552422265405767, 0.0 ], [ 173884.120650987286353, 538984.599783342797309, 0.0 ], [ 173884.230884997319663, 538985.493007300654426, 0.0 ], [ 173882.236004592123209, 538985.739188466221094, 0.0 ], [ 173882.199259941000491, 538985.441447189077735, 0.0 ], [ 173880.437624694372062, 538985.658852929249406, 0.0 ], [ 173880.474369446572382, 538985.956596434465609, 0.0 ], [ 173879.829262934188591, 538986.03620416962076, 0.0 ], [ 173879.738859995559324, 538985.303673229413107, 0.0 ], [ 173879.760388820519438, 538985.301016461336985, 0.0 ], [ 173879.650154855859, 538984.4077928714687, 0.0 ], [ 173879.628626031364547, 538984.410449639544822, 0.0 ], [ 173878.973346678452799, 538979.100734276464209, 0.0 ], [ 173878.994887076027226, 538979.098075948189944, 0.0 ], [ 173878.872410985786701, 538978.10560467466712, 0.0 ], [ 173878.850864495761925, 538978.10826362343505, 0.0 ], [ 173878.644860685890308, 538976.439018735894933, 0.0 ], [ 173883.458343638718361, 538975.844980113673955, 0.0 ] ], [ [ 173878.680632670497289, 538978.129273560713045, 0.0 ], [ 173878.803120911557926, 538979.121743332478218, 0.0 ], [ 173878.824661309161456, 538979.119085002224892, 0.0 ], [ 173879.479940660356078, 538984.428800365654752, 0.0 ], [ 173879.458411869243719, 538984.431457398692146, 0.0 ], [ 173879.568645832710899, 538985.324680987396277, 0.0 ], [ 173879.590174624230713, 538985.322023955057375, 0.0 ], [ 173879.680577019869816, 538986.054554961971007, 0.0 ], [ 173879.035471905372106, 538986.13417403830681, 0.0 ], [ 173878.998726782388985, 538985.836430578958243, 0.0 ], [ 173877.237091562885325, 538986.053836542065255, 0.0 ], [ 173877.27383624095819, 538986.351577814901248, 0.0 ], [ 173875.278958218637854, 538986.597778283525258, 0.0 ], [ 173875.168724208400818, 538985.704554325784557, 0.0 ], [ 173874.784955745766638, 538985.751916056964546, 0.0 ], [ 173874.694550584245007, 538985.019401749596, 0.0 ], [ 173874.666461356042419, 538985.022868455736898, 0.0 ], [ 173873.986685530922841, 538979.514658683678135, 0.0 ], [ 173874.014753978670342, 538979.511194543214515, 0.0 ], [ 173873.916763372573769, 538978.71721861930564, 0.0 ], [ 173873.888693379703909, 538978.720682950806804, 0.0 ], [ 173873.68269231938757, 538977.051408088067546, 0.0 ], [ 173878.496175272652181, 538976.457369467127137, 0.0 ], [ 173878.702179124316899, 538978.126614349428564, 0.0 ], [ 173878.680632670497289, 538978.129273560713045, 0.0 ] ], [ [ 173873.533636682608631, 538977.069803336518817, 0.0 ], [ 173873.739650491595967, 538978.73907662415877, 0.0 ], [ 173873.711580456903903, 538978.742540612700395, 0.0 ], [ 173873.809561342786765, 538979.536517736269161, 0.0 ], [ 173873.837629829533398, 538979.533053938299417, 0.0 ], [ 173874.517405655002221, 538985.041263711173087, 0.0 ], [ 173874.489316385006532, 538985.044730071444064, 0.0 ], [ 173874.579712577076862, 538985.777245486271568, 0.0 ], [ 173874.195944032166153, 538985.824606563313864, 0.0 ], [ 173874.306178041617386, 538986.717830520938151, 0.0 ], [ 173872.311297634936636, 538986.964011685806327, 0.0 ], [ 173872.274552985880291, 538986.66627040959429, 0.0 ], [ 173870.512917738931719, 538986.883676151512191, 0.0 ], [ 173870.549662491888739, 538987.181419658125378, 0.0 ], [ 173869.904555976565462, 538987.261027390370145, 0.0 ], [ 173869.814153040351812, 538986.528496451443061, 0.0 ], [ 173869.835681863885839, 538986.525839681387879, 0.0 ], [ 173869.725447899807477, 538985.632616092334501, 0.0 ], [ 173869.703919076680904, 538985.635272862156853, 0.0 ], [ 173869.048639721208019, 538980.325557499192655, 0.0 ], [ 173869.07018012017943, 538980.322899168822914, 0.0 ], [ 173868.947704028396402, 538979.330427896464244, 0.0 ], [ 173868.92615753976861, 538979.333086842554621, 0.0 ], [ 173868.720153731730534, 538977.66384195687715, 0.0 ], [ 173873.533636682608631, 538977.069803336518817, 0.0 ] ] ], [ [ [ 173882.190486248931848, 538939.282763424795121, 0.0 ], [ 173882.192272913816851, 538939.282542940112762, 0.0 ], [ 173882.094768541370286, 538938.487558417138644, 0.0 ], [ 173882.092405524657806, 538938.487850025529042, 0.0 ], [ 173882.190486248931848, 538939.282763424795121, 0.0 ] ] ] ] } },
{ "type": "Feature", "properties": { "H_SHMRS": 3.25, "Z_MIN": 49.5, "Z_MAX": 54.0, "no": null, "provinsi": "Bali", "kabupaten": "Kota Denpasar", "kecamatan": "Denpasar Selatan", "desa_kelur": "Sanur", "id": 43.0, "nogambarde": null, "nohmsrs": null, "unit": null, "lantai": "4", "lantaim2": null, "fungsi": null, "penggunaan": "Tanah Perumahan", "alamat": null, "nibtanahbe": "01530", "nibunit": null, "building": "00004", "Keterangan": "Ruang Umum" }, "geometry": { "type": "MultiPolygon", "coordinates": [ [ [ [ 173909.545400047267321, 538934.141400000429712, 0.0 ], [ 173909.979500049288617, 538937.600200001033954, 0.0 ], [ 173909.997000046860194, 538937.741700000013225, 0.0 ], [ 173910.812500048283255, 538944.35370000207331, 0.0 ], [ 173913.502500047092326, 538944.06160000001546, 0.0 ], [ 173915.982500047364738, 538964.240300000179559, 0.0 ], [ 173916.195200047921389, 538965.971100002177991, 0.0 ], [ 173933.194300046103308, 538963.911400001263246, 0.0 ], [ 173931.236100049281958, 538945.87120000156574, 0.0 ], [ 173933.204700047412189, 538945.684300000662915, 0.0 ], [ 173931.973600047029322, 538939.449000000604428, 0.0 ], [ 173928.895400047855219, 538917.625100001110695, 0.0 ], [ 173913.736000047560083, 538919.442900000023656, 0.0 ], [ 173914.127200046641519, 538922.433800002094358, 0.0 ], [ 173908.164300047996221, 538923.130200001760386, 0.0 ], [ 173909.545400047267321, 538934.141400000429712, 0.0 ] ], [ [ 173927.331971763254842, 538917.945249603013508, 0.0 ], [ 173928.232219699129928, 538925.239940468105488, 0.0 ], [ 173917.315075832302682, 538926.587240369874053, 0.0 ], [ 173916.846679760754341, 538922.791836464428343, 0.0 ], [ 173916.774931074993219, 538922.210456374334171, 0.0 ], [ 173917.271137956529856, 538922.149250828428194, 0.0 ], [ 173917.151227941445541, 538921.177622396848164, 0.0 ], [ 173916.655024954554392, 538921.238859496661462, 0.0 ], [ 173916.414828127715737, 538919.292549472651444, 0.0 ], [ 173918.250903436768567, 538919.065956866834313, 0.0 ], [ 173918.259952181047993, 538919.139276604400948, 0.0 ], [ 173919.054068100434961, 538919.042422196362168, 0.0 ], [ 173919.044879989087349, 538918.96797111723572, 0.0 ], [ 173924.205730866233353, 538918.331063337158412, 0.0 ], [ 173924.211854975088499, 538918.380686875549145, 0.0 ], [ 173925.005831544811372, 538918.282701123622246, 0.0 ], [ 173924.999707435054006, 538918.233077584882267, 0.0 ], [ 173927.331971763254842, 538917.945249603013508, 0.0 ] ], [ [ 173928.257227551832329, 538925.440524465520866, 0.0 ], [ 173929.154277285939315, 538932.709312397288159, 0.0 ], [ 173918.236844634026056, 538934.056647934718058, 0.0 ], [ 173917.952204438537592, 538931.750214172177948, 0.0 ], [ 173918.250323164538713, 538931.713422924862243, 0.0 ], [ 173917.971167817944661, 538929.454538353951648, 0.0 ], [ 173917.673426604160341, 538929.491283010109328, 0.0 ], [ 173917.387440556543879, 538927.173943831468932, 0.0 ], [ 173918.429280049313093, 538927.045368973631412, 0.0 ], [ 173918.381371273630066, 538926.657165135256946, 0.0 ], [ 173928.257227551832329, 538925.440524465520866, 0.0 ] ], [ [ 173929.172388731414685, 538932.856061445432715, 0.0 ], [ 173930.069441393541638, 538940.124849015846848, 0.0 ], [ 173920.194108427298488, 538941.345730060245842, 0.0 ], [ 173920.146199651499046, 538940.957526221871376, 0.0 ], [ 173919.104360157856718, 538941.086101083317772, 0.0 ], [ 173918.818374109803699, 538938.768761906772852, 0.0 ], [ 173919.116115323937265, 538938.732017248519696, 0.0 ], [ 173918.837715003115591, 538936.473039498901926, 0.0 ], [ 173918.539596277463716, 538936.509830744122155, 0.0 ], [ 173918.254956081160344, 538934.203396982164122, 0.0 ], [ 173929.172388731414685, 538932.856061445432715, 0.0 ] ], [ [ 173920.218343113927403, 538941.54210323037114, 0.0 ], [ 173930.094199390790891, 538940.325462559005246, 0.0 ], [ 173930.991249125712784, 538947.594250493566506, 0.0 ], [ 173920.073816473130137, 538948.94158602936659, 0.0 ], [ 173919.789176278485684, 538946.635152265196666, 0.0 ], [ 173920.087295002071187, 538946.59836102090776, 0.0 ], [ 173919.808139658067375, 538944.339476448833011, 0.0 ], [ 173919.510398444021121, 538944.376221105689183, 0.0 ], [ 173919.224412396200933, 538942.058881927630864, 0.0 ], [ 173920.266251888417173, 538941.930307068163529, 0.0 ], [ 173920.218343113927403, 538941.54210323037114, 0.0 ] ], [ [ 173920.09218881270499, 538949.090456713340245, 0.0 ], [ 173931.010394207638456, 538947.742993778083473, 0.0 ], [ 173932.829942948068492, 538962.482242577942088, 0.0 ], [ 173921.910645841358928, 538963.829808210604824, 0.0 ], [ 173921.622808267187793, 538961.497466152883135, 0.0 ], [ 173922.516579048649874, 538961.387165147112682, 0.0 ], [ 173922.369600429083221, 538960.196200360893272, 0.0 ], [ 173921.787121817440493, 538960.268052821047604, 0.0 ], [ 173920.93573979937355, 538953.369321506470442, 0.0 ], [ 173920.624986308219377, 538953.4077040606644, 0.0 ], [ 173920.449356708180858, 538951.984580944292247, 0.0 ], [ 173921.342581275093835, 538951.874346858821809, 0.0 ], [ 173921.222548779682256, 538950.901725984876975, 0.0 ], [ 173920.329324210702907, 538951.011960070230998, 0.0 ], [ 173920.09218881270499, 538949.090456713340245, 0.0 ] ] ] ] } },
{ "type": "Feature", "properties": { "H_SHMRS": 3.25, "Z_MIN": 36.0, "Z_MAX": 40.5, "no": null, "provinsi": "Bali", "kabupaten": "Kota Denpasar", "kecamatan": "Denpasar Selatan", "desa_kelur": "Sanur", "id": 1.0, "nogambarde": null, "nohmsrs": null, "unit": null, "lantai": "1", "lantaim2": 332.76050449000002, "fungsi": "BALLROOM", "penggunaan": "Tanah Perumahan", "alamat": null, "nibtanahbe": "01530", "nibunit": "1", "building": "00004", "Keterangan": "Ruang Umum" }, "geometry": { "type": "MultiPolygon", "coordinates": [ [ [ [ 173931.501420388376573, 538939.996674894820899, 0.0 ], [ 173929.717157609848073, 538925.538563345908187, 0.0 ], [ 173929.467275729926769, 538925.569401616812684, 0.0 ], [ 173929.375414092559367, 538924.825048619648442, 0.0 ], [ 173929.62526360451011, 538924.79421434411779, 0.0 ], [ 173929.104746690980392, 538920.576210037339479, 0.0 ], [ 173928.604982930002734, 538920.637886578100733, 0.0 ], [ 173928.513121290510753, 538919.893533581867814, 0.0 ], [ 173929.01285268474021, 538919.831861037760973, 0.0 ], [ 173928.764214170398191, 538917.817148186150007, 0.0 ], [ 173913.952189825096866, 538919.645120698376559, 0.0 ], [ 173914.200215717108222, 538921.654869487276301, 0.0 ], [ 173914.795203356537968, 538921.581441236427054, 0.0 ], [ 173914.887064994691173, 538922.325794232543558, 0.0 ], [ 173914.390829637675779, 538922.3870353277307, 0.0 ], [ 173914.911384855426149, 538926.605083742062561, 0.0 ], [ 173915.407620211102767, 538926.543842647923157, 0.0 ], [ 173915.499481848382857, 538927.288195643923245, 0.0 ], [ 173914.903999423288042, 538927.361684957519174, 0.0 ], [ 173915.424450614635134, 538931.579668110236526, 0.0 ], [ 173916.020554713992169, 538931.5061020742869, 0.0 ], [ 173916.11241635037004, 538932.250455070286989, 0.0 ], [ 173915.516295568784699, 538932.324023164925165, 0.0 ], [ 173916.037209958594758, 538936.541978366323747, 0.0 ], [ 173916.632965625874931, 538936.468455330934376, 0.0 ], [ 173916.724827264173655, 538937.212808326818049, 0.0 ], [ 173916.128919798240531, 538937.286350094946101, 0.0 ], [ 173916.327193992474349, 538938.895928345387802, 0.0 ], [ 173915.526507926435443, 538938.994742134236731, 0.0 ], [ 173915.887830383318942, 538941.92253058438655, 0.0 ], [ 173916.53967390046455, 538941.842053695581853, 0.0 ], [ 173917.527048289834056, 538941.672042745281942, 0.0 ], [ 173920.994690380612155, 538941.29262577870395, 0.0 ], [ 173921.981388661428355, 538941.123369702021591, 0.0 ], [ 173926.751070254598744, 538940.582606049370952, 0.0 ], [ 173927.737721966346726, 538940.412972608231939, 0.0 ], [ 173931.501420388376573, 538939.996674894820899, 0.0 ] ] ] ] } },
{ "type": "Feature", "properties": { "H_SHMRS": 3.25, "Z_MIN": 36.0, "Z_MAX": 40.25, "no": null, "provinsi": "Bali", "kabupaten": "Kota Denpasar", "kecamatan": "Denpasar Selatan", "desa_kelur": "Sanur", "id": 4.0, "nogambarde": null, "nohmsrs": null, "unit": null, "lantai": "1", "lantaim2": 78.406087600600003, "fungsi": "ZANOOR", "penggunaan": "Tanah Perumahan", "alamat": null, "nibtanahbe": "01530", "nibunit": "4", "building": "00003", "Keterangan": "Ruang Khusus" }, "geometry": { "type": "MultiPolygon", "coordinates": [ [ [ [ 173827.157783272181405, 538966.262940159533173, 0.0 ], [ 173826.517543751484482, 538961.075092255952768, 0.0 ], [ 173827.779970414354466, 538960.919294425752014, 0.0 ], [ 173827.215813402930507, 538956.347920713247731, 0.0 ], [ 173818.588448499504011, 538957.456851458991878, 0.0 ], [ 173819.174638831202174, 538962.210219318978488, 0.0 ], [ 173819.920168110838858, 538962.118212513043545, 0.0 ], [ 173819.944664548238507, 538962.316706646117382, 0.0 ], [ 173819.199117604846833, 538962.408715629717335, 0.0 ], [ 173819.786608185735531, 538967.172627121559344, 0.0 ], [ 173827.157783272181405, 538966.262940159533173, 0.0 ] ], [ [ 173825.552123922447208, 538961.624682291643694, 0.0 ], [ 173825.527627486968413, 538961.42618815752212, 0.0 ], [ 173826.222356984944781, 538961.340450626797974, 0.0 ], [ 173826.246853420860134, 538961.538944758940488, 0.0 ], [ 173825.552123922447208, 538961.624682291643694, 0.0 ] ] ] ] } },
{ "type": "Feature", "properties": { "H_SHMRS": 3.25, "Z_MIN": 36.0, "Z_MAX": 40.25, "no": null, "provinsi": "Bali", "kabupaten": "Kota Denpasar", "kecamatan": "Denpasar Selatan", "desa_kelur": "Sanur", "id": 5.0, "nogambarde": null, "nohmsrs": null, "unit": null, "lantai": "1", "lantaim2": 112.880497193, "fungsi": "ZANOOR II", "penggunaan": "Tanah Perumahan", "alamat": null, "nibtanahbe": "01530", "nibunit": "5", "building": "00003", "Keterangan": "Ruang Khusus" }, "geometry": { "type": "MultiPolygon", "coordinates": [ [ [ [ 173832.472451470355736, 538975.682945186039433, 0.0 ], [ 173831.272126070107333, 538965.956732702557929, 0.0 ], [ 173819.809775194793474, 538967.371317353681661, 0.0 ], [ 173820.397651762992609, 538972.134999772068113, 0.0 ], [ 173821.142758082889486, 538972.043045166647062, 0.0 ], [ 173821.1672545192705, 538972.241539299720898, 0.0 ], [ 173820.422147540695732, 538972.333493985701352, 0.0 ], [ 173821.009798159881029, 538977.09534548339434, 0.0 ], [ 173832.472451470355736, 538975.682945186039433, 0.0 ] ], [ [ 173827.447178821836133, 538971.265157242305577, 0.0 ], [ 173827.471675259555923, 538971.463651374680921, 0.0 ], [ 173826.776945759134833, 538971.549388907384127, 0.0 ], [ 173826.752449324645568, 538971.350894775358029, 0.0 ], [ 173827.447178821836133, 538971.265157242305577, 0.0 ] ] ] ] } },
{ "type": "Feature", "properties": { "H_SHMRS": 3.25, "Z_MIN": 36.0, "Z_MAX": 40.25, "no": null, "provinsi": "Bali", "kabupaten": "Kota Denpasar", "kecamatan": "Denpasar Selatan", "desa_kelur": "Sanur", "id": 2.0, "nogambarde": null, "nohmsrs": null, "unit": null, "lantai": "1", "lantaim2": 35.656584983199998, "fungsi": "FITNESS", "penggunaan": "Tanah Perumahan", "alamat": null, "nibtanahbe": "01530", "nibunit": "2", "building": "00003", "Keterangan": "Ruang Umum" }, "geometry": { "type": "MultiPolygon", "coordinates": [ [ [ [ 173828.995048394863261, 538981.149996088352054, 0.0 ], [ 173828.407101545337355, 538976.386140908347443, 0.0 ], [ 173821.034593136777403, 538977.295992417843081, 0.0 ], [ 173821.622507617110386, 538982.059851592755876, 0.0 ], [ 173828.995048394863261, 538981.149996088352054, 0.0 ] ] ] ] } },
{ "type": "Feature", "properties": { "H_SHMRS": 3.25, "Z_MIN": 36.0, "Z_MAX": 40.25, "no": null, "provinsi": "Bali", "kabupaten": "Kota Denpasar", "kecamatan": "Denpasar Selatan", "desa_kelur": "Sanur", "id": 8196.0, "nogambarde": "GD.00105/2019", "nohmsrs": "22090301700105", "unit": null, "lantai": "1", "lantaim2": 45.770007614199997, "fungsi": "No. Unit 01B1-02", "penggunaan": "Tanah Perumahan", "alamat": null, "nibtanahbe": "01530", "nibunit": "8196", "building": "00003", "Keterangan": "Ruang Khusus" }, "geometry": { "type": "MultiPolygon", "coordinates": [ [ [ [ 173894.429118214146001, 538983.327564893872477, 0.0 ], [ 173894.338134867197368, 538982.581326821120456, 0.0 ], [ 173894.365134336083429, 538982.57799477968365, 0.0 ], [ 173893.658966974762734, 538977.086837100796402, 0.0 ], [ 173893.559042474254966, 538976.27711090084631, 0.0 ], [ 173893.587106476159533, 538976.273648410453461, 0.0 ], [ 173893.383042313042097, 538974.62012268055696, 0.0 ], [ 173888.569559361028951, 538975.214161302195862, 0.0 ], [ 173888.775563172792317, 538976.88340620114468, 0.0 ], [ 173888.797109661391005, 538976.880747252609581, 0.0 ], [ 173888.894486611854518, 538977.661032563541085, 0.0 ], [ 173888.87187549835653, 538977.663823030889034, 0.0 ], [ 173889.574275449296692, 538983.169241333613172, 0.0 ], [ 173889.684509414451895, 538984.062464927555993, 0.0 ], [ 173889.661917999153957, 538984.065252966247499, 0.0 ], [ 173889.753961615555454, 538984.811346805538051, 0.0 ], [ 173890.399068130616797, 538984.731739069917239, 0.0 ], [ 173890.362323379144073, 538984.433995563769713, 0.0 ], [ 173892.123958622745704, 538984.216589822084643, 0.0 ], [ 173892.160703275876585, 538984.514331099344417, 0.0 ], [ 173894.155583679559641, 538984.268149934941903, 0.0 ], [ 173894.045349668973358, 538983.374925971031189, 0.0 ], [ 173894.429118214146001, 538983.327564893872477, 0.0 ] ] ] ] } },
{ "type": "Feature", "properties": { "H_SHMRS": 3.25, "Z_MIN": 36.0, "Z_MAX": 40.25, "no": null, "provinsi": "Bali", "kabupaten": "Kota Denpasar", "kecamatan": "Denpasar Selatan", "desa_kelur": "Sanur", "id": 8192.0, "nogambarde": "GD.00104/2019", "nohmsrs": "22090301700104", "unit": null, "lantai": "1", "lantaim2": 45.821934051500001, "fungsi": "No. Unit 01B1-02A", "penggunaan": "Tanah Perumahan", "alamat": null, "nibtanahbe": "01530", "nibunit": "8192", "building": "00003", "Keterangan": "Ruang Khusus" }, "geometry": { "type": "MultiPolygon", "coordinates": [ [ [ [ 173889.40278108016355, 538983.19040569209028, 0.0 ], [ 173888.723005184583599, 538977.682195322704501, 0.0 ], [ 173888.695992468128679, 538977.685529000475071, 0.0 ], [ 173888.605145949637517, 538976.904434035648592, 0.0 ], [ 173888.626692404854111, 538976.901774822617881, 0.0 ], [ 173888.420688551326748, 538975.232529931119643, 0.0 ], [ 173883.607205598906148, 538975.826568552060053, 0.0 ], [ 173883.834147305664374, 538977.479466982069425, 0.0 ], [ 173883.932133050460834, 538978.27344351192005, 0.0 ], [ 173883.909522241418017, 538978.276233942946419, 0.0 ], [ 173884.611921891308157, 538983.781652281526476, 0.0 ], [ 173884.703993936738698, 538984.527710214839317, 0.0 ], [ 173885.093237494642381, 538984.479714848916046, 0.0 ], [ 173885.20347150543239, 538985.372938814456575, 0.0 ], [ 173887.198349529033294, 538985.126738347229548, 0.0 ], [ 173887.161604851717129, 538984.828997071832418, 0.0 ], [ 173888.923240068135783, 538984.61159110814333, 0.0 ], [ 173888.959985190362204, 538984.909334570285864, 0.0 ], [ 173889.605090307537466, 538984.829715493018739, 0.0 ], [ 173889.486015271773795, 538984.086961367167532, 0.0 ], [ 173889.375781307957368, 538983.193737770197913, 0.0 ], [ 173889.40278108016355, 538983.19040569209028, 0.0 ] ] ] ] } },
{ "type": "Feature", "properties": { "H_SHMRS": 3.25, "Z_MIN": 36.0, "Z_MAX": 40.25, "no": null, "provinsi": "Bali", "kabupaten": "Kota Denpasar", "kecamatan": "Denpasar Selatan", "desa_kelur": "Sanur", "id": 8190.0, "nogambarde": "GD.00103/2019", "nohmsrs": "22090301700103", "unit": null, "lantai": "1", "lantaim2": 45.837125210799996, "fungsi": "No. Unit 01B1-06", "penggunaan": "Tanah Perumahan", "alamat": null, "nibtanahbe": "01530", "nibunit": "8190", "building": "00003", "Keterangan": "Ruang Khusus" }, "geometry": { "type": "MultiPolygon", "coordinates": [ [ [ [ 173884.440459866251331, 538983.802812649053521, 0.0 ], [ 173883.733638908655848, 538978.297939950134605, 0.0 ], [ 173883.635653161938535, 538977.503963421215303, 0.0 ], [ 173883.662698222848121, 538977.500625751097687, 0.0 ], [ 173883.458335003175307, 538975.844940963434055, 0.0 ], [ 173878.64485205031815, 538976.438979583210312, 0.0 ], [ 173878.849182881938759, 538978.09466836892534, 0.0 ], [ 173878.87179374450352, 538978.091877932078205, 0.0 ], [ 173878.969779492152156, 538978.885854460881092, 0.0 ], [ 173878.947201018076157, 538978.888640901073813, 0.0 ], [ 173879.626944525603903, 538984.396855267346837, 0.0 ], [ 173879.648473333392758, 538984.394198367022909, 0.0 ], [ 173879.759802295418922, 538985.287286827922799, 0.0 ], [ 173879.737178489740472, 538985.290078862570226, 0.0 ], [ 173879.829254304175265, 538986.036165085737593, 0.0 ], [ 173880.474360819353024, 538985.956557350582443, 0.0 ], [ 173880.437616067152703, 538985.658813843736425, 0.0 ], [ 173882.199251311016269, 538985.441408102051355, 0.0 ], [ 173882.235995962109882, 538985.739149380708113, 0.0 ], [ 173884.230876367306337, 538985.492968217120506, 0.0 ], [ 173884.120642357273027, 538984.599744251463562, 0.0 ], [ 173884.504410902329255, 538984.552383174188435, 0.0 ], [ 173884.413427749066614, 538983.806148721254431, 0.0 ], [ 173884.440459866251331, 538983.802812649053521, 0.0 ] ] ] ] } },
{ "type": "Feature", "properties": { "H_SHMRS": 3.25, "Z_MIN": 36.0, "Z_MAX": 40.25, "no": null, "provinsi": "Bali", "kabupaten": "Kota Denpasar", "kecamatan": "Denpasar Selatan", "desa_kelur": "Sanur", "id": 8188.0, "nogambarde": "GD.00102/2019", "nohmsrs": "22090301700102", "unit": null, "lantai": "1", "lantaim2": 45.743797050399998, "fungsi": "No. Unit 01B1-08", "penggunaan": "Tanah Perumahan", "alamat": null, "nibtanahbe": "01530", "nibunit": "8188", "building": "00003", "Keterangan": "Ruang Khusus" }, "geometry": { "type": "MultiPolygon", "coordinates": [ [ [ [ 173879.478259001421975, 538984.415204755729064, 0.0 ], [ 173878.771285349474056, 538978.910350899910554, 0.0 ], [ 173878.673299602727639, 538978.11637437029276, 0.0 ], [ 173878.700344664510339, 538978.113036701921374, 0.0 ], [ 173878.496166634286055, 538976.457330314791761, 0.0 ], [ 173873.682683681021444, 538977.051368935848586, 0.0 ], [ 173873.909440186485881, 538978.704288880690001, 0.0 ], [ 173874.007425931398757, 538979.498265411937609, 0.0 ], [ 173873.985000163404038, 538979.501033005537465, 0.0 ], [ 173874.687214770674473, 538985.00647418317385, 0.0 ], [ 173874.779286816192325, 538985.752532114041969, 0.0 ], [ 173875.168715578416595, 538985.704515235032886, 0.0 ], [ 173875.278949591447599, 538986.597739200107753, 0.0 ], [ 173877.273827613738831, 538986.351538731367327, 0.0 ], [ 173877.237082935665967, 538986.053797457134351, 0.0 ], [ 173878.998718152375659, 538985.836391493561678, 0.0 ], [ 173879.035463275358779, 538986.134134954656474, 0.0 ], [ 173879.680568389885593, 538986.054515878786333, 0.0 ], [ 173879.561308153759455, 538985.311783265671693, 0.0 ], [ 173879.451074187731137, 538984.41855967103038, 0.0 ], [ 173879.478259001421975, 538984.415204755729064, 0.0 ] ] ] ] } },
{ "type": "Feature", "properties": { "H_SHMRS": 3.25, "Z_MIN": 36.0, "Z_MAX": 40.25, "no": null, "provinsi": "Bali", "kabupaten": "Kota Denpasar", "kecamatan": "Denpasar Selatan", "desa_kelur": "Sanur", "id": 8186.0, "nogambarde": "GD.00101/2019", "nohmsrs": "22090301700101", "unit": null, "lantai": "1", "lantaim2": 45.908080137, "fungsi": "No. Unit 01B1-10", "penggunaan": "Tanah Perumahan", "alamat": null, "nibtanahbe": "01530", "nibunit": "8186", "building": "00003", "Keterangan": "Ruang Khusus" }, "geometry": { "type": "MultiPolygon", "coordinates": [ [ [ [ 173874.579703947063535, 538985.777206395054236, 0.0 ], [ 173874.488720629480667, 538985.030970620689914, 0.0 ], [ 173874.515720348339528, 538985.027638546773233, 0.0 ], [ 173873.835976850998122, 538979.519424180150963, 0.0 ], [ 173873.808931790641509, 538979.522761848173104, 0.0 ], [ 173873.71094604380778, 538978.728785319370218, 0.0 ], [ 173873.73796505984501, 538978.725450864527375, 0.0 ], [ 173873.533628044242505, 538977.069764184299856, 0.0 ], [ 173868.720145093364408, 538977.663802804425359, 0.0 ], [ 173868.924475795356557, 538979.319490546593443, 0.0 ], [ 173868.947073216055287, 538979.316701769013889, 0.0 ], [ 173869.069555397931254, 538980.309172430541366, 0.0 ], [ 173869.046957979502622, 538980.311961208586581, 0.0 ], [ 173869.702269795816392, 538985.621673168730922, 0.0 ], [ 173869.724861210823292, 538985.618885130272247, 0.0 ], [ 173869.834000177361304, 538986.512243862031028, 0.0 ], [ 173869.812503759399988, 538986.514896765467711, 0.0 ], [ 173869.904547346581239, 538987.26098830671981, 0.0 ], [ 173870.549653861904517, 538987.181380572612397, 0.0 ], [ 173870.512909108947497, 538986.88363706599921, 0.0 ], [ 173872.274544355896069, 538986.666231324430555, 0.0 ], [ 173872.311289007717278, 538986.963972602621652, 0.0 ], [ 173874.306169411633164, 538986.717791437637061, 0.0 ], [ 173874.195935402152827, 538985.824567474075593, 0.0 ], [ 173874.579703947063535, 538985.777206395054236, 0.0 ] ] ] ] } },
{ "type": "Feature", "properties": { "H_SHMRS": 3.25, "Z_MIN": 36.0, "Z_MAX": 40.25, "no": null, "provinsi": "Bali", "kabupaten": "Kota Denpasar", "kecamatan": "Denpasar Selatan", "desa_kelur": "Sanur", "id": 8185.0, "nogambarde": "GD.00100/2019", "nohmsrs": "22090301700100", "unit": null, "lantai": "1", "lantaim2": 51.694866073999997, "fungsi": "No. Unit 01B2-01", "penggunaan": "Tanah Perumahan", "alamat": null, "nibtanahbe": "01530", "nibunit": "8185", "building": "00003", "Keterangan": "Ruang Khusus" }, "geometry": { "type": "MultiPolygon", "coordinates": [ [ [ [ 173864.085375194525113, 538998.732647535507567, 0.0 ], [ 173863.975146698096069, 538997.839423264376819, 0.0 ], [ 173864.000341653096257, 538997.836314077489078, 0.0 ], [ 173863.816791758377803, 538996.349012973019853, 0.0 ], [ 173862.646024087327532, 538996.493499038624577, 0.0 ], [ 173862.682768552593188, 538996.791240260470659, 0.0 ], [ 173860.776903263147688, 538997.026443606358953, 0.0 ], [ 173860.740158689441159, 538996.728704536217265, 0.0 ], [ 173859.415183956705732, 538996.892219650908373, 0.0 ], [ 173859.52541779296007, 538997.785443990374915, 0.0 ], [ 173859.113543073734036, 538997.836276093730703, 0.0 ], [ 173859.186855063366238, 538998.430323228356428, 0.0 ], [ 173859.211283681652276, 538998.427308610989712, 0.0 ], [ 173859.321512179158162, 538999.320532882004045, 0.0 ], [ 173859.297089219413465, 538999.323546800762415, 0.0 ], [ 173859.964038048376096, 539004.727821247885004, 0.0 ], [ 173860.014417556201806, 539004.727821247302927, 0.0 ], [ 173860.387986541900318, 539007.754856939427555, 0.0 ], [ 173865.151847562287003, 539007.16694321052637, 0.0 ], [ 173864.888337299897103, 539005.031724861706607, 0.0 ], [ 173864.863103760697413, 539005.034838812192902, 0.0 ], [ 173864.752869795018341, 539004.14161521627102, 0.0 ], [ 173864.778103333665058, 539004.138501267880201, 0.0 ], [ 173864.110575618688017, 538998.729537673294544, 0.0 ], [ 173864.085375194525113, 538998.732647535507567, 0.0 ] ] ] ] } },
{ "type": "Feature", "properties": { "H_SHMRS": 3.25, "Z_MIN": 36.0, "Z_MAX": 40.25, "no": null, "provinsi": "Bali", "kabupaten": "Kota Denpasar", "kecamatan": "Denpasar Selatan", "desa_kelur": "Sanur", "id": 8183.0, "nogambarde": null, "nohmsrs": null, "unit": null, "lantai": "1", "lantaim2": 51.6969835393, "fungsi": null, "penggunaan": "Tanah Perumahan", "alamat": null, "nibtanahbe": "01530", "nibunit": "8183", "building": "00003", "Keterangan": "Ruang Umum" }, "geometry": { "type": "MultiPolygon", "coordinates": [ [ [ [ 173859.81592352874577, 539004.752318594604731, 0.0 ], [ 173859.148218499554787, 538999.341918218531646, 0.0 ], [ 173859.123017887002788, 538999.345028103678487, 0.0 ], [ 173859.012789390835678, 538998.451803833362646, 0.0 ], [ 173859.037984343856806, 538998.448694644845091, 0.0 ], [ 173858.964672086905921, 538997.854648469132371, 0.0 ], [ 173858.552796864736592, 538997.905476490268484, 0.0 ], [ 173858.442562782845926, 538997.012252181419171, 0.0 ], [ 173857.117588134162361, 538997.175771002890542, 0.0 ], [ 173857.15433252856019, 538997.473510094918311, 0.0 ], [ 173855.248467570316279, 538997.708717675646767, 0.0 ], [ 173855.211722913314588, 538997.410976478364319, 0.0 ], [ 173854.040955245960504, 538997.555462543386966, 0.0 ], [ 173854.224497753719334, 538999.04270379722584, 0.0 ], [ 173854.248926372791175, 538999.039689179509878, 0.0 ], [ 173854.359154870035127, 538999.932913451106288, 0.0 ], [ 173854.334731719049159, 538999.935927393264137, 0.0 ], [ 173855.002259435248561, 539005.344890986918472, 0.0 ], [ 173855.026649469597032, 539005.341881130007096, 0.0 ], [ 173855.136877967452165, 539006.235105401370674, 0.0 ], [ 173855.111392049700953, 539006.238250494934618, 0.0 ], [ 173855.376011029875372, 539008.373392783338204, 0.0 ], [ 173860.139871867082547, 539007.785477117402479, 0.0 ], [ 173859.766299809853081, 539004.758442774298601, 0.0 ], [ 173859.81592352874577, 539004.752318594604731, 0.0 ] ] ] ] } },
{ "type": "Feature", "properties": { "H_SHMRS": 3.25, "Z_MIN": 36.0, "Z_MAX": 40.25, "no": null, "provinsi": "Bali", "kabupaten": "Kota Denpasar", "kecamatan": "Denpasar Selatan", "desa_kelur": "Sanur", "id": 8182.0, "nogambarde": "GD.00098/2019", "nohmsrs": "22090301700098", "unit": null, "lantai": "1", "lantaim2": 38.884862537899998, "fungsi": "No. Unit 01B1-12", "penggunaan": "Tanah Perumahan", "alamat": null, "nibtanahbe": "01530", "nibunit": "8182", "building": "00003", "Keterangan": "Ruang Khusus" }, "geometry": { "type": "MultiPolygon", "coordinates": [ [ [ [ 173869.755663853080478, 538987.279362230212428, 0.0 ], [ 173869.636601034260821, 538986.53660516499076, 0.0 ], [ 173869.526367068756372, 538985.643381568603218, 0.0 ], [ 173869.553353913594037, 538985.640051086316817, 0.0 ], [ 173868.871060854202369, 538980.333665613783523, 0.0 ], [ 173868.748579072504072, 538979.341198206995614, 0.0 ], [ 173868.775638556631748, 538979.337858757236972, 0.0 ], [ 173868.690068582131062, 538978.64486750238575, 0.0 ], [ 173864.869069348671474, 538979.116422328981571, 0.0 ], [ 173865.077073926688172, 538980.801886814064346, 0.0 ], [ 173865.099698534788331, 538980.799094678368419, 0.0 ], [ 173865.196609511651332, 538981.593203847180121, 0.0 ], [ 173865.175092249060981, 538981.595859321882017, 0.0 ], [ 173865.524336024565855, 538984.426141978474334, 0.0 ], [ 173863.539407241361914, 538984.671104798326269, 0.0 ], [ 173863.735197525005788, 538986.257320222561248, 0.0 ], [ 173863.757812710973667, 538986.254529249737971, 0.0 ], [ 173863.861034728062805, 538987.099999078433029, 0.0 ], [ 173864.449858507403405, 538987.027331895427778, 0.0 ], [ 173864.560092403029557, 538987.920554922544397, 0.0 ], [ 173866.679017090878915, 538987.659055496100336, 0.0 ], [ 173866.642272441880777, 538987.361314341891557, 0.0 ], [ 173868.577590612432687, 538987.122473974246532, 0.0 ], [ 173868.614335641701473, 538987.42021515883971, 0.0 ], [ 173869.755663853080478, 538987.279362230212428, 0.0 ] ] ] ] } },
{ "type": "Feature", "properties": { "H_SHMRS": 3.25, "Z_MIN": 36.0, "Z_MAX": 40.25, "no": null, "provinsi": "Bali", "kabupaten": "Kota Denpasar", "kecamatan": "Denpasar Selatan", "desa_kelur": "Sanur", "id": 8181.0, "nogambarde": "GD.00097/2019", "nohmsrs": "22090301700097", "unit": null, "lantai": "1", "lantaim2": 51.695020423499997, "fungsi": "No. Unit 01B2-05", "penggunaan": "Tanah Perumahan", "alamat": null, "nibtanahbe": "01530", "nibunit": "8181", "building": "00003", "Keterangan": "Ruang Khusus" }, "geometry": { "type": "MultiPolygon", "coordinates": [ [ [ [ 173854.853396213322412, 539005.363323166617192, 0.0 ], [ 173854.185868499218486, 538999.954359570518136, 0.0 ], [ 173854.160668076219736, 538999.957469434593804, 0.0 ], [ 173854.050439580343664, 538999.064245163463056, 0.0 ], [ 173854.075634534179699, 538999.061135977157392, 0.0 ], [ 173853.892084638209781, 538997.573834872571751, 0.0 ], [ 173852.721316969080362, 538997.718320938176475, 0.0 ], [ 173852.758061432279646, 538998.016062159091234, 0.0 ], [ 173850.852196144347545, 538998.251265504979528, 0.0 ], [ 173850.815451569884317, 538997.953526434022933, 0.0 ], [ 173849.490476837381721, 538998.117041550693102, 0.0 ], [ 173849.600710673083086, 538999.010265887947753, 0.0 ], [ 173849.188835954962997, 538999.061097992933355, 0.0 ], [ 173849.262147943605669, 538999.655145128257573, 0.0 ], [ 173849.286576563492417, 538999.652130509028211, 0.0 ], [ 173849.396805060445331, 539000.545354779809713, 0.0 ], [ 173849.372382099099923, 539000.548368699732237, 0.0 ], [ 173850.040086715889629, 539005.958767279284075, 0.0 ], [ 173850.089710435131565, 539005.95264314673841, 0.0 ], [ 173850.463279369170777, 539008.979678845964372, 0.0 ], [ 173855.227140443195822, 539008.391765111242421, 0.0 ], [ 173854.963630179030588, 539006.256546762422659, 0.0 ], [ 173854.938396640965948, 539006.259660710231401, 0.0 ], [ 173854.828162675810745, 539005.366437114891596, 0.0 ], [ 173854.853396213322412, 539005.363323166617192, 0.0 ] ] ] ] } },
{ "type": "Feature", "properties": { "H_SHMRS": 3.25, "Z_MIN": 36.0, "Z_MAX": 40.25, "no": null, "provinsi": "Bali", "kabupaten": "Kota Denpasar", "kecamatan": "Denpasar Selatan", "desa_kelur": "Sanur", "id": 8180.0, "nogambarde": "GD.00096/2019", "nohmsrs": "22090301700096", "unit": null, "lantai": "1", "lantaim2": 38.866871003500002, "fungsi": "No. Unit 01B2-02", "penggunaan": "Tanah Perumahan", "alamat": null, "nibtanahbe": "01530", "nibunit": "8180", "building": "00003", "Keterangan": "Ruang Khusus" }, "geometry": { "type": "MultiPolygon", "coordinates": [ [ [ [ 173856.709694391873199, 538987.904618269414641, 0.0 ], [ 173856.611713489779504, 538987.110641023027711, 0.0 ], [ 173856.630862519639777, 538987.108277814579196, 0.0 ], [ 173856.514658731815871, 538986.166687748278491, 0.0 ], [ 173852.718137931253295, 538986.635221656877548, 0.0 ], [ 173852.834332141443156, 538987.576788411010057, 0.0 ], [ 173852.809833934879862, 538987.579811769421212, 0.0 ], [ 173853.489558774454053, 538992.886449056328274, 0.0 ], [ 173853.599793900328223, 538993.779734196607023, 0.0 ], [ 173853.575352146261139, 538993.782687664730474, 0.0 ], [ 173853.759241445950465, 538995.272738941246644, 0.0 ], [ 173854.900582765898434, 538995.131884422386065, 0.0 ], [ 173854.863838116987608, 538994.834143224288709, 0.0 ], [ 173856.799156290187966, 538994.595302917296067, 0.0 ], [ 173856.835900944191962, 538994.893044115626253, 0.0 ], [ 173858.954825795313809, 538994.631544555188157, 0.0 ], [ 173858.844591852102894, 538993.738321124925278, 0.0 ], [ 173859.454961168463342, 538993.662994727725163, 0.0 ], [ 173859.358143746561836, 538993.069123677676544, 0.0 ], [ 173859.247915251762606, 538992.175899405381642, 0.0 ], [ 173859.27108382168808, 538992.173040285008028, 0.0 ], [ 173859.154879794688895, 538991.231441412121058, 0.0 ], [ 173857.169938372797333, 538991.476405792986043, 0.0 ], [ 173856.709694391873199, 538987.904618269414641, 0.0 ] ] ] ] } },
{ "type": "Feature", "properties": { "H_SHMRS": 3.25, "Z_MIN": 36.0, "Z_MAX": 40.25, "no": null, "provinsi": "Bali", "kabupaten": "Kota Denpasar", "kecamatan": "Denpasar Selatan", "desa_kelur": "Sanur", "id": 8179.0, "nogambarde": "GD.00095/2019", "nohmsrs": "22090301700095", "unit": null, "lantai": "1", "lantaim2": 51.696983517, "fungsi": "No. Unit 01B2-07", "penggunaan": "Tanah Perumahan", "alamat": null, "nibtanahbe": "01530", "nibunit": "8179", "building": "00003", "Keterangan": "Ruang Khusus" }, "geometry": { "type": "MultiPolygon", "coordinates": [ [ [ [ 173849.891216411517235, 539005.977140492061153, 0.0 ], [ 173849.22351138072554, 539000.566740116337314, 0.0 ], [ 173849.198310766514624, 539000.569850003230385, 0.0 ], [ 173849.08808227092959, 538999.676625733263791, 0.0 ], [ 173849.113277225580532, 538999.673516544979066, 0.0 ], [ 173849.039964966796106, 538999.079470368451439, 0.0 ], [ 173848.628089745703619, 538999.130298389703967, 0.0 ], [ 173848.517855664395029, 538998.237074081320316, 0.0 ], [ 173847.192881013121223, 538998.400592901045457, 0.0 ], [ 173847.229625408275751, 538998.698331994237378, 0.0 ], [ 173845.323760448722169, 538998.933539576944895, 0.0 ], [ 173845.28701579378685, 538998.635798378847539, 0.0 ], [ 173844.11624812555965, 538998.780284443986602, 0.0 ], [ 173844.299790634569945, 539000.267525697010569, 0.0 ], [ 173844.324219255271601, 539000.264511078014039, 0.0 ], [ 173844.434447751933476, 539001.157735349028371, 0.0 ], [ 173844.410024602169869, 539001.16074929269962, 0.0 ], [ 173845.077552314702189, 539006.569712885771878, 0.0 ], [ 173845.101942350622267, 539006.566703027696349, 0.0 ], [ 173845.21217084795353, 539007.459927298827097, 0.0 ], [ 173845.186684931308264, 539007.463072393788025, 0.0 ], [ 173845.451303930138238, 539009.598214680561796, 0.0 ], [ 173850.215164748136885, 539009.010299016255885, 0.0 ], [ 173849.84159268939402, 539005.983264673152007, 0.0 ], [ 173849.891216411517235, 539005.977140492061153, 0.0 ] ] ] ] } },
{ "type": "Feature", "properties": { "H_SHMRS": 3.25, "Z_MIN": 36.0, "Z_MAX": 40.25, "no": null, "provinsi": "Bali", "kabupaten": "Kota Denpasar", "kecamatan": "Denpasar Selatan", "desa_kelur": "Sanur", "id": 8178.0, "nogambarde": "GD.00094/2019", "nohmsrs": "22090301700094", "unit": null, "lantai": "1", "lantaim2": 45.550003093599997, "fungsi": "No. Unit 01B2-02A", "penggunaan": "Tanah Perumahan", "alamat": null, "nibtanahbe": "01530", "nibunit": "8178", "building": "00003", "Keterangan": "Ruang Khusus" }, "geometry": { "type": "MultiPolygon", "coordinates": [ [ [ [ 173852.641427048132755, 538987.600595097523183, 0.0 ], [ 173852.519605188223068, 538986.613515021977946, 0.0 ], [ 173852.54410333558917, 538986.610491518629715, 0.0 ], [ 173852.440111977019114, 538985.767743774922565, 0.0 ], [ 173847.676314796932274, 538986.356175603927113, 0.0 ], [ 173847.626692612451734, 538986.362299703061581, 0.0 ], [ 173847.7557493710774, 538987.201458699535578, 0.0 ], [ 173847.85373997874558, 538987.995434628799558, 0.0 ], [ 173847.832436343014706, 538987.998064036830328, 0.0 ], [ 173848.802457977755694, 538995.889500664896332, 0.0 ], [ 173849.447627344110515, 538995.810404509189539, 0.0 ], [ 173849.410882867698092, 538995.512663240544498, 0.0 ], [ 173851.172518380481051, 538995.295257371035405, 0.0 ], [ 173851.209263031603768, 538995.592998650390655, 0.0 ], [ 173853.204129386489512, 538995.346809295704588, 0.0 ], [ 173853.112095519551076, 538994.602477288688533, 0.0 ], [ 173853.093723191850586, 538994.45360668853391, 0.0 ], [ 173853.505770509596914, 538994.402755402261391, 0.0 ], [ 173853.432118503988022, 538993.805954688694328, 0.0 ], [ 173853.407659092161339, 538993.808973259758204, 0.0 ], [ 173853.292424783314345, 538992.912563601508737, 0.0 ], [ 173853.316491912963102, 538992.90959344105795, 0.0 ], [ 173852.667220919567626, 538987.597411839407869, 0.0 ], [ 173852.641427048132755, 538987.600595097523183, 0.0 ] ] ] ] } },
{ "type": "Feature", "properties": { "H_SHMRS": 3.25, "Z_MIN": 36.0, "Z_MAX": 40.25, "no": null, "provinsi": "Bali", "kabupaten": "Kota Denpasar", "kecamatan": "Denpasar Selatan", "desa_kelur": "Sanur", "id": 8177.0, "nogambarde": "GD.00093/2019", "nohmsrs": "22090301700093", "unit": null, "lantai": "1", "lantaim2": 51.695020392499998, "fungsi": "No. Unit 01B2-09", "penggunaan": "Tanah Perumahan", "alamat": null, "nibtanahbe": "01530", "nibunit": "8177", "building": "00003", "Keterangan": "Ruang Khusus" }, "geometry": { "type": "MultiPolygon", "coordinates": [ [ [ [ 173844.928689094260335, 539006.588145064655691, 0.0 ], [ 173844.261161380971316, 539001.179181471117772, 0.0 ], [ 173844.235960956342751, 539001.182291332515888, 0.0 ], [ 173844.125732461019652, 539000.289067063946277, 0.0 ], [ 173844.150927413720638, 539000.285957876127213, 0.0 ], [ 173843.967377519264119, 538998.798656770726666, 0.0 ], [ 173842.796609849261586, 538998.94314283656422, 0.0 ], [ 173842.833354313188465, 538999.240884058410302, 0.0 ], [ 173840.927489023946691, 538999.476087404298596, 0.0 ], [ 173840.890744448755868, 538999.178348334738985, 0.0 ], [ 173839.56576971928007, 538999.341863449895754, 0.0 ], [ 173839.676003554399358, 539000.235087788198143, 0.0 ], [ 173839.264128834562143, 539000.285919891437516, 0.0 ], [ 173839.337440825067461, 539000.879967026878148, 0.0 ], [ 173839.361869443760952, 539000.876952409977093, 0.0 ], [ 173839.472097940160893, 539001.770176679827273, 0.0 ], [ 173839.447674979979638, 539001.773190600448288, 0.0 ], [ 173840.115379595605191, 539007.183589177438989, 0.0 ], [ 173840.165003315283684, 539007.177465045126155, 0.0 ], [ 173840.538572270481382, 539010.204500742838718, 0.0 ], [ 173845.302433325327002, 539009.616587008815259, 0.0 ], [ 173845.03892305935733, 539007.48136865964625, 0.0 ], [ 173845.013689522485947, 539007.484482609550469, 0.0 ], [ 173844.903455557883717, 539006.591259014443494, 0.0 ], [ 173844.928689094260335, 539006.588145064655691, 0.0 ] ] ] ] } },
{ "type": "Feature", "properties": { "H_SHMRS": 3.25, "Z_MIN": 36.0, "Z_MAX": 40.25, "no": null, "provinsi": "Bali", "kabupaten": "Kota Denpasar", "kecamatan": "Denpasar Selatan", "desa_kelur": "Sanur", "id": 8176.0, "nogambarde": "GD.00092/2019", "nohmsrs": "22090301700092", "unit": null, "lantai": "1", "lantaim2": 45.492437934199998, "fungsi": "No. Unit 01B2-06", "penggunaan": "Tanah Perumahan", "alamat": null, "nibtanahbe": "01530", "nibunit": "8176", "building": "00003", "Keterangan": "Ruang Khusus" }, "geometry": { "type": "MultiPolygon", "coordinates": [ [ [ [ 173848.64812012159382, 538995.902984516578726, 0.0 ], [ 173847.649167885771021, 538988.015117958420888, 0.0 ], [ 173847.551186998316552, 538987.221140828798525, 0.0 ], [ 173847.576299507636577, 538987.218041659449227, 0.0 ], [ 173847.472361596097471, 538986.375834852107801, 0.0 ], [ 173842.65826187573839, 538986.964876553276554, 0.0 ], [ 173842.787323981639929, 538987.80902617413085, 0.0 ], [ 173842.885304867231753, 538988.603003303287551, 0.0 ], [ 173842.860797231289325, 538988.606027673115022, 0.0 ], [ 173843.540630559495185, 538994.116046078968793, 0.0 ], [ 173843.566211806493811, 538994.112889060401358, 0.0 ], [ 173843.675274656125112, 538995.004497151705436, 0.0 ], [ 173843.650815242726821, 538995.007515720557421, 0.0 ], [ 173843.724467248714063, 538995.60431643249467, 0.0 ], [ 173844.136514552665176, 538995.553465056465939, 0.0 ], [ 173844.154886879900005, 538995.702335656504147, 0.0 ], [ 173844.246576356003061, 538996.446710165822878, 0.0 ], [ 173846.241442740283674, 538996.200521058868617, 0.0 ], [ 173846.204698062269017, 538995.902779783238657, 0.0 ], [ 173847.966333570017014, 538995.685373878455721, 0.0 ], [ 173848.003078414389165, 538995.983115101000294, 0.0 ], [ 173848.64812012159382, 538995.902984516578726, 0.0 ] ] ] ] } },
{ "type": "Feature", "properties": { "H_SHMRS": 3.25, "Z_MIN": 36.0, "Z_MAX": 40.25, "no": null, "provinsi": "Bali", "kabupaten": "Kota Denpasar", "kecamatan": "Denpasar Selatan", "desa_kelur": "Sanur", "id": 8175.0, "nogambarde": "GD.00091/2019", "nohmsrs": "22090301700091", "unit": null, "lantai": "1", "lantaim2": 51.696983469099997, "fungsi": "No. Unit 01B2-11", "penggunaan": "Tanah Perumahan", "alamat": null, "nibtanahbe": "01530", "nibunit": "8175", "building": "00003", "Keterangan": "Ruang Khusus" }, "geometry": { "type": "MultiPolygon", "coordinates": [ [ [ [ 173839.966509289923124, 539007.201962392311543, 0.0 ], [ 173839.298804260324687, 539001.791562017286196, 0.0 ], [ 173839.273603647248819, 539001.794671901734546, 0.0 ], [ 173839.163375152216759, 539000.901447632350028, 0.0 ], [ 173839.188570105703548, 539000.898338444065303, 0.0 ], [ 173839.115257847879548, 539000.304292267537676, 0.0 ], [ 173838.703382625099039, 539000.355120289837942, 0.0 ], [ 173838.593148544343421, 538999.461895979940891, 0.0 ], [ 173837.268173893302446, 538999.625414801877923, 0.0 ], [ 173837.304918289213674, 538999.923153894371353, 0.0 ], [ 173835.399053331115283, 539000.158361475216225, 0.0 ], [ 173835.362308675452368, 538999.860620275838301, 0.0 ], [ 173834.19154100632295, 539000.005106340860948, 0.0 ], [ 173834.375083516642917, 539001.492347594466992, 0.0 ], [ 173834.399512133328244, 539001.489332977565937, 0.0 ], [ 173834.509740632231114, 539002.382557248231024, 0.0 ], [ 173834.485317480866797, 539002.385571191669442, 0.0 ], [ 173835.152845195349073, 539007.794534784392454, 0.0 ], [ 173835.177235232869862, 539007.791524928295985, 0.0 ], [ 173835.287463729648152, 539008.684749199077487, 0.0 ], [ 173835.261977811343968, 539008.687894292059354, 0.0 ], [ 173835.526596812007483, 539010.82303657871671, 0.0 ], [ 173840.290457596856868, 539010.235120917554013, 0.0 ], [ 173839.916885570128215, 539007.208086572703905, 0.0 ], [ 173839.966509289923124, 539007.201962392311543, 0.0 ] ] ] ] } },
{ "type": "Feature", "properties": { "H_SHMRS": 3.25, "Z_MIN": 36.0, "Z_MAX": 40.25, "no": null, "provinsi": "Bali", "kabupaten": "Kota Denpasar", "kecamatan": "Denpasar Selatan", "desa_kelur": "Sanur", "id": 8170.0, "nogambarde": "GD.00087/2019", "nohmsrs": "22090301700087", "unit": null, "lantai": "1", "lantaim2": 45.422743989300002, "fungsi": "No. Unit 01B2-10", "penggunaan": "Tanah Perumahan", "alamat": null, "nibtanahbe": "01530", "nibunit": "8170", "building": "00003", "Keterangan": "Ruang Khusus" }, "geometry": { "type": "MultiPolygon", "coordinates": [ [ [ [ 173838.723215964040719, 538997.127830706071109, 0.0 ], [ 173837.724263727955986, 538989.239964148844592, 0.0 ], [ 173837.626282840385102, 538988.445987019338645, 0.0 ], [ 173837.651395351334941, 538988.442887850455008, 0.0 ], [ 173837.547457436914556, 538987.600681042997167, 0.0 ], [ 173832.733357716817409, 538988.189722744282335, 0.0 ], [ 173832.862419826065889, 538989.033872363972478, 0.0 ], [ 173832.960400711803231, 538989.827849494409747, 0.0 ], [ 173832.935893074230989, 538989.830873863422312, 0.0 ], [ 173833.627881247841287, 538995.236815409502015, 0.0 ], [ 173833.750370498542907, 538996.229343342012726, 0.0 ], [ 173833.725911086337874, 538996.232361912028864, 0.0 ], [ 173833.799563090695301, 538996.829162624548189, 0.0 ], [ 173834.21161039636354, 538996.778311246889643, 0.0 ], [ 173834.229982722579734, 538996.927181846695021, 0.0 ], [ 173834.321672199119348, 538997.671556357759982, 0.0 ], [ 173836.3165385821776, 538997.425367247662507, 0.0 ], [ 173836.27979390337714, 538997.12762597494293, 0.0 ], [ 173838.041429411445279, 538996.910220068413764, 0.0 ], [ 173838.078174256545026, 538997.207961292238906, 0.0 ], [ 173838.723215964040719, 538997.127830706071109, 0.0 ] ] ] ] } },
{ "type": "Feature", "properties": { "H_SHMRS": 3.25, "Z_MIN": 36.0, "Z_MAX": 40.25, "no": null, "provinsi": "Bali", "kabupaten": "Kota Denpasar", "kecamatan": "Denpasar Selatan", "desa_kelur": "Sanur", "id": 8173.0, "nogambarde": "GD.00090/2019", "nohmsrs": "22090301700090", "unit": null, "lantai": "1", "lantaim2": 51.667670504500002, "fungsi": "No. Unit 01B2-15", "penggunaan": "Tanah Perumahan", "alamat": null, "nibtanahbe": "01530", "nibunit": "8173", "building": "00003", "Keterangan": "Ruang Khusus" }, "geometry": { "type": "MultiPolygon", "coordinates": [ [ [ [ 173835.003981976362411, 539007.812966963276267, 0.0 ], [ 173834.336454261152539, 539002.404003370320424, 0.0 ], [ 173834.311253837688128, 539002.40711323346477, 0.0 ], [ 173834.20102534009493, 539001.51388896338176, 0.0 ], [ 173834.22622029442573, 539001.510779775446281, 0.0 ], [ 173834.042670398717746, 539000.023478670394979, 0.0 ], [ 173832.871902730606962, 539000.167964735766873, 0.0 ], [ 173832.908647195290541, 539000.465705956914462, 0.0 ], [ 173831.002781904739095, 539000.700909303617664, 0.0 ], [ 173830.96603733158554, 539000.403170234058052, 0.0 ], [ 173829.641062599548604, 539000.566685349796899, 0.0 ], [ 173829.751296434144024, 539001.459909687750041, 0.0 ], [ 173829.339421715383651, 539001.510741790407337, 0.0 ], [ 173829.412733704928542, 539002.104788926430047, 0.0 ], [ 173829.43716232519364, 539002.101774307782762, 0.0 ], [ 173829.547390821040608, 539002.99499857914634, 0.0 ], [ 173829.522967862081714, 539002.998012499767356, 0.0 ], [ 173830.19067247651401, 539008.408411078155041, 0.0 ], [ 173830.24029619662906, 539008.402286946307868, 0.0 ], [ 173830.613865184190217, 539011.429322637966834, 0.0 ], [ 173835.377726205857471, 539010.841408907435834, 0.0 ], [ 173835.088982402376132, 539008.709304507821798, 0.0 ], [ 173834.978748438326875, 539007.81608091306407, 0.0 ], [ 173835.003981976362411, 539007.812966963276267, 0.0 ] ] ] ] } },
{ "type": "Feature", "properties": { "H_SHMRS": 3.25, "Z_MIN": 36.0, "Z_MAX": 40.25, "no": null, "provinsi": "Bali", "kabupaten": "Kota Denpasar", "kecamatan": "Denpasar Selatan", "desa_kelur": "Sanur", "id": 8172.0, "nogambarde": "GD.00089/2019", "nohmsrs": "22090301700089", "unit": null, "lantai": "1", "lantaim2": 45.491236554300002, "fungsi": "No. Unit 01B2-08", "penggunaan": "Tanah Perumahan", "alamat": null, "nibtanahbe": "01530", "nibunit": "8172", "building": "00003", "Keterangan": "Ruang Khusus" }, "geometry": { "type": "MultiPolygon", "coordinates": [ [ [ [ 173843.391784792474937, 538994.134415342006832, 0.0 ], [ 173842.687288478686241, 538988.627965911640786, 0.0 ], [ 173842.589297871978488, 538987.833989982260391, 0.0 ], [ 173842.61379601812223, 538987.830966478795744, 0.0 ], [ 173842.509804659697693, 538986.988218733225949, 0.0 ], [ 173837.746007479465334, 538987.57665056292899, 0.0 ], [ 173837.696385294519132, 538987.58277466148138, 0.0 ], [ 173837.825442051980644, 538988.421933657955378, 0.0 ], [ 173837.923432662442792, 538989.215909589198418, 0.0 ], [ 173837.902129025344038, 538989.218538995017298, 0.0 ], [ 173838.87215066011413, 538997.109975623898208, 0.0 ], [ 173839.517320026439847, 538997.030879467260092, 0.0 ], [ 173839.480575552093796, 538996.733138198964298, 0.0 ], [ 173841.242211062199203, 538996.515732331201434, 0.0 ], [ 173841.278955714020412, 538996.813473608344793, 0.0 ], [ 173843.273822067509172, 538996.567284253891557, 0.0 ], [ 173843.181788202986354, 538995.822952247457579, 0.0 ], [ 173843.163415873539634, 538995.674081647652201, 0.0 ], [ 173843.575463190150913, 538995.623230361263268, 0.0 ], [ 173843.477351772831753, 538995.029448218178004, 0.0 ], [ 173843.367717664048541, 538994.137385498732328, 0.0 ], [ 173843.391784792474937, 538994.134415342006832, 0.0 ] ] ] ] } },
{ "type": "Feature", "properties": { "H_SHMRS": 3.25, "Z_MIN": 36.0, "Z_MAX": 40.25, "no": null, "provinsi": "Bali", "kabupaten": "Kota Denpasar", "kecamatan": "Denpasar Selatan", "desa_kelur": "Sanur", "id": 8171.0, "nogambarde": "GD.00088/2019", "nohmsrs": "22090301700088", "unit": null, "lantai": "1", "lantaim2": 51.678541189299999, "fungsi": "No. Unit 01B2-17", "penggunaan": "Tanah Perumahan", "alamat": null, "nibtanahbe": "01530", "nibunit": "8171", "building": "00003", "Keterangan": "Ruang Khusus" }, "geometry": { "type": "MultiPolygon", "coordinates": [ [ [ [ 173830.041802172287134, 539008.42678428965155, 0.0 ], [ 173829.374097141087987, 539003.016383914975449, 0.0 ], [ 173829.348896529176272, 539003.019493801053613, 0.0 ], [ 173829.238668031874113, 539002.12626952980645, 0.0 ], [ 173829.263862987048924, 539002.123160342336632, 0.0 ], [ 173829.19055073018535, 539001.529114164761268, 0.0 ], [ 173828.778675505687715, 539001.579942187177949, 0.0 ], [ 173828.668441425455967, 539000.68671787949279, 0.0 ], [ 173827.343466774676926, 539000.850236700032838, 0.0 ], [ 173827.380211171344854, 539001.14797579171136, 0.0 ], [ 173825.47434621193679, 539001.383183375117369, 0.0 ], [ 173825.437601555488072, 539001.08544217585586, 0.0 ], [ 173824.266833885485539, 539001.229928240878507, 0.0 ], [ 173824.474805015372112, 539002.714154877699912, 0.0 ], [ 173824.585033510928042, 539003.607379146385938, 0.0 ], [ 173824.560610360756982, 539003.610393089824356, 0.0 ], [ 173825.228138077189215, 539009.019356683711521, 0.0 ], [ 173825.252528113516746, 539009.016346827964298, 0.0 ], [ 173825.362756609742064, 539009.909571096533909, 0.0 ], [ 173825.337270692572929, 539009.912716191029176, 0.0 ], [ 173825.601889692246914, 539012.047858478035778, 0.0 ], [ 173830.365750477532856, 539011.45994281815365, 0.0 ], [ 173829.992178452084772, 539008.432908471324481, 0.0 ], [ 173830.041802172287134, 539008.42678428965155, 0.0 ] ] ] ] } },
{ "type": "Feature", "properties": { "H_SHMRS": 3.25, "Z_MIN": 36.0, "Z_MAX": 40.25, "no": null, "provinsi": "Bali", "kabupaten": "Kota Denpasar", "kecamatan": "Denpasar Selatan", "desa_kelur": "Sanur", "id": 3.0, "nogambarde": null, "nohmsrs": null, "unit": null, "lantai": "1", "lantaim2": 95.879906500399997, "fungsi": "SPA", "penggunaan": "Tanah Perumahan", "alamat": null, "nibtanahbe": "01530", "nibunit": "3", "building": "00003", "Keterangan": "Ruang Khusus" }, "geometry": { "type": "MultiPolygon", "coordinates": [ [ [ [ 173830.891024464042857, 538986.12808080681134, 0.0 ], [ 173830.28970075113466, 538981.255588668282144, 0.0 ], [ 173829.027274088584818, 538981.411386498832144, 0.0 ], [ 173829.01951635821024, 538981.348525769659318, 0.0 ], [ 173821.649201904074289, 538982.258074485929683, 0.0 ], [ 173822.237607178685721, 538987.021873092162423, 0.0 ], [ 173822.982222705730237, 538986.929979055537842, 0.0 ], [ 173823.006719141965732, 538987.128473187680356, 0.0 ], [ 173822.262124066270189, 538987.220364701584913, 0.0 ], [ 173822.850262947351439, 538991.98200655344408, 0.0 ], [ 173823.594615980488015, 538991.890144910197705, 0.0 ], [ 173823.597678036516299, 538991.914956676890142, 0.0 ], [ 173823.820983939687721, 538991.88739818520844, 0.0 ], [ 173823.876100923167542, 538992.334009982994758, 0.0 ], [ 173829.259692602936411, 538991.669613451813348, 0.0 ], [ 173832.955391134310048, 538991.213522159843706, 0.0 ], [ 173832.306265392544447, 538985.953423956991173, 0.0 ], [ 173830.891024464042857, 538986.12808080681134, 0.0 ] ], [ [ 173828.589682077727048, 538986.237954700365663, 0.0 ], [ 173829.284411576489219, 538986.152217168360949, 0.0 ], [ 173829.308908014034387, 538986.350711299688555, 0.0 ], [ 173828.614178514835658, 538986.43644883367233, 0.0 ], [ 173828.589682077727048, 538986.237954700365663, 0.0 ] ], [ [ 173828.904351785342442, 538991.23705266660545, 0.0 ], [ 173829.896805001393659, 538991.112383003230207, 0.0 ], [ 173829.921301439841045, 538991.310877137933858, 0.0 ], [ 173829.335181770700729, 538991.38321097928565, 0.0 ], [ 173828.928848221956287, 538991.435546798398718, 0.0 ], [ 173828.904351785342442, 538991.23705266660545, 0.0 ] ] ] ] } },
{ "type": "Feature", "properties": { "H_SHMRS": 3.25, "Z_MIN": 36.0, "Z_MAX": 40.25, "no": null, "provinsi": "Bali", "kabupaten": "Kota Denpasar", "kecamatan": "Denpasar Selatan", "desa_kelur": "Sanur", "id": 8149.0, "nogambarde": "GD.00086/2019", "nohmsrs": "22090301700086", "unit": null, "lantai": "1", "lantaim2": 33.006219989800002, "fungsi": "No. Unit 01A3-11", "penggunaan": "Tanah Perumahan", "alamat": null, "nibtanahbe": "01530", "nibunit": "8149", "building": "00003", "Keterangan": "Ruang Khusus" }, "geometry": { "type": "MultiPolygon", "coordinates": [ [ [ [ 173822.653328043263173, 538940.383307443931699, 0.0 ], [ 173821.722463451558724, 538932.840530468500219, 0.0 ], [ 173817.901451211480889, 538933.312086898600683, 0.0 ], [ 173818.036002513195854, 538934.402353380341083, 0.0 ], [ 173818.110471452673664, 538934.393163528060541, 0.0 ], [ 173818.22092815535143, 538935.288241951260716, 0.0 ], [ 173818.146465349040227, 538935.297431510756724, 0.0 ], [ 173818.648642302578082, 538939.366561220027506, 0.0 ], [ 173818.723080791445682, 538939.357374663813971, 0.0 ], [ 173818.83308048613253, 538940.248744859592989, 0.0 ], [ 173818.758647397393361, 538940.257930286461487, 0.0 ], [ 173818.948673876177054, 538941.797711004852317, 0.0 ], [ 173820.685497620841488, 538941.583367172512226, 0.0 ], [ 173820.722242277028272, 538941.881108369561844, 0.0 ], [ 173822.48387778896722, 538941.663702482357621, 0.0 ], [ 173822.330775059119333, 538940.423114154138602, 0.0 ], [ 173822.653328043263173, 538940.383307443931699, 0.0 ] ] ] ] } },
{ "type": "Feature", "properties": { "H_SHMRS": 3.25, "Z_MIN": 36.0, "Z_MAX": 40.25, "no": null, "provinsi": "Bali", "kabupaten": "Kota Denpasar", "kecamatan": "Denpasar Selatan", "desa_kelur": "Sanur", "id": 8148.0, "nogambarde": "GD.00085/2019", "nohmsrs": "22090301700085", "unit": null, "lantai": "1", "lantaim2": 35.588280631000003, "fungsi": "No. Unit 01A3-08", "penggunaan": "Tanah Perumahan", "alamat": null, "nibtanahbe": "01530", "nibunit": "8148", "building": "00003", "Keterangan": "Ruang Khusus" }, "geometry": { "type": "MultiPolygon", "coordinates": [ [ [ [ 173832.196405239781598, 538952.374735918594524, 0.0 ], [ 173831.065238458453678, 538943.223380964598618, 0.0 ], [ 173829.329407355457079, 538943.43760229239706, 0.0 ], [ 173829.292785183846718, 538943.140853574499488, 0.0 ], [ 173827.53114967016154, 538943.358259460888803, 0.0 ], [ 173827.684252402134007, 538944.598847788642161, 0.0 ], [ 173827.361531998118153, 538944.638675160589628, 0.0 ], [ 173827.434848192613572, 538945.232754788245074, 0.0 ], [ 173827.509412187617272, 538945.223552743438631, 0.0 ], [ 173827.618958163424395, 538946.118700156221166, 0.0 ], [ 173827.54573203655309, 538946.127737096976489, 0.0 ], [ 173828.150779759249417, 538951.040204106480815, 0.0 ], [ 173828.225411154649919, 538951.030993742519058, 0.0 ], [ 173828.336125968722627, 538951.922735225874931, 0.0 ], [ 173828.262550594110508, 538951.931814808398485, 0.0 ], [ 173828.375407320156228, 538952.846290580229834, 0.0 ], [ 173832.196405239781598, 538952.374735918594524, 0.0 ] ] ] ] } },
{ "type": "Feature", "properties": { "H_SHMRS": 3.25, "Z_MIN": 36.0, "Z_MAX": 40.25, "no": null, "provinsi": "Bali", "kabupaten": "Kota Denpasar", "kecamatan": "Denpasar Selatan", "desa_kelur": "Sanur", "id": 8147.0, "nogambarde": "GD.00084/2019", "nohmsrs": "22090301700084", "unit": null, "lantai": "1", "lantaim2": 32.796820285899997, "fungsi": "No. Unit 01A3-09", "penggunaan": "Tanah Perumahan", "alamat": null, "nibtanahbe": "01530", "nibunit": "8147", "building": "00003", "Keterangan": "Ruang Khusus" }, "geometry": { "type": "MultiPolygon", "coordinates": [ [ [ [ 173826.739568966004299, 538940.836225812439807, 0.0 ], [ 173826.549548375129234, 538939.296492794528604, 0.0 ], [ 173826.475110742816469, 538939.305678783683106, 0.0 ], [ 173826.352634635637514, 538938.313207371626049, 0.0 ], [ 173826.377446422207868, 538938.310145469615236, 0.0 ], [ 173825.899789601156954, 538934.439506963128224, 0.0 ], [ 173825.874977814033628, 538934.442568865837529, 0.0 ], [ 173825.7525017078151, 538933.450097454711795, 0.0 ], [ 173825.826903491310077, 538933.440915890852921, 0.0 ], [ 173825.693211880919989, 538932.350494886166416, 0.0 ], [ 173821.871334059338551, 538932.822158139781095, 0.0 ], [ 173822.802198649384081, 538940.364935115794651, 0.0 ], [ 173823.124751632509287, 538940.325128403608687, 0.0 ], [ 173823.277854360232595, 538941.56571672973223, 0.0 ], [ 173825.039489873306593, 538941.348310844856314, 0.0 ], [ 173825.002745220554061, 538941.050569645711221, 0.0 ], [ 173826.739568966004299, 538940.836225812439807, 0.0 ] ] ] ] } },
{ "type": "Feature", "properties": { "H_SHMRS": 3.25, "Z_MIN": 36.0, "Z_MAX": 40.25, "no": null, "provinsi": "Bali", "kabupaten": "Kota Denpasar", "kecamatan": "Denpasar Selatan", "desa_kelur": "Sanur", "id": 8146.0, "nogambarde": "GD.00083/2019", "nohmsrs": "22090301700083", "unit": null, "lantai": "1", "lantaim2": 35.582407636399999, "fungsi": "No. Unit 01A3-06", "penggunaan": "Tanah Perumahan", "alamat": null, "nibtanahbe": "01530", "nibunit": "8146", "building": "00003", "Keterangan": "Ruang Khusus" }, "geometry": { "type": "MultiPolygon", "coordinates": [ [ [ [ 173835.263760477857431, 538945.175244479090907, 0.0 ], [ 173835.150680531427497, 538944.280613654758781, 0.0 ], [ 173835.225154560757801, 538944.271422712597996, 0.0 ], [ 173835.151832483534236, 538943.677295384928584, 0.0 ], [ 173834.829279502708232, 538943.717102094553411, 0.0 ], [ 173834.676176770182792, 538942.476513760630041, 0.0 ], [ 173832.914541257341625, 538942.693919649696909, 0.0 ], [ 173832.951285912131425, 538942.991660845233127, 0.0 ], [ 173831.215454701858107, 538943.205882189446129, 0.0 ], [ 173832.343747902370524, 538952.356584189459682, 0.0 ], [ 173836.164760142710293, 538951.885027757030912, 0.0 ], [ 173836.051909245463321, 538950.970599223626778, 0.0 ], [ 173835.977394199639093, 538950.979795228689909, 0.0 ], [ 173835.867435624444624, 538950.087880882201716, 0.0 ], [ 173835.941870932787424, 538950.078694717260078, 0.0 ], [ 173835.335634652466979, 538945.166374387219548, 0.0 ], [ 173835.263760477857431, 538945.175244479090907, 0.0 ] ] ] ] } },
{ "type": "Feature", "properties": { "H_SHMRS": 3.25, "Z_MIN": 36.0, "Z_MAX": 40.25, "no": null, "provinsi": "Bali", "kabupaten": "Kota Denpasar", "kecamatan": "Denpasar Selatan", "desa_kelur": "Sanur", "id": 8145.0, "nogambarde": "GD.00082/2019", "nohmsrs": "22090301700082", "unit": null, "lantai": "1", "lantaim2": 32.795540742299998, "fungsi": "No. Unit 01A3-07", "penggunaan": "Tanah Perumahan", "alamat": null, "nibtanahbe": "01530", "nibunit": "8145", "building": "00003", "Keterangan": "Ruang Khusus" }, "geometry": { "type": "MultiPolygon", "coordinates": [ [ [ [ 173830.423643488466041, 538940.683844962972216, 0.0 ], [ 173830.270540757366689, 538939.443256636266597, 0.0 ], [ 173830.593059070495656, 538939.403454202692956, 0.0 ], [ 173829.662228479690384, 538931.860673031653278, 0.0 ], [ 173825.842082493240014, 538932.332122556399554, 0.0 ], [ 173825.975774210470263, 538933.422544474480674, 0.0 ], [ 173826.050243146077264, 538933.413354622083716, 0.0 ], [ 173826.172719253605464, 538934.405826031928882, 0.0 ], [ 173826.147907466540346, 538934.408887936850078, 0.0 ], [ 173826.625564287707675, 538938.279526441008784, 0.0 ], [ 173826.650376074219821, 538938.276464538881555, 0.0 ], [ 173826.772852179943584, 538939.268935948726721, 0.0 ], [ 173826.698419092281256, 538939.27812137955334, 0.0 ], [ 173826.888439571514027, 538940.817853484419174, 0.0 ], [ 173828.625263317779172, 538940.603509651729837, 0.0 ], [ 173828.662007973412983, 538940.901250849710777, 0.0 ], [ 173830.423643488466041, 538940.683844962972216, 0.0 ] ] ] ] } },
{ "type": "Feature", "properties": { "H_SHMRS": 3.25, "Z_MIN": 36.0, "Z_MAX": 40.25, "no": null, "provinsi": "Bali", "kabupaten": "Kota Denpasar", "kecamatan": "Denpasar Selatan", "desa_kelur": "Sanur", "id": 8143.0, "nogambarde": "GD.00081/2019", "nohmsrs": "22090301700081", "unit": null, "lantai": "1", "lantaim2": 33.006945474699997, "fungsi": "No. Unit 01A3-05", "penggunaan": "Tanah Perumahan", "alamat": null, "nibtanahbe": "01530", "nibunit": "8143", "building": "00003", "Keterangan": "Ruang Khusus" }, "geometry": { "type": "MultiPolygon", "coordinates": [ [ [ [ 173834.679334662912879, 538939.856368293636478, 0.0 ], [ 173834.489320068823872, 538938.316683885408565, 0.0 ], [ 173834.414882437587949, 538938.3258698732825, 0.0 ], [ 173834.305621068284381, 538937.434311710065231, 0.0 ], [ 173834.379303086228902, 538937.425218509393744, 0.0 ], [ 173833.877126133273123, 538933.356088798842393, 0.0 ], [ 173833.803444113989826, 538933.365181998698972, 0.0 ], [ 173833.692273402150022, 538932.470288544776849, 0.0 ], [ 173833.766675184568157, 538932.4611069788225, 0.0 ], [ 173833.632111994578736, 538931.370744189363904, 0.0 ], [ 173829.811099754530005, 538931.842300620977767, 0.0 ], [ 173830.741964345361339, 538939.385077596292831, 0.0 ], [ 173831.064517328457441, 538939.345270885154605, 0.0 ], [ 173831.21762005740311, 538940.585859211743809, 0.0 ], [ 173832.979255570826354, 538940.368453324656002, 0.0 ], [ 173832.942510915861931, 538940.070712127606384, 0.0 ], [ 173834.679334662912879, 538939.856368293636478, 0.0 ] ] ] ] } },
{ "type": "Feature", "properties": { "H_SHMRS": 3.25, "Z_MIN": 36.0, "Z_MAX": 40.25, "no": null, "provinsi": "Bali", "kabupaten": "Kota Denpasar", "kecamatan": "Denpasar Selatan", "desa_kelur": "Sanur", "id": 8142.0, "nogambarde": "GD.00080/2019", "nohmsrs": "22090301700080", "unit": null, "lantai": "1", "lantaim2": 35.445612244000003, "fungsi": "No. Unit 01A3-02A", "penggunaan": "Tanah Perumahan", "alamat": null, "nibtanahbe": "01530", "nibunit": "8142", "building": "00003", "Keterangan": "Ruang Khusus" }, "geometry": { "type": "MultiPolygon", "coordinates": [ [ [ [ 173839.230865495250328, 538944.68565853650216, 0.0 ], [ 173839.120566378202057, 538943.790709200548008, 0.0 ], [ 173839.195040408405475, 538943.781518257572316, 0.0 ], [ 173839.005357219168218, 538942.244519196799956, 0.0 ], [ 173837.268533487076638, 538942.45886315125972, 0.0 ], [ 173837.231788949953625, 538942.161122912541032, 0.0 ], [ 173835.470153435948305, 538942.378528799745254, 0.0 ], [ 173835.604883705120301, 538943.47024544631131, 0.0 ], [ 173835.623256043792935, 538943.61911612469703, 0.0 ], [ 173835.300703052780591, 538943.658922756440006, 0.0 ], [ 173835.374025338212959, 538944.25305175059475, 0.0 ], [ 173835.448415837396169, 538944.243871117243543, 0.0 ], [ 173835.558723859547172, 538945.138842637767084, 0.0 ], [ 173835.486576509254519, 538945.147746443632059, 0.0 ], [ 173836.090741540974705, 538950.060322388075292, 0.0 ], [ 173836.165176849230193, 538950.051136224996299, 0.0 ], [ 173836.275135583768133, 538950.943051949958317, 0.0 ], [ 173836.202848702610936, 538950.951972974580713, 0.0 ], [ 173836.313630748802098, 538951.866655429825187, 0.0 ], [ 173840.134642987279221, 538951.395098999841139, 0.0 ], [ 173840.021795150503749, 538950.480695226113312, 0.0 ], [ 173839.949918350175722, 538950.489565192721784, 0.0 ], [ 173839.837157064583153, 538949.598426886601374, 0.0 ], [ 173839.911809071432799, 538949.589213979663327, 0.0 ], [ 173839.305485132645117, 538944.676449622493237, 0.0 ], [ 173839.230865495250328, 538944.68565853650216, 0.0 ] ] ] ] } },
{ "type": "Feature", "properties": { "H_SHMRS": 3.25, "Z_MIN": 36.0, "Z_MAX": 40.25, "no": null, "provinsi": "Bali", "kabupaten": "Kota Denpasar", "kecamatan": "Denpasar Selatan", "desa_kelur": "Sanur", "id": 8141.0, "nogambarde": "GD.00079/2019", "nohmsrs": "22090301700079", "unit": null, "lantai": "1", "lantaim2": 33.005367564099998, "fungsi": "No. Unit 01A3-03", "penggunaan": "Tanah Perumahan", "alamat": null, "nibtanahbe": "01530", "nibunit": "8141", "building": "00003", "Keterangan": "Ruang Khusus" }, "geometry": { "type": "MultiPolygon", "coordinates": [ [ [ [ 173838.363409181707539, 538939.703987443936057, 0.0 ], [ 173838.210306452179793, 538938.463399116648361, 0.0 ], [ 173838.53285943341325, 538938.423592405044474, 0.0 ], [ 173837.601994842902059, 538930.880815429263748, 0.0 ], [ 173833.781909440440359, 538931.352257478865795, 0.0 ], [ 173833.91554590431042, 538932.442735561169684, 0.0 ], [ 173833.990014841634547, 538932.433545709471218, 0.0 ], [ 173834.100459546054481, 538933.328526912839152, 0.0 ], [ 173834.025996739132097, 538933.337716471403837, 0.0 ], [ 173834.528173692262499, 538937.40684618265368, 0.0 ], [ 173834.603362280380679, 538937.397567054373212, 0.0 ], [ 173834.712623875937425, 538938.289127037627622, 0.0 ], [ 173834.638190786587074, 538938.298312467406504, 0.0 ], [ 173834.82820526623982, 538939.837995966081508, 0.0 ], [ 173836.565029011340812, 538939.623652132693678, 0.0 ], [ 173836.601773666363442, 538939.921393331023864, 0.0 ], [ 173838.363409181707539, 538939.703987443936057, 0.0 ] ] ] ] } },
{ "type": "Feature", "properties": { "H_SHMRS": 3.25, "Z_MIN": 36.0, "Z_MAX": 40.25, "no": null, "provinsi": "Bali", "kabupaten": "Kota Denpasar", "kecamatan": "Denpasar Selatan", "desa_kelur": "Sanur", "id": 8139.0, "nogambarde": "GD.00077/2019", "nohmsrs": "22090301700077", "unit": null, "lantai": "1", "lantaim2": 32.9163046623, "fungsi": "No. Unit 01A3-01", "penggunaan": "Tanah Perumahan", "alamat": null, "nibtanahbe": "01530", "nibunit": "8139", "building": "00003", "Keterangan": "Ruang Khusus" }, "geometry": { "type": "MultiPolygon", "coordinates": [ [ [ [ 173842.478378127008909, 538937.7362413816154, 0.0 ], [ 173842.42909176190733, 538937.336874978267588, 0.0 ], [ 173842.354654131777352, 538937.346060966723599, 0.0 ], [ 173842.170939970936161, 538935.857353848521598, 0.0 ], [ 173842.245368486939697, 538935.848168985103257, 0.0 ], [ 173841.767693374102237, 538931.977577195968479, 0.0 ], [ 173841.693288556591142, 538931.986759133986197, 0.0 ], [ 173841.509574395109667, 538930.498052018228918, 0.0 ], [ 173841.583970098494319, 538930.488871203386225, 0.0 ], [ 173841.571877691050759, 538930.390886670909822, 0.0 ], [ 173837.75086545193335, 538930.862443101941608, 0.0 ], [ 173838.681730040727416, 538938.405220078537241, 0.0 ], [ 173839.004283020971343, 538938.365413365070708, 0.0 ], [ 173839.15738575119758, 538939.606001692241989, 0.0 ], [ 173840.919021264911862, 538939.388595806318335, 0.0 ], [ 173840.882276610529516, 538939.090854606940411, 0.0 ], [ 173842.619100356416311, 538938.876510774483904, 0.0 ], [ 173842.478378127008909, 538937.7362413816154, 0.0 ] ] ] ] } },
{ "type": "Feature", "properties": { "H_SHMRS": 3.25, "Z_MIN": 36.0, "Z_MAX": 40.25, "no": null, "provinsi": "Bali", "kabupaten": "Kota Denpasar", "kecamatan": "Denpasar Selatan", "desa_kelur": "Sanur", "id": 8138.0, "nogambarde": "GD.00076/2019", "nohmsrs": "22090301700076", "unit": null, "lantai": "1", "lantaim2": 37.151285617799999, "fungsi": "No. Unit 01A2-10", "penggunaan": "Tanah Perumahan", "alamat": null, "nibtanahbe": "01530", "nibunit": "8138", "building": "00003", "Keterangan": "Ruang Khusus" }, "geometry": { "type": "MultiPolygon", "coordinates": [ [ [ [ 173855.447685703577008, 538941.375544144189917, 0.0 ], [ 173855.337258776591625, 538940.480711905169301, 0.0 ], [ 173855.412323414930142, 538940.471448073862121, 0.0 ], [ 173855.204255977965659, 538938.785481820697896, 0.0 ], [ 173853.958705232478678, 538938.939196970080957, 0.0 ], [ 173853.995449917914812, 538939.236938414163888, 0.0 ], [ 173852.164341127412627, 538939.462917783064768, 0.0 ], [ 173852.127596479753265, 538939.165176645619795, 0.0 ], [ 173850.008133889554301, 538939.426702480996028, 0.0 ], [ 173850.136740161688067, 538940.468796512461267, 0.0 ], [ 173849.526370656531071, 538940.544122930848971, 0.0 ], [ 173849.606365422310773, 538941.1879337989958, 0.0 ], [ 173849.68017138671712, 538941.178825302049518, 0.0 ], [ 173849.790454625181155, 538942.073710895725526, 0.0 ], [ 173849.716301658540033, 538942.082862214883789, 0.0 ], [ 173849.896267060888931, 538943.541384499287233, 0.0 ], [ 173851.881209409912117, 538943.296420008642599, 0.0 ], [ 173852.166675421409309, 538945.609286677325144, 0.0 ], [ 173852.24082838522736, 538945.60013535770122, 0.0 ], [ 173852.350980571995024, 538946.491713435389102, 0.0 ], [ 173852.24192797660362, 538946.506406261818483, 0.0 ], [ 173852.315417181263911, 538947.101887791417539, 0.0 ], [ 173856.096609631145839, 538946.635245575336739, 0.0 ], [ 173856.053824530332349, 538946.2882925120648, 0.0 ], [ 173856.129042608052259, 538946.279009743127972, 0.0 ], [ 173855.522755758895073, 538941.366279645240866, 0.0 ], [ 173855.447685703577008, 538941.375544144189917, 0.0 ] ] ] ] } },
{ "type": "Feature", "properties": { "H_SHMRS": 3.25, "Z_MIN": 36.0, "Z_MAX": 40.25, "no": null, "provinsi": "Bali", "kabupaten": "Kota Denpasar", "kecamatan": "Denpasar Selatan", "desa_kelur": "Sanur", "id": 8137.0, "nogambarde": "GD.00075/2019", "nohmsrs": "22090301700075", "unit": null, "lantai": "1", "lantaim2": 35.053689667599997, "fungsi": "No. Unit 01A2-17", "penggunaan": "Tanah Perumahan", "alamat": null, "nibtanahbe": "01530", "nibunit": "8137", "building": "00003", "Keterangan": "Ruang Khusus" }, "geometry": { "type": "MultiPolygon", "coordinates": [ [ [ [ 173846.580019442888442, 538936.272804783773609, 0.0 ], [ 173845.649154964601621, 538928.730028706602752, 0.0 ], [ 173841.580024936527479, 538929.232204785686918, 0.0 ], [ 173841.7328396870289, 538930.470459623960778, 0.0 ], [ 173841.807314700534334, 538930.461269021383487, 0.0 ], [ 173841.991028861200903, 538931.949976137490012, 0.0 ], [ 173841.916562962229364, 538931.959165615728125, 0.0 ], [ 173842.394238074572058, 538935.829757405212149, 0.0 ], [ 173842.468680277379462, 538935.820570852723904, 0.0 ], [ 173842.652394437376643, 538937.309277968946844, 0.0 ], [ 173842.577961351897102, 538937.318463397445157, 0.0 ], [ 173842.627247601398267, 538937.717828890774399, 0.0 ], [ 173844.612189026724081, 538937.47286451025866, 0.0 ], [ 173844.64893368066987, 538937.770605708588846, 0.0 ], [ 173846.410569194005802, 538937.553199821268208, 0.0 ], [ 173846.257466465292964, 538936.312611493747681, 0.0 ], [ 173846.580019442888442, 538936.272804783773609, 0.0 ] ] ] ] } },
{ "type": "Feature", "properties": { "H_SHMRS": 3.25, "Z_MIN": 36.0, "Z_MAX": 40.25, "no": null, "provinsi": "Bali", "kabupaten": "Kota Denpasar", "kecamatan": "Denpasar Selatan", "desa_kelur": "Sanur", "id": 8136.0, "nogambarde": "GD.00074/2019", "nohmsrs": "22090301700074", "unit": null, "lantai": "1", "lantaim2": 35.451058428400003, "fungsi": "No. Unit 01A2-08", "penggunaan": "Tanah Perumahan", "alamat": null, "nibtanahbe": "01530", "nibunit": "8136", "building": "00003", "Keterangan": "Ruang Khusus" }, "geometry": { "type": "MultiPolygon", "coordinates": [ [ [ [ 173859.417420530808158, 538940.885633651865646, 0.0 ], [ 173859.307144624122884, 538939.99080745165702, 0.0 ], [ 173859.382209321833216, 538939.981544078327715, 0.0 ], [ 173859.32724159344798, 538939.53614168940112, 0.0 ], [ 173859.004688597313361, 538939.575948283774778, 0.0 ], [ 173858.986316244961927, 538939.427077502012253, 0.0 ], [ 173858.85158584479359, 538938.335359774064273, 0.0 ], [ 173857.089950344554381, 538938.552765780710615, 0.0 ], [ 173857.126694984879578, 538938.850506858085282, 0.0 ], [ 173855.389871239283821, 538939.064850691589527, 0.0 ], [ 173855.561194190348033, 538940.453077117563225, 0.0 ], [ 173855.635000213223975, 538940.443969071260653, 0.0 ], [ 173855.745278898684774, 538941.338817755808122, 0.0 ], [ 173855.670090309256921, 538941.348096883506514, 0.0 ], [ 173856.276377158559626, 538946.260826982557774, 0.0 ], [ 173856.351565745426342, 538946.251547854393721, 0.0 ], [ 173856.461713884957135, 538947.143150647636503, 0.0 ], [ 173856.387948933406733, 538947.152254082378931, 0.0 ], [ 173856.51681758207269, 538948.21567788394168, 0.0 ], [ 173860.338595739245648, 538947.744026930537075, 0.0 ], [ 173860.208964007091708, 538946.680720585864037, 0.0 ], [ 173860.133858348533977, 538946.689989479375072, 0.0 ], [ 173860.023825942567782, 538945.798349117627367, 0.0 ], [ 173860.097389397735242, 538945.789270549779758, 0.0 ], [ 173859.491102550877258, 538940.87654045119416, 0.0 ], [ 173859.417420530808158, 538940.885633651865646, 0.0 ] ] ] ] } },
{ "type": "Feature", "properties": { "H_SHMRS": 3.25, "Z_MIN": 36.0, "Z_MAX": 40.25, "no": null, "provinsi": "Bali", "kabupaten": "Kota Denpasar", "kecamatan": "Denpasar Selatan", "desa_kelur": "Sanur", "id": 8135.0, "nogambarde": "GD.00073/2019", "nohmsrs": "22090301700073", "unit": null, "lantai": "1", "lantaim2": 35.144418747400003, "fungsi": "No. Unit 01A2-15", "penggunaan": "Tanah Perumahan", "alamat": null, "nibtanahbe": "01530", "nibunit": "8135", "building": "00003", "Keterangan": "Ruang Khusus" }, "geometry": { "type": "MultiPolygon", "coordinates": [ [ [ [ 173850.056729209347395, 538930.351759503013454, 0.0 ], [ 173849.945575283200014, 538929.456921093864366, 0.0 ], [ 173850.019970988039859, 538929.447740280535072, 0.0 ], [ 173849.867151722341077, 538928.209479865035973, 0.0 ], [ 173845.798025461408542, 538928.711655478109606, 0.0 ], [ 173846.728890049445909, 538936.25443245540373, 0.0 ], [ 173847.051443031668896, 538936.214625741704367, 0.0 ], [ 173847.204545761022018, 538937.455214070971124, 0.0 ], [ 173848.966181275522104, 538937.237808183534071, 0.0 ], [ 173848.929436619451735, 538936.940066985553131, 0.0 ], [ 173850.9143780436425, 538936.695102604338899, 0.0 ], [ 173850.742748167162063, 538935.304389175027609, 0.0 ], [ 173850.668316607916495, 538935.313574416097254, 0.0 ], [ 173850.559038456558483, 538934.421961206709966, 0.0 ], [ 173850.632665365672437, 538934.412421445827931, 0.0 ], [ 173850.130414993531303, 538930.342665837961249, 0.0 ], [ 173850.056729209347395, 538930.351759503013454, 0.0 ] ] ] ] } },
{ "type": "Feature", "properties": { "H_SHMRS": 3.25, "Z_MIN": 36.0, "Z_MAX": 40.25, "no": null, "provinsi": "Bali", "kabupaten": "Kota Denpasar", "kecamatan": "Denpasar Selatan", "desa_kelur": "Sanur", "id": 8133.0, "nogambarde": "GD.00072/2019", "nohmsrs": "22090301700072", "unit": null, "lantai": "1", "lantaim2": 33.006201964500001, "fungsi": "No. Unit 01A2-11", "penggunaan": "Tanah Perumahan", "alamat": null, "nibtanahbe": "01530", "nibunit": "8133", "building": "00003", "Keterangan": "Ruang Khusus" }, "geometry": { "type": "MultiPolygon", "coordinates": [ [ [ [ 173854.767902818479342, 538935.262326716561802, 0.0 ], [ 173853.837038228899473, 538927.719549740781076, 0.0 ], [ 173850.01602222060319, 538928.191106636077166, 0.0 ], [ 173850.168841707869433, 538929.429368861718103, 0.0 ], [ 173850.243316722888267, 538929.42017826018855, 0.0 ], [ 173850.353754484065576, 538930.315103200613521, 0.0 ], [ 173850.279281833325513, 538930.324293973157182, 0.0 ], [ 173850.781539629329927, 538934.394047753536142, 0.0 ], [ 173850.856040028680582, 538934.385307830059901, 0.0 ], [ 173850.966058046469698, 538935.27683158009313, 0.0 ], [ 173850.891618829307845, 538935.286017305334099, 0.0 ], [ 173851.063248652149923, 538936.676730277598836, 0.0 ], [ 173852.800072398764314, 538936.462386444094591, 0.0 ], [ 173852.836817053845152, 538936.760127642424777, 0.0 ], [ 173854.598452567413915, 538936.542721756384708, 0.0 ], [ 173854.445349835848901, 538935.302133427234367, 0.0 ], [ 173854.767902818479342, 538935.262326716561802, 0.0 ] ] ] ] } },
{ "type": "Feature", "properties": { "H_SHMRS": 3.25, "Z_MIN": 36.0, "Z_MAX": 40.25, "no": null, "provinsi": "Bali", "kabupaten": "Kota Denpasar", "kecamatan": "Denpasar Selatan", "desa_kelur": "Sanur", "id": 8132.0, "nogambarde": "GD.00071/2019", "nohmsrs": "22090301700070.8", "unit": null, "lantai": "1", "lantaim2": 35.583358552299998, "fungsi": "No. Unit 01A2-08A", "penggunaan": "Tanah Perumahan", "alamat": null, "nibtanahbe": "01530", "nibunit": "8132", "building": "00003", "Keterangan": "Ruang Khusus" }, "geometry": { "type": "MultiPolygon", "coordinates": [ [ [ [ 173864.308478587103309, 538947.254098171018995, 0.0 ], [ 173863.180766364675947, 538938.103365791263059, 0.0 ], [ 173861.443942618294386, 538938.317709623137489, 0.0 ], [ 173861.407197964697843, 538938.019968434353359, 0.0 ], [ 173859.645562452176819, 538938.237374320975505, 0.0 ], [ 173859.798665180278476, 538939.477962648845278, 0.0 ], [ 173859.475944777805125, 538939.517790021607652, 0.0 ], [ 173859.530912619200535, 538939.963193322299048, 0.0 ], [ 173859.608003072207794, 538939.953679483500309, 0.0 ], [ 173859.715161745843943, 538940.848888995475136, 0.0 ], [ 173859.639973155601183, 538940.858168124803342, 0.0 ], [ 173860.247628707089461, 538945.770729308365844, 0.0 ], [ 173860.321448593313107, 538945.761619094642811, 0.0 ], [ 173860.431599787727464, 538946.653246644884348, 0.0 ], [ 173860.357834779599216, 538946.662349627586082, 0.0 ], [ 173860.487466342747211, 538947.725654602632858, 0.0 ], [ 173864.308478587103309, 538947.254098171018995, 0.0 ] ] ] ] } },
{ "type": "Feature", "properties": { "H_SHMRS": 3.25, "Z_MIN": 36.0, "Z_MAX": 40.25, "no": null, "provinsi": "Bali", "kabupaten": "Kota Denpasar", "kecamatan": "Denpasar Selatan", "desa_kelur": "Sanur", "id": 8131.0, "nogambarde": "GD.00070/2019", "nohmsrs": "22090301700070", "unit": null, "lantai": "1", "lantaim2": 33.006930818599997, "fungsi": "No. Unit 01A2-09", "penggunaan": "Tanah Perumahan", "alamat": null, "nibtanahbe": "01530", "nibunit": "8131", "building": "00003", "Keterangan": "Ruang Khusus" }, "geometry": { "type": "MultiPolygon", "coordinates": [ [ [ [ 173857.996494904888095, 538929.371901982929558, 0.0 ], [ 173857.885346977971494, 538928.477112184162252, 0.0 ], [ 173857.959742684499361, 538928.467931370134465, 0.0 ], [ 173857.806921074981801, 538927.22962098044809, 0.0 ], [ 173853.985908834671136, 538927.701177410315722, 0.0 ], [ 173854.916773425386054, 538935.243954388541169, 0.0 ], [ 173855.239326407026965, 538935.204147675656714, 0.0 ], [ 173855.392429136467399, 538936.444736003526486, 0.0 ], [ 173857.154064651200315, 538936.227330116787925, 0.0 ], [ 173857.117319994024001, 538935.92958891869057, 0.0 ], [ 173858.854143741424195, 538935.715245086001232, 0.0 ], [ 173858.68251991996658, 538934.324580721906386, 0.0 ], [ 173858.608088300505187, 538934.333765505463816, 0.0 ], [ 173858.498804153496167, 538933.442103688721545, 0.0 ], [ 173858.572434718982549, 538933.432562562637031, 0.0 ], [ 173858.070180690818233, 538929.362808317295276, 0.0 ], [ 173857.996494904888095, 538929.371901982929558, 0.0 ] ] ] ] } },
{ "type": "Feature", "properties": { "H_SHMRS": 3.25, "Z_MIN": 36.0, "Z_MAX": 40.25, "no": null, "provinsi": "Bali", "kabupaten": "Kota Denpasar", "kecamatan": "Denpasar Selatan", "desa_kelur": "Sanur", "id": 8129.0, "nogambarde": "GD.00068/2019", "nohmsrs": "22090301700068", "unit": null, "lantai": "1", "lantaim2": 33.005749134699997, "fungsi": "No. Unit 01A2-07", "penggunaan": "Tanah Perumahan", "alamat": null, "nibtanahbe": "01530", "nibunit": "8129", "building": "00003", "Keterangan": "Ruang Khusus" }, "geometry": { "type": "MultiPolygon", "coordinates": [ [ [ [ 173862.707668514136458, 538934.282469196710736, 0.0 ], [ 173861.776803923712578, 538926.739692219649442, 0.0 ], [ 173857.956496349128429, 538927.211161687970161, 0.0 ], [ 173858.108613402175251, 538928.449559952132404, 0.0 ], [ 173858.183088416059036, 538928.440369350020774, 0.0 ], [ 173858.293520178092876, 538929.335245682159439, 0.0 ], [ 173858.219051297404803, 538929.344435989623889, 0.0 ], [ 173858.721305322949775, 538933.414190233801492, 0.0 ], [ 173858.795805108093191, 538933.405450386693701, 0.0 ], [ 173858.905829740280751, 538934.297022671089508, 0.0 ], [ 173858.831390582752647, 538934.306208847672679, 0.0 ], [ 173859.003014347748831, 538935.696872758446261, 0.0 ], [ 173860.739838093199069, 538935.48252892435994, 0.0 ], [ 173860.776582750462694, 538935.780270122922957, 0.0 ], [ 173862.538218264351599, 538935.562864236300811, 0.0 ], [ 173862.385115534358192, 538934.322275908431038, 0.0 ], [ 173862.707668514136458, 538934.282469196710736, 0.0 ] ] ] ] } },
{ "type": "Feature", "properties": { "H_SHMRS": 3.25, "Z_MIN": 36.0, "Z_MAX": 40.25, "no": null, "provinsi": "Bali", "kabupaten": "Kota Denpasar", "kecamatan": "Denpasar Selatan", "desa_kelur": "Sanur", "id": 8128.0, "nogambarde": "GD.00067/2019", "nohmsrs": "22090301700067", "unit": null, "lantai": "1", "lantaim2": 35.458812838900002, "fungsi": "No. Unit 01A2-02A", "penggunaan": "Tanah Perumahan", "alamat": null, "nibtanahbe": "01530", "nibunit": "8128", "building": "00003", "Keterangan": "Ruang Khusus" }, "geometry": { "type": "MultiPolygon", "coordinates": [ [ [ [ 173871.327069075225154, 538939.415847375290468, 0.0 ], [ 173871.217392773163738, 538938.521021202555858, 0.0 ], [ 173871.291866860585287, 538938.511830714414828, 0.0 ], [ 173871.120532023283886, 538937.123507980839349, 0.0 ], [ 173869.383708292007213, 538937.337851934367791, 0.0 ], [ 173869.34696375601925, 538937.04011169471778, 0.0 ], [ 173867.585328243178083, 538937.257517581922002, 0.0 ], [ 173867.720058511855314, 538938.349234231282026, 0.0 ], [ 173867.738430847151903, 538938.498104906640947, 0.0 ], [ 173867.415877857652958, 538938.537911540828645, 0.0 ], [ 173867.470851731835864, 538938.983363751671277, 0.0 ], [ 173867.544657754537184, 538938.974255708162673, 0.0 ], [ 173867.654927439783933, 538939.869031477021053, 0.0 ], [ 173867.579738853441086, 538939.878310605185106, 0.0 ], [ 173868.186025702045299, 538944.791040702024475, 0.0 ], [ 173868.261214288591873, 538944.781761574791744, 0.0 ], [ 173868.37137148148031, 538945.673437734716572, 0.0 ], [ 173868.297606468811864, 538945.682540719863027, 0.0 ], [ 173868.427232044516131, 538946.745797083131038, 0.0 ], [ 173872.248244282382075, 538946.274240651284344, 0.0 ], [ 173872.118621598259779, 538945.211007681442425, 0.0 ], [ 173872.043515889876289, 538945.220276112435386, 0.0 ], [ 173871.934004515991546, 538944.3284974291455, 0.0 ], [ 173872.00857406394789, 538944.31929469644092, 0.0 ], [ 173871.402287214848911, 538939.406564596923999, 0.0 ], [ 173871.327069075225154, 538939.415847375290468, 0.0 ] ] ] ] } },
{ "type": "Feature", "properties": { "H_SHMRS": 3.25, "Z_MIN": 36.0, "Z_MAX": 40.25, "no": null, "provinsi": "Bali", "kabupaten": "Kota Denpasar", "kecamatan": "Denpasar Selatan", "desa_kelur": "Sanur", "id": 8127.0, "nogambarde": "GD.00066/2019", "nohmsrs": "22090301700066", "unit": null, "lantai": "1", "lantaim2": 33.006933574400001, "fungsi": "No. Unit 01A2-05", "penggunaan": "Tanah Perumahan", "alamat": null, "nibtanahbe": "01530", "nibunit": "8127", "building": "00003", "Keterangan": "Ruang Khusus" }, "geometry": { "type": "MultiPolygon", "coordinates": [ [ [ [ 173865.89951438040589, 538927.488122459501028, 0.0 ], [ 173865.746686772326939, 538926.249763460713439, 0.0 ], [ 173861.925674532947596, 538926.721319892094471, 0.0 ], [ 173862.85653912165435, 538934.264096870203502, 0.0 ], [ 173863.17909210320795, 538934.224290156387724, 0.0 ], [ 173863.332194833928952, 538935.464878484723158, 0.0 ], [ 173865.093830346188042, 538935.247472597518936, 0.0 ], [ 173865.057085692387773, 538934.949731398955919, 0.0 ], [ 173866.793909438623814, 538934.73538756580092, 0.0 ], [ 173866.622291557985591, 538933.344771355274133, 0.0 ], [ 173866.547866071545286, 538933.353955846978351, 0.0 ], [ 173866.438569847057806, 538932.462246168986894, 0.0 ], [ 173866.51220041140914, 538932.452705044415779, 0.0 ], [ 173866.009946387523087, 538928.382950798841193, 0.0 ], [ 173865.936260599846719, 538928.392044463544153, 0.0 ], [ 173865.825118672131794, 538927.497303276439197, 0.0 ], [ 173865.89951438040589, 538927.488122459501028, 0.0 ] ] ] ] } },
{ "type": "Feature", "properties": { "H_SHMRS": 3.25, "Z_MIN": 36.0, "Z_MAX": 40.25, "no": null, "provinsi": "Bali", "kabupaten": "Kota Denpasar", "kecamatan": "Denpasar Selatan", "desa_kelur": "Sanur", "id": 8126.0, "nogambarde": "GD.00065/2019", "nohmsrs": "22090301700065", "unit": null, "lantai": "1", "lantaim2": 37.138749259400001, "fungsi": "No. Unit 01A2-02", "penggunaan": "Tanah Perumahan", "alamat": null, "nibtanahbe": "01530", "nibunit": "8126", "building": "00003", "Keterangan": "Ruang Khusus" }, "geometry": { "type": "MultiPolygon", "coordinates": [ [ [ [ 173877.246695632667979, 538937.776974031934515, 0.0 ], [ 173877.16721303598024, 538937.132928160368465, 0.0 ], [ 173876.55511387824663, 538937.208468262688257, 0.0 ], [ 173876.428242336231051, 538936.166200166917406, 0.0 ], [ 173874.30931747352588, 538936.427699629683048, 0.0 ], [ 173874.34606210803031, 538936.725440665963106, 0.0 ], [ 173872.514953355421312, 538936.951420343131758, 0.0 ], [ 173872.478208551590797, 538936.653679476585239, 0.0 ], [ 173871.232657967484556, 538936.807394383009523, 0.0 ], [ 173871.440737581549911, 538938.493459298158996, 0.0 ], [ 173871.51454360227217, 538938.4843512539519, 0.0 ], [ 173871.624810289329616, 538939.379102716920897, 0.0 ], [ 173871.551157821901143, 538939.388192270416766, 0.0 ], [ 173872.15744473572704, 538944.300922359805554, 0.0 ], [ 173872.231097136042081, 538944.291832815506496, 0.0 ], [ 173872.274623772769701, 538944.638694365741685, 0.0 ], [ 173876.054442362306872, 538944.172221700660884, 0.0 ], [ 173875.980953159509227, 538943.57674017152749, 0.0 ], [ 173875.872554212372052, 538943.58902953856159, 0.0 ], [ 173875.762384220346576, 538942.697307124501094, 0.0 ], [ 173875.835904860607116, 538942.688233842141926, 0.0 ], [ 173875.550437039404642, 538940.375367730623111, 0.0 ], [ 173877.535379389213631, 538940.130403233226389, 0.0 ], [ 173877.355413988494547, 538938.671880949637853, 0.0 ], [ 173877.281893347302685, 538938.680954233161174, 0.0 ], [ 173877.171630935394205, 538937.786237403634004, 0.0 ], [ 173877.246695632667979, 538937.776974031934515, 0.0 ] ] ] ] } },
{ "type": "Feature", "properties": { "H_SHMRS": 3.25, "Z_MIN": 36.0, "Z_MAX": 40.25, "no": null, "provinsi": "Bali", "kabupaten": "Kota Denpasar", "kecamatan": "Denpasar Selatan", "desa_kelur": "Sanur", "id": 8125.0, "nogambarde": "GD.00064/2019", "nohmsrs": "22090301700064", "unit": null, "lantai": "1", "lantaim2": 33.005710609799998, "fungsi": "No. Unit 01A2-03", "penggunaan": "Tanah Perumahan", "alamat": null, "nibtanahbe": "01530", "nibunit": "8125", "building": "00003", "Keterangan": "Ruang Khusus" }, "geometry": { "type": "MultiPolygon", "coordinates": [ [ [ [ 173870.647434209182393, 538933.302611677558161, 0.0 ], [ 173869.716569620766677, 538925.759834701195359, 0.0 ], [ 173865.89632329941378, 538926.231296609621495, 0.0 ], [ 173866.048385040165158, 538927.469750588177703, 0.0 ], [ 173866.1228601114708, 538927.460560441715643, 0.0 ], [ 173866.233285874332068, 538928.355388162075542, 0.0 ], [ 173866.158816994720837, 538928.364578469889238, 0.0 ], [ 173866.661071018781513, 538932.434332715929486, 0.0 ], [ 173866.735570802935399, 538932.425592866376974, 0.0 ], [ 173866.845601433538832, 538933.317213762085885, 0.0 ], [ 173866.77116221858887, 538933.326399485347793, 0.0 ], [ 173866.942780042765662, 538934.71701523871161, 0.0 ], [ 173868.679603787022643, 538934.502671406371519, 0.0 ], [ 173868.716348443733295, 538934.800412605865858, 0.0 ], [ 173870.477983957971446, 538934.583006716798991, 0.0 ], [ 173870.324881226668367, 538933.342418389394879, 0.0 ], [ 173870.647434209182393, 538933.302611677558161, 0.0 ] ] ] ] } },
{ "type": "Feature", "properties": { "H_SHMRS": 3.25, "Z_MIN": 36.0, "Z_MAX": 40.25, "no": null, "provinsi": "Bali", "kabupaten": "Kota Denpasar", "kecamatan": "Denpasar Selatan", "desa_kelur": "Sanur", "id": 8123.0, "nogambarde": "GD.00063/2019", "nohmsrs": "22090301700063", "unit": null, "lantai": "1", "lantaim2": 33.008476103100001, "fungsi": "No. Unit 01A2-01", "penggunaan": "Tanah Perumahan", "alamat": null, "nibtanahbe": "01530", "nibunit": "8123", "building": "00003", "Keterangan": "Ruang Khusus" }, "geometry": { "type": "MultiPolygon", "coordinates": [ [ [ [ 173874.45271563885035, 538931.47275502490811, 0.0 ], [ 173873.949712080881, 538927.403093278990127, 0.0 ], [ 173873.87602629425237, 538927.412186945788562, 0.0 ], [ 173873.764890365768224, 538926.517494366737083, 0.0 ], [ 173873.839286072936375, 538926.508313551545143, 0.0 ], [ 173873.68645246909, 538925.269905941211618, 0.0 ], [ 173869.86544022502494, 538925.741462372476235, 0.0 ], [ 173870.79630481734057, 538933.284239349421114, 0.0 ], [ 173871.118857798835961, 538933.244432637002319, 0.0 ], [ 173871.271960528014461, 538934.485020966036245, 0.0 ], [ 173873.033596040593693, 538934.267615078249946, 0.0 ], [ 173872.996851387404604, 538933.969873879454099, 0.0 ], [ 173874.733675132476492, 538933.755530045833439, 0.0 ], [ 173874.562067245948128, 538932.364994804142043, 0.0 ], [ 173874.487633788434323, 538932.374180739629082, 0.0 ], [ 173874.378335542860441, 538931.482388649252243, 0.0 ], [ 173874.45271563885035, 538931.47275502490811, 0.0 ] ] ] ] } },
{ "type": "Feature", "properties": { "H_SHMRS": 3.25, "Z_MIN": 36.0, "Z_MAX": 40.25, "no": null, "provinsi": "Bali", "kabupaten": "Kota Denpasar", "kecamatan": "Denpasar Selatan", "desa_kelur": "Sanur", "id": 8122.0, "nogambarde": "GD.00062/2019", "nohmsrs": "22090301700062", "unit": null, "lantai": "1", "lantaim2": 37.138173199900002, "fungsi": "No. Unit 01A1-10", "penggunaan": "Tanah Perumahan", "alamat": null, "nibtanahbe": "01530", "nibunit": "8122", "building": "00003", "Keterangan": "Ruang Khusus" }, "geometry": { "type": "MultiPolygon", "coordinates": [ [ [ [ 173887.826316085120197, 538937.780167209217325, 0.0 ], [ 173887.599851497041527, 538935.945129213505425, 0.0 ], [ 173886.354300753126154, 538936.098844362189993, 0.0 ], [ 173886.391045439057052, 538936.396585806738585, 0.0 ], [ 173884.559936646808637, 538936.622565174708143, 0.0 ], [ 173884.523192001448479, 538936.32482403726317, 0.0 ], [ 173882.404267137055285, 538936.58632350130938, 0.0 ], [ 173882.53190723771695, 538937.628537145094015, 0.0 ], [ 173881.922504140675301, 538937.703744331607595, 0.0 ], [ 173882.02035803560284, 538938.496652474044822, 0.0 ], [ 173882.094754666264635, 538938.487471544882283, 0.0 ], [ 173882.205021370813483, 538939.382158233434893, 0.0 ], [ 173882.129836552659981, 538939.391436896752566, 0.0 ], [ 173882.292400358157465, 538940.701005923794582, 0.0 ], [ 173884.276376489084214, 538940.456160673988052, 0.0 ], [ 173884.581093591579702, 538942.917336321086623, 0.0 ], [ 173884.655344545753906, 538942.908172796713188, 0.0 ], [ 173884.765563791093882, 538943.800359223270789, 0.0 ], [ 173884.69120112262317, 538943.80953596252948, 0.0 ], [ 173884.746448329766281, 538944.257202422595583, 0.0 ], [ 173888.492358553572558, 538943.794914436992258, 0.0 ], [ 173888.468391235132003, 538943.596739522647113, 0.0 ], [ 173888.54207702394342, 538943.587645856314339, 0.0 ], [ 173887.936724065977614, 538938.674800838110968, 0.0 ], [ 173887.862104427273152, 538938.684009751421399, 0.0 ], [ 173887.751841997873271, 538937.789357695961371, 0.0 ], [ 173887.826316085120197, 538937.780167209217325, 0.0 ] ] ] ] } },
{ "type": "Feature", "properties": { "H_SHMRS": 3.25, "Z_MIN": 36.0, "Z_MAX": 40.25, "no": null, "provinsi": "Bali", "kabupaten": "Kota Denpasar", "kecamatan": "Denpasar Selatan", "desa_kelur": "Sanur", "id": 8121.0, "nogambarde": "GD.00061/2019", "nohmsrs": "22090301700061", "unit": null, "lantai": "1", "lantaim2": 33.004706838899999, "fungsi": "No. Unit 01A1-11", "penggunaan": "Tanah Perumahan", "alamat": null, "nibtanahbe": "01530", "nibunit": "8121", "building": "00003", "Keterangan": "Ruang Khusus" }, "geometry": { "type": "MultiPolygon", "coordinates": [ [ [ [ 173887.164102115493733, 538932.421942988527007, 0.0 ], [ 173886.233237546199234, 538924.879166179918684, 0.0 ], [ 173882.412225304811727, 538925.350722609669901, 0.0 ], [ 173882.546822835429339, 538926.441363677964546, 0.0 ], [ 173882.62125998197007, 538926.43217728624586, 0.0 ], [ 173882.731699719501194, 538927.32687797548715, 0.0 ], [ 173882.657239442516584, 538927.336067220545374, 0.0 ], [ 173883.159991877619177, 538931.40512590832077, 0.0 ], [ 173883.234601222648052, 538931.395918266498484, 0.0 ], [ 173883.343903300556121, 538932.287775356671773, 0.0 ], [ 173883.269470212631859, 538932.296960786450654, 0.0 ], [ 173883.459447950182948, 538933.836346548283473, 0.0 ], [ 173885.196271696477197, 538933.622002714895643, 0.0 ], [ 173885.233016349258833, 538933.919743913575076, 0.0 ], [ 173886.99465186346788, 538933.702338027069345, 0.0 ], [ 173886.841549133940134, 538932.46174969826825, 0.0 ], [ 173887.164102115493733, 538932.421942988527007, 0.0 ] ] ] ] } },
{ "type": "Feature", "properties": { "H_SHMRS": 3.25, "Z_MIN": 36.0, "Z_MAX": 40.25, "no": null, "provinsi": "Bali", "kabupaten": "Kota Denpasar", "kecamatan": "Denpasar Selatan", "desa_kelur": "Sanur", "id": 8120.0, "nogambarde": "GD.00060/2019", "nohmsrs": "22090301700060", "unit": null, "lantai": "1", "lantaim2": 35.4508177421, "fungsi": "NO.UNIT 01A1-08", "penggunaan": "Tanah Perumahan", "alamat": null, "nibtanahbe": "01530", "nibunit": "8120", "building": "00003", "Keterangan": "Ruang Khusus" }, "geometry": { "type": "MultiPolygon", "coordinates": [ [ [ [ 173891.83198727609124, 538938.194080992368981, 0.0 ], [ 173891.721727844938869, 538937.29945324070286, 0.0 ], [ 173891.796201935823774, 538937.290262752328999, 0.0 ], [ 173891.722837112902198, 538936.6957890719641, 0.0 ], [ 173891.40028411502135, 538936.735595667269081, 0.0 ], [ 173891.381911763804965, 538936.586724882130511, 0.0 ], [ 173891.247181361773983, 538935.495007154531777, 0.0 ], [ 173889.485545863688458, 538935.712413164321333, 0.0 ], [ 173889.522290504508419, 538936.01015423994977, 0.0 ], [ 173887.785466759261908, 538936.224498072988354, 0.0 ], [ 173887.97518664051313, 538937.761795812170021, 0.0 ], [ 173888.049583436280955, 538937.752614861237817, 0.0 ], [ 173888.159845643473091, 538938.64726509351749, 0.0 ], [ 173888.084660822700243, 538938.65654375765007, 0.0 ], [ 173888.691881481092423, 538943.569158280151896, 0.0 ], [ 173888.766132452030433, 538943.55999486555811, 0.0 ], [ 173888.876297163777053, 538944.451796891284175, 0.0 ], [ 173888.801941548706964, 538944.460972756496631, 0.0 ], [ 173888.913786436780356, 538945.37519814260304, 0.0 ], [ 173892.734798676654464, 538944.903641710407101, 0.0 ], [ 173892.622956671140855, 538943.989439720287919, 0.0 ], [ 173892.548441572173033, 538943.99863526923582, 0.0 ], [ 173892.43747416001861, 538943.106494833249599, 0.0 ], [ 173892.511964632401941, 538943.097755676717497, 0.0 ], [ 173891.906774334114743, 538938.184851417434402, 0.0 ], [ 173891.83198727609124, 538938.194080992368981, 0.0 ] ] ] ] } },
{ "type": "Feature", "properties": { "H_SHMRS": 3.25, "Z_MIN": 36.0, "Z_MAX": 40.25, "no": null, "provinsi": "Bali", "kabupaten": "Kota Denpasar", "kecamatan": "Denpasar Selatan", "desa_kelur": "Sanur", "id": 8119.0, "nogambarde": "GD.00059/2019", "nohmsrs": "22090301700059", "unit": null, "lantai": "1", "lantaim2": 33.006941407600003, "fungsi": "NO.UNIT 01A1-09", "penggunaan": "Tanah Perumahan", "alamat": null, "nibtanahbe": "01530", "nibunit": "8119", "building": "00003", "Keterangan": "Ruang Khusus" }, "geometry": { "type": "MultiPolygon", "coordinates": [ [ [ [ 173891.250343038322171, 538932.874861356685869, 0.0 ], [ 173891.060371188796125, 538931.335523291141726, 0.0 ], [ 173890.985933557269163, 538931.344709279597737, 0.0 ], [ 173890.876625695906114, 538930.452805406996049, 0.0 ], [ 173890.950311486143619, 538930.44371174229309, 0.0 ], [ 173890.448134530888638, 538926.374582029297017, 0.0 ], [ 173890.374448744900292, 538926.383675695513375, 0.0 ], [ 173890.263324522500625, 538925.489127952721901, 0.0 ], [ 173890.337726305238903, 538925.47994638828095, 0.0 ], [ 173890.20312039469718, 538924.389237419236451, 0.0 ], [ 173886.382108155172318, 538924.860793850966729, 0.0 ], [ 173887.312972722778795, 538932.40357066038996, 0.0 ], [ 173887.635525703342864, 538932.363763946341351, 0.0 ], [ 173887.788628433569102, 538933.604352274909616, 0.0 ], [ 173889.550263948971406, 538933.386946387705393, 0.0 ], [ 173889.513519294036087, 538933.089205189142376, 0.0 ], [ 173891.250343038322171, 538932.874861356685869, 0.0 ] ] ] ] } },
{ "type": "Feature", "properties": { "H_SHMRS": 3.25, "Z_MIN": 36.0, "Z_MAX": 40.25, "no": null, "provinsi": "Bali", "kabupaten": "Kota Denpasar", "kecamatan": "Denpasar Selatan", "desa_kelur": "Sanur", "id": 8118.0, "nogambarde": "GD.00058/2019", "nohmsrs": "22090301700058", "unit": null, "lantai": "1", "lantaim2": 35.584249080500001, "fungsi": "NO.UNIT 01A1-08A", "penggunaan": "Tanah Perumahan", "alamat": null, "nibtanahbe": "01530", "nibunit": "8118", "building": "00003", "Keterangan": "Ruang Khusus" }, "geometry": { "type": "MultiPolygon", "coordinates": [ [ [ [ 173896.704681526956847, 538944.413712950190529, 0.0 ], [ 173895.576361864048522, 538935.263013004441746, 0.0 ], [ 173893.839538118016208, 538935.477356837014668, 0.0 ], [ 173893.8027934639249, 538935.179615648463368, 0.0 ], [ 173892.041157950734487, 538935.397021535784006, 0.0 ], [ 173892.194260679592844, 538936.637609862023965, 0.0 ], [ 173891.871540278196335, 538936.677437235834077, 0.0 ], [ 173891.94507265536231, 538937.271891337120906, 0.0 ], [ 173892.019469283957733, 538937.262710407143459, 0.0 ], [ 173892.129728490137495, 538938.157336335512809, 0.0 ], [ 173892.055477521265857, 538938.16649974999018, 0.0 ], [ 173892.660835241142195, 538943.079383347649127, 0.0 ], [ 173892.73607556236675, 538943.069644020521082, 0.0 ], [ 173892.846183010347886, 538943.96189243462868, 0.0 ], [ 173892.771827394433785, 538943.97106830147095, 0.0 ], [ 173892.883669280505273, 538944.885269382153638, 0.0 ], [ 173896.704681526956847, 538944.413712950190529, 0.0 ] ] ] ] } },
{ "type": "Feature", "properties": { "H_SHMRS": 3.25, "Z_MIN": 36.0, "Z_MAX": 40.25, "no": null, "provinsi": "Bali", "kabupaten": "Kota Denpasar", "kecamatan": "Denpasar Selatan", "desa_kelur": "Sanur", "id": 8117.0, "nogambarde": "GD.00057/2019", "nohmsrs": "22090301700057", "unit": null, "lantai": "1", "lantaim2": 33.005501042299997, "fungsi": "NO.UNIT 01A1-07", "penggunaan": "Tanah Perumahan", "alamat": null, "nibtanahbe": "01530", "nibunit": "8117", "building": "00003", "Keterangan": "Ruang Khusus" }, "geometry": { "type": "MultiPolygon", "coordinates": [ [ [ [ 173894.934417559677968, 538932.722480508033186, 0.0 ], [ 173894.781314831692725, 538931.481892179232091, 0.0 ], [ 173895.103867813188117, 538931.442085468559526, 0.0 ], [ 173894.173003243049607, 538923.899308660416864, 0.0 ], [ 173890.352695669076638, 538924.370778126409277, 0.0 ], [ 173890.486597025534138, 538925.461574971675873, 0.0 ], [ 173890.561065960326232, 538925.452385117998347, 0.0 ], [ 173890.672189957724186, 538926.346931039122865, 0.0 ], [ 173890.597005140094552, 538926.3562097013928, 0.0 ], [ 173891.099182092759293, 538930.425339412991889, 0.0 ], [ 173891.173621201334754, 538930.41615277947858, 0.0 ], [ 173891.283674996782793, 538931.307966447900981, 0.0 ], [ 173891.209241907141404, 538931.317151876166463, 0.0 ], [ 173891.399213644996053, 538932.856489028898068, 0.0 ], [ 173893.136037392920116, 538932.642145196557976, 0.0 ], [ 173893.172782047913643, 538932.939886393374763, 0.0 ], [ 173894.934417559677968, 538932.722480508033186, 0.0 ] ] ] ] } },
{ "type": "Feature", "properties": { "H_SHMRS": 3.25, "Z_MIN": 36.0, "Z_MAX": 40.25, "no": null, "provinsi": "Bali", "kabupaten": "Kota Denpasar", "kecamatan": "Denpasar Selatan", "desa_kelur": "Sanur", "id": 8116.0, "nogambarde": "GD.00056/2019", "nohmsrs": "22090301700056", "unit": null, "lantai": "1", "lantaim2": 35.5881018344, "fungsi": "NO.UNIT 01A1-06", "penggunaan": "Tanah Perumahan", "alamat": null, "nibtanahbe": "01530", "nibunit": "8116", "building": "00003", "Keterangan": "Ruang Khusus" }, "geometry": { "type": "MultiPolygon", "coordinates": [ [ [ [ 173900.451675163407344, 538942.117451150203124, 0.0 ], [ 173899.845438759104582, 538937.205129805952311, 0.0 ], [ 173899.771752970555099, 538937.214223471004516, 0.0 ], [ 173899.661499538691714, 538936.319644331466407, 0.0 ], [ 173899.735973628499778, 538936.310453843907453, 0.0 ], [ 173899.662602784082992, 538935.715931373764761, 0.0 ], [ 173899.340049805789022, 538935.755738092586398, 0.0 ], [ 173899.186947073583724, 538934.515149758430198, 0.0 ], [ 173897.425311561208218, 538934.732555645518005, 0.0 ], [ 173897.462056215386838, 538935.030296842451207, 0.0 ], [ 173895.725232468481408, 538935.244640676071867, 0.0 ], [ 173896.852786213334184, 538944.395435144309886, 0.0 ], [ 173900.674564374319743, 538943.923784191254526, 0.0 ], [ 173900.562728370015975, 538943.009630810469389, 0.0 ], [ 173900.488213266537059, 538943.018826358253136, 0.0 ], [ 173900.377239855850348, 538942.126637314795516, 0.0 ], [ 173900.451675163407344, 538942.117451150203124, 0.0 ] ] ] ] } },
{ "type": "Feature", "properties": { "H_SHMRS": 3.25, "Z_MIN": 36.0, "Z_MAX": 40.25, "no": null, "provinsi": "Bali", "kabupaten": "Kota Denpasar", "kecamatan": "Denpasar Selatan", "desa_kelur": "Sanur", "id": 8115.0, "nogambarde": "GD.00055/2019", "nohmsrs": "22090301700055", "unit": null, "lantai": "1", "lantaim2": 33.0069413469, "fungsi": "NO.UNIT 01A1-05", "penggunaan": "Tanah Perumahan", "alamat": null, "nibtanahbe": "01530", "nibunit": "8115", "building": "00003", "Keterangan": "Ruang Khusus" }, "geometry": { "type": "MultiPolygon", "coordinates": [ [ [ [ 173899.190108737588162, 538931.89500383764971, 0.0 ], [ 173899.000142884964589, 538930.355714382370934, 0.0 ], [ 173898.925705251749605, 538930.364900373504497, 0.0 ], [ 173898.816391391854268, 538929.472947887610644, 0.0 ], [ 173898.890077181014931, 538929.463854222442023, 0.0 ], [ 173898.387900227331556, 538925.394724508863874, 0.0 ], [ 173898.314214439596981, 538925.403818177641369, 0.0 ], [ 173898.203096216515405, 538924.509319043485448, 0.0 ], [ 173898.277498000941705, 538924.500137477763928, 0.0 ], [ 173898.14288608849165, 538923.409379901131615, 0.0 ], [ 173894.321873849869007, 538923.880936332163401, 0.0 ], [ 173895.252738421084359, 538931.423713141586632, 0.0 ], [ 173895.575291524786735, 538931.383906437084079, 0.0 ], [ 173895.728394253470469, 538932.62449476425536, 0.0 ], [ 173897.490029766398948, 538932.40708887623623, 0.0 ], [ 173897.453285112074809, 538932.109347679652274, 0.0 ], [ 173899.190108737588162, 538931.89500383764971, 0.0 ] ] ] ] } },
{ "type": "Feature", "properties": { "H_SHMRS": 3.25, "Z_MIN": 36.0, "Z_MAX": 40.25, "no": null, "provinsi": "Bali", "kabupaten": "Kota Denpasar", "kecamatan": "Denpasar Selatan", "desa_kelur": "Sanur", "id": 8112.0, "nogambarde": "GD.00054/2019", "nohmsrs": "22090301700054", "unit": null, "lantai": "1", "lantaim2": 35.453645901900003, "fungsi": "NO.UNIT 01A1-02A", "penggunaan": "Tanah Perumahan", "alamat": null, "nibtanahbe": "01530", "nibunit": "8112", "building": "00003", "Keterangan": "Ruang Khusus" }, "geometry": { "type": "MultiPolygon", "coordinates": [ [ [ [ 173903.741635819023941, 538936.72429471265059, 0.0 ], [ 173903.631384595733834, 538935.829739975277334, 0.0 ], [ 173903.70585964404745, 538935.820549368159845, 0.0 ], [ 173903.516127856302774, 538934.283157896716148, 0.0 ], [ 173901.779304125346243, 538934.497501848265529, 0.0 ], [ 173901.742559588863514, 538934.199761610594578, 0.0 ], [ 173899.980924075323856, 538934.417167496634647, 0.0 ], [ 173900.115654343098868, 538935.508884144132026, 0.0 ], [ 173900.134026680054376, 538935.657754822517745, 0.0 ], [ 173899.811473688809201, 538935.697561456006952, 0.0 ], [ 173899.884844348620391, 538936.292082427768037, 0.0 ], [ 173899.959240978962043, 538936.282901497092098, 0.0 ], [ 173900.069494185852818, 538937.177478815661743, 0.0 ], [ 173899.994309365341906, 538937.18675747839734, 0.0 ], [ 173900.60054576996481, 538942.099078822066076, 0.0 ], [ 173900.674981080199359, 538942.089892657706514, 0.0 ], [ 173900.785364098788705, 538942.982156407902949, 0.0 ], [ 173900.711599085538182, 538942.991259395028464, 0.0 ], [ 173900.823434978810837, 538943.905411862069741, 0.0 ], [ 173904.644447221566224, 538943.433855430106632, 0.0 ], [ 173904.532614213676425, 538942.519726355094463, 0.0 ], [ 173904.458099112147465, 538942.528921905090101, 0.0 ], [ 173904.347922626853688, 538941.637024483876303, 0.0 ], [ 173904.422542269137921, 538941.627815570449457, 0.0 ], [ 173903.815321608446538, 538936.715201047249138, 0.0 ], [ 173903.741635819023941, 538936.72429471265059, 0.0 ] ] ] ] } },
{ "type": "Feature", "properties": { "H_SHMRS": 3.25, "Z_MIN": 36.0, "Z_MAX": 40.25, "no": null, "provinsi": "Bali", "kabupaten": "Kota Denpasar", "kecamatan": "Denpasar Selatan", "desa_kelur": "Sanur", "id": 8111.0, "nogambarde": "GD.00053/2019", "nohmsrs": "22090301700053", "unit": null, "lantai": "1", "lantaim2": 33.005457397999997, "fungsi": "NO.UNIT 01A1-03", "penggunaan": "Tanah Perumahan", "alamat": null, "nibtanahbe": "01530", "nibunit": "8111", "building": "00003", "Keterangan": "Ruang Khusus" }, "geometry": { "type": "MultiPolygon", "coordinates": [ [ [ [ 173902.874183255364187, 538931.742622987250797, 0.0 ], [ 173902.72108052612748, 538930.50203465949744, 0.0 ], [ 173903.043633507564664, 538930.462227948475629, 0.0 ], [ 173902.112768936611246, 538922.91945114126429, 0.0 ], [ 173898.29252261860529, 538923.390913047478534, 0.0 ], [ 173898.426368716289289, 538924.481766060111113, 0.0 ], [ 173898.500837655592477, 538924.472576208063401, 0.0 ], [ 173898.611233640491264, 538925.367162623791955, 0.0 ], [ 173898.536770834383788, 538925.376352179911919, 0.0 ], [ 173899.038947788241785, 538929.445481893373653, 0.0 ], [ 173899.114132606278872, 538929.43620323180221, 0.0 ], [ 173899.223446689662524, 538930.328157537616789, 0.0 ], [ 173899.149013601127081, 538930.337342966464348, 0.0 ], [ 173899.338979339314392, 538931.876631508814171, 0.0 ], [ 173901.075803086045198, 538931.662287676357664, 0.0 ], [ 173901.112547740456648, 538931.960028875619173, 0.0 ], [ 173902.874183255364187, 538931.742622987250797, 0.0 ] ] ] ] } },
{ "type": "Feature", "properties": { "H_SHMRS": 3.25, "Z_MIN": 36.0, "Z_MAX": 40.25, "no": null, "provinsi": "Bali", "kabupaten": "Kota Denpasar", "kecamatan": "Denpasar Selatan", "desa_kelur": "Sanur", "id": 8109.0, "nogambarde": "GD.00051/2019", "nohmsrs": "22090301700051", "unit": null, "lantai": "1", "lantaim2": 32.731110037199997, "fungsi": "NO.UNIT 01A1-01", "penggunaan": "Tanah Perumahan", "alamat": null, "nibtanahbe": "01530", "nibunit": "8109", "building": "00003", "Keterangan": "Ruang Khusus" }, "geometry": { "type": "MultiPolygon", "coordinates": [ [ [ [ 173907.135449801309733, 538930.919496679445729, 0.0 ], [ 173906.945455282868352, 538929.380260113277473, 0.0 ], [ 173906.8710523188347, 538929.389441823470406, 0.0 ], [ 173906.748521076777251, 538928.396840172703378, 0.0 ], [ 173906.270925467222696, 538924.526331158122048, 0.0 ], [ 173906.148443282290827, 538923.533860493684188, 0.0 ], [ 173906.217878147843294, 538923.52525885112118, 0.0 ], [ 173906.082651787379291, 538922.429522380931303, 0.0 ], [ 173902.261735540057998, 538922.901066965074278, 0.0 ], [ 173903.19807948617381, 538930.448205982102081, 0.0 ], [ 173903.520632466650568, 538930.408399270498194, 0.0 ], [ 173903.67373519676039, 538931.648987598367967, 0.0 ], [ 173905.435370710183633, 538931.431581709650345, 0.0 ], [ 173905.398626056412468, 538931.133840510854498, 0.0 ], [ 173907.135449801309733, 538930.919496679445729, 0.0 ] ] ] ] } },
{ "type": "Feature", "properties": { "H_SHMRS": 3.25, "Z_MIN": 36.0, "Z_MAX": 40.25, "no": null, "provinsi": "Bali", "kabupaten": "Kota Denpasar", "kecamatan": "Denpasar Selatan", "desa_kelur": "Sanur", "id": 8110.0, "nogambarde": "GD.00052/2019", "nohmsrs": "22090301700052", "unit": null, "lantai": "1", "lantaim2": 37.203804209600001, "fungsi": "NO.UNIT 01A1-02", "penggunaan": "Tanah Perumahan", "alamat": null, "nibtanahbe": "01530", "nibunit": "8110", "building": "00003", "Keterangan": "Ruang Khusus" }, "geometry": { "type": "MultiPolygon", "coordinates": [ [ [ [ 173909.931743591296254, 538937.289997184299864, 0.0 ], [ 173909.562767874333076, 538934.292621996602975, 0.0 ], [ 173908.951478083617985, 538934.368062213528901, 0.0 ], [ 173908.82383817929076, 538933.325850152177736, 0.0 ], [ 173906.704913315013982, 538933.58734961564187, 0.0 ], [ 173906.741657950013177, 538933.885090652154759, 0.0 ], [ 173904.910549195628846, 538934.111070330021903, 0.0 ], [ 173904.873804394097533, 538933.813329461496323, 0.0 ], [ 173903.628253808710724, 538933.967044370132498, 0.0 ], [ 173903.854730197868776, 538935.802177970879711, 0.0 ], [ 173903.929126826260472, 538935.792997041950002, 0.0 ], [ 173904.039377032109769, 538936.687550055678003, 0.0 ], [ 173903.965126066264929, 538936.696713469224051, 0.0 ], [ 173904.570482858689502, 538941.609597183647566, 0.0 ], [ 173904.645528335007839, 538941.600296549731866, 0.0 ], [ 173904.669493151886854, 538941.798472798080184, 0.0 ], [ 173908.416874934773659, 538941.336003202362917, 0.0 ], [ 173908.361645555036375, 538940.888480640365742, 0.0 ], [ 173908.287137435283512, 538940.897675327141769, 0.0 ], [ 173908.177068620483624, 538940.005739952088334, 0.0 ], [ 173908.250586345384363, 538939.996252350974828, 0.0 ], [ 173907.946801243029768, 538937.534961682977155, 0.0 ], [ 173909.931743591296254, 538937.289997184299864, 0.0 ] ] ] ] } },
{ "type": "Feature", "properties": { "H_SHMRS": 3.25, "Z_MIN": 36.0, "Z_MAX": 40.25, "no": null, "provinsi": "Bali", "kabupaten": "Kota Denpasar", "kecamatan": "Denpasar Selatan", "desa_kelur": "Sanur", "id": 8140.0, "nogambarde": "GD.00078/2019", "nohmsrs": "22090301700078", "unit": null, "lantai": "1", "lantaim2": 37.137338981, "fungsi": "No. Unit 01A3-02", "penggunaan": "Tanah Perumahan", "alamat": null, "nibtanahbe": "01530", "nibunit": "8140", "building": "00003", "Keterangan": "Ruang Khusus" }, "geometry": { "type": "MultiPolygon", "coordinates": [ [ [ [ 173845.149869179935195, 538943.046661575324833, 0.0 ], [ 173845.052043141564354, 538942.253979162778705, 0.0 ], [ 173844.441673850989901, 538942.329305782797746, 0.0 ], [ 173844.313067545735976, 538941.287211481481791, 0.0 ], [ 173842.194142680498771, 538941.548710943898186, 0.0 ], [ 173842.230887316138251, 538941.846451981575228, 0.0 ], [ 173840.39977856259793, 538942.072431659675203, 0.0 ], [ 173840.363033760426333, 538941.774690792430192, 0.0 ], [ 173839.117483175330563, 538941.928405699087307, 0.0 ], [ 173839.343911129049957, 538943.763146841200069, 0.0 ], [ 173839.418307702522725, 538943.753965456737205, 0.0 ], [ 173839.528606708772713, 538944.648913880228065, 0.0 ], [ 173839.454388108686544, 538944.658073299797252, 0.0 ], [ 173840.060647309292108, 538949.570845645153895, 0.0 ], [ 173840.13489827880403, 538949.561682230210863, 0.0 ], [ 173840.159688923333306, 538949.759716363856569, 0.0 ], [ 173843.906104549008887, 538949.297366004902869, 0.0 ], [ 173843.850826317153405, 538948.849448151071556, 0.0 ], [ 173843.775538385845721, 538948.858739070594311, 0.0 ], [ 173843.665350277005928, 538947.966804952942766, 0.0 ], [ 173843.740782115783077, 538947.957495917915367, 0.0 ], [ 173843.436997013515793, 538945.496205251081847, 0.0 ], [ 173845.421939361811383, 538945.251240756129846, 0.0 ], [ 173845.260341773362597, 538943.941552487900481, 0.0 ], [ 173845.185829892667243, 538943.950748102623038, 0.0 ], [ 173845.075395091349492, 538943.055852063000202, 0.0 ], [ 173845.149869179935195, 538943.046661575324833, 0.0 ] ] ] ] } },
{ "type": "Feature", "properties": { "H_SHMRS": 3.25, "Z_MIN": 36.0, "Z_MAX": 40.25, "no": null, "provinsi": "Bali", "kabupaten": "Kota Denpasar", "kecamatan": "Denpasar Selatan", "desa_kelur": "Sanur", "id": 8130.0, "nogambarde": "GD.00069/2019", "nohmsrs": "22090301700069", "unit": null, "lantai": "1", "lantaim2": 35.586626587300003, "fungsi": "No. Unit 01A2-06", "penggunaan": "Tanah Perumahan", "alamat": null, "nibtanahbe": "01530", "nibunit": "8130", "building": "00003", "Keterangan": "Ruang Khusus" }, "geometry": { "type": "MultiPolygon", "coordinates": [ [ [ [ 173867.357186226290651, 538939.905776134342887, 0.0 ], [ 173867.246916316042189, 538939.010998541838489, 0.0 ], [ 173867.321981012617471, 538939.001735169673339, 0.0 ], [ 173867.267007284797728, 538938.556284159771167, 0.0 ], [ 173866.94445430545602, 538938.596090879640542, 0.0 ], [ 173866.791351576801389, 538937.355502545600757, 0.0 ], [ 173865.029716062301304, 538937.572908432106487, 0.0 ], [ 173865.066460715956055, 538937.870649629272521, 0.0 ], [ 173863.329636968730483, 538938.084993462543935, 0.0 ], [ 173864.456583275750745, 538947.235820364905521, 0.0 ], [ 173868.278361437609419, 538946.764169410336763, 0.0 ], [ 173868.148735754191875, 538945.700912135187536, 0.0 ], [ 173868.073630043829326, 538945.710180568275973, 0.0 ], [ 173867.963473074429203, 538944.818506231647916, 0.0 ], [ 173868.037155093537876, 538944.809413030394353, 0.0 ], [ 173867.43086824810598, 538939.896682933089323, 0.0 ], [ 173867.357186226290651, 538939.905776134342887, 0.0 ] ] ] ] } },
{ "type": "Feature", "properties": { "H_SHMRS": 3.25, "Z_MIN": 40.25, "Z_MAX": 44.5, "no": null, "provinsi": "Bali", "kabupaten": "Kota Denpasar", "kecamatan": "Denpasar Selatan", "desa_kelur": "Sanur", "id": 8268.0, "nogambarde": "GD.00149/2019", "nohmsrs": "22090301700149", "unit": null, "lantai": "2", "lantaim2": 52.010114069700002, "fungsi": "No. Unit 02D-02", "penggunaan": "Tanah Perumahan", "alamat": null, "nibtanahbe": "01530", "nibunit": "8268", "building": "00003", "Keterangan": "Ruang Khusus" }, "geometry": { "type": "MultiPolygon", "coordinates": [ [ [ [ 173832.785170872230083, 538990.833193783997558, 0.0 ], [ 173832.185013203474227, 538985.970119156641886, 0.0 ], [ 173821.367082443437539, 538987.305175025714561, 0.0 ], [ 173821.511568497808184, 538988.475942829973064, 0.0 ], [ 173821.80930971444468, 538988.439197985106148, 0.0 ], [ 173822.044514866021927, 538990.345063333166763, 0.0 ], [ 173821.746773986233165, 538990.381807940080762, 0.0 ], [ 173821.910319519898621, 538991.70674700778909, 0.0 ], [ 173822.803544083726592, 538991.596513000782579, 0.0 ], [ 173822.851310572674265, 538991.983564566005953, 0.0 ], [ 173823.495564030396054, 538991.901895950781181, 0.0 ], [ 173823.49862608636613, 538991.926707717240788, 0.0 ], [ 173828.907859430997632, 538991.261351095512509, 0.0 ], [ 173828.904529409133829, 538991.23436801508069, 0.0 ], [ 173829.897589307045564, 538991.111813233350404, 0.0 ], [ 173829.900919337873347, 538991.138796400977299, 0.0 ], [ 173829.907039518206147, 538991.188388094771653, 0.0 ], [ 173832.785170872230083, 538990.833193783997558, 0.0 ] ] ] ] } },
{ "type": "Feature", "properties": { "H_SHMRS": 3.25, "Z_MIN": 40.25, "Z_MAX": 44.5, "no": null, "provinsi": "Bali", "kabupaten": "Kota Denpasar", "kecamatan": "Denpasar Selatan", "desa_kelur": "Sanur", "id": 8266.0, "nogambarde": "GD.00148/2019", "nohmsrs": "22090301700148", "unit": null, "lantai": "2", "lantaim2": 45.993329411399998, "fungsi": "No. Unit 02D-02A", "penggunaan": "Tanah Perumahan", "alamat": null, "nibtanahbe": "01530", "nibunit": "8266", "building": "00003", "Keterangan": "Ruang Khusus" }, "geometry": { "type": "MultiPolygon", "coordinates": [ [ [ [ 173830.941531774646137, 538985.97735169052612, 0.0 ], [ 173830.347493181994651, 538981.163868981879205, 0.0 ], [ 173821.643527545587858, 538982.238037476316094, 0.0 ], [ 173821.694378944812343, 538982.650084758060984, 0.0 ], [ 173820.801155016233679, 538982.76031876495108, 0.0 ], [ 173821.047322879545391, 538984.755012850160711, 0.0 ], [ 173821.345064176537562, 538984.718268170487136, 0.0 ], [ 173821.562470071396092, 538986.479903587140143, 0.0 ], [ 173821.264728921814822, 538986.516648143646307, 0.0 ], [ 173821.344342138181673, 538987.161753947613761, 0.0 ], [ 173830.941531774646137, 538985.97735169052612, 0.0 ] ] ] ] } },
{ "type": "Feature", "properties": { "H_SHMRS": 3.25, "Z_MIN": 40.25, "Z_MAX": 44.5, "no": null, "provinsi": "Bali", "kabupaten": "Kota Denpasar", "kecamatan": "Denpasar Selatan", "desa_kelur": "Sanur", "id": 8262.0, "nogambarde": "GD.00147/2019", "nohmsrs": "22090301700147", "unit": null, "lantai": "2", "lantaim2": 45.993329476100001, "fungsi": "No. Unit 02D-02B", "penggunaan": "Tanah Perumahan", "alamat": null, "nibtanahbe": "01530", "nibunit": "8262", "building": "00003", "Keterangan": "Ruang Khusus" }, "geometry": { "type": "MultiPolygon", "coordinates": [ [ [ [ 173830.334698079677764, 538981.019347574096173, 0.0 ], [ 173829.740659489587415, 538976.205864866496995, 0.0 ], [ 173820.143469973176252, 538977.390267616719939, 0.0 ], [ 173820.223082834592788, 538978.035373182152398, 0.0 ], [ 173820.520824720180826, 538977.99862862972077, 0.0 ], [ 173820.738230481336359, 538979.760264050215483, 0.0 ], [ 173820.440489182568854, 538979.797008719528094, 0.0 ], [ 173820.686657256446779, 538981.7917027779622, 0.0 ], [ 173821.57988118432695, 538981.681468771421351, 0.0 ], [ 173821.630732444900787, 538982.093516069930047, 0.0 ], [ 173830.334698079677764, 538981.019347574096173, 0.0 ] ] ] ] } },
{ "type": "Feature", "properties": { "H_SHMRS": 3.25, "Z_MIN": 40.25, "Z_MAX": 44.5, "no": null, "provinsi": "Bali", "kabupaten": "Kota Denpasar", "kecamatan": "Denpasar Selatan", "desa_kelur": "Sanur", "id": 8260.0, "nogambarde": "GD.00146/2019", "nohmsrs": "22090301700146", "unit": null, "lantai": "2", "lantaim2": 45.993329411399998, "fungsi": "No. Unit 02D-06", "penggunaan": "Tanah Perumahan", "alamat": null, "nibtanahbe": "01530", "nibunit": "8260", "building": "00003", "Keterangan": "Ruang Khusus" }, "geometry": { "type": "MultiPolygon", "coordinates": [ [ [ [ 173829.722287162527209, 538976.056994267157279, 0.0 ], [ 173829.12824857007945, 538971.243511556531303, 0.0 ], [ 173820.424282935826341, 538972.317680052714422, 0.0 ], [ 173820.475134333421011, 538972.72972733376082, 0.0 ], [ 173819.581910405308008, 538972.839961340883747, 0.0 ], [ 173819.828078267397359, 538974.834655425976962, 0.0 ], [ 173820.12581956514623, 538974.797910745255649, 0.0 ], [ 173820.343225459975656, 538976.559546163887717, 0.0 ], [ 173820.045484309608582, 538976.596290718996897, 0.0 ], [ 173820.125097525917226, 538977.241396524594165, 0.0 ], [ 173829.722287162527209, 538976.056994267157279, 0.0 ] ] ] ] } },
{ "type": "Feature", "properties": { "H_SHMRS": 3.25, "Z_MIN": 40.25, "Z_MAX": 44.5, "no": null, "provinsi": "Bali", "kabupaten": "Kota Denpasar", "kecamatan": "Denpasar Selatan", "desa_kelur": "Sanur", "id": 8258.0, "nogambarde": "GD.00145/2019", "nohmsrs": "22090301700145", "unit": null, "lantai": "2", "lantaim2": 45.993329476100001, "fungsi": "No. Unit 02D-08", "penggunaan": "Tanah Perumahan", "alamat": null, "nibtanahbe": "01530", "nibunit": "8258", "building": "00003", "Keterangan": "Ruang Khusus" }, "geometry": { "type": "MultiPolygon", "coordinates": [ [ [ [ 173829.11545346758794, 538971.09899015002884, 0.0 ], [ 173828.521414877672214, 538966.285507440101355, 0.0 ], [ 173818.924225361086428, 538967.469910190440714, 0.0 ], [ 173819.003838222502964, 538968.115015758550726, 0.0 ], [ 173819.301580106053734, 538968.078271205420606, 0.0 ], [ 173819.518985869974131, 538969.839906628010795, 0.0 ], [ 173819.221244570420822, 538969.876651294645853, 0.0 ], [ 173819.46741264584125, 538971.871345354011282, 0.0 ], [ 173820.360636573255761, 538971.761111349216662, 0.0 ], [ 173820.411487832170678, 538972.173158645746298, 0.0 ], [ 173829.11545346758794, 538971.09899015002884, 0.0 ] ] ] ] } },
{ "type": "Feature", "properties": { "H_SHMRS": 3.25, "Z_MIN": 40.25, "Z_MAX": 44.5, "no": null, "provinsi": "Bali", "kabupaten": "Kota Denpasar", "kecamatan": "Denpasar Selatan", "desa_kelur": "Sanur", "id": 8256.0, "nogambarde": "GD.00144/2019", "nohmsrs": "22090301700144", "unit": null, "lantai": "2", "lantaim2": 45.993329412000001, "fungsi": "No. Unit 02D-08A", "penggunaan": "Tanah Perumahan", "alamat": null, "nibtanahbe": "01530", "nibunit": "8256", "building": "00003", "Keterangan": "Ruang Khusus" }, "geometry": { "type": "MultiPolygon", "coordinates": [ [ [ [ 173828.497465324617224, 538966.132287650019862, 0.0 ], [ 173827.903426733071683, 538961.318804941256531, 0.0 ], [ 173819.199461096111918, 538962.392973435344175, 0.0 ], [ 173819.250312497548293, 538962.805020716274157, 0.0 ], [ 173818.3570885672234, 538962.915254724211991, 0.0 ], [ 173818.603256430564215, 538964.909948810585774, 0.0 ], [ 173818.900997726246715, 538964.873204128583893, 0.0 ], [ 173819.118403620814206, 538966.634839547332376, 0.0 ], [ 173818.820662472513504, 538966.671584101160988, 0.0 ], [ 173818.900275688647525, 538967.316689906292595, 0.0 ], [ 173828.497465324617224, 538966.132287650019862, 0.0 ] ] ] ] } },
{ "type": "Feature", "properties": { "H_SHMRS": 3.25, "Z_MIN": 40.25, "Z_MAX": 44.5, "no": null, "provinsi": "Bali", "kabupaten": "Kota Denpasar", "kecamatan": "Denpasar Selatan", "desa_kelur": "Sanur", "id": 8252.0, "nogambarde": "GD.00143/2019", "nohmsrs": "22090301700143", "unit": null, "lantai": "2", "lantaim2": 45.993329476600003, "fungsi": "No. Unit 02D-10", "penggunaan": "Tanah Perumahan", "alamat": null, "nibtanahbe": "01530", "nibunit": "8252", "building": "00003", "Keterangan": "Ruang Khusus" }, "geometry": { "type": "MultiPolygon", "coordinates": [ [ [ [ 173827.885054406622658, 538961.169934340636246, 0.0 ], [ 173827.291015815513674, 538956.356451630475931, 0.0 ], [ 173817.69382629764732, 538957.540854381630197, 0.0 ], [ 173817.773439161566785, 538958.185959949740209, 0.0 ], [ 173818.071181045845151, 538958.149215397308581, 0.0 ], [ 173818.288586809183471, 538959.910850817570463, 0.0 ], [ 173817.99084550893167, 538959.947595484438352, 0.0 ], [ 173818.237013582547661, 538961.942289543221705, 0.0 ], [ 173819.130237512115855, 538961.832055538077839, 0.0 ], [ 173819.181088769226335, 538962.244102836120874, 0.0 ], [ 173827.885054406622658, 538961.169934340636246, 0.0 ] ] ] ] } },
{ "type": "Feature", "properties": { "H_SHMRS": 3.25, "Z_MIN": 40.25, "Z_MAX": 44.5, "no": null, "provinsi": "Bali", "kabupaten": "Kota Denpasar", "kecamatan": "Denpasar Selatan", "desa_kelur": "Sanur", "id": 8250.0, "nogambarde": "GD.00142/2019", "nohmsrs": "22090301700142", "unit": null, "lantai": "2", "lantaim2": 51.993626660700002, "fungsi": "No. Unit 02D-12", "penggunaan": "Tanah Perumahan", "alamat": null, "nibtanahbe": "01530", "nibunit": "8250", "building": "00003", "Keterangan": "Ruang Khusus" }, "geometry": { "type": "MultiPolygon", "coordinates": [ [ [ [ 173828.492175363993738, 538956.047128707519732, 0.0 ], [ 173827.904259730275953, 538951.283268132130615, 0.0 ], [ 173827.896397975215223, 538951.219564487575553, 0.0 ], [ 173825.093142768426333, 538951.565518108778633, 0.0 ], [ 173825.097674693213776, 538951.602240191888995, 0.0 ], [ 173824.029738504090346, 538951.734035680186935, 0.0 ], [ 173824.025135691743344, 538951.69673918641638, 0.0 ], [ 173818.616336815786781, 538952.365348810795695, 0.0 ], [ 173818.62080564108328, 538952.401559603400528, 0.0 ], [ 173817.976257065980462, 538952.481104416772723, 0.0 ], [ 173818.024289203836815, 538952.870307206525467, 0.0 ], [ 173817.131032157252776, 538952.980545489350334, 0.0 ], [ 173817.294553061481565, 538954.305551663506776, 0.0 ], [ 173817.592293941532262, 538954.268807067535818, 0.0 ], [ 173817.82749975923798, 538956.174672305001877, 0.0 ], [ 173817.529758521559415, 538956.211416777223349, 0.0 ], [ 173817.674244605062995, 538957.382184577640146, 0.0 ], [ 173828.492175363993738, 538956.047128707519732, 0.0 ] ] ] ] } },
{ "type": "Feature", "properties": { "H_SHMRS": 3.25, "Z_MIN": 40.25, "Z_MAX": 44.5, "no": null, "provinsi": "Bali", "kabupaten": "Kota Denpasar", "kecamatan": "Denpasar Selatan", "desa_kelur": "Sanur", "id": 8296.0, "nogambarde": "GD.00168/2019", "nohmsrs": "22090301700168", "unit": null, "lantai": "2", "lantaim2": 45.908319466999998, "fungsi": "No. Unit 02B1-02", "penggunaan": "Tanah Perumahan", "alamat": null, "nibtanahbe": "01530", "nibunit": "8296", "building": "00003", "Keterangan": "Ruang Khusus" }, "geometry": { "type": "MultiPolygon", "coordinates": [ [ [ [ 173894.367830305709504, 538982.589237631182186, 0.0 ], [ 173893.688054479775019, 538977.081027818261646, 0.0 ], [ 173893.659985988313565, 538977.084491616697051, 0.0 ], [ 173893.560061487776693, 538976.274765418260358, 0.0 ], [ 173893.588125492504332, 538976.271302928333171, 0.0 ], [ 173893.384061329357792, 538974.617777198087424, 0.0 ], [ 173888.570578374841716, 538975.211815818329342, 0.0 ], [ 173888.776582186605083, 538976.88106071902439, 0.0 ], [ 173888.79812867520377, 538976.878401769790798, 0.0 ], [ 173888.92060476669576, 538977.870873049250804, 0.0 ], [ 173888.899064370547421, 538977.873531380086206, 0.0 ], [ 173889.554343729309039, 538983.183246780186892, 0.0 ], [ 173889.575872552406508, 538983.180590011994354, 0.0 ], [ 173889.686106517649023, 538984.073813607799821, 0.0 ], [ 173889.664577691291925, 538984.076470376108773, 0.0 ], [ 173889.754980629513739, 538984.809001321089454, 0.0 ], [ 173890.400087144516874, 538984.729393585934304, 0.0 ], [ 173890.36334239304415, 538984.431650079553947, 0.0 ], [ 173892.124977639323333, 538984.214244337403215, 0.0 ], [ 173892.161722289689351, 538984.511985614895821, 0.0 ], [ 173894.156602696049958, 538984.265804450842552, 0.0 ], [ 173894.046368685463676, 538983.372580488794483, 0.0 ], [ 173894.430137230607215, 538983.325219410005957, 0.0 ], [ 173894.339741036586929, 538982.59270399203524, 0.0 ], [ 173894.367830305709504, 538982.589237631182186, 0.0 ] ] ] ] } },
{ "type": "Feature", "properties": { "H_SHMRS": 3.25, "Z_MIN": 40.25, "Z_MAX": 44.5, "no": null, "provinsi": "Bali", "kabupaten": "Kota Denpasar", "kecamatan": "Denpasar Selatan", "desa_kelur": "Sanur", "id": 8292.0, "nogambarde": "GD.00167/2019", "nohmsrs": "22090301700167", "unit": null, "lantai": "2", "lantaim2": 45.908773394999997, "fungsi": "No. Unit 02B1-02A", "penggunaan": "Tanah Perumahan", "alamat": null, "nibtanahbe": "01530", "nibunit": "8292", "building": "00003", "Keterangan": "Ruang Khusus" }, "geometry": { "type": "MultiPolygon", "coordinates": [ [ [ [ 173889.405472959013423, 538983.201615403522737, 0.0 ], [ 173888.750193604762899, 538977.891900002839975, 0.0 ], [ 173888.728653208556352, 538977.894558333442546, 0.0 ], [ 173888.606164963479387, 538976.902088551549241, 0.0 ], [ 173888.627711421489948, 538976.899429340148345, 0.0 ], [ 173888.42170756511041, 538975.230184446554631, 0.0 ], [ 173883.608224612980848, 538975.824223067844287, 0.0 ], [ 173883.814225672365865, 538977.493497941643, 0.0 ], [ 173883.842295666225255, 538977.490033610025421, 0.0 ], [ 173883.94028627499938, 538978.284009539638646, 0.0 ], [ 173883.912217829085421, 538978.287473679869436, 0.0 ], [ 173884.591993655834813, 538983.795683492091484, 0.0 ], [ 173884.620082884968724, 538983.79221678734757, 0.0 ], [ 173884.710488046112005, 538984.52473109960556, 0.0 ], [ 173885.094256511656567, 538984.477369366912171, 0.0 ], [ 173885.204490522446577, 538985.370593330124393, 0.0 ], [ 173887.199368543137098, 538985.124392863246612, 0.0 ], [ 173887.162623865820933, 538984.826651587733068, 0.0 ], [ 173888.924259084917139, 538984.609245624043979, 0.0 ], [ 173888.961004207172664, 538984.906989086070098, 0.0 ], [ 173889.606109321495751, 538984.827370011131279, 0.0 ], [ 173889.515706926264102, 538984.094838996999897, 0.0 ], [ 173889.494178136141272, 538984.097496030037291, 0.0 ], [ 173889.383944169327151, 538983.204272434464656, 0.0 ], [ 173889.405472959013423, 538983.201615403522737, 0.0 ] ] ] ] } },
{ "type": "Feature", "properties": { "H_SHMRS": 3.25, "Z_MIN": 40.25, "Z_MAX": 44.5, "no": null, "provinsi": "Bali", "kabupaten": "Kota Denpasar", "kecamatan": "Denpasar Selatan", "desa_kelur": "Sanur", "id": 8290.0, "nogambarde": "GD.00166/2019", "nohmsrs": "22090301700166", "unit": null, "lantai": "2", "lantaim2": 45.908773394699999, "fungsi": "No. Unit 02B1-06", "penggunaan": "Tanah Perumahan", "alamat": null, "nibtanahbe": "01530", "nibunit": "8290", "building": "00003", "Keterangan": "Ruang Khusus" }, "geometry": { "type": "MultiPolygon", "coordinates": [ [ [ [ 173884.505429916578578, 538984.550037689972669, 0.0 ], [ 173884.415033724915702, 538983.817522272118367, 0.0 ], [ 173884.443122995900922, 538983.814055911730975, 0.0 ], [ 173883.763347165950108, 538978.305846100789495, 0.0 ], [ 173883.735278678243048, 538978.309309897245839, 0.0 ], [ 173883.637297792476602, 538977.515332768089138, 0.0 ], [ 173883.665367828129092, 538977.511868779314682, 0.0 ], [ 173883.459354017250007, 538975.842595478752628, 0.0 ], [ 173878.645871064712992, 538976.436634101090021, 0.0 ], [ 173878.851874874613713, 538978.105878999689594, 0.0 ], [ 173878.873421364638489, 538978.103220050921664, 0.0 ], [ 173878.995897454879014, 538979.095691329916008, 0.0 ], [ 173878.974357057304587, 538979.098349660402164, 0.0 ], [ 173879.629636415891582, 538984.408065062714741, 0.0 ], [ 173879.651165240386035, 538984.405408292775974, 0.0 ], [ 173879.761399205046473, 538985.298631887999363, 0.0 ], [ 173879.739870380086359, 538985.301288658054546, 0.0 ], [ 173879.830273318715626, 538986.033819601638243, 0.0 ], [ 173880.475379833864281, 538985.954211868927814, 0.0 ], [ 173880.438635081663961, 538985.656468361616135, 0.0 ], [ 173882.200270328205079, 538985.439062619814649, 0.0 ], [ 173882.237014979298692, 538985.736803898704238, 0.0 ], [ 173884.231895381584764, 538985.49062273313757, 0.0 ], [ 173884.12166137152235, 538984.597398769226857, 0.0 ], [ 173884.505429916578578, 538984.550037689972669, 0.0 ] ] ] ] } },
{ "type": "Feature", "properties": { "H_SHMRS": 3.25, "Z_MIN": 40.25, "Z_MAX": 44.5, "no": null, "provinsi": "Bali", "kabupaten": "Kota Denpasar", "kecamatan": "Denpasar Selatan", "desa_kelur": "Sanur", "id": 8288.0, "nogambarde": "GD.00165/2019", "nohmsrs": "22090301700165", "unit": null, "lantai": "2", "lantaim2": 45.908773394800001, "fungsi": "No. Unit 02B1-08", "penggunaan": "Tanah Perumahan", "alamat": null, "nibtanahbe": "01530", "nibunit": "8288", "building": "00003", "Keterangan": "Ruang Khusus" }, "geometry": { "type": "MultiPolygon", "coordinates": [ [ [ [ 173879.569656220031902, 538985.322296415921301, 0.0 ], [ 173879.459422253770754, 538984.429072819533758, 0.0 ], [ 173879.480951044883113, 538984.426415788708255, 0.0 ], [ 173878.825671688013244, 538979.116700386279263, 0.0 ], [ 173878.804131290409714, 538979.119358716649003, 0.0 ], [ 173878.681643049378181, 538978.126888937549666, 0.0 ], [ 173878.703189503168687, 538978.124229724053293, 0.0 ], [ 173878.497185648680897, 538976.454984832089394, 0.0 ], [ 173873.683702695707325, 538977.04902345337905, 0.0 ], [ 173873.889703756052768, 538978.718298327177763, 0.0 ], [ 173873.917773748922627, 538978.714833996607922, 0.0 ], [ 173874.015764357813168, 538979.508809925289825, 0.0 ], [ 173873.987695912888739, 538979.512274065404199, 0.0 ], [ 173874.667471740860492, 538985.020483877160586, 0.0 ], [ 173874.695560966269113, 538985.017017172416672, 0.0 ], [ 173874.785966130584711, 538985.749531483626924, 0.0 ], [ 173875.169734593189787, 538985.702169752796181, 0.0 ], [ 173875.279968606249895, 538986.595393715891987, 0.0 ], [ 173877.274846628424712, 538986.349193249247037, 0.0 ], [ 173877.238101950380951, 538986.05145197280217, 0.0 ], [ 173878.999737166974228, 538985.834046009462327, 0.0 ], [ 173879.036482289957348, 538986.131789470557123, 0.0 ], [ 173879.681587404425954, 538986.052170394221321, 0.0 ], [ 173879.591185011580819, 538985.319639383698814, 0.0 ], [ 173879.569656220031902, 538985.322296415921301, 0.0 ] ] ] ] } },
{ "type": "Feature", "properties": { "H_SHMRS": 3.25, "Z_MIN": 40.25, "Z_MAX": 44.5, "no": null, "provinsi": "Bali", "kabupaten": "Kota Denpasar", "kecamatan": "Denpasar Selatan", "desa_kelur": "Sanur", "id": 8286.0, "nogambarde": "GD.00164/2019", "nohmsrs": "22090301700164", "unit": null, "lantai": "2", "lantaim2": 45.908773395099999, "fungsi": "No. Unit 02B1-10", "penggunaan": "Tanah Perumahan", "alamat": null, "nibtanahbe": "01530", "nibunit": "8286", "building": "00003", "Keterangan": "Ruang Khusus" }, "geometry": { "type": "MultiPolygon", "coordinates": [ [ [ [ 173874.580722961924039, 538985.774860913283192, 0.0 ], [ 173874.490326767030638, 538985.042345492518507, 0.0 ], [ 173874.518416039849399, 538985.038879132480361, 0.0 ], [ 173873.838640211499296, 538979.530669322120957, 0.0 ], [ 173873.810571721929591, 538979.534133118344471, 0.0 ], [ 173873.712590836046729, 538978.740155989304185, 0.0 ], [ 173873.740660870738793, 538978.736692000878975, 0.0 ], [ 173873.534647061751457, 538977.067418700200506, 0.0 ], [ 173868.721164108341327, 538977.661457322305068, 0.0 ], [ 173868.927167919202475, 538979.330702219507657, 0.0 ], [ 173868.948714407830266, 538979.328043271088973, 0.0 ], [ 173869.071190499642398, 538980.32051455124747, 0.0 ], [ 173869.049650100670988, 538980.323172881267965, 0.0 ], [ 173869.704929461790016, 538985.632888283347711, 0.0 ], [ 173869.726458282093517, 538985.630231513525359, 0.0 ], [ 173869.836692249024054, 538986.523455108515918, 0.0 ], [ 173869.815163425460923, 538986.526111878221855, 0.0 ], [ 173869.905566361703677, 538987.25864282285329, 0.0 ], [ 173870.550672876997851, 538987.179035090375692, 0.0 ], [ 173870.513928124040831, 538986.881291582016274, 0.0 ], [ 173872.275563370872987, 538986.663885840214789, 0.0 ], [ 173872.3123080227233, 538986.961627118405886, 0.0 ], [ 173874.307188426493667, 538986.715445953188464, 0.0 ], [ 173874.19695441701333, 538985.822221990092658, 0.0 ], [ 173874.580722961924039, 538985.774860913283192, 0.0 ] ] ] ] } },
{ "type": "Feature", "properties": { "H_SHMRS": 3.25, "Z_MIN": 40.25, "Z_MAX": 44.5, "no": null, "provinsi": "Bali", "kabupaten": "Kota Denpasar", "kecamatan": "Denpasar Selatan", "desa_kelur": "Sanur", "id": 8285.0, "nogambarde": "GD.00163/2019", "nohmsrs": "22090301700163", "unit": null, "lantai": "2", "lantaim2": 51.695020339700001, "fungsi": "No. Unit 02B1-11", "penggunaan": "Tanah Perumahan", "alamat": null, "nibtanahbe": "01530", "nibunit": "8285", "building": "00003", "Keterangan": "Ruang Khusus" }, "geometry": { "type": "MultiPolygon", "coordinates": [ [ [ [ 173864.779113682830939, 539004.13611711608246, 0.0 ], [ 173864.111585970531451, 538998.727153521729633, 0.0 ], [ 173864.086385546397651, 538998.730263385572471, 0.0 ], [ 173863.976157049968606, 538997.837039113859646, 0.0 ], [ 173864.001352004968794, 538997.833929927786812, 0.0 ], [ 173863.817802107398165, 538996.34662882250268, 0.0 ], [ 173862.647034439258277, 538996.49111488845665, 0.0 ], [ 173862.683778901700862, 538996.788856108323671, 0.0 ], [ 173860.777913615194848, 538997.02405945607461, 0.0 ], [ 173860.741169038694352, 538996.726320386398584, 0.0 ], [ 173859.4161943088111, 538996.889835500973277, 0.0 ], [ 173859.526428145065438, 538997.783059838227928, 0.0 ], [ 173859.114553425868507, 538997.833891941932961, 0.0 ], [ 173859.187865412735846, 538998.427939078537747, 0.0 ], [ 173859.212294033786748, 538998.424924461054616, 0.0 ], [ 173859.32252252852777, 538999.318148731836118, 0.0 ], [ 173859.298099568753969, 538999.321162648731843, 0.0 ], [ 173859.96580418405938, 539004.731561230495572, 0.0 ], [ 173860.015427905629622, 539004.725437097367831, 0.0 ], [ 173860.388996894180309, 539007.752472789143212, 0.0 ], [ 173865.152857914305059, 539007.164559060474858, 0.0 ], [ 173864.889347649062984, 539005.029340711771511, 0.0 ], [ 173864.864114112686366, 539005.03245466016233, 0.0 ], [ 173864.753880146949086, 539004.139231066103093, 0.0 ], [ 173864.779113682830939, 539004.13611711608246, 0.0 ] ] ] ] } },
{ "type": "Feature", "properties": { "H_SHMRS": 3.25, "Z_MIN": 40.25, "Z_MAX": 44.5, "no": null, "provinsi": "Bali", "kabupaten": "Kota Denpasar", "kecamatan": "Denpasar Selatan", "desa_kelur": "Sanur", "id": 8283.0, "nogambarde": "GD.00162/2019", "nohmsrs": "22090301700162", "unit": null, "lantai": "2", "lantaim2": 51.696983539000001, "fungsi": "No. Unit 02B2-01", "penggunaan": "Tanah Perumahan", "alamat": null, "nibtanahbe": "01530", "nibunit": "8283", "building": "00003", "Keterangan": "Ruang Khusus" }, "geometry": { "type": "MultiPolygon", "coordinates": [ [ [ [ 173860.140882216597674, 539007.783092965837568, 0.0 ], [ 173859.76731015931, 539004.756058624014258, 0.0 ], [ 173859.816933880996658, 539004.749934442690574, 0.0 ], [ 173859.149228851747466, 538999.339534068712965, 0.0 ], [ 173859.124028236372396, 538999.34264395351056, 0.0 ], [ 173859.013799740205286, 538998.449419683660381, 0.0 ], [ 173859.038994696020382, 538998.446310496772639, 0.0 ], [ 173858.965682436246425, 538997.852264319080859, 0.0 ], [ 173858.5538072141062, 538997.903092340216972, 0.0 ], [ 173858.443573132215533, 538997.00986803160049, 0.0 ], [ 173857.118598483590176, 538997.173386852489784, 0.0 ], [ 173857.155342878017109, 538997.471125945216045, 0.0 ], [ 173855.24947791986051, 538997.706333525595255, 0.0 ], [ 173855.212733262887923, 538997.408592326566577, 0.0 ], [ 173854.041965595592046, 538997.553078393568285, 0.0 ], [ 173854.225508106173947, 538999.040319647290744, 0.0 ], [ 173854.249936722451821, 538999.037305029574782, 0.0 ], [ 173854.360165219695773, 538999.930529299308546, 0.0 ], [ 173854.335742071503773, 538999.933543243212625, 0.0 ], [ 173855.003269784996519, 539005.342506834655069, 0.0 ], [ 173855.027659819315886, 539005.33949698030483, 0.0 ], [ 173855.137888317229226, 539006.232721249805763, 0.0 ], [ 173855.112402402271982, 539006.235866343136877, 0.0 ], [ 173855.377021379681537, 539008.371008633170277, 0.0 ], [ 173860.140882216597674, 539007.783092965837568, 0.0 ] ] ] ] } },
{ "type": "Feature", "properties": { "H_SHMRS": 3.25, "Z_MIN": 40.25, "Z_MAX": 44.5, "no": null, "provinsi": "Bali", "kabupaten": "Kota Denpasar", "kecamatan": "Denpasar Selatan", "desa_kelur": "Sanur", "id": 8282.0, "nogambarde": "GD.00161/2019", "nohmsrs": "22090301700161", "unit": null, "lantai": "2", "lantaim2": 38.967374893299997, "fungsi": "No. Unit 02B2-03", "penggunaan": "Tanah Perumahan", "alamat": null, "nibtanahbe": "01530", "nibunit": "8282", "building": "00003", "Keterangan": "Ruang Khusus" }, "geometry": { "type": "MultiPolygon", "coordinates": [ [ [ [ 173869.638515282626031, 538986.548001717077568, 0.0 ], [ 173869.528281317034271, 538985.654778122785501, 0.0 ], [ 173869.556056838395307, 538985.651350306114182, 0.0 ], [ 173868.900764867896214, 538980.341532695456408, 0.0 ], [ 173868.872681707522133, 538980.344998301705346, 0.0 ], [ 173868.75020560080884, 538979.352526892325841, 0.0 ], [ 173868.778282662009588, 538979.349061860819347, 0.0 ], [ 173868.691087597137084, 538978.642522018169984, 0.0 ], [ 173864.870088363910327, 538979.114076845115051, 0.0 ], [ 173865.079761422501178, 538980.813060988555662, 0.0 ], [ 173865.101316136104288, 538980.81040102452971, 0.0 ], [ 173865.199297021463281, 538981.604378154268488, 0.0 ], [ 173865.177735099860001, 538981.607039141701534, 0.0 ], [ 173865.525355039862916, 538984.423796494607814, 0.0 ], [ 173863.54042625677539, 538984.668759314343333, 0.0 ], [ 173863.737850987963611, 538986.268485694658011, 0.0 ], [ 173863.759396828216268, 538986.265826691640541, 0.0 ], [ 173863.862053740740521, 538987.097653592471033, 0.0 ], [ 173864.450877522816882, 538987.024986411328427, 0.0 ], [ 173864.561111418501241, 538987.918209438794293, 0.0 ], [ 173866.68003610620508, 538987.656710012000985, 0.0 ], [ 173866.643291457206942, 538987.358968859887682, 0.0 ], [ 173868.578609627642436, 538987.120128490496427, 0.0 ], [ 173868.615354656940326, 538987.417869674856775, 0.0 ], [ 173869.756682868232019, 538987.277016746113077, 0.0 ], [ 173869.66629107616609, 538986.544573868392035, 0.0 ], [ 173869.638515282626031, 538986.548001717077568, 0.0 ] ] ] ] } },
{ "type": "Feature", "properties": { "H_SHMRS": 3.25, "Z_MIN": 40.25, "Z_MAX": 44.5, "no": null, "provinsi": "Bali", "kabupaten": "Kota Denpasar", "kecamatan": "Denpasar Selatan", "desa_kelur": "Sanur", "id": 8281.0, "nogambarde": "GD.00160/2019", "nohmsrs": "22090301700160", "unit": null, "lantai": "2", "lantaim2": 51.695020423700001, "fungsi": "No. Unit 02B2-05", "penggunaan": "Tanah Perumahan", "alamat": null, "nibtanahbe": "01530", "nibunit": "8281", "building": "00003", "Keterangan": "Ruang Khusus" }, "geometry": { "type": "MultiPolygon", "coordinates": [ [ [ [ 173854.939406990743009, 539006.25727656041272, 0.0 ], [ 173854.829173025587806, 539005.364052964490838, 0.0 ], [ 173854.854406563099474, 539005.360939015168697, 0.0 ], [ 173854.186878848879132, 538999.951975422678515, 0.0 ], [ 173854.161678425909486, 538999.955085282446817, 0.0 ], [ 173854.05144993000431, 538999.061861013877206, 0.0 ], [ 173854.076644883840345, 538999.058751826989464, 0.0 ], [ 173853.893094987841323, 538997.57145072252024, 0.0 ], [ 173852.722327318770112, 538997.715936785913073, 0.0 ], [ 173852.759071784792468, 538998.013678008690476, 0.0 ], [ 173850.853206494182814, 538998.248881355277263, 0.0 ], [ 173850.816461919719586, 538997.951142283971421, 0.0 ], [ 173849.491487190098269, 538998.114657400874421, 0.0 ], [ 173849.601721022976562, 538999.007881738012657, 0.0 ], [ 173849.189846304885577, 538999.058713841135614, 0.0 ], [ 173849.263158293557353, 538999.652760978089646, 0.0 ], [ 173849.287586913444102, 538999.649746358860284, 0.0 ], [ 173849.397815410426119, 539000.542970629758202, 0.0 ], [ 173849.373392449051607, 539000.545984548283741, 0.0 ], [ 173850.041097065928625, 539005.956383129581809, 0.0 ], [ 173850.090720785170561, 539005.950258996686898, 0.0 ], [ 173850.464289719238877, 539008.977294694515876, 0.0 ], [ 173855.228150793001987, 539008.389380959328264, 0.0 ], [ 173854.964640528778546, 539006.254162610275671, 0.0 ], [ 173854.939406990743009, 539006.25727656041272, 0.0 ] ] ] ] } },
{ "type": "Feature", "properties": { "H_SHMRS": 3.25, "Z_MIN": 40.25, "Z_MAX": 44.5, "no": null, "provinsi": "Bali", "kabupaten": "Kota Denpasar", "kecamatan": "Denpasar Selatan", "desa_kelur": "Sanur", "id": 8280.0, "nogambarde": "GD.00159/2019", "nohmsrs": "22090301700159", "unit": null, "lantai": "2", "lantaim2": 38.974515608399997, "fungsi": "No. Unit 02B2-02", "penggunaan": "Tanah Perumahan", "alamat": null, "nibtanahbe": "01530", "nibunit": "8280", "building": "00003", "Keterangan": "Ruang Khusus" }, "geometry": { "type": "MultiPolygon", "coordinates": [ [ [ [ 173859.455980184371583, 538993.660649243625812, 0.0 ], [ 173859.382336801470956, 538993.063918395666406, 0.0 ], [ 173859.35916276241187, 538993.066778193926439, 0.0 ], [ 173859.248934264818672, 538992.173553923377767, 0.0 ], [ 173859.272102837538114, 538992.170694803004153, 0.0 ], [ 173859.155898810538929, 538991.229095928720199, 0.0 ], [ 173857.17095738594071, 538991.474060308770277, 0.0 ], [ 173856.729867329762783, 538987.899908974650316, 0.0 ], [ 173856.710713404958369, 538987.902272787294351, 0.0 ], [ 173856.612732505658641, 538987.108295539626852, 0.0 ], [ 173856.631881532724947, 538987.105932332691737, 0.0 ], [ 173856.515677747695008, 538986.164342264295556, 0.0 ], [ 173852.71915694733616, 538986.632876173011027, 0.0 ], [ 173852.835351157555124, 538987.574442929239012, 0.0 ], [ 173852.81085295099183, 538987.577466283924878, 0.0 ], [ 173853.466144827078097, 538992.887180413352326, 0.0 ], [ 173853.490577787859365, 538992.884103572345339, 0.0 ], [ 173853.600812916527502, 538993.777388712856919, 0.0 ], [ 173853.576371162489522, 538993.780342180514708, 0.0 ], [ 173853.760260462178849, 538995.2703934579622, 0.0 ], [ 173854.901601779274642, 538995.129538938519545, 0.0 ], [ 173854.864857130334713, 538994.831797740305774, 0.0 ], [ 173856.800175303418655, 538994.592957433313131, 0.0 ], [ 173856.836919960274827, 538994.890698631992564, 0.0 ], [ 173858.95584481122205, 538994.629199073533528, 0.0 ], [ 173858.845610865217168, 538993.735975641408004, 0.0 ], [ 173859.455980184371583, 538993.660649243625812, 0.0 ] ] ] ] } },
{ "type": "Feature", "properties": { "H_SHMRS": 3.25, "Z_MIN": 40.25, "Z_MAX": 44.5, "no": null, "provinsi": "Bali", "kabupaten": "Kota Denpasar", "kecamatan": "Denpasar Selatan", "desa_kelur": "Sanur", "id": 8279.0, "nogambarde": "GD.00158/2019", "nohmsrs": "22090301700158", "unit": null, "lantai": "2", "lantaim2": 51.696983517299998, "fungsi": "No. Unit 02B2-07", "penggunaan": "Tanah Perumahan", "alamat": null, "nibtanahbe": "01530", "nibunit": "8279", "building": "00003", "Keterangan": "Ruang Khusus" }, "geometry": { "type": "MultiPolygon", "coordinates": [ [ [ [ 173850.216175075853243, 539009.007914867950603, 0.0 ], [ 173849.842603019846138, 539005.980880524846725, 0.0 ], [ 173849.892226739175385, 539005.974756344105117, 0.0 ], [ 173849.224521711119451, 539000.564355968264863, 0.0 ], [ 173849.19932109687943, 539000.567465855157934, 0.0 ], [ 173849.089092601265293, 538999.674241585191339, 0.0 ], [ 173849.114287555945339, 538999.671132396906614, 0.0 ], [ 173849.040975297131808, 538999.077086221077479, 0.0 ], [ 173848.629100073303562, 538999.1279142415151, 0.0 ], [ 173848.518865991936764, 538998.234689933247864, 0.0 ], [ 173847.193891343544237, 538998.39820875483565, 0.0 ], [ 173847.230635738727869, 538998.695947846397758, 0.0 ], [ 173845.324770779290702, 538998.931155428872444, 0.0 ], [ 173845.288026124355383, 538998.633414229145274, 0.0 ], [ 173844.117258456157288, 538998.777900295564905, 0.0 ], [ 173844.30080096522579, 539000.265141547191888, 0.0 ], [ 173844.325229583104374, 539000.262126929941587, 0.0 ], [ 173844.435458079795353, 539001.155351201305166, 0.0 ], [ 173844.411034930031747, 539001.15836514311377, 0.0 ], [ 173845.078562645416241, 539006.567328738048673, 0.0 ], [ 173845.102952681365423, 539006.564318881719373, 0.0 ], [ 173845.21318117872579, 539007.457543150871061, 0.0 ], [ 173845.187695262080524, 539007.460688245831989, 0.0 ], [ 173845.452314260939602, 539009.595830532722175, 0.0 ], [ 173850.216175075853243, 539009.007914867950603, 0.0 ] ] ] ] } },
{ "type": "Feature", "properties": { "H_SHMRS": 3.25, "Z_MIN": 40.25, "Z_MAX": 44.5, "no": null, "provinsi": "Bali", "kabupaten": "Kota Denpasar", "kecamatan": "Denpasar Selatan", "desa_kelur": "Sanur", "id": 8278.0, "nogambarde": "GD.00157/2019", "nohmsrs": "22090301700157", "unit": null, "lantai": "2", "lantaim2": 45.573664457500001, "fungsi": "No. Unit 02B2-02A", "penggunaan": "Tanah Perumahan", "alamat": null, "nibtanahbe": "01530", "nibunit": "8278", "building": "00003", "Keterangan": "Ruang Khusus" }, "geometry": { "type": "MultiPolygon", "coordinates": [ [ [ [ 173853.408678105595754, 538993.806627775775269, 0.0 ], [ 173853.28618885402102, 538992.814099844428711, 0.0 ], [ 173853.310648598562693, 538992.811081080813892, 0.0 ], [ 173852.668239935679594, 538987.595066355541348, 0.0 ], [ 173852.642446064273827, 538987.598249614005908, 0.0 ], [ 173852.520624204335036, 538986.611169538577087, 0.0 ], [ 173852.545122351672035, 538986.60814603662584, 0.0 ], [ 173852.441130993101979, 538985.765398291288875, 0.0 ], [ 173847.677333810512209, 538986.353830120409839, 0.0 ], [ 173847.627711626031669, 538986.359954219544306, 0.0 ], [ 173847.731655878189486, 538987.202212385949679, 0.0 ], [ 173847.756768387480406, 538987.199113215785474, 0.0 ], [ 173847.854758995148586, 538987.993089145515114, 0.0 ], [ 173847.833455356623745, 538987.995718551101163, 0.0 ], [ 173848.803476991481148, 538995.887155182776041, 0.0 ], [ 173849.448646360629937, 538995.808059025672264, 0.0 ], [ 173849.411901884159306, 538995.510317757027224, 0.0 ], [ 173851.173537396854954, 538995.292911889031529, 0.0 ], [ 173851.210282047977671, 538995.59065316664055, 0.0 ], [ 173853.205148402776103, 538995.344463811372407, 0.0 ], [ 173853.113114535808563, 538994.600131802610122, 0.0 ], [ 173853.094742208108073, 538994.451261204550974, 0.0 ], [ 173853.506789523002226, 538994.400409918511286, 0.0 ], [ 173853.433137520216405, 538993.803609205177054, 0.0 ], [ 173853.408678105595754, 538993.806627775775269, 0.0 ] ] ] ] } },
{ "type": "Feature", "properties": { "H_SHMRS": 3.25, "Z_MIN": 40.25, "Z_MAX": 44.5, "no": null, "provinsi": "Bali", "kabupaten": "Kota Denpasar", "kecamatan": "Denpasar Selatan", "desa_kelur": "Sanur", "id": 8277.0, "nogambarde": "GD.00156/2019", "nohmsrs": "22090301700156", "unit": null, "lantai": "2", "lantaim2": 51.695020392399996, "fungsi": "No. Unit 02B2-09", "penggunaan": "Tanah Perumahan", "alamat": null, "nibtanahbe": "01530", "nibunit": "8277", "building": "00003", "Keterangan": "Ruang Khusus" }, "geometry": { "type": "MultiPolygon", "coordinates": [ [ [ [ 173845.014699872874189, 539007.482098457636312, 0.0 ], [ 173844.904465908242855, 539006.588874864391983, 0.0 ], [ 173844.929699444590369, 539006.58576091483701, 0.0 ], [ 173844.262171731243143, 539001.176797320949845, 0.0 ], [ 173844.236971306614578, 539001.179907182697207, 0.0 ], [ 173844.126742811262375, 539000.286682912381366, 0.0 ], [ 173844.15193776396336, 539000.283573724096641, 0.0 ], [ 173843.968387869506842, 538998.796272621140815, 0.0 ], [ 173842.797620199533412, 538998.940758684417233, 0.0 ], [ 173842.834364663489396, 538999.238499908591621, 0.0 ], [ 173840.928499374364037, 538999.473703253082931, 0.0 ], [ 173840.891754799173214, 538999.175964182708412, 0.0 ], [ 173839.566780069784727, 538999.339479297748767, 0.0 ], [ 173839.677013904933119, 539000.232703636633232, 0.0 ], [ 173839.265139185125008, 539000.283535741502419, 0.0 ], [ 173839.338451175630325, 539000.877582876710221, 0.0 ], [ 173839.362879794323817, 539000.874568258062936, 0.0 ], [ 173839.473108290723758, 539001.767792528378777, 0.0 ], [ 173839.448685330542503, 539001.770806448650546, 0.0 ], [ 173840.116389946255367, 539007.181205029366538, 0.0 ], [ 173840.16601366593386, 539007.175080894958228, 0.0 ], [ 173840.539582618366694, 539010.20211659243796, 0.0 ], [ 173845.303443672921276, 539009.614202858996578, 0.0 ], [ 173845.039933409745572, 539007.478984509827569, 0.0 ], [ 173845.014699872874189, 539007.482098457636312, 0.0 ] ] ] ] } },
{ "type": "Feature", "properties": { "H_SHMRS": 3.25, "Z_MIN": 40.25, "Z_MAX": 44.5, "no": null, "provinsi": "Bali", "kabupaten": "Kota Denpasar", "kecamatan": "Denpasar Selatan", "desa_kelur": "Sanur", "id": 8276.0, "nogambarde": "GD.00155/2019", "nohmsrs": "22090301700155", "unit": null, "lantai": "2", "lantaim2": 45.585772318099998, "fungsi": "No. Unit 02B2-06", "penggunaan": "Tanah Perumahan", "alamat": null, "nibtanahbe": "01530", "nibunit": "8276", "building": "00003", "Keterangan": "Ruang Khusus" }, "geometry": { "type": "MultiPolygon", "coordinates": [ [ [ [ 173848.649139138142345, 538995.900639032828622, 0.0 ], [ 173847.671490607579472, 538988.010143648949452, 0.0 ], [ 173847.65018689938006, 538988.012772474437952, 0.0 ], [ 173847.552206014719559, 538987.218795345281251, 0.0 ], [ 173847.577318521245616, 538987.215696175815538, 0.0 ], [ 173847.473374272143701, 538986.373438009992242, 0.0 ], [ 173847.423752034577774, 538986.37956180179026, 0.0 ], [ 173842.659280889609363, 538986.962531069526449, 0.0 ], [ 173842.763844813191099, 538987.809703892446123, 0.0 ], [ 173842.78834299830487, 538987.806680690613575, 0.0 ], [ 173842.886323883954901, 538988.600657819421031, 0.0 ], [ 173842.86181624798337, 538988.603682187036611, 0.0 ], [ 173843.529344638634939, 538994.01264219917357, 0.0 ], [ 173843.553804418159416, 538994.00962373521179, 0.0 ], [ 173843.676293670141604, 538995.002151666209102, 0.0 ], [ 173843.651834256743314, 538995.005170236574486, 0.0 ], [ 173843.725486262730556, 538995.601970948511735, 0.0 ], [ 173844.137533569446532, 538995.55111957306508, 0.0 ], [ 173844.155905896681361, 538995.699990172870457, 0.0 ], [ 173844.247595369990449, 538996.444364681839943, 0.0 ], [ 173846.242461754183751, 538996.198175575002097, 0.0 ], [ 173846.20571707613999, 538995.900434299837798, 0.0 ], [ 173847.967352583800675, 538995.683028394822031, 0.0 ], [ 173848.004097430966794, 538995.98076961748302, 0.0 ], [ 173848.649139138142345, 538995.900639032828622, 0.0 ] ] ] ] } },
{ "type": "Feature", "properties": { "H_SHMRS": 3.25, "Z_MIN": 40.25, "Z_MAX": 44.5, "no": null, "provinsi": "Bali", "kabupaten": "Kota Denpasar", "kecamatan": "Denpasar Selatan", "desa_kelur": "Sanur", "id": 8275.0, "nogambarde": "GD.00154/2019", "nohmsrs": "22090301700154", "unit": null, "lantai": "2", "lantaim2": 51.696983469099997, "fungsi": "No. Unit 02B2-11", "penggunaan": "Tanah Perumahan", "alamat": null, "nibtanahbe": "01530", "nibunit": "8275", "building": "00003", "Keterangan": "Ruang Khusus" }, "geometry": { "type": "MultiPolygon", "coordinates": [ [ [ [ 173840.291467947565252, 539010.232736768084578, 0.0 ], [ 173839.917895920778392, 539007.205702421022579, 0.0 ], [ 173839.9675196405733, 539007.199578240513802, 0.0 ], [ 173839.299814610887552, 539001.789177865488455, 0.0 ], [ 173839.274613997840788, 539001.792287751683034, 0.0 ], [ 173839.164385499956552, 539000.899063482531346, 0.0 ], [ 173839.189580456266413, 539000.895954292267561, 0.0 ], [ 173839.116268198442413, 539000.301908117486164, 0.0 ], [ 173838.704392975691007, 539000.352736138156615, 0.0 ], [ 173838.594158894906286, 538999.45951183012221, 0.0 ], [ 173837.269184243952623, 538999.623030650313012, 0.0 ], [ 173837.305928639863851, 538999.920769742922857, 0.0 ], [ 173835.400063679087907, 539000.155977323302068, 0.0 ], [ 173835.36331902621896, 538999.858236126136035, 0.0 ], [ 173834.19255135714775, 539000.002722191042267, 0.0 ], [ 173834.37609386749682, 539001.48996344441548, 0.0 ], [ 173834.400522484153043, 539001.486948827281594, 0.0 ], [ 173834.51075098029105, 539002.380173096666113, 0.0 ], [ 173834.486327831749804, 539002.3831870398717, 0.0 ], [ 173835.153855546290288, 539007.792150634690188, 0.0 ], [ 173835.178245581017109, 539007.789140778477304, 0.0 ], [ 173835.288474077824503, 539008.682365047396161, 0.0 ], [ 173835.262988162314286, 539008.685510141658597, 0.0 ], [ 173835.527607163006905, 539010.820652429014444, 0.0 ], [ 173840.291467947565252, 539010.232736768084578, 0.0 ] ] ] ] } },
{ "type": "Feature", "properties": { "H_SHMRS": 3.25, "Z_MIN": 40.25, "Z_MAX": 44.5, "no": null, "provinsi": "Bali", "kabupaten": "Kota Denpasar", "kecamatan": "Denpasar Selatan", "desa_kelur": "Sanur", "id": 8270.0, "nogambarde": "GD.00150/2019", "nohmsrs": "22090301700150", "unit": null, "lantai": "2", "lantaim2": 45.585772318399997, "fungsi": "No. Unit 02B2-10", "penggunaan": "Tanah Perumahan", "alamat": null, "nibtanahbe": "01530", "nibunit": "8270", "building": "00003", "Keterangan": "Ruang Khusus" }, "geometry": { "type": "MultiPolygon", "coordinates": [ [ [ [ 173838.724234978377353, 538997.125485222437419, 0.0 ], [ 173837.746586451743497, 538989.234989839838818, 0.0 ], [ 173837.725282742176205, 538989.237618665210903, 0.0 ], [ 173837.627301857399289, 538988.443641535821371, 0.0 ], [ 173837.65241436555516, 538988.440542366937734, 0.0 ], [ 173837.548470113542862, 538987.598284198902547, 0.0 ], [ 173837.498847897950327, 538987.604407990351319, 0.0 ], [ 173832.734376731299562, 538988.187377260997891, 0.0 ], [ 173832.838940656627528, 538989.034550083684735, 0.0 ], [ 173832.863438840548042, 538989.031526882201433, 0.0 ], [ 173832.961419726285385, 538989.825504010659643, 0.0 ], [ 173832.936912088713143, 538989.828528379905038, 0.0 ], [ 173833.604440481285565, 538995.237488389480859, 0.0 ], [ 173833.628900262410752, 538995.234469925868325, 0.0 ], [ 173833.751389513141476, 538996.226997858146206, 0.0 ], [ 173833.726930100936443, 538996.230016426532529, 0.0 ], [ 173833.800582105322974, 538996.826817141030915, 0.0 ], [ 173834.212629410962109, 538996.7759657636052, 0.0 ], [ 173834.231001737178303, 538996.924836363294162, 0.0 ], [ 173834.322691213747021, 538997.669210872380063, 0.0 ], [ 173836.317557596659753, 538997.423021765891463, 0.0 ], [ 173836.280812920653261, 538997.125280489446595, 0.0 ], [ 173838.042448425781913, 538996.907874584314413, 0.0 ], [ 173838.079193273733836, 538997.205615808488801, 0.0 ], [ 173838.724234978377353, 538997.125485222437419, 0.0 ] ] ] ] } },
{ "type": "Feature", "properties": { "H_SHMRS": 3.25, "Z_MIN": 40.25, "Z_MAX": 44.5, "no": null, "provinsi": "Bali", "kabupaten": "Kota Denpasar", "kecamatan": "Denpasar Selatan", "desa_kelur": "Sanur", "id": 8273.0, "nogambarde": "GD.00153/2019", "nohmsrs": "22090301700153", "unit": null, "lantai": "2", "lantaim2": 51.695020339499997, "fungsi": "No. Unit 02B2-15", "penggunaan": "Tanah Perumahan", "alamat": null, "nibtanahbe": "01530", "nibunit": "8273", "building": "00003", "Keterangan": "Ruang Khusus" }, "geometry": { "type": "MultiPolygon", "coordinates": [ [ [ [ 173835.089992753375554, 539008.706920357653871, 0.0 ], [ 173834.979758789297193, 539007.813696763012558, 0.0 ], [ 173835.004992324509658, 539007.810582813457586, 0.0 ], [ 173834.337464612035546, 539002.401619218522683, 0.0 ], [ 173834.312264188542031, 539002.404729081899859, 0.0 ], [ 173834.202035690948833, 539001.511504811933264, 0.0 ], [ 173834.227230645308737, 539001.508395623648539, 0.0 ], [ 173834.043680749542546, 539000.021094520692714, 0.0 ], [ 173832.872913078725105, 539000.165580584318377, 0.0 ], [ 173832.909657546202652, 539000.463321807212196, 0.0 ], [ 173831.003792255767621, 539000.698525153798983, 0.0 ], [ 173830.967047679820098, 539000.400786082609557, 0.0 ], [ 173829.642072950664442, 539000.564301198348403, 0.0 ], [ 173829.752306785259861, 539001.4575255359523, 0.0 ], [ 173829.340432066528592, 539001.508357640937902, 0.0 ], [ 173829.413744056073483, 539002.102404776727781, 0.0 ], [ 173829.438172673544614, 539002.099390158196911, 0.0 ], [ 173829.548401172214653, 539002.992614427930675, 0.0 ], [ 173829.523978210461792, 539002.995628346106969, 0.0 ], [ 173830.191682827746263, 539008.406026927987114, 0.0 ], [ 173830.241306547890417, 539008.399902794975787, 0.0 ], [ 173830.614875535480678, 539011.426938486285508, 0.0 ], [ 173835.378736554062925, 539010.839024757849984, 0.0 ], [ 173835.115226291905856, 539008.70380640856456, 0.0 ], [ 173835.089992753375554, 539008.706920357653871, 0.0 ] ] ] ] } },
{ "type": "Feature", "properties": { "H_SHMRS": 3.25, "Z_MIN": 40.25, "Z_MAX": 44.5, "no": null, "provinsi": "Bali", "kabupaten": "Kota Denpasar", "kecamatan": "Denpasar Selatan", "desa_kelur": "Sanur", "id": 8272.0, "nogambarde": "GD.00152/2019", "nohmsrs": "22090301700152", "unit": null, "lantai": "2", "lantaim2": 45.575063877200002, "fungsi": "No. Unit 02B2-08", "penggunaan": "Tanah Perumahan", "alamat": null, "nibtanahbe": "01530", "nibunit": "8272", "building": "00003", "Keterangan": "Ruang Khusus" }, "geometry": { "type": "MultiPolygon", "coordinates": [ [ [ [ 173843.478370786848245, 538995.027102734427899, 0.0 ], [ 173843.355881536670495, 538994.034574802382849, 0.0 ], [ 173843.380341280048015, 538994.031556040630676, 0.0 ], [ 173842.712815092381788, 538988.622595757013187, 0.0 ], [ 173842.688307492586318, 538988.625620425795205, 0.0 ], [ 173842.590316885878565, 538987.831644498277456, 0.0 ], [ 173842.614815032022307, 538987.828620994929224, 0.0 ], [ 173842.510823673568666, 538986.985873251222074, 0.0 ], [ 173837.747026493627345, 538987.574305079528131, 0.0 ], [ 173837.697404308710247, 538987.580429177964106, 0.0 ], [ 173837.80134856083896, 538988.422687344253063, 0.0 ], [ 173837.826461068965727, 538988.419588174554519, 0.0 ], [ 173837.924451676663011, 538989.213564103934914, 0.0 ], [ 173837.903148039535154, 538989.216193511500023, 0.0 ], [ 173838.873169674421661, 538997.107630140148103, 0.0 ], [ 173839.51833904068917, 538997.028533983160742, 0.0 ], [ 173839.481594566372223, 538996.730792715447024, 0.0 ], [ 173841.243230076390319, 538996.513386847567745, 0.0 ], [ 173841.279974728211528, 538996.811128126457334, 0.0 ], [ 173843.27484108437784, 538996.564938770374283, 0.0 ], [ 173843.18280721703195, 538995.820606763125397, 0.0 ], [ 173843.164434890379198, 538995.671736163669266, 0.0 ], [ 173843.576482206990477, 538995.620884877745993, 0.0 ], [ 173843.502830200275639, 538995.024084164062515, 0.0 ], [ 173843.478370786848245, 538995.027102734427899, 0.0 ] ] ] ] } },
{ "type": "Feature", "properties": { "H_SHMRS": 3.25, "Z_MIN": 40.25, "Z_MAX": 44.5, "no": null, "provinsi": "Bali", "kabupaten": "Kota Denpasar", "kecamatan": "Denpasar Selatan", "desa_kelur": "Sanur", "id": 8271.0, "nogambarde": "GD.00151/2019", "nohmsrs": "22090301700151", "unit": null, "lantai": "2", "lantaim2": 51.696983469000003, "fungsi": "No. Unit 02B2-17", "penggunaan": "Tanah Perumahan", "alamat": null, "nibtanahbe": "01530", "nibunit": "8271", "building": "00003", "Keterangan": "Ruang Khusus" }, "geometry": { "type": "MultiPolygon", "coordinates": [ [ [ [ 173830.366760826058453, 539011.457558666821569, 0.0 ], [ 173829.993188803346129, 539008.430524319875985, 0.0 ], [ 173830.042812520754524, 539008.424400139832869, 0.0 ], [ 173829.375107492262032, 539003.013999765156768, 0.0 ], [ 173829.34990687755635, 539003.017109649605118, 0.0 ], [ 173829.239678383048158, 539002.123885380337015, 0.0 ], [ 173829.264873335399898, 539002.120776192401536, 0.0 ], [ 173829.191561078536324, 539001.526730015524663, 0.0 ], [ 173828.779685856890865, 539001.577558037824929, 0.0 ], [ 173828.669451773836045, 539000.684333729790524, 0.0 ], [ 173827.344477125909179, 539000.847852550214157, 0.0 ], [ 173827.381221519783139, 539001.145591641892679, 0.0 ], [ 173825.475356560520595, 539001.380799223319627, 0.0 ], [ 173825.438611906865845, 539001.083058024640195, 0.0 ], [ 173824.267844236921519, 539001.227544089662842, 0.0 ], [ 173824.451386745728087, 539002.714785344433039, 0.0 ], [ 173824.475815364014124, 539002.711770726135001, 0.0 ], [ 173824.586043862393126, 539003.604994997032918, 0.0 ], [ 173824.561620712222066, 539003.608008939772844, 0.0 ], [ 173825.229148425947642, 539009.016972534009255, 0.0 ], [ 173825.25353846224607, 539009.013962676166557, 0.0 ], [ 173825.363766958500491, 539009.907186946948059, 0.0 ], [ 173825.338281044125324, 539009.91033204132691, 0.0 ], [ 173825.602900041063549, 539012.045474328566343, 0.0 ], [ 173830.366760826058453, 539011.457558666821569, 0.0 ] ] ] ] } },
{ "type": "Feature", "properties": { "H_SHMRS": 3.25, "Z_MIN": 40.25, "Z_MAX": 44.5, "no": null, "provinsi": "Bali", "kabupaten": "Kota Denpasar", "kecamatan": "Denpasar Selatan", "desa_kelur": "Sanur", "id": 8248.0, "nogambarde": "GD.00140/2019", "nohmsrs": "22090301700140", "unit": null, "lantai": "2", "lantaim2": 35.590001293599997, "fungsi": "No. Unit 02A3-08", "penggunaan": "Tanah Perumahan", "alamat": null, "nibtanahbe": "01530", "nibunit": "8248", "building": "00003", "Keterangan": "Ruang Khusus" }, "geometry": { "type": "MultiPolygon", "coordinates": [ [ [ [ 173832.195901514904108, 538952.372658491367474, 0.0 ], [ 173831.065500653116032, 538943.221209015347995, 0.0 ], [ 173829.329669550235849, 538943.43543034279719, 0.0 ], [ 173829.293047378596384, 538943.138681624550372, 0.0 ], [ 173827.531411865027621, 538943.35608751187101, 0.0 ], [ 173827.684514594206121, 538944.596675839391537, 0.0 ], [ 173827.361794192984235, 538944.636503213550895, 0.0 ], [ 173827.435110384656582, 538945.230582838645205, 0.0 ], [ 173827.509674382512458, 538945.221380792441778, 0.0 ], [ 173827.607810635003261, 538946.016626857570373, 0.0 ], [ 173827.533252659137361, 538946.025827697128989, 0.0 ], [ 173828.152058987296186, 538951.03782645938918, 0.0 ], [ 173828.226430188136874, 538951.028648204752244, 0.0 ], [ 173828.336388163588708, 538951.920563278719783, 0.0 ], [ 173828.262812788976589, 538951.929642859497108, 0.0 ], [ 173828.375669515022309, 538952.844118632958271, 0.0 ], [ 173832.195901514904108, 538952.372658491367474, 0.0 ] ] ] ] } },
{ "type": "Feature", "properties": { "H_SHMRS": 3.25, "Z_MIN": 40.25, "Z_MAX": 44.5, "no": null, "provinsi": "Bali", "kabupaten": "Kota Denpasar", "kecamatan": "Denpasar Selatan", "desa_kelur": "Sanur", "id": 8246.0, "nogambarde": "GD.00138/2019", "nohmsrs": "22090301700138", "unit": null, "lantai": "2", "lantaim2": 35.590455735500001, "fungsi": "No. Unit 02A3-06", "penggunaan": "Tanah Perumahan", "alamat": null, "nibtanahbe": "01530", "nibunit": "8246", "building": "00003", "Keterangan": "Ruang Khusus" }, "geometry": { "type": "MultiPolygon", "coordinates": [ [ [ [ 173835.943024181528017, 538950.076331230811775, 0.0 ], [ 173835.324482474999968, 538945.064300275291316, 0.0 ], [ 173835.252473248518072, 538945.073187033762224, 0.0 ], [ 173835.151704750809586, 538944.278315628762357, 0.0 ], [ 173835.226178780110786, 538944.269124685786664, 0.0 ], [ 173835.15285670288722, 538943.674997356603853, 0.0 ], [ 173834.830303722061217, 538943.714804068207741, 0.0 ], [ 173834.677200989506673, 538942.474215736030601, 0.0 ], [ 173832.915565476781921, 538942.691621622652747, 0.0 ], [ 173832.952310131600825, 538942.989362818771042, 0.0 ], [ 173831.216478921414819, 538943.203584161121398, 0.0 ], [ 173832.344772122072754, 538952.354286163114011, 0.0 ], [ 173836.165784362179693, 538951.882729732664302, 0.0 ], [ 173836.052933464932721, 538950.968301197281107, 0.0 ], [ 173835.978418419108493, 538950.977497202227823, 0.0 ], [ 173835.868347736482974, 538950.085546690272167, 0.0 ], [ 173835.943024181528017, 538950.076331230811775, 0.0 ] ] ] ] } },
{ "type": "Feature", "properties": { "H_SHMRS": 3.25, "Z_MIN": 40.25, "Z_MAX": 44.5, "no": null, "provinsi": "Bali", "kabupaten": "Kota Denpasar", "kecamatan": "Denpasar Selatan", "desa_kelur": "Sanur", "id": 8242.0, "nogambarde": "GD.00135/2019", "nohmsrs": "22090301700134.8", "unit": null, "lantai": "2", "lantaim2": 35.473366016900002, "fungsi": "No. Unit 02A3-02A", "penggunaan": "Tanah Perumahan", "alamat": null, "nibtanahbe": "01530", "nibunit": "8242", "building": "00003", "Keterangan": "Ruang Khusus" }, "geometry": { "type": "MultiPolygon", "coordinates": [ [ [ [ 173839.92498610803159, 538949.685656251618639, 0.0 ], [ 173839.294198071991559, 538944.574393540038727, 0.0 ], [ 173839.219717964180745, 538944.583585235173814, 0.0 ], [ 173839.121590597351314, 538943.788411174318753, 0.0 ], [ 173839.196064627525629, 538943.77922023111023, 0.0 ], [ 173839.006381438259268, 538942.242221171967685, 0.0 ], [ 173837.269557706284104, 538942.456565122585744, 0.0 ], [ 173837.232813169161091, 538942.158824886195362, 0.0 ], [ 173835.471177658066154, 538942.376230773166753, 0.0 ], [ 173835.605907924444182, 538943.467947419616394, 0.0 ], [ 173835.624280263116816, 538943.616818098002113, 0.0 ], [ 173835.301727272133576, 538943.656624732189812, 0.0 ], [ 173835.375049557595048, 538944.250753724016249, 0.0 ], [ 173835.449440056749154, 538944.241573090781458, 0.0 ], [ 173835.547576328885043, 538945.036769336205907, 0.0 ], [ 173835.473185831127921, 538945.045949972933158, 0.0 ], [ 173836.091727479826659, 538950.057980473502539, 0.0 ], [ 173836.166089172882494, 538950.048803857411258, 0.0 ], [ 173836.276159803237533, 538950.940753925358877, 0.0 ], [ 173836.203872922080336, 538950.949674949981272, 0.0 ], [ 173836.314654971065465, 538951.864357403130271, 0.0 ], [ 173840.135667209338862, 538951.392800973029807, 0.0 ], [ 173840.022819369740319, 538950.478397199418396, 0.0 ], [ 173839.950942569412291, 538950.487267168005928, 0.0 ], [ 173839.850477080472047, 538949.69485105224885, 0.0 ], [ 173839.92498610803159, 538949.685656251618639, 0.0 ] ] ] ] } },
{ "type": "Feature", "properties": { "H_SHMRS": 3.25, "Z_MIN": 40.25, "Z_MAX": 44.5, "no": null, "provinsi": "Bali", "kabupaten": "Kota Denpasar", "kecamatan": "Denpasar Selatan", "desa_kelur": "Sanur", "id": 8240.0, "nogambarde": "GD.00133/2019", "nohmsrs": "22090301700133", "unit": null, "lantai": "2", "lantaim2": 35.409179177, "fungsi": "No. Unit 02A3-02", "penggunaan": "Tanah Perumahan", "alamat": null, "nibtanahbe": "01530", "nibunit": "8240", "building": "00003", "Keterangan": "Ruang Khusus" }, "geometry": { "type": "MultiPolygon", "coordinates": [ [ [ [ 173843.741768255509669, 538947.955154383904301, 0.0 ], [ 173843.325327876751544, 538944.58075522875879, 0.0 ], [ 173845.310270224494161, 538944.335790735669434, 0.0 ], [ 173845.249022371019237, 538943.839500631787814, 0.0 ], [ 173845.17454220764921, 538943.848691867548041, 0.0 ], [ 173845.0764193101204, 538943.05355403595604, 0.0 ], [ 173845.150893398706103, 538943.044363548629917, 0.0 ], [ 173845.034718324808637, 538942.102727492456324, 0.0 ], [ 173844.424349033593899, 538942.178054111544043, 0.0 ], [ 173844.314091764506884, 538941.28491345688235, 0.0 ], [ 173842.195166899386095, 538941.546412919415161, 0.0 ], [ 173842.231911535054678, 538941.844153956975788, 0.0 ], [ 173840.390901269711321, 538942.071275555179454, 0.0 ], [ 173840.354156467627035, 538941.773534687818028, 0.0 ], [ 173839.118507394421613, 538941.926107672508806, 0.0 ], [ 173839.344935348170111, 538943.760848814272322, 0.0 ], [ 173839.419331924436847, 538943.751667430391535, 0.0 ], [ 173839.517459204857005, 538944.54684080730658, 0.0 ], [ 173839.443068650522036, 538944.556020986172371, 0.0 ], [ 173840.073856684815837, 538949.667283695191145, 0.0 ], [ 173840.148218323214678, 538949.658106623333879, 0.0 ], [ 173840.160713142540772, 538949.757418338791467, 0.0 ], [ 173843.907128768012626, 538949.295067978906445, 0.0 ], [ 173843.851850536157144, 538948.8471501263557, 0.0 ], [ 173843.77656260484946, 538948.856441046111286, 0.0 ], [ 173843.666486457688734, 538947.964445014717057, 0.0 ], [ 173843.741768255509669, 538947.955154383904301, 0.0 ] ] ] ] } },
{ "type": "Feature", "properties": { "H_SHMRS": 3.25, "Z_MIN": 40.25, "Z_MAX": 44.5, "no": null, "provinsi": "Bali", "kabupaten": "Kota Denpasar", "kecamatan": "Denpasar Selatan", "desa_kelur": "Sanur", "id": 8238.0, "nogambarde": "GD.00131/2019", "nohmsrs": "22090301700131", "unit": null, "lantai": "2", "lantaim2": 35.432670249300003, "fungsi": "No. Unit 02A2-10", "penggunaan": "Tanah Perumahan", "alamat": null, "nibtanahbe": "01530", "nibunit": "8238", "building": "00003", "Keterangan": "Ruang Khusus" }, "geometry": { "type": "MultiPolygon", "coordinates": [ [ [ [ 173856.142251982935704, 538946.37544779619202, 0.0 ], [ 173855.511468696204247, 538941.264223563601263, 0.0 ], [ 173855.436398044636007, 538941.27348813705612, 0.0 ], [ 173855.338282994751353, 538940.47841388056986, 0.0 ], [ 173855.41334763308987, 538940.469150049146265, 0.0 ], [ 173855.205280196067179, 538938.783183796098456, 0.0 ], [ 173853.959729453461478, 538938.936898942803964, 0.0 ], [ 173853.996474138897611, 538939.234640387585387, 0.0 ], [ 173852.165365345717873, 538939.460619756137021, 0.0 ], [ 173852.128620698058512, 538939.162878619274125, 0.0 ], [ 173850.009158107975964, 538939.424404454650357, 0.0 ], [ 173850.11938233661931, 538940.317548899678513, 0.0 ], [ 173849.509012833615998, 538940.392875319928862, 0.0 ], [ 173849.606996328366222, 538941.186833617626689, 0.0 ], [ 173849.681195608020062, 538941.176527275354601, 0.0 ], [ 173849.779314987943508, 538941.971636620117351, 0.0 ], [ 173849.705515098379692, 538941.980744365951978, 0.0 ], [ 173849.784597923746333, 538942.625934479758143, 0.0 ], [ 173851.769573307828978, 538942.380965910037048, 0.0 ], [ 173852.180522913724417, 538945.70677807694301, 0.0 ], [ 173852.254300934757339, 538945.697673029382713, 0.0 ], [ 173852.352004793239757, 538946.489415406715125, 0.0 ], [ 173852.242952197848354, 538946.504108236986212, 0.0 ], [ 173852.31644139974378, 538947.099589764839038, 0.0 ], [ 173856.097633849421982, 538946.632947548758239, 0.0 ], [ 173856.067152470059227, 538946.384715929511003, 0.0 ], [ 173856.142251982935704, 538946.37544779619202, 0.0 ] ] ] ] } },
{ "type": "Feature", "properties": { "H_SHMRS": 3.25, "Z_MIN": 40.25, "Z_MAX": 44.5, "no": null, "provinsi": "Bali", "kabupaten": "Kota Denpasar", "kecamatan": "Denpasar Selatan", "desa_kelur": "Sanur", "id": 8236.0, "nogambarde": "GD.00129/2019", "nohmsrs": "22090301700129", "unit": null, "lantai": "2", "lantaim2": 35.482618824100001, "fungsi": "No. Unit 02A2-08", "penggunaan": "Tanah Perumahan", "alamat": null, "nibtanahbe": "01530", "nibunit": "8236", "building": "00003", "Keterangan": "Ruang Khusus" }, "geometry": { "type": "MultiPolygon", "coordinates": [ [ [ [ 173860.112302345136413, 538945.885498594725505, 0.0 ], [ 173859.481519030960044, 538940.774274135706946, 0.0 ], [ 173859.406280892872019, 538940.783559378236532, 0.0 ], [ 173859.308168842049781, 538939.988509425194934, 0.0 ], [ 173859.383233539760113, 538939.97924605361186, 0.0 ], [ 173859.328265811316669, 538939.53384366305545, 0.0 ], [ 173859.005712815211155, 538939.573650258942507, 0.0 ], [ 173858.987340465682792, 538939.424779475084506, 0.0 ], [ 173858.852610062720487, 538938.333061747136526, 0.0 ], [ 173857.090974565362558, 538938.550467755878344, 0.0 ], [ 173857.127719205687754, 538938.848208833602257, 0.0 ], [ 173855.390895457414445, 538939.062552665127441, 0.0 ], [ 173855.562218411301728, 538940.450779090519063, 0.0 ], [ 173855.636024434148567, 538940.441671044216491, 0.0 ], [ 173855.734139428299386, 538941.236744842375629, 0.0 ], [ 173855.660339446709258, 538941.245852142223157, 0.0 ], [ 173856.29098530812189, 538946.355962548521347, 0.0 ], [ 173856.364756393042626, 538946.346858814707957, 0.0 ], [ 173856.46273810317507, 538947.140852620941587, 0.0 ], [ 173856.387437700788723, 538947.150145548395813, 0.0 ], [ 173856.517841800319729, 538948.213379857246764, 0.0 ], [ 173860.339619960082928, 538947.741728903958574, 0.0 ], [ 173860.209988225135021, 538946.678422557539307, 0.0 ], [ 173860.134882569342153, 538946.687691452680156, 0.0 ], [ 173860.037035289977212, 538945.894786939607002, 0.0 ], [ 173860.112302345136413, 538945.885498594725505, 0.0 ] ] ] ] } },
{ "type": "Feature", "properties": { "H_SHMRS": 3.25, "Z_MIN": 40.25, "Z_MAX": 44.5, "no": null, "provinsi": "Bali", "kabupaten": "Kota Denpasar", "kecamatan": "Denpasar Selatan", "desa_kelur": "Sanur", "id": 8232.0, "nogambarde": "GD.00126/2019", "nohmsrs": "22090301700126", "unit": null, "lantai": "2", "lantaim2": 35.594885301399998, "fungsi": "No. Unit 02A2-08A", "penggunaan": "Tanah Perumahan", "alamat": null, "nibtanahbe": "01530", "nibunit": "8232", "building": "00003", "Keterangan": "Ruang Khusus" }, "geometry": { "type": "MultiPolygon", "coordinates": [ [ [ [ 173864.309502807707759, 538947.251800145604648, 0.0 ], [ 173863.181790585134877, 538938.101067764335312, 0.0 ], [ 173861.444966838840628, 538938.315411596442573, 0.0 ], [ 173861.408222185273189, 538938.017670407658443, 0.0 ], [ 173859.646586670045508, 538938.235076296376064, 0.0 ], [ 173859.799689400970237, 538939.475664622150362, 0.0 ], [ 173859.476968998496886, 538939.515491994912736, 0.0 ], [ 173859.531936839892296, 538939.960895295953378, 0.0 ], [ 173859.609027292928658, 538939.951381456688978, 0.0 ], [ 173859.704022332851309, 538940.746816543629393, 0.0 ], [ 173859.630054965527961, 538940.755944497184828, 0.0 ], [ 173860.260838222166058, 538945.867168499622494, 0.0 ], [ 173860.334776670730207, 538945.858043653075583, 0.0 ], [ 173860.432624005741673, 538946.650948617956601, 0.0 ], [ 173860.358859000407392, 538946.66005160077475, 0.0 ], [ 173860.48849056076142, 538947.723356576287188, 0.0 ], [ 173864.309502807707759, 538947.251800145604648, 0.0 ] ] ] ] } },
{ "type": "Feature", "properties": { "H_SHMRS": 3.25, "Z_MIN": 40.25, "Z_MAX": 44.5, "no": null, "provinsi": "Bali", "kabupaten": "Kota Denpasar", "kecamatan": "Denpasar Selatan", "desa_kelur": "Sanur", "id": 8230.0, "nogambarde": "GD.00124/2019", "nohmsrs": "22090301700124", "unit": null, "lantai": "2", "lantaim2": 35.609973996999997, "fungsi": "No. Unit 02A2-06", "penggunaan": "Tanah Perumahan", "alamat": null, "nibtanahbe": "01530", "nibunit": "8230", "building": "00003", "Keterangan": "Ruang Khusus" }, "geometry": { "type": "MultiPolygon", "coordinates": [ [ [ [ 173868.051900612306781, 538944.905661683296785, 0.0 ], [ 173867.421284753741929, 538939.794416844495572, 0.0 ], [ 173867.346046561084222, 538939.803701627650298, 0.0 ], [ 173867.247940536297392, 538939.008700515376404, 0.0 ], [ 173867.32300523284357, 538938.999437144608237, 0.0 ], [ 173867.268031505052932, 538938.55398613458965, 0.0 ], [ 173866.945478525711223, 538938.593792852712795, 0.0 ], [ 173866.792375794233521, 538937.35320451867301, 0.0 ], [ 173865.030740279849852, 538937.570610405178741, 0.0 ], [ 173865.06748493629857, 538937.868351602344774, 0.0 ], [ 173863.330661186395446, 538938.082695436081849, 0.0 ], [ 173864.457607496355195, 538947.233522340655327, 0.0 ], [ 173868.27938565518707, 538946.761871383409016, 0.0 ], [ 173868.14975997453439, 538945.698614108841866, 0.0 ], [ 173868.074654261377873, 538945.707882542978041, 0.0 ], [ 173867.976800976786762, 538944.914929365506396, 0.0 ], [ 173868.051900612306781, 538944.905661683296785, 0.0 ] ] ] ] } },
{ "type": "Feature", "properties": { "H_SHMRS": 3.25, "Z_MIN": 40.25, "Z_MAX": 44.5, "no": null, "provinsi": "Bali", "kabupaten": "Kota Denpasar", "kecamatan": "Denpasar Selatan", "desa_kelur": "Sanur", "id": 8228.0, "nogambarde": "GD.00122/2019", "nohmsrs": "22090301700122", "unit": null, "lantai": "2", "lantaim2": 35.481499979600002, "fungsi": "No. Unit 02A2-02A", "penggunaan": "Tanah Perumahan", "alamat": null, "nibtanahbe": "01530", "nibunit": "8228", "building": "00003", "Keterangan": "Ruang Khusus" }, "geometry": { "type": "MultiPolygon", "coordinates": [ [ [ [ 173872.021783466101624, 538944.415732976631261, 0.0 ], [ 173871.391000186704332, 538939.304508774424903, 0.0 ], [ 173871.315929411677644, 538939.313772895489819, 0.0 ], [ 173871.218416993186111, 538938.518723175162449, 0.0 ], [ 173871.29289108060766, 538938.509532689466141, 0.0 ], [ 173871.121556243277155, 538937.121209955890663, 0.0 ], [ 173869.384732512087794, 538937.33555390778929, 0.0 ], [ 173869.347987976128934, 538937.037813669536263, 0.0 ], [ 173867.586352460552007, 538937.255219556973316, 0.0 ], [ 173867.721082729287446, 538938.346936202724464, 0.0 ], [ 173867.739455067378003, 538938.495806881808676, 0.0 ], [ 173867.41690207508509, 538938.535613514017314, 0.0 ], [ 173867.471875952091068, 538938.981065726955421, 0.0 ], [ 173867.545681974763284, 538938.971957681234926, 0.0 ], [ 173867.643787999491906, 538939.766958792810328, 0.0 ], [ 173867.569820633216295, 538939.776086749159731, 0.0 ], [ 173868.200771332543809, 538944.887290265411139, 0.0 ], [ 173868.274542417289922, 538944.878186531714164, 0.0 ], [ 173868.372395701822825, 538945.671139710000716, 0.0 ], [ 173868.298630689154379, 538945.680242693168111, 0.0 ], [ 173868.428256262093782, 538946.743499056319706, 0.0 ], [ 173872.249268502520863, 538946.271942624356598, 0.0 ], [ 173872.119645818398567, 538945.208709654747508, 0.0 ], [ 173872.044540109985974, 538945.217978087370284, 0.0 ], [ 173871.947274439793546, 538944.42492777435109, 0.0 ], [ 173872.021783466101624, 538944.415732976631261, 0.0 ] ] ] ] } },
{ "type": "Feature", "properties": { "H_SHMRS": 3.25, "Z_MIN": 40.25, "Z_MAX": 44.5, "no": null, "provinsi": "Bali", "kabupaten": "Kota Denpasar", "kecamatan": "Denpasar Selatan", "desa_kelur": "Sanur", "id": 8226.0, "nogambarde": "GD.00120/2019", "nohmsrs": "22090301700120", "unit": null, "lantai": "2", "lantaim2": 35.423685484499998, "fungsi": "No. Unit 02A2-02", "penggunaan": "Tanah Perumahan", "alamat": null, "nibtanahbe": "01530", "nibunit": "8226", "building": "00003", "Keterangan": "Ruang Khusus" }, "geometry": { "type": "MultiPolygon", "coordinates": [ [ [ [ 173877.247719852312002, 538937.774676005472429, 0.0 ], [ 173877.149855151365045, 538936.981680569937453, 0.0 ], [ 173876.537755995756015, 538937.057220672606491, 0.0 ], [ 173876.429266555904178, 538936.163902139873244, 0.0 ], [ 173874.310341693315422, 538936.42540160252247, 0.0 ], [ 173874.347086327819852, 538936.723142639384605, 0.0 ], [ 173872.515977572533302, 538936.949122316436842, 0.0 ], [ 173872.479232771496754, 538936.651381450006738, 0.0 ], [ 173871.233682187448721, 538936.805096358410083, 0.0 ], [ 173871.44176180154318, 538938.491161271231249, 0.0 ], [ 173871.515567822294543, 538938.482053225277923, 0.0 ], [ 173871.613670850696508, 538939.277030061231926, 0.0 ], [ 173871.539870904845884, 538939.286137354676612, 0.0 ], [ 173872.170654252462555, 538944.397361552226357, 0.0 ], [ 173872.24442527082283, 538944.388257825514302, 0.0 ], [ 173872.275647992850281, 538944.636396340792999, 0.0 ], [ 173876.055466582183726, 538944.169923673616722, 0.0 ], [ 173875.98197737938608, 538943.574442144366913, 0.0 ], [ 173875.873578432248905, 538943.586731512332335, 0.0 ], [ 173875.775852090213448, 538942.79480695608072, 0.0 ], [ 173875.850944739126135, 538942.785540134995244, 0.0 ], [ 173875.438767903309781, 538939.459917711326852, 0.0 ], [ 173877.423710252536694, 538939.214953213464469, 0.0 ], [ 173877.34412756524398, 538938.569824556587264, 0.0 ], [ 173877.270753677876201, 538938.578879730775952, 0.0 ], [ 173877.172655155067332, 538937.783939378103241, 0.0 ], [ 173877.247719852312002, 538937.774676005472429, 0.0 ] ] ] ] } },
{ "type": "Feature", "properties": { "H_SHMRS": 3.25, "Z_MIN": 40.25, "Z_MAX": 44.5, "no": null, "provinsi": "Bali", "kabupaten": "Kota Denpasar", "kecamatan": "Denpasar Selatan", "desa_kelur": "Sanur", "id": 8222.0, "nogambarde": "GD.00117/2019", "nohmsrs": "22090301700117", "unit": null, "lantai": "2", "lantaim2": 35.408041373800003, "fungsi": "No. Unit 02A1-10", "penggunaan": "Tanah Perumahan", "alamat": null, "nibtanahbe": "01530", "nibunit": "8222", "building": "00003", "Keterangan": "Ruang Khusus" }, "geometry": { "type": "MultiPolygon", "coordinates": [ [ [ [ 173888.556220213184133, 538943.683968894300051, 0.0 ], [ 173887.92543686425779, 538938.572743615019135, 0.0 ], [ 173887.850956699403469, 538938.581934853456914, 0.0 ], [ 173887.752866216964321, 538937.787059668684378, 0.0 ], [ 173887.827340304211248, 538937.777869181940332, 0.0 ], [ 173887.600875716103474, 538935.942831188556738, 0.0 ], [ 173886.355324972246308, 538936.096546335262246, 0.0 ], [ 173886.39206965820631, 538936.394287781440653, 0.0 ], [ 173884.560960866045207, 538936.620267147780396, 0.0 ], [ 173884.524216220655944, 538936.322526012663729, 0.0 ], [ 173882.404348464478971, 538936.584061961388215, 0.0 ], [ 173882.514549414627254, 538937.477289549773559, 0.0 ], [ 173881.90514631694532, 538937.552496734890155, 0.0 ], [ 173882.021382255014032, 538938.494354446884245, 0.0 ], [ 173882.095778885704931, 538938.48517351783812, 0.0 ], [ 173882.1932832581806, 538939.280158046865836, 0.0 ], [ 173882.119483312329976, 538939.289265342056751, 0.0 ], [ 173882.180731221946189, 538939.785555904381908, 0.0 ], [ 173884.164707352290861, 538939.540710654924624, 0.0 ], [ 173884.569743223866681, 538942.814767265925184, 0.0 ], [ 173884.644111902453005, 538942.805589785915799, 0.0 ], [ 173884.766588010475971, 538943.798061198438518, 0.0 ], [ 173884.692225342005258, 538943.807237935601734, 0.0 ], [ 173884.74747254914837, 538944.254904395667836, 0.0 ], [ 173888.49338277275092, 538943.792616409715265, 0.0 ], [ 173888.48143069454818, 538943.693198421038687, 0.0 ], [ 173888.556220213184133, 538943.683968894300051, 0.0 ] ] ] ] } },
{ "type": "Feature", "properties": { "H_SHMRS": 3.25, "Z_MIN": 40.25, "Z_MAX": 44.5, "no": null, "provinsi": "Bali", "kabupaten": "Kota Denpasar", "kecamatan": "Denpasar Selatan", "desa_kelur": "Sanur", "id": 8220.0, "nogambarde": "GD.00115/2019", "nohmsrs": "22090301700115", "unit": null, "lantai": "2", "lantaim2": 35.481187631300003, "fungsi": "No. Unit 02A1-08", "penggunaan": "Tanah Perumahan", "alamat": null, "nibtanahbe": "01530", "nibunit": "8220", "building": "00003", "Keterangan": "Ruang Khusus" }, "geometry": { "type": "MultiPolygon", "coordinates": [ [ [ [ 173892.526102958567208, 538943.194038760731928, 0.0 ], [ 173891.895487295638304, 538938.082795510767028, 0.0 ], [ 173891.820839708700078, 538938.092007407103665, 0.0 ], [ 173891.722752063797088, 538937.297155213775113, 0.0 ], [ 173891.797226154681994, 538937.287964726681821, 0.0 ], [ 173891.723861331731314, 538936.693491045036353, 0.0 ], [ 173891.401308333908673, 538936.733297639992088, 0.0 ], [ 173891.382935985486256, 538936.58442685729824, 0.0 ], [ 173891.24820558342617, 538935.49270912935026, 0.0 ], [ 173889.486570082633989, 538935.71011513704434, 0.0 ], [ 173889.52331472345395, 538936.007856215001084, 0.0 ], [ 173887.786490978323855, 538936.222200046293437, 0.0 ], [ 173887.97621085960418, 538937.759497785242274, 0.0 ], [ 173888.050607655342901, 538937.75031683628913, 0.0 ], [ 173888.148698137752945, 538938.545192019548267, 0.0 ], [ 173888.074307573639089, 538938.554372200975195, 0.0 ], [ 173888.705090829258552, 538943.665596101665869, 0.0 ], [ 173888.779452521936037, 538943.656419483828358, 0.0 ], [ 173888.877321382926311, 538944.449498864123598, 0.0 ], [ 173888.802965767885325, 538944.458674729452468, 0.0 ], [ 173888.914810655987822, 538945.372900113579817, 0.0 ], [ 173892.735822898423066, 538944.901343683712184, 0.0 ], [ 173892.623980890086386, 538943.987141693010926, 0.0 ], [ 173892.549465791118564, 538943.996337242424488, 0.0 ], [ 173892.451593931618845, 538943.203233560081571, 0.0 ], [ 173892.526102958567208, 538943.194038760731928, 0.0 ] ] ] ] } },
{ "type": "Feature", "properties": { "H_SHMRS": 3.25, "Z_MIN": 40.25, "Z_MAX": 44.5, "no": null, "provinsi": "Bali", "kabupaten": "Kota Denpasar", "kecamatan": "Denpasar Selatan", "desa_kelur": "Sanur", "id": 8218.0, "nogambarde": "GD.00113/2019", "nohmsrs": "22090301700113", "unit": null, "lantai": "2", "lantaim2": 35.597293411499997, "fungsi": "No. Unit 02A1-08A", "penggunaan": "Tanah Perumahan", "alamat": null, "nibtanahbe": "01530", "nibunit": "8218", "building": "00003", "Keterangan": "Ruang Khusus" }, "geometry": { "type": "MultiPolygon", "coordinates": [ [ [ [ 173896.705705745698651, 538944.411414923029952, 0.0 ], [ 173895.577386082644807, 538935.260714977630414, 0.0 ], [ 173893.840562336699804, 538935.475058810086921, 0.0 ], [ 173893.803817682608496, 538935.177317621186376, 0.0 ], [ 173892.042182169505395, 538935.394723508274183, 0.0 ], [ 173892.195284898363752, 538936.635311834979802, 0.0 ], [ 173891.872564497025451, 538936.675139208789915, 0.0 ], [ 173891.946096874191426, 538937.269593310076743, 0.0 ], [ 173892.020493502815953, 538937.260412379866466, 0.0 ], [ 173892.118581147660734, 538938.055264572263695, 0.0 ], [ 173892.044190593878739, 538938.064444751944393, 0.0 ], [ 173892.674806257797172, 538943.175688004703261, 0.0 ], [ 173892.749335369822802, 538943.166490725707263, 0.0 ], [ 173892.847207229293417, 538943.959594409330748, 0.0 ], [ 173892.772851613379316, 538943.968770276638679, 0.0 ], [ 173892.884693499479908, 538944.882971357437782, 0.0 ], [ 173896.705705745698651, 538944.411414923029952, 0.0 ] ] ] ] } },
{ "type": "Feature", "properties": { "H_SHMRS": 3.25, "Z_MIN": 40.25, "Z_MAX": 44.5, "no": null, "provinsi": "Bali", "kabupaten": "Kota Denpasar", "kecamatan": "Denpasar Selatan", "desa_kelur": "Sanur", "id": 8216.0, "nogambarde": "GD.00111/2019", "nohmsrs": "22090301700111", "unit": null, "lantai": "2", "lantaim2": 35.605457895599997, "fungsi": "No. Unit 02A1-06", "penggunaan": "Tanah Perumahan", "alamat": null, "nibtanahbe": "01530", "nibunit": "8216", "building": "00003", "Keterangan": "Ruang Khusus" }, "geometry": { "type": "MultiPolygon", "coordinates": [ [ [ [ 173900.464935498719569, 538942.214296634774655, 0.0 ], [ 173899.835085568367504, 538937.102958627860062, 0.0 ], [ 173899.760605403746013, 538937.112149865599349, 0.0 ], [ 173899.662523759849137, 538936.317346306168474, 0.0 ], [ 173899.7369978496572, 538936.308155816979706, 0.0 ], [ 173899.663627002446447, 538935.713633346720599, 0.0 ], [ 173899.34107402418158, 538935.753440065775067, 0.0 ], [ 173899.187971294741146, 538934.512851731153205, 0.0 ], [ 173897.426335779688088, 538934.730257618590258, 0.0 ], [ 173897.463080433866708, 538935.02799881726969, 0.0 ], [ 173895.726256687077694, 538935.242342651123181, 0.0 ], [ 173896.853810434869956, 538944.393137119477615, 0.0 ], [ 173900.675588592828717, 538943.921486163977534, 0.0 ], [ 173900.563752588524949, 538943.007332783192396, 0.0 ], [ 173900.489237485046033, 538943.01652833330445, 0.0 ], [ 173900.390426470024977, 538942.223491434357129, 0.0 ], [ 173900.464935498719569, 538942.214296634774655, 0.0 ] ] ] ] } },
{ "type": "Feature", "properties": { "H_SHMRS": 3.25, "Z_MIN": 40.25, "Z_MAX": 44.5, "no": null, "provinsi": "Bali", "kabupaten": "Kota Denpasar", "kecamatan": "Denpasar Selatan", "desa_kelur": "Sanur", "id": 8212.0, "nogambarde": "GD.00109/2019", "nohmsrs": "22090301700109", "unit": null, "lantai": "2", "lantaim2": 35.484448685099998, "fungsi": "No. Unit 02A1-02A", "penggunaan": "Tanah Perumahan", "alamat": null, "nibtanahbe": "01530", "nibunit": "8212", "building": "00003", "Keterangan": "Ruang Khusus" }, "geometry": { "type": "MultiPolygon", "coordinates": [ [ [ [ 173903.73048809505417, 538936.622219854383729, 0.0 ], [ 173903.63240881668753, 538935.827441947883926, 0.0 ], [ 173903.706883862178074, 538935.818251342861913, 0.0 ], [ 173903.517152077227365, 538934.28085986955557, 0.0 ], [ 173901.780328343564179, 538934.495203821454197, 0.0 ], [ 173901.743583807052346, 538934.197463583434001, 0.0 ], [ 173899.981948293629102, 538934.414869471569546, 0.0 ], [ 173900.116678564227186, 538935.506586118834093, 0.0 ], [ 173900.135050901182694, 538935.655456796986982, 0.0 ], [ 173899.812497909966623, 538935.695263430243358, 0.0 ], [ 173899.885868566983845, 538936.289784400723875, 0.0 ], [ 173899.960265197325498, 538936.280603471910581, 0.0 ], [ 173900.057756234047702, 538937.075479915132746, 0.0 ], [ 173899.983788867219118, 538937.084607871482149, 0.0 ], [ 173900.613806217035744, 538942.195925216772594, 0.0 ], [ 173900.688167909509502, 538942.18674859974999, 0.0 ], [ 173900.786388317239471, 538942.979858382372186, 0.0 ], [ 173900.71262330681202, 538942.988961367518641, 0.0 ], [ 173900.824459200113779, 538943.903113836655393, 0.0 ], [ 173904.645471442636335, 538943.431557404925115, 0.0 ], [ 173904.533638434746535, 538942.517428328166716, 0.0 ], [ 173904.459123333188472, 538942.526623879792169, 0.0 ], [ 173904.361242642597063, 538941.733448648476042, 0.0 ], [ 173904.435751672106562, 538941.724253848660737, 0.0 ], [ 173903.80496826331364, 538936.613028614781797, 0.0 ], [ 173903.73048809505417, 538936.622219854383729, 0.0 ] ] ] ] } },
{ "type": "Feature", "properties": { "H_SHMRS": 3.25, "Z_MIN": 40.25, "Z_MAX": 44.5, "no": null, "provinsi": "Bali", "kabupaten": "Kota Denpasar", "kecamatan": "Denpasar Selatan", "desa_kelur": "Sanur", "id": 8210.0, "nogambarde": "GD.00107/2019", "nohmsrs": "22090301700107", "unit": null, "lantai": "2", "lantaim2": 35.4664832514, "fungsi": "No. Unit 02A1-02", "penggunaan": "Tanah Perumahan", "alamat": null, "nibtanahbe": "01530", "nibunit": "8210", "building": "00003", "Keterangan": "Ruang Khusus" }, "geometry": { "type": "MultiPolygon", "coordinates": [ [ [ [ 173909.820074455550639, 538936.374547165934928, 0.0 ], [ 173909.545409988902975, 538934.141374407219701, 0.0 ], [ 173908.9341201975476, 538934.216814623796381, 0.0 ], [ 173908.824862397072138, 538933.323552126530558, 0.0 ], [ 173906.705937532940879, 538933.585051588132046, 0.0 ], [ 173906.742682170763146, 538933.882792626973242, 0.0 ], [ 173904.900705684936838, 538934.110031964024529, 0.0 ], [ 173904.863960883463733, 538933.812291097827256, 0.0 ], [ 173903.629278026812244, 538933.964746342622675, 0.0 ], [ 173903.855754416028503, 538935.799879945232533, 0.0 ], [ 173903.930151044391096, 538935.790699016768485, 0.0 ], [ 173904.028229533083504, 538936.58547701977659, 0.0 ], [ 173903.953838982357411, 538936.594657200272195, 0.0 ], [ 173904.584622456575744, 538941.705882423906587, 0.0 ], [ 173904.658984082692768, 538941.696705814567395, 0.0 ], [ 173904.670517372898757, 538941.796174770686775, 0.0 ], [ 173908.417899155581836, 538941.333705177064985, 0.0 ], [ 173908.36266977302148, 538940.886182615184225, 0.0 ], [ 173908.288161656091688, 538940.89537730126176, 0.0 ], [ 173908.178036395140225, 538940.002985778381117, 0.0 ], [ 173908.252538437081967, 538939.993791839573532, 0.0 ], [ 173907.835132105101366, 538936.619511662167497, 0.0 ], [ 173909.820074455550639, 538936.374547165934928, 0.0 ] ] ] ] } },
{ "type": "Feature", "properties": { "H_SHMRS": 3.25, "Z_MIN": 40.25, "Z_MAX": 44.5, "no": null, "provinsi": "Bali", "kabupaten": "Kota Denpasar", "kecamatan": "Denpasar Selatan", "desa_kelur": "Sanur", "id": 8249.0, "nogambarde": "GD.00141/2019", "nohmsrs": "22090301700141", "unit": null, "lantai": "2", "lantaim2": 33.021222877699998, "fungsi": "No. Unit 02A3-11", "penggunaan": "Tanah Perumahan", "alamat": null, "nibtanahbe": "01530", "nibunit": "8249", "building": "00003", "Keterangan": "Ruang Khusus" }, "geometry": { "type": "MultiPolygon", "coordinates": [ [ [ [ 173820.723261307983194, 538941.87876283400692, 0.0 ], [ 173822.484896819805726, 538941.661356946337037, 0.0 ], [ 173822.331794092722703, 538940.420768618118018, 0.0 ], [ 173822.654347074043471, 538940.380961906048469, 0.0 ], [ 173821.723482484987471, 538932.838184930733405, 0.0 ], [ 173817.902470242377603, 538933.309741362812929, 0.0 ], [ 173818.037021544092568, 538934.400007844320498, 0.0 ], [ 173818.111490483599482, 538934.390817992272787, 0.0 ], [ 173818.209641787572764, 538935.186186016886495, 0.0 ], [ 173818.135178925702348, 538935.195375118171796, 0.0 ], [ 173818.661852313874988, 538939.462998961098492, 0.0 ], [ 173818.736291480250657, 538939.453812783234753, 0.0 ], [ 173818.83409951714566, 538940.246399320079945, 0.0 ], [ 173818.75966642840649, 538940.255584750324488, 0.0 ], [ 173818.949692907190183, 538941.795365467085503, 0.0 ], [ 173820.686516651738202, 538941.581021634745412, 0.0 ], [ 173820.723261307983194, 538941.87876283400692, 0.0 ] ] ] ] } },
{ "type": "Feature", "properties": { "H_SHMRS": 3.25, "Z_MIN": 40.25, "Z_MAX": 44.5, "no": null, "provinsi": "Bali", "kabupaten": "Kota Denpasar", "kecamatan": "Denpasar Selatan", "desa_kelur": "Sanur", "id": 8245.0, "nogambarde": "GD.00137/2019", "nohmsrs": "22090301700137", "unit": null, "lantai": "2", "lantaim2": 33.020608521299998, "fungsi": "No. Unit 02A3-07", "penggunaan": "Tanah Perumahan", "alamat": null, "nibtanahbe": "01530", "nibunit": "8245", "building": "00003", "Keterangan": "Ruang Khusus" }, "geometry": { "type": "MultiPolygon", "coordinates": [ [ [ [ 173830.27155978771043, 538939.440911098383367, 0.0 ], [ 173830.594078100810293, 538939.401108666905202, 0.0 ], [ 173829.663247509888606, 538931.858327495632693, 0.0 ], [ 173825.843101523671066, 538932.329777020961046, 0.0 ], [ 173825.976793240901316, 538933.420198936597444, 0.0 ], [ 173826.051262176508317, 538933.41100908361841, 0.0 ], [ 173826.149407462886302, 538934.206328344531357, 0.0 ], [ 173826.074956485623261, 538934.215516289463267, 0.0 ], [ 173826.601606178184738, 538938.483143057208508, 0.0 ], [ 173826.676057157339528, 538938.473955113557167, 0.0 ], [ 173826.773871213255916, 538939.266590412473306, 0.0 ], [ 173826.699438122828724, 538939.275775841786526, 0.0 ], [ 173826.889458602061495, 538940.81550794665236, 0.0 ], [ 173828.626282348239329, 538940.601164113846608, 0.0 ], [ 173828.66302700387314, 538940.898905313573778, 0.0 ], [ 173830.424662518809782, 538940.681499426951632, 0.0 ], [ 173830.27155978771043, 538939.440911098383367, 0.0 ] ] ] ] } },
{ "type": "Feature", "properties": { "H_SHMRS": 3.25, "Z_MIN": 40.25, "Z_MAX": 44.5, "no": null, "provinsi": "Bali", "kabupaten": "Kota Denpasar", "kecamatan": "Denpasar Selatan", "desa_kelur": "Sanur", "id": 8243.0, "nogambarde": "GD.00136/2019", "nohmsrs": "22090301700136", "unit": null, "lantai": "2", "lantaim2": 33.021273537200003, "fungsi": "No. Unit 02A3-05", "penggunaan": "Tanah Perumahan", "alamat": null, "nibtanahbe": "01530", "nibunit": "8243", "building": "00003", "Keterangan": "Ruang Khusus" }, "geometry": { "type": "MultiPolygon", "coordinates": [ [ [ [ 173832.943529946060153, 538940.068366589141078, 0.0 ], [ 173834.680353692994686, 538939.854022757383063, 0.0 ], [ 173834.490339101699647, 538938.314338347408921, 0.0 ], [ 173834.415901467669755, 538938.323524337261915, 0.0 ], [ 173834.318081601522863, 538937.530841944273561, 0.0 ], [ 173834.392513157916255, 538937.521656706463546, 0.0 ], [ 173833.86583960003918, 538933.254031495191157, 0.0 ], [ 173833.791431739984546, 538933.263213809696026, 0.0 ], [ 173833.693292432115413, 538932.467943007010035, 0.0 ], [ 173833.767694217327517, 538932.458761440590024, 0.0 ], [ 173833.633131027338095, 538931.368398651015013, 0.0 ], [ 173829.812118784728227, 538931.839955083210953, 0.0 ], [ 173830.742983378469944, 538939.382732058409601, 0.0 ], [ 173831.065536358713871, 538939.34292534715496, 0.0 ], [ 173831.218639087717747, 538940.583513674559072, 0.0 ], [ 173832.980274603818543, 538940.366107788984664, 0.0 ], [ 173832.943529946060153, 538940.068366589141078, 0.0 ] ] ] ] } },
{ "type": "Feature", "properties": { "H_SHMRS": 3.25, "Z_MIN": 40.25, "Z_MAX": 44.5, "no": null, "provinsi": "Bali", "kabupaten": "Kota Denpasar", "kecamatan": "Denpasar Selatan", "desa_kelur": "Sanur", "id": 8241.0, "nogambarde": "GD.00134/2019", "nohmsrs": "22090301700134", "unit": null, "lantai": "2", "lantaim2": 33.020709966799998, "fungsi": "No. Unit 02A3-03", "penggunaan": "Tanah Perumahan", "alamat": null, "nibtanahbe": "01530", "nibunit": "8241", "building": "00003", "Keterangan": "Ruang Khusus" }, "geometry": { "type": "MultiPolygon", "coordinates": [ [ [ [ 173836.602792699151905, 538939.919047794886865, 0.0 ], [ 173838.364428211585619, 538939.701641907449812, 0.0 ], [ 173838.211325482028769, 538938.461053578881547, 0.0 ], [ 173838.533878463233123, 538938.421246868674643, 0.0 ], [ 173837.603013875399483, 538930.878469893126749, 0.0 ], [ 173833.782928473199718, 538931.349911940749735, 0.0 ], [ 173833.916564937098883, 538932.440390025032684, 0.0 ], [ 173833.991033871599939, 538932.431200171704404, 0.0 ], [ 173834.089173179410864, 538933.226470975321718, 0.0 ], [ 173834.0147103141353, 538933.235660079750232, 0.0 ], [ 173834.54138382000383, 538937.503284835838713, 0.0 ], [ 173834.615823039901443, 538937.494099111645482, 0.0 ], [ 173834.713642905990127, 538938.286781499511562, 0.0 ], [ 173834.639209816668881, 538938.295966929756105, 0.0 ], [ 173834.829224296321627, 538939.835650428314693, 0.0 ], [ 173836.566048044100171, 538939.621306597138755, 0.0 ], [ 173836.602792699151905, 538939.919047794886865, 0.0 ] ] ] ] } },
{ "type": "Feature", "properties": { "H_SHMRS": 3.25, "Z_MIN": 40.25, "Z_MAX": 44.5, "no": null, "provinsi": "Bali", "kabupaten": "Kota Denpasar", "kecamatan": "Denpasar Selatan", "desa_kelur": "Sanur", "id": 8239.0, "nogambarde": "GD.00132/2019", "nohmsrs": "22090301700132", "unit": null, "lantai": "2", "lantaim2": 32.916304662100003, "fungsi": "No. Unit 02A3-01", "penggunaan": "Tanah Perumahan", "alamat": null, "nibtanahbe": "01530", "nibunit": "8239", "building": "00003", "Keterangan": "Ruang Khusus" }, "geometry": { "type": "MultiPolygon", "coordinates": [ [ [ [ 173839.15840478381142, 538939.603656156104989, 0.0 ], [ 173840.920040297438391, 538939.386250268435106, 0.0 ], [ 173840.883295640262077, 538939.088509070803411, 0.0 ], [ 173842.620119386032457, 538938.874165236600675, 0.0 ], [ 173842.479397156595951, 538937.733895845478401, 0.0 ], [ 173842.430110794288339, 538937.334529440267943, 0.0 ], [ 173842.355673161364393, 538937.343715428491123, 0.0 ], [ 173842.171959000523202, 538935.855008312501013, 0.0 ], [ 173842.246387519291602, 538935.845823447103612, 0.0 ], [ 173841.768712406425038, 538931.975231657968834, 0.0 ], [ 173841.694307586090872, 538931.984413597849198, 0.0 ], [ 173841.510593424580293, 538930.495706480112858, 0.0 ], [ 173841.584989130758913, 538930.486525667249225, 0.0 ], [ 173841.572896723315353, 538930.388541132211685, 0.0 ], [ 173837.751884481636807, 538930.860097566037439, 0.0 ], [ 173838.682749070576392, 538938.402874540654011, 0.0 ], [ 173839.005302053556079, 538938.363067829050124, 0.0 ], [ 173839.15840478381142, 538939.603656156104989, 0.0 ] ] ] ] } },
{ "type": "Feature", "properties": { "H_SHMRS": 3.25, "Z_MIN": 40.25, "Z_MAX": 44.5, "no": null, "provinsi": "Bali", "kabupaten": "Kota Denpasar", "kecamatan": "Denpasar Selatan", "desa_kelur": "Sanur", "id": 8233.0, "nogambarde": "GD.00127/2019", "nohmsrs": "22090301700127", "unit": null, "lantai": "2", "lantaim2": 33.021215498899998, "fungsi": "No. Unit 02A2-11", "penggunaan": "Tanah Perumahan", "alamat": null, "nibtanahbe": "01530", "nibunit": "8233", "building": "00003", "Keterangan": "Ruang Khusus" }, "geometry": { "type": "MultiPolygon", "coordinates": [ [ [ [ 173852.837832425313536, 538936.757783469278365, 0.0 ], [ 173854.599467941588955, 538936.540377583354712, 0.0 ], [ 173854.446365209994838, 538935.299789255484939, 0.0 ], [ 173854.768918192596175, 538935.259982542833313, 0.0 ], [ 173853.83805360289989, 538927.717205567052588, 0.0 ], [ 173850.01703759204247, 538928.188762462814339, 0.0 ], [ 173850.169857082131784, 538929.427024690434337, 0.0 ], [ 173850.244332097121514, 538929.417834086809307, 0.0 ], [ 173850.342464516230393, 538930.213049096171744, 0.0 ], [ 173850.267995523172431, 538930.222238507354632, 0.0 ], [ 173850.794801262702094, 538934.490934785455465, 0.0 ], [ 173850.869246498972643, 538934.481747858226299, 0.0 ], [ 173850.967073420819361, 538935.274487406713888, 0.0 ], [ 173850.892634203657508, 538935.283673132304102, 0.0 ], [ 173851.06426402652869, 538936.674386102124117, 0.0 ], [ 173852.801087770261802, 538936.460042270598933, 0.0 ], [ 173852.837832425313536, 538936.757783469278365, 0.0 ] ] ] ] } },
{ "type": "Feature", "properties": { "H_SHMRS": 3.25, "Z_MIN": 40.25, "Z_MAX": 44.5, "no": null, "provinsi": "Bali", "kabupaten": "Kota Denpasar", "kecamatan": "Denpasar Selatan", "desa_kelur": "Sanur", "id": 8231.0, "nogambarde": "GD.00125/2019", "nohmsrs": "22090301700125", "unit": null, "lantai": "2", "lantaim2": 33.021283102300004, "fungsi": "No. Unit 02A2-09", "penggunaan": "Tanah Perumahan", "alamat": null, "nibtanahbe": "01530", "nibunit": "8231", "building": "00003", "Keterangan": "Ruang Khusus" }, "geometry": { "type": "MultiPolygon", "coordinates": [ [ [ [ 173855.393444510584231, 538936.442391830030829, 0.0 ], [ 173857.155080025229836, 538936.224985943292268, 0.0 ], [ 173857.118335368024418, 538935.927244744729251, 0.0 ], [ 173858.855159115337301, 538935.712900912505575, 0.0 ], [ 173858.683535293850582, 538934.322236548759975, 0.0 ], [ 173858.609103677212261, 538934.331421332317404, 0.0 ], [ 173858.511270588525804, 538933.538631806964986, 0.0 ], [ 173858.585696071851999, 538933.529447317006998, 0.0 ], [ 173858.058890556916595, 538929.260752846952528, 0.0 ], [ 173857.984488772752229, 538929.269934413139708, 0.0 ], [ 173857.886362351739081, 538928.474768010666594, 0.0 ], [ 173857.960758058296051, 538928.465587196755223, 0.0 ], [ 173857.807936448749388, 538927.227276807068847, 0.0 ], [ 173853.986924208700657, 538927.698833238799125, 0.0 ], [ 173854.917788799502887, 538935.241610215278342, 0.0 ], [ 173855.240341781114694, 538935.201803502277471, 0.0 ], [ 173855.393444510584231, 538936.442391830030829, 0.0 ] ] ] ] } },
{ "type": "Feature", "properties": { "H_SHMRS": 3.25, "Z_MIN": 40.25, "Z_MAX": 44.5, "no": null, "provinsi": "Bali", "kabupaten": "Kota Denpasar", "kecamatan": "Denpasar Selatan", "desa_kelur": "Sanur", "id": 8229.0, "nogambarde": "GD.00123/2019", "nohmsrs": "22090301700123", "unit": null, "lantai": "2", "lantaim2": 33.020770066399997, "fungsi": "No. Unit 02A2-07", "penggunaan": "Tanah Perumahan", "alamat": null, "nibtanahbe": "01530", "nibunit": "8229", "building": "00003", "Keterangan": "Ruang Khusus" }, "geometry": { "type": "MultiPolygon", "coordinates": [ [ [ [ 173860.777598124259384, 538935.77792594966013, 0.0 ], [ 173862.539233638060978, 538935.560520063154399, 0.0 ], [ 173862.386130908038467, 538934.319931734935381, 0.0 ], [ 173862.708683890581597, 538934.280125023331493, 0.0 ], [ 173861.777819297276437, 538926.737348046619445, 0.0 ], [ 173857.957511722896015, 538927.208817514474504, 0.0 ], [ 173858.109628775942838, 538928.447215780499391, 0.0 ], [ 173858.184103789826622, 538928.438025178504176, 0.0 ], [ 173858.282230210810667, 538929.233191577950493, 0.0 ], [ 173858.207761218829546, 538929.242380973300897, 0.0 ], [ 173858.734566793165868, 538933.511075898190029, 0.0 ], [ 173858.809012025536504, 538933.501888972707093, 0.0 ], [ 173858.906845114164753, 538934.294678497477435, 0.0 ], [ 173858.832405956607545, 538934.303864674293436, 0.0 ], [ 173859.004029721632833, 538935.694528584950604, 0.0 ], [ 173860.740853469789727, 538935.480184750631452, 0.0 ], [ 173860.777598124259384, 538935.77792594966013, 0.0 ] ] ] ] } },
{ "type": "Feature", "properties": { "H_SHMRS": 3.25, "Z_MIN": 40.25, "Z_MAX": 44.5, "no": null, "provinsi": "Bali", "kabupaten": "Kota Denpasar", "kecamatan": "Denpasar Selatan", "desa_kelur": "Sanur", "id": 8227.0, "nogambarde": "GD.00121/2019", "nohmsrs": "22090301700121", "unit": null, "lantai": "2", "lantaim2": 33.021285675800002, "fungsi": "No. Unit 02A2-05", "penggunaan": "Tanah Perumahan", "alamat": null, "nibtanahbe": "01530", "nibunit": "8227", "building": "00003", "Keterangan": "Ruang Khusus" }, "geometry": { "type": "MultiPolygon", "coordinates": [ [ [ [ 173863.333210207551019, 538935.462534311343916, 0.0 ], [ 173865.094845722516766, 538935.245128423906863, 0.0 ], [ 173865.058101065922529, 538934.947387225576676, 0.0 ], [ 173866.794924812042154, 538934.733043392421678, 0.0 ], [ 173866.623306934197899, 538933.342427181545645, 0.0 ], [ 173866.548881444963627, 538933.351611671620049, 0.0 ], [ 173866.451036444806959, 538932.558775602374226, 0.0 ], [ 173866.525461932644248, 538932.549591113696806, 0.0 ], [ 173865.998656254203524, 538928.280895334435627, 0.0 ], [ 173865.924254412588198, 538928.290076445089653, 0.0 ], [ 173865.826134045433719, 538927.494959102827124, 0.0 ], [ 173865.900529753707815, 538927.485778286354616, 0.0 ], [ 173865.747702145628864, 538926.24741928698495, 0.0 ], [ 173861.926689906453248, 538926.718975718365982, 0.0 ], [ 173862.857554495305521, 538934.261752696475014, 0.0 ], [ 173863.180107479653088, 538934.221945983008482, 0.0 ], [ 173863.333210207551019, 538935.462534311343916, 0.0 ] ] ] ] } },
{ "type": "Feature", "properties": { "H_SHMRS": 3.25, "Z_MIN": 40.25, "Z_MAX": 44.5, "no": null, "provinsi": "Bali", "kabupaten": "Kota Denpasar", "kecamatan": "Denpasar Selatan", "desa_kelur": "Sanur", "id": 8225.0, "nogambarde": "GD.00119/2019", "nohmsrs": "22090301700119", "unit": null, "lantai": "2", "lantaim2": 33.020731664300001, "fungsi": "No. Unit 02A2-03", "penggunaan": "Tanah Perumahan", "alamat": null, "nibtanahbe": "01530", "nibunit": "8225", "building": "00003", "Keterangan": "Ruang Khusus" }, "geometry": { "type": "MultiPolygon", "coordinates": [ [ [ [ 173868.717363817035221, 538934.798068432253785, 0.0 ], [ 173870.478999331156956, 538934.580662544816732, 0.0 ], [ 173870.325896602676949, 538933.340074216015637, 0.0 ], [ 173870.648449582367903, 538933.300267503829673, 0.0 ], [ 173869.717584993835771, 538925.757490527466871, 0.0 ], [ 173865.897338672686601, 538926.228952435776591, 0.0 ], [ 173866.049400413467083, 538927.46740641456563, 0.0 ], [ 173866.123875484772725, 538927.458216267637908, 0.0 ], [ 173866.2219958518981, 538928.253333611879498, 0.0 ], [ 173866.147526913933689, 538928.262523463577963, 0.0 ], [ 173866.674332648981363, 538932.531219696160406, 0.0 ], [ 173866.748777883069124, 538932.522032767883502, 0.0 ], [ 173866.84661680975114, 538933.314869588357396, 0.0 ], [ 173866.772177594801178, 538933.32405531196855, 0.0 ], [ 173866.943795416184003, 538934.714671063702554, 0.0 ], [ 173868.680619163147639, 538934.500327232875861, 0.0 ], [ 173868.717363817035221, 538934.798068432253785, 0.0 ] ] ] ] } },
{ "type": "Feature", "properties": { "H_SHMRS": 3.25, "Z_MIN": 40.25, "Z_MAX": 44.5, "no": null, "provinsi": "Bali", "kabupaten": "Kota Denpasar", "kecamatan": "Denpasar Selatan", "desa_kelur": "Sanur", "id": 8223.0, "nogambarde": "GD.00118/2019", "nohmsrs": "22090301700118", "unit": null, "lantai": "2", "lantaim2": 33.0212799731, "fungsi": "No. Unit 02A2-01", "penggunaan": "Tanah Perumahan", "alamat": null, "nibtanahbe": "01530", "nibunit": "8223", "building": "00003", "Keterangan": "Ruang Khusus" }, "geometry": { "type": "MultiPolygon", "coordinates": [ [ [ [ 173871.272975901170867, 538934.482676790910773, 0.0 ], [ 173873.034611416456755, 538934.265270904521458, 0.0 ], [ 173872.997866760473698, 538933.96752970572561, 0.0 ], [ 173874.734690505429171, 538933.753185872687027, 0.0 ], [ 173874.563082618900808, 538932.362650630646385, 0.0 ], [ 173874.48864916418097, 538932.371836566482671, 0.0 ], [ 173874.390802147332579, 538931.578918135724962, 0.0 ], [ 173874.465227631269954, 538931.569733644952066, 0.0 ], [ 173873.938423942716327, 538927.3010539872339, 0.0 ], [ 173873.864018168707844, 538927.31020319473464, 0.0 ], [ 173873.765905741398456, 538926.515150192775764, 0.0 ], [ 173873.840301445801742, 538926.505969377816655, 0.0 ], [ 173873.687467841926264, 538925.26756176922936, 0.0 ], [ 173869.866455600888003, 538925.739118198747747, 0.0 ], [ 173870.797320190496976, 538933.281895175343379, 0.0 ], [ 173871.119873171992367, 538933.242088465369307, 0.0 ], [ 173871.272975901170867, 538934.482676790910773, 0.0 ] ] ] ] } },
{ "type": "Feature", "properties": { "H_SHMRS": 3.25, "Z_MIN": 40.25, "Z_MAX": 44.5, "no": null, "provinsi": "Bali", "kabupaten": "Kota Denpasar", "kecamatan": "Denpasar Selatan", "desa_kelur": "Sanur", "id": 8221.0, "nogambarde": "GD.00116/2019", "nohmsrs": "22090301700116", "unit": null, "lantai": "2", "lantaim2": 33.021234290899997, "fungsi": "No. Unit 02A1-11", "penggunaan": "Tanah Perumahan", "alamat": null, "nibtanahbe": "01530", "nibunit": "8221", "building": "00003", "Keterangan": "Ruang Khusus" }, "geometry": { "type": "MultiPolygon", "coordinates": [ [ [ [ 173885.23403538193088, 538933.917398376972415, 0.0 ], [ 173886.995670893258648, 538933.699992490583099, 0.0 ], [ 173886.842568163701799, 538932.459404161898419, 0.0 ], [ 173887.165121148049366, 538932.419597450061701, 0.0 ], [ 173886.234256578609347, 538924.876820641104132, 0.0 ], [ 173882.413244337454671, 538925.34837707283441, 0.0 ], [ 173882.547841865278315, 538926.4390181414783, 0.0 ], [ 173882.622279011819046, 538926.429831749759614, 0.0 ], [ 173882.720415879593929, 538927.224821724928916, 0.0 ], [ 173882.645953018567525, 538927.234010829473846, 0.0 ], [ 173883.172626399609726, 538931.501634591957554, 0.0 ], [ 173883.247063602291746, 538931.492448655888438, 0.0 ], [ 173883.344922333286377, 538932.285429820185527, 0.0 ], [ 173883.270489242568146, 538932.294615247985348, 0.0 ], [ 173883.46046698014834, 538933.834001011913642, 0.0 ], [ 173885.197290726326173, 538933.619657178409398, 0.0 ], [ 173885.23403538193088, 538933.917398376972415, 0.0 ] ] ] ] } },
{ "type": "Feature", "properties": { "H_SHMRS": 3.25, "Z_MIN": 40.25, "Z_MAX": 44.5, "no": null, "provinsi": "Bali", "kabupaten": "Kota Denpasar", "kecamatan": "Denpasar Selatan", "desa_kelur": "Sanur", "id": 8219.0, "nogambarde": "GD.00114/2019", "nohmsrs": "22090301700114", "unit": null, "lantai": "2", "lantaim2": 33.021272772899998, "fungsi": "No. Unit 02A1-09", "penggunaan": "Tanah Perumahan", "alamat": null, "nibtanahbe": "01530", "nibunit": "8219", "building": "00003", "Keterangan": "Ruang Khusus" }, "geometry": { "type": "MultiPolygon", "coordinates": [ [ [ [ 173887.78964746609563, 538933.602006738074124, 0.0 ], [ 173889.551282978558447, 538933.384600850637071, 0.0 ], [ 173889.514538323652232, 538933.0868596524233, 0.0 ], [ 173891.251362070615869, 538932.872515819966793, 0.0 ], [ 173891.061390221089823, 538931.33317775465548, 0.0 ], [ 173890.986952586768894, 538931.342363742762245, 0.0 ], [ 173890.889089999953285, 538930.549335177289322, 0.0 ], [ 173890.963521553843748, 538930.540149939013645, 0.0 ], [ 173890.436848166398704, 538926.27252609457355, 0.0 ], [ 173890.362440306053031, 538926.28170840756502, 0.0 ], [ 173890.264343551913043, 538925.48678241588641, 0.0 ], [ 173890.338745337416185, 538925.477600849466398, 0.0 ], [ 173890.204139424080495, 538924.386891882983036, 0.0 ], [ 173886.38312718475936, 538924.858448314247653, 0.0 ], [ 173887.313991752511356, 538932.401225122157484, 0.0 ], [ 173887.636544735840289, 538932.361418409855105, 0.0 ], [ 173887.78964746609563, 538933.602006738074124, 0.0 ] ] ] ] } },
{ "type": "Feature", "properties": { "H_SHMRS": 3.25, "Z_MIN": 40.25, "Z_MAX": 44.5, "no": null, "provinsi": "Bali", "kabupaten": "Kota Denpasar", "kecamatan": "Denpasar Selatan", "desa_kelur": "Sanur", "id": 8217.0, "nogambarde": "GD.00112/2019", "nohmsrs": "22090301700112", "unit": null, "lantai": "2", "lantaim2": 33.020832097800003, "fungsi": "No. Unit 02A1-07", "penggunaan": "Tanah Perumahan", "alamat": null, "nibtanahbe": "01530", "nibunit": "8217", "building": "00003", "Keterangan": "Ruang Khusus" }, "geometry": { "type": "MultiPolygon", "coordinates": [ [ [ [ 173894.782333860959625, 538931.479546642745845, 0.0 ], [ 173895.104886845248984, 538931.439739931607619, 0.0 ], [ 173894.174022272200091, 538923.896963121602312, 0.0 ], [ 173890.353714698430849, 538924.368432590155862, 0.0 ], [ 173890.487616054917453, 538925.459229432861321, 0.0 ], [ 173890.562084992503515, 538925.450039581162855, 0.0 ], [ 173890.660181743820431, 538926.244965575751849, 0.0 ], [ 173890.585718883870868, 538926.254154676804319, 0.0 ], [ 173891.112392275012098, 538930.521778521942906, 0.0 ], [ 173891.18683143670205, 538930.512592344777659, 0.0 ], [ 173891.284694026253419, 538931.305620909435675, 0.0 ], [ 173891.210260939405998, 538931.314806339913048, 0.0 ], [ 173891.40023267728975, 538932.854143492062576, 0.0 ], [ 173893.137056422303431, 538932.639799659955315, 0.0 ], [ 173893.173801077326061, 538932.937540857004933, 0.0 ], [ 173894.935436591767939, 538932.720134971197695, 0.0 ], [ 173894.782333860959625, 538931.479546642745845, 0.0 ] ] ] ] } },
{ "type": "Feature", "properties": { "H_SHMRS": 3.25, "Z_MIN": 40.25, "Z_MAX": 44.5, "no": null, "provinsi": "Bali", "kabupaten": "Kota Denpasar", "kecamatan": "Denpasar Selatan", "desa_kelur": "Sanur", "id": 8215.0, "nogambarde": "GD.00110/2019", "nohmsrs": "22090301700110", "unit": null, "lantai": "2", "lantaim2": 33.021272825099999, "fungsi": "No. Unit 02A1-05", "penggunaan": "Tanah Perumahan", "alamat": null, "nibtanahbe": "01530", "nibunit": "8215", "building": "00003", "Keterangan": "Ruang Khusus" }, "geometry": { "type": "MultiPolygon", "coordinates": [ [ [ [ 173895.729413285531336, 538932.622149227536283, 0.0 ], [ 173897.491048798314296, 538932.404743341496214, 0.0 ], [ 173897.454304144019261, 538932.107002141303383, 0.0 ], [ 173899.19112776662223, 538931.892658300930634, 0.0 ], [ 173899.001161916792626, 538930.353368846001104, 0.0 ], [ 173898.926724283577641, 538930.362554834457114, 0.0 ], [ 173898.828855694213416, 538929.569477658951655, 0.0 ], [ 173898.903287252614973, 538929.560292418114841, 0.0 ], [ 173898.376613693486433, 538925.292667204979807, 0.0 ], [ 173898.302205831452738, 538925.30184952262789, 0.0 ], [ 173898.204115248227026, 538924.506973506649956, 0.0 ], [ 173898.27851703268243, 538924.497791941161267, 0.0 ], [ 173898.143905120203272, 538923.407034363946877, 0.0 ], [ 173894.322892881784355, 538923.878590793698095, 0.0 ], [ 173895.253757450351259, 538931.421367602772079, 0.0 ], [ 173895.576310554024531, 538931.381560900365002, 0.0 ], [ 173895.729413285531336, 538932.622149227536283, 0.0 ] ] ] ] } },
{ "type": "Feature", "properties": { "H_SHMRS": 3.25, "Z_MIN": 40.25, "Z_MAX": 44.5, "no": null, "provinsi": "Bali", "kabupaten": "Kota Denpasar", "kecamatan": "Denpasar Selatan", "desa_kelur": "Sanur", "id": 8211.0, "nogambarde": "GD.00108/2019", "nohmsrs": "22090301700108", "unit": null, "lantai": "2", "lantaim2": 33.020798272599997, "fungsi": "No. Unit 02A1-03", "penggunaan": "Tanah Perumahan", "alamat": null, "nibtanahbe": "01530", "nibunit": "8211", "building": "00003", "Keterangan": "Ruang Khusus" }, "geometry": { "type": "MultiPolygon", "coordinates": [ [ [ [ 173901.113566772197373, 538931.957683338900097, 0.0 ], [ 173902.875202286988497, 538931.740277450415306, 0.0 ], [ 173902.722099554899614, 538930.499689124990255, 0.0 ], [ 173903.044652539130766, 538930.459882411640137, 0.0 ], [ 173902.113787968060933, 538922.917105604312383, 0.0 ], [ 173898.293541647493839, 538923.388567510759458, 0.0 ], [ 173898.427387748000911, 538924.479420523508452, 0.0 ], [ 173898.501856687304098, 538924.470230671344325, 0.0 ], [ 173898.599947270442499, 538925.265106688137166, 0.0 ], [ 173898.52548440877581, 538925.274295790004544, 0.0 ], [ 173899.052157968806569, 538929.541921001742594, 0.0 ], [ 173899.126597132184543, 538929.532734823878855, 0.0 ], [ 173899.224465721461456, 538930.325812000548467, 0.0 ], [ 173899.150032632926013, 538930.334997429628856, 0.0 ], [ 173899.339998371113325, 538931.874285971978679, 0.0 ], [ 173901.076822117785923, 538931.659942139289342, 0.0 ], [ 173901.113566772197373, 538931.957683338900097, 0.0 ] ] ] ] } },
{ "type": "Feature", "properties": { "H_SHMRS": 3.25, "Z_MIN": 40.25, "Z_MAX": 44.5, "no": null, "provinsi": "Bali", "kabupaten": "Kota Denpasar", "kecamatan": "Denpasar Selatan", "desa_kelur": "Sanur", "id": 8209.0, "nogambarde": "GD.00106/2019", "nohmsrs": "22090301700106", "unit": null, "lantai": "2", "lantaim2": 32.7338476356, "fungsi": "No. Unit 02A1-01", "penggunaan": "Tanah Perumahan", "alamat": null, "nibtanahbe": "01530", "nibunit": "8209", "building": "00003", "Keterangan": "Ruang Khusus" }, "geometry": { "type": "MultiPolygon", "coordinates": [ [ [ [ 173903.674754228355596, 538931.646642059553415, 0.0 ], [ 173905.436389741662424, 538931.429236172814853, 0.0 ], [ 173905.399645087862154, 538931.131494974019006, 0.0 ], [ 173907.136468832672108, 538930.917151142726652, 0.0 ], [ 173906.946474311407655, 538929.377914576558396, 0.0 ], [ 173906.872071347374003, 538929.387096286634915, 0.0 ], [ 173906.749540108110523, 538928.394494636566378, 0.0 ], [ 173906.27194449849776, 538924.523985621170141, 0.0 ], [ 173906.149462313536787, 538923.531514957430772, 0.0 ], [ 173906.223812714131782, 538923.522202229010873, 0.0 ], [ 173906.083670818596147, 538922.427176843862981, 0.0 ], [ 173902.262754568713717, 538922.898721428471617, 0.0 ], [ 173903.199098517769016, 538930.445860445383005, 0.0 ], [ 173903.52165149821667, 538930.406053733779117, 0.0 ], [ 173903.674754228355596, 538931.646642059553415, 0.0 ] ] ] ] } },
{ "type": "Feature", "properties": { "H_SHMRS": 3.25, "Z_MIN": 40.25, "Z_MAX": 44.5, "no": null, "provinsi": "Bali", "kabupaten": "Kota Denpasar", "kecamatan": "Denpasar Selatan", "desa_kelur": "Sanur", "id": 8235.0, "nogambarde": "GD.00128/2019", "nohmsrs": "22090301700127.8", "unit": null, "lantai": "2", "lantaim2": 35.158778881800004, "fungsi": "No. Unit 02A2-15", "penggunaan": "Tanah Perumahan", "alamat": null, "nibtanahbe": "01530", "nibunit": "8235", "building": "00003", "Keterangan": "Ruang Khusus" }, "geometry": { "type": "MultiPolygon", "coordinates": [ [ [ [ 173847.205561135633616, 538937.452869897941127, 0.0 ], [ 173848.967196650017286, 538937.235464009921998, 0.0 ], [ 173848.930451993946917, 538936.937722810194828, 0.0 ], [ 173850.915393418021267, 538936.692758430610411, 0.0 ], [ 173850.743763541511726, 538935.302045001531951, 0.0 ], [ 173850.669331982266158, 538935.311230242368765, 0.0 ], [ 173850.571505060390336, 538934.51849069353193, 0.0 ], [ 173850.645930544822477, 538934.509306202526204, 0.0 ], [ 173850.119124859076692, 538930.240610367036425, 0.0 ], [ 173850.04472307942342, 538930.249791932408698, 0.0 ], [ 173849.94659065749147, 538929.454576920950785, 0.0 ], [ 173850.020986362331314, 538929.445396105060354, 0.0 ], [ 173849.868167096574325, 538928.207135691307485, 0.0 ], [ 173845.799040835874621, 538928.709311304730363, 0.0 ], [ 173846.729905424057506, 538936.252088282024488, 0.0 ], [ 173847.05245840625139, 538936.212281570071355, 0.0 ], [ 173847.205561135633616, 538937.452869897941127, 0.0 ] ] ] ] } },
{ "type": "Feature", "properties": { "H_SHMRS": 3.25, "Z_MIN": 40.25, "Z_MAX": 44.5, "no": null, "provinsi": "Bali", "kabupaten": "Kota Denpasar", "kecamatan": "Denpasar Selatan", "desa_kelur": "Sanur", "id": 8237.0, "nogambarde": "GD.00130/2019", "nohmsrs": "22090301700130", "unit": null, "lantai": "2", "lantaim2": 35.053689667699999, "fungsi": "No. Unit 02A2-17", "penggunaan": "Tanah Perumahan", "alamat": null, "nibtanahbe": "01530", "nibunit": "8237", "building": "00003", "Keterangan": "Ruang Khusus" }, "geometry": { "type": "MultiPolygon", "coordinates": [ [ [ [ 173844.649949055426987, 538937.768261534860358, 0.0 ], [ 173846.411584568646504, 538937.550855648471043, 0.0 ], [ 173846.258481839933665, 538936.310267320368439, 0.0 ], [ 173846.581034817529144, 538936.270460610394366, 0.0 ], [ 173845.650170339096803, 538928.72768453322351, 0.0 ], [ 173841.581040311255492, 538929.229860612307675, 0.0 ], [ 173841.733855061786016, 538930.468115448602475, 0.0 ], [ 173841.808330075291451, 538930.458924847887829, 0.0 ], [ 173841.992044235987123, 538931.947631963994354, 0.0 ], [ 173841.917578337015584, 538931.956821442348883, 0.0 ], [ 173842.395253449416487, 538935.827413231832907, 0.0 ], [ 173842.469695652223891, 538935.818226679228246, 0.0 ], [ 173842.653409812250175, 538937.306933795334771, 0.0 ], [ 173842.578976723976666, 538937.316119224065915, 0.0 ], [ 173842.628262976271799, 538937.715484717162326, 0.0 ], [ 173844.61320439868723, 538937.470520336879417, 0.0 ], [ 173844.649949055426987, 538937.768261534860358, 0.0 ] ] ] ] } },
{ "type": "Feature", "properties": { "H_SHMRS": 3.25, "Z_MIN": 40.25, "Z_MAX": 44.5, "no": null, "provinsi": "Bali", "kabupaten": "Kota Denpasar", "kecamatan": "Denpasar Selatan", "desa_kelur": "Sanur", "id": 8247.0, "nogambarde": "GD.00139/2019", "nohmsrs": "22090301700139", "unit": null, "lantai": "2", "lantaim2": 33.021752483599997, "fungsi": "No. Unit 02A3-09", "penggunaan": "Tanah Perumahan", "alamat": null, "nibtanahbe": "01530", "nibunit": "8247", "building": "00003", "Keterangan": "Ruang Khusus" }, "geometry": { "type": "MultiPolygon", "coordinates": [ [ [ [ 173823.278873391012894, 538941.563371193711646, 0.0 ], [ 173825.04050890399958, 538941.345965307555161, 0.0 ], [ 173825.003764251247048, 538941.048224107944407, 0.0 ], [ 173826.740587996580871, 538940.833880274556577, 0.0 ], [ 173826.550567405676702, 538939.294147258391604, 0.0 ], [ 173826.476129773363937, 538939.303333248128183, 0.0 ], [ 173826.378315923502669, 538938.510699617327191, 0.0 ], [ 173826.452735589118674, 538938.501515535521321, 0.0 ], [ 173825.926085897430312, 538934.233888768590987, 0.0 ], [ 173825.85166623085388, 538934.24307284783572, 0.0 ], [ 173825.753520738246152, 538933.447751918574795, 0.0 ], [ 173825.827922521770233, 538933.438570352969691, 0.0 ], [ 173825.694230914174113, 538932.348149348166771, 0.0 ], [ 173821.87235308997333, 538932.819812603993341, 0.0 ], [ 173822.80321768016438, 538940.362589578493498, 0.0 ], [ 173823.125770663260482, 538940.322782865492627, 0.0 ], [ 173823.278873391012894, 538941.563371193711646, 0.0 ] ] ] ] } },
{ "type": "Feature", "properties": { "H_SHMRS": 3.25, "Z_MIN": 44.5, "Z_MAX": 48.75, "no": null, "provinsi": "Bali", "kabupaten": "Kota Denpasar", "kecamatan": "Denpasar Selatan", "desa_kelur": "Sanur", "id": 8368.0, "nogambarde": "GD.00220/2019", "nohmsrs": "22090301700220", "unit": null, "lantai": "3", "lantaim2": 52.0101136989, "fungsi": "No. Unit 03D-02", "penggunaan": "Tanah Perumahan", "alamat": null, "nibtanahbe": "01530", "nibunit": "8368", "building": "00003", "Keterangan": "Ruang Khusus" }, "geometry": { "type": "MultiPolygon", "coordinates": [ [ [ [ 173832.784765454707667, 538990.837624167324975, 0.0 ], [ 173832.184607791510643, 538985.974549575010315, 0.0 ], [ 173821.366677030309802, 538987.309605443617329, 0.0 ], [ 173821.511163087474415, 538988.480373240541667, 0.0 ], [ 173821.808904301346047, 538988.443628394044936, 0.0 ], [ 173822.044109452952398, 538990.349493729067035, 0.0 ], [ 173821.746368573134532, 538990.386238335748203, 0.0 ], [ 173821.90991410400602, 538991.71117739379406, 0.0 ], [ 173822.803138667950407, 538991.600943386671133, 0.0 ], [ 173822.850905156868976, 538991.987994950963184, 0.0 ], [ 173823.495158614707179, 538991.906326335505582, 0.0 ], [ 173823.498220670677256, 538991.931138101732358, 0.0 ], [ 173828.907454013067763, 538991.265781480353326, 0.0 ], [ 173828.904123993997928, 538991.238798400154337, 0.0 ], [ 173829.897183892026078, 538991.116243618074805, 0.0 ], [ 173829.900513922853861, 538991.1432267857017, 0.0 ], [ 173829.906634103157558, 538991.192818477167748, 0.0 ], [ 173832.784765454707667, 538990.837624167324975, 0.0 ] ] ] ] } },
{ "type": "Feature", "properties": { "H_SHMRS": 3.25, "Z_MIN": 44.5, "Z_MAX": 48.75, "no": null, "provinsi": "Bali", "kabupaten": "Kota Denpasar", "kecamatan": "Denpasar Selatan", "desa_kelur": "Sanur", "id": 8366.0, "nogambarde": "GD.00219/2019", "nohmsrs": "22090301700219", "unit": null, "lantai": "3", "lantaim2": 45.993329083799999, "fungsi": "No. Unit 03D-02A", "penggunaan": "Tanah Perumahan", "alamat": null, "nibtanahbe": "01530", "nibunit": "8366", "building": "00003", "Keterangan": "Ruang Khusus" }, "geometry": { "type": "MultiPolygon", "coordinates": [ [ [ [ 173830.941126362537034, 538985.98178211087361, 0.0 ], [ 173830.347087775444379, 538981.168299435637891, 0.0 ], [ 173821.643122140900232, 538982.242467929841951, 0.0 ], [ 173821.693973537359852, 538982.654515209491365, 0.0 ], [ 173820.800749611458741, 538982.764749216614291, 0.0 ], [ 173821.046917469182517, 538984.759443287039176, 0.0 ], [ 173821.34465876899776, 538984.722698604804464, 0.0 ], [ 173821.56206466112053, 538986.484334010747261, 0.0 ], [ 173821.264323511481052, 538986.52107856713701, 0.0 ], [ 173821.343936725053936, 538987.16618436772842, 0.0 ], [ 173830.941126362537034, 538985.98178211087361, 0.0 ] ] ] ] } },
{ "type": "Feature", "properties": { "H_SHMRS": 3.25, "Z_MIN": 44.5, "Z_MAX": 48.75, "no": null, "provinsi": "Bali", "kabupaten": "Kota Denpasar", "kecamatan": "Denpasar Selatan", "desa_kelur": "Sanur", "id": 8358.0, "nogambarde": "GD.00216/2019", "nohmsrs": "22090301700216", "unit": null, "lantai": "3", "lantaim2": 45.993329148000001, "fungsi": "No. Unit 03D-08", "penggunaan": "Tanah Perumahan", "alamat": null, "nibtanahbe": "01530", "nibunit": "8358", "building": "00003", "Keterangan": "Ruang Khusus" }, "geometry": { "type": "MultiPolygon", "coordinates": [ [ [ [ 173829.115048069332261, 538971.103420675965026, 0.0 ], [ 173828.521009482152294, 538966.289938001427799, 0.0 ], [ 173818.923819967370946, 538967.474340751883574, 0.0 ], [ 173819.003432828758378, 538968.119446313125081, 0.0 ], [ 173819.301174712338252, 538968.08270176127553, 0.0 ], [ 173819.518580473493785, 538969.844337169197388, 0.0 ], [ 173819.220839173911372, 538969.8810818369966, 0.0 ], [ 173819.467007246566936, 538971.87577588215936, 0.0 ], [ 173820.360231176862726, 538971.765541876782663, 0.0 ], [ 173820.411082432983676, 538972.177589171682484, 0.0 ], [ 173829.115048069332261, 538971.103420675965026, 0.0 ] ] ] ] } },
{ "type": "Feature", "properties": { "H_SHMRS": 3.25, "Z_MIN": 44.5, "Z_MAX": 48.75, "no": null, "provinsi": "Bali", "kabupaten": "Kota Denpasar", "kecamatan": "Denpasar Selatan", "desa_kelur": "Sanur", "id": 8396.0, "nogambarde": "GD.00239/2019", "nohmsrs": "22090301700239", "unit": null, "lantai": "3", "lantaim2": 45.908319139900001, "fungsi": "No. Unit 03B1-02", "penggunaan": "Tanah Perumahan", "alamat": null, "nibtanahbe": "01530", "nibunit": "8396", "building": "00003", "Keterangan": "Ruang Khusus" }, "geometry": { "type": "MultiPolygon", "coordinates": [ [ [ [ 173894.429731814103434, 538983.329649794031866, 0.0 ], [ 173894.339335622877115, 538982.597134379670024, 0.0 ], [ 173894.36742489199969, 538982.59366801881697, 0.0 ], [ 173893.687649068800965, 538977.085458245128393, 0.0 ], [ 173893.659580580133479, 538977.088922041235492, 0.0 ], [ 173893.559656079625711, 538976.279195848852396, 0.0 ], [ 173893.587720081501175, 538976.275733360438608, 0.0 ], [ 173893.383655921148602, 538974.622207641717978, 0.0 ], [ 173888.570172968931729, 538975.216246263706125, 0.0 ], [ 173888.776176777901128, 538976.885491151362658, 0.0 ], [ 173888.797723266528919, 538976.882832202245481, 0.0 ], [ 173888.920199355226941, 538977.875303476001136, 0.0 ], [ 173888.898658959078602, 538977.877961804624647, 0.0 ], [ 173889.553938315075357, 538983.187677167938091, 0.0 ], [ 173889.575467135407962, 538983.185020399861969, 0.0 ], [ 173889.685701100621372, 538984.078243989846669, 0.0 ], [ 173889.664172277087346, 538984.080900756409392, 0.0 ], [ 173889.75457521530916, 538984.813431697664782, 0.0 ], [ 173890.399681727576535, 538984.733823962509632, 0.0 ], [ 173890.362936976132914, 538984.43608045799192, 0.0 ], [ 173892.124572222586721, 538984.21867471607402, 0.0 ], [ 173892.161316872952739, 538984.516415993333794, 0.0 ], [ 173894.156197279517073, 538984.270234827650711, 0.0 ], [ 173894.045963268901687, 538983.377010871190578, 0.0 ], [ 173894.429731814103434, 538983.329649794031866, 0.0 ] ] ] ] } },
{ "type": "Feature", "properties": { "H_SHMRS": 3.25, "Z_MIN": 44.5, "Z_MAX": 48.75, "no": null, "provinsi": "Bali", "kabupaten": "Kota Denpasar", "kecamatan": "Denpasar Selatan", "desa_kelur": "Sanur", "id": 8392.0, "nogambarde": "GD.00238/2019", "nohmsrs": "22090301700238", "unit": null, "lantai": "3", "lantaim2": 45.908773067600002, "fungsi": "No. Unit 03B1-02A", "penggunaan": "Tanah Perumahan", "alamat": null, "nibtanahbe": "01530", "nibunit": "8392", "building": "00003", "Keterangan": "Ruang Khusus" }, "geometry": { "type": "MultiPolygon", "coordinates": [ [ [ [ 173889.40506754477974, 538983.206045791739598, 0.0 ], [ 173888.749788193264976, 538977.896330427960493, 0.0 ], [ 173888.72824779705843, 538977.898988758446649, 0.0 ], [ 173888.605759554775432, 538976.906518985866569, 0.0 ], [ 173888.627306009962922, 538976.903859772486612, 0.0 ], [ 173888.421302159200422, 538975.234614891931415, 0.0 ], [ 173883.607819206546992, 538975.82865351322107, 0.0 ], [ 173883.813820263138041, 538977.497928375611082, 0.0 ], [ 173883.841890256997431, 538977.494464044459164, 0.0 ], [ 173883.939880862977589, 538978.288439968018793, 0.0 ], [ 173883.911812417092733, 538978.291904106736183, 0.0 ], [ 173884.591588241077261, 538983.800113879609853, 0.0 ], [ 173884.619677467446309, 538983.796647174982354, 0.0 ], [ 173884.710082631354453, 538984.529161481535994, 0.0 ], [ 173885.093851094134152, 538984.48179974919185, 0.0 ], [ 173885.204085104982369, 538985.375023706583306, 0.0 ], [ 173887.198963128641481, 538985.128823239472695, 0.0 ], [ 173887.162218448531348, 538984.83108196593821, 0.0 ], [ 173888.923853667831281, 538984.613676004344597, 0.0 ], [ 173888.960598790086806, 538984.911419462645426, 0.0 ], [ 173889.605703904468101, 538984.831800387357362, 0.0 ], [ 173889.515301512059523, 538984.099269379163161, 0.0 ], [ 173889.493772719113622, 538984.101926411851309, 0.0 ], [ 173889.383538755064365, 538983.208702822215855, 0.0 ], [ 173889.40506754477974, 538983.206045791739598, 0.0 ] ] ] ] } },
{ "type": "Feature", "properties": { "H_SHMRS": 3.25, "Z_MIN": 44.5, "Z_MAX": 48.75, "no": null, "provinsi": "Bali", "kabupaten": "Kota Denpasar", "kecamatan": "Denpasar Selatan", "desa_kelur": "Sanur", "id": 8390.0, "nogambarde": "GD.00237/2019", "nohmsrs": "22090301700237", "unit": null, "lantai": "3", "lantaim2": 45.908773067699997, "fungsi": "No. Unit 03B1-06", "penggunaan": "Tanah Perumahan", "alamat": null, "nibtanahbe": "01530", "nibunit": "8390", "building": "00003", "Keterangan": "Ruang Khusus" }, "geometry": { "type": "MultiPolygon", "coordinates": [ [ [ [ 173884.442717578320298, 538983.818486299482174, 0.0 ], [ 173883.762941756722284, 538978.310276527423412, 0.0 ], [ 173883.734873266192153, 538978.313740323763341, 0.0 ], [ 173883.636892383219674, 538977.519763200427406, 0.0 ], [ 173883.664962416078197, 538977.516299213748425, 0.0 ], [ 173883.458948608022183, 538975.847025924711488, 0.0 ], [ 173878.645465654932195, 538976.441064544254914, 0.0 ], [ 173878.851469464862021, 538978.110309432027861, 0.0 ], [ 173878.873015954886796, 538978.107650483143516, 0.0 ], [ 173878.995492045127321, 538979.100121756899171, 0.0 ], [ 173878.973951647581998, 538979.102780086919665, 0.0 ], [ 173879.629231000610162, 538984.412495448137634, 0.0 ], [ 173879.650759825104615, 538984.409838681807742, 0.0 ], [ 173879.760993789765052, 538985.303062269813381, 0.0 ], [ 173879.739464964834042, 538985.305719038005918, 0.0 ], [ 173879.829867903434206, 538986.038249978329986, 0.0 ], [ 173880.474974415876204, 538985.958642245386727, 0.0 ], [ 173880.43822966364678, 538985.660898739937693, 0.0 ], [ 173882.199864910391625, 538985.443492998019792, 0.0 ], [ 173882.236609561485238, 538985.741234273067676, 0.0 ], [ 173884.231489966798108, 538985.495053109247237, 0.0 ], [ 173884.121255956735695, 538984.601829150924459, 0.0 ], [ 173884.505024501791922, 538984.554468074114993, 0.0 ], [ 173884.41462831015815, 538983.821952661615796, 0.0 ], [ 173884.442717578320298, 538983.818486299482174, 0.0 ] ] ] ] } },
{ "type": "Feature", "properties": { "H_SHMRS": 3.25, "Z_MIN": 44.5, "Z_MAX": 48.75, "no": null, "provinsi": "Bali", "kabupaten": "Kota Denpasar", "kecamatan": "Denpasar Selatan", "desa_kelur": "Sanur", "id": 8386.0, "nogambarde": "GD.00235/2019", "nohmsrs": "22090301700235", "unit": null, "lantai": "3", "lantaim2": 45.908773067600002, "fungsi": "No. Unit 03B1-10", "penggunaan": "Tanah Perumahan", "alamat": null, "nibtanahbe": "01530", "nibunit": "8386", "building": "00003", "Keterangan": "Ruang Khusus" }, "geometry": { "type": "MultiPolygon", "coordinates": [ [ [ [ 173874.580317546089645, 538985.779291294864379, 0.0 ], [ 173874.489921353990212, 538985.04677588166669, 0.0 ], [ 173874.518010624015005, 538985.043309521395713, 0.0 ], [ 173873.838234801194631, 538979.535099748987705, 0.0 ], [ 173873.810166311624926, 538979.538563544745557, 0.0 ], [ 173873.712185425742064, 538978.744586421409622, 0.0 ], [ 173873.740255460434128, 538978.741122434963472, 0.0 ], [ 173873.534241651417688, 538977.071849145228043, 0.0 ], [ 173868.72075870030676, 538977.665887767565437, 0.0 ], [ 173868.92676250837394, 538979.335132653592154, 0.0 ], [ 173868.948308997030836, 538979.332473704824224, 0.0 ], [ 173869.070785088842968, 538980.324944977764972, 0.0 ], [ 173869.049244692665525, 538980.327603307785466, 0.0 ], [ 173869.704524045460857, 538985.63731867109891, 0.0 ], [ 173869.726052868558327, 538985.634661902440712, 0.0 ], [ 173869.836286832694896, 538986.527885490329936, 0.0 ], [ 173869.814758009131765, 538986.530542260268703, 0.0 ], [ 173869.905160945374519, 538987.263073200709186, 0.0 ], [ 173870.5502674607269, 538987.183465466601774, 0.0 ], [ 173870.51352270776988, 538986.885721959988587, 0.0 ], [ 173872.27515795477666, 538986.668316220166162, 0.0 ], [ 173872.311902606656076, 538986.966057494631968, 0.0 ], [ 173874.30678301063017, 538986.719876329530962, 0.0 ], [ 173874.196549001149833, 538985.826652372139506, 0.0 ], [ 173874.580317546089645, 538985.779291294864379, 0.0 ] ] ] ] } },
{ "type": "Feature", "properties": { "H_SHMRS": 3.25, "Z_MIN": 44.5, "Z_MAX": 48.75, "no": null, "provinsi": "Bali", "kabupaten": "Kota Denpasar", "kecamatan": "Denpasar Selatan", "desa_kelur": "Sanur", "id": 8385.0, "nogambarde": "GD.00234/2019", "nohmsrs": "22090301700234", "unit": null, "lantai": "3", "lantaim2": 51.695019971199997, "fungsi": "No. Unit 03B1-12", "penggunaan": "Tanah Perumahan", "alamat": null, "nibtanahbe": "01530", "nibunit": "8385", "building": "00003", "Keterangan": "Ruang Khusus" }, "geometry": { "type": "MultiPolygon", "coordinates": [ [ [ [ 173864.778708251891658, 539004.140547378105111, 0.0 ], [ 173864.111180542357033, 538998.731583822984248, 0.0 ], [ 173864.085980121017201, 538998.734693685197271, 0.0 ], [ 173863.975751624559052, 538997.841469421400689, 0.0 ], [ 173864.00094657955924, 538997.838360234280117, 0.0 ], [ 173863.817396684811683, 538996.351059139007702, 0.0 ], [ 173862.646629013703205, 538996.495545204961672, 0.0 ], [ 173862.683373478968861, 538996.793286426691338, 0.0 ], [ 173860.777508189436048, 538997.028489770367742, 0.0 ], [ 173860.740763615758624, 538996.730750704533421, 0.0 ], [ 173859.415788885729853, 538996.894265819108114, 0.0 ], [ 173859.526022719190223, 538997.78749015124049, 0.0 ], [ 173859.114147999964189, 538997.838322254479863, 0.0 ], [ 173859.187459989596391, 538998.432369385380298, 0.0 ], [ 173859.211888607911533, 538998.429354768129997, 0.0 ], [ 173859.322117102652555, 538999.322579031577334, 0.0 ], [ 173859.29769414284965, 538999.325592950452119, 0.0 ], [ 173859.965398755419301, 539004.735991492983885, 0.0 ], [ 173860.015022474195575, 539004.729867359506898, 0.0 ], [ 173860.388591459981399, 539007.756903029396199, 0.0 ], [ 173865.152452480600914, 539007.168989300611429, 0.0 ], [ 173864.888942218152806, 539005.033770966809243, 0.0 ], [ 173864.863708678982221, 539005.036884917062707, 0.0 ], [ 173864.753474716038909, 539004.143661326728761, 0.0 ], [ 173864.778708251891658, 539004.140547378105111, 0.0 ] ] ] ] } },
{ "type": "Feature", "properties": { "H_SHMRS": 3.25, "Z_MIN": 44.5, "Z_MAX": 48.75, "no": null, "provinsi": "Bali", "kabupaten": "Kota Denpasar", "kecamatan": "Denpasar Selatan", "desa_kelur": "Sanur", "id": 8383.0, "nogambarde": "GD.00233/2019", "nohmsrs": "22090301700233", "unit": null, "lantai": "3", "lantaim2": 51.696983170700001, "fungsi": "No. Unit 03B2-01", "penggunaan": "Tanah Perumahan", "alamat": null, "nibtanahbe": "01530", "nibunit": "8383", "building": "00003", "Keterangan": "Ruang Khusus" }, "geometry": { "type": "MultiPolygon", "coordinates": [ [ [ [ 173860.14047678236966, 539007.787523207487538, 0.0 ], [ 173859.766904730669921, 539004.760488886851817, 0.0 ], [ 173859.816528449562611, 539004.754364705178887, 0.0 ], [ 173859.148823425843148, 538999.343964368104935, 0.0 ], [ 173859.123622810468078, 538999.347074253018945, 0.0 ], [ 173859.013394314271864, 538998.453849990502931, 0.0 ], [ 173859.038589270086959, 538998.450740802101791, 0.0 ], [ 173858.965277013136074, 538997.856694629881531, 0.0 ], [ 173858.553401790937642, 538997.907522652880289, 0.0 ], [ 173858.443167709046975, 538997.014298349618912, 0.0 ], [ 173857.118193060276099, 538997.177817170973867, 0.0 ], [ 173857.154937454673927, 538997.475556259742007, 0.0 ], [ 173855.249072496342706, 538997.710763841983862, 0.0 ], [ 173855.212327839341015, 538997.413022646680474, 0.0 ], [ 173854.041560171928722, 538997.557508711935952, 0.0 ], [ 173854.225102679716656, 538999.044749953784049, 0.0 ], [ 173854.249531298817601, 538999.041735336533748, 0.0 ], [ 173854.359759793267585, 538999.934959600679576, 0.0 ], [ 173854.335336645075586, 538999.937973544467241, 0.0 ], [ 173855.0028643530095, 539005.346937098773196, 0.0 ], [ 173855.027254390151938, 539005.343927242327482, 0.0 ], [ 173855.137482885271311, 539006.237151506356895, 0.0 ], [ 173855.111996970284963, 539006.240296599338762, 0.0 ], [ 173855.376615947752725, 539008.375438873190433, 0.0 ], [ 173860.14047678236966, 539007.787523207487538, 0.0 ] ] ] ] } },
{ "type": "Feature", "properties": { "H_SHMRS": 3.25, "Z_MIN": 44.5, "Z_MAX": 48.75, "no": null, "provinsi": "Bali", "kabupaten": "Kota Denpasar", "kecamatan": "Denpasar Selatan", "desa_kelur": "Sanur", "id": 8382.0, "nogambarde": "GD.00232/2019", "nohmsrs": "22090301700232", "unit": null, "lantai": "3", "lantaim2": 38.967374615399997, "fungsi": "No. Unit 03B2-03", "penggunaan": "Tanah Perumahan", "alamat": null, "nibtanahbe": "01530", "nibunit": "8382", "building": "00003", "Keterangan": "Ruang Khusus" }, "geometry": { "type": "MultiPolygon", "coordinates": [ [ [ [ 173869.638109866267769, 538986.552432100870647, 0.0 ], [ 173869.527875900676008, 538985.65920851030387, 0.0 ], [ 173869.555651424831012, 538985.655780695495196, 0.0 ], [ 173868.90035945706768, 538980.345963121973909, 0.0 ], [ 173868.872276296693599, 538980.349428728339262, 0.0 ], [ 173868.749800189980306, 538979.356957324082032, 0.0 ], [ 173868.777877253975021, 538979.353492294554599, 0.0 ], [ 173868.690682189102517, 538978.646952457609586, 0.0 ], [ 173864.869682955439202, 538979.118507282692008, 0.0 ], [ 173865.079356011236086, 538980.817491415073164, 0.0 ], [ 173865.100910724868299, 538980.814831450814381, 0.0 ], [ 173865.198891610256396, 538981.608808573102579, 0.0 ], [ 173865.177329688653117, 538981.611469560302794, 0.0 ], [ 173865.524949625891168, 538984.428226894699037, 0.0 ], [ 173863.540020842570812, 538984.673189714667387, 0.0 ], [ 173863.737445573759032, 538986.272916081943549, 0.0 ], [ 173863.758991414040793, 538986.270257080672309, 0.0 ], [ 173863.861648326565046, 538987.102083977893926, 0.0 ], [ 173864.450472108728718, 538987.029416795005091, 0.0 ], [ 173864.560706001590006, 538987.922639815020375, 0.0 ], [ 173866.679630689555779, 538987.661140387994237, 0.0 ], [ 173866.642886040499434, 538987.363399237859994, 0.0 ], [ 173868.578204211138655, 538987.124558868352324, 0.0 ], [ 173868.614949240465648, 538987.422300051082857, 0.0 ], [ 173869.756277451873757, 538987.281447122339159, 0.0 ], [ 173869.665885659807827, 538986.549004249973223, 0.0 ], [ 173869.638109866267769, 538986.552432100870647, 0.0 ] ] ] ] } },
{ "type": "Feature", "properties": { "H_SHMRS": 3.25, "Z_MIN": 44.5, "Z_MAX": 48.75, "no": null, "provinsi": "Bali", "kabupaten": "Kota Denpasar", "kecamatan": "Denpasar Selatan", "desa_kelur": "Sanur", "id": 8381.0, "nogambarde": "GD.00231/2019", "nohmsrs": "22090301700231", "unit": null, "lantai": "3", "lantaim2": 51.695020055199997, "fungsi": "No. Unit 03B2-05", "penggunaan": "Tanah Perumahan", "alamat": null, "nibtanahbe": "01530", "nibunit": "8381", "building": "00003", "Keterangan": "Ruang Khusus" }, "geometry": { "type": "MultiPolygon", "coordinates": [ [ [ [ 173854.939001561549958, 539006.261706816963851, 0.0 ], [ 173854.828767596394755, 539005.368483225698583, 0.0 ], [ 173854.854001133906422, 539005.365369276958518, 0.0 ], [ 173854.186473425244913, 538999.956405722186901, 0.0 ], [ 173854.161272999452194, 538999.959515585796908, 0.0 ], [ 173854.051044503547018, 538999.066291320603341, 0.0 ], [ 173854.076239460177021, 538999.063182134064846, 0.0 ], [ 173853.892689564177999, 538997.575881038792431, 0.0 ], [ 173852.721921894990373, 538997.72036710428074, 0.0 ], [ 173852.758666360983625, 538998.018108325079083, 0.0 ], [ 173850.852801070170244, 538998.253311670967378, 0.0 ], [ 173850.816056495707016, 538997.955572601873428, 0.0 ], [ 173849.49108176594018, 538998.119087719242088, 0.0 ], [ 173849.601315598847577, 538999.012312050326727, 0.0 ], [ 173849.189440880698385, 538999.063144153449684, 0.0 ], [ 173849.262752869399264, 538999.657191284932196, 0.0 ], [ 173849.287181489286013, 538999.65417666756548, 0.0 ], [ 173849.397409983444959, 539000.547400928917341, 0.0 ], [ 173849.372987024893519, 539000.550414849654771, 0.0 ], [ 173850.040691633446841, 539005.960813391720876, 0.0 ], [ 173850.090315355482744, 539005.954689258825965, 0.0 ], [ 173850.463884286786197, 539008.981724933953956, 0.0 ], [ 173855.227745361044072, 539008.393811199232005, 0.0 ], [ 173854.964235099614598, 539006.258592866943218, 0.0 ], [ 173854.939001561549958, 539006.261706816963851, 0.0 ] ] ] ] } },
{ "type": "Feature", "properties": { "H_SHMRS": 3.25, "Z_MIN": 44.5, "Z_MAX": 48.75, "no": null, "provinsi": "Bali", "kabupaten": "Kota Denpasar", "kecamatan": "Denpasar Selatan", "desa_kelur": "Sanur", "id": 8380.0, "nogambarde": "GD.00230/2019", "nohmsrs": "22090301700230", "unit": null, "lantai": "3", "lantaim2": 38.974515330199999, "fungsi": "No. Unit 03B2-02", "penggunaan": "Tanah Perumahan", "alamat": null, "nibtanahbe": "01530", "nibunit": "8380", "building": "00003", "Keterangan": "Ruang Khusus" }, "geometry": { "type": "MultiPolygon", "coordinates": [ [ [ [ 173859.455574764084304, 538993.665079584461637, 0.0 ], [ 173859.381931381183676, 538993.068348742206581, 0.0 ], [ 173859.358757342153694, 538993.071208538254723, 0.0 ], [ 173859.24852884732536, 538992.177984275273047, 0.0 ], [ 173859.271697417250834, 538992.175125152803957, 0.0 ], [ 173859.155493393045617, 538991.233526287949644, 0.0 ], [ 173857.170551968243672, 538991.478490666486323, 0.0 ], [ 173856.729461914830608, 538987.904339358443394, 0.0 ], [ 173856.710307990026195, 538987.906703171087429, 0.0 ], [ 173856.612327090726467, 538987.112725928076543, 0.0 ], [ 173856.631476117763668, 538987.110362719860859, 0.0 ], [ 173856.51527233273373, 538986.168772660777904, 0.0 ], [ 173852.718751531967428, 538986.637306569260545, 0.0 ], [ 173852.834945742215496, 538987.578873316058889, 0.0 ], [ 173852.810447535623098, 538987.581896674470045, 0.0 ], [ 173853.465739408973604, 538992.891610764781944, 0.0 ], [ 173853.490172369754873, 538992.888533922261558, 0.0 ], [ 173853.600407495658146, 538993.781819056835957, 0.0 ], [ 173853.575965741591062, 538993.784772526938468, 0.0 ], [ 173853.759855038515525, 538995.274823790648952, 0.0 ], [ 173854.901196358521702, 538995.133969271555543, 0.0 ], [ 173854.864451709581772, 538994.836228075437248, 0.0 ], [ 173856.799769882869441, 538994.597387770423666, 0.0 ], [ 173856.836514536902541, 538994.895128967007622, 0.0 ], [ 173858.955439388111699, 538994.63362940447405, 0.0 ], [ 173858.845205444900785, 538993.740405979566276, 0.0 ], [ 173859.455574764084304, 538993.665079584461637, 0.0 ] ] ] ] } },
{ "type": "Feature", "properties": { "H_SHMRS": 3.25, "Z_MIN": 44.5, "Z_MAX": 48.75, "no": null, "provinsi": "Bali", "kabupaten": "Kota Denpasar", "kecamatan": "Denpasar Selatan", "desa_kelur": "Sanur", "id": 8379.0, "nogambarde": "GD.00229/2019", "nohmsrs": "22090301700229", "unit": null, "lantai": "3", "lantaim2": 51.696983148500003, "fungsi": "No. Unit 03B2-07", "penggunaan": "Tanah Perumahan", "alamat": null, "nibtanahbe": "01530", "nibunit": "8379", "building": "00003", "Keterangan": "Ruang Khusus" }, "geometry": { "type": "MultiPolygon", "coordinates": [ [ [ [ 173850.215769643371459, 539009.012345108087175, 0.0 ], [ 173849.842197590100113, 539005.985310787335038, 0.0 ], [ 173849.891821309458464, 539005.979186605778523, 0.0 ], [ 173849.224116284109186, 539000.568786269868724, 0.0 ], [ 173849.198915669927374, 539000.571896156528965, 0.0 ], [ 173849.088687174284132, 538999.678671892150305, 0.0 ], [ 173849.113882128964178, 538999.675562703749165, 0.0 ], [ 173849.040569872944616, 538999.081516531528905, 0.0 ], [ 173848.628694649058161, 538999.13234455161728, 0.0 ], [ 173848.518460570485331, 538998.239120251033455, 0.0 ], [ 173847.193485919182422, 538998.402639070875011, 0.0 ], [ 173847.23023031433695, 538998.700378160574473, 0.0 ], [ 173845.324365354666952, 538998.935585742932744, 0.0 ], [ 173845.287620699731633, 538998.637844546698034, 0.0 ], [ 173844.116853031446226, 538998.782330611720681, 0.0 ], [ 173844.300395540514728, 539000.269571855780669, 0.0 ], [ 173844.324824158393312, 539000.266557238996029, 0.0 ], [ 173844.435052655113395, 539001.159781502443366, 0.0 ], [ 173844.410629505349789, 539001.162795444251969, 0.0 ], [ 173845.078157215204556, 539006.571758999838494, 0.0 ], [ 173845.102547251153737, 539006.568749142228626, 0.0 ], [ 173845.212775745691033, 539007.461973407422192, 0.0 ], [ 173845.187289829045767, 539007.465118500287645, 0.0 ], [ 173845.451908827933948, 539009.600260772160254, 0.0 ], [ 173850.215769643371459, 539009.012345108087175, 0.0 ] ] ] ] } },
{ "type": "Feature", "properties": { "H_SHMRS": 3.25, "Z_MIN": 44.5, "Z_MAX": 48.75, "no": null, "provinsi": "Bali", "kabupaten": "Kota Denpasar", "kecamatan": "Denpasar Selatan", "desa_kelur": "Sanur", "id": 8378.0, "nogambarde": "GD.00228/2019", "nohmsrs": "22090301700228", "unit": null, "lantai": "3", "lantaim2": 45.573664000500003, "fungsi": "No. Unit 03B2-02A", "penggunaan": "Tanah Perumahan", "alamat": null, "nibtanahbe": "01530", "nibunit": "8378", "building": "00003", "Keterangan": "Ruang Khusus" }, "geometry": { "type": "MultiPolygon", "coordinates": [ [ [ [ 173853.408272684668191, 538993.811058121733367, 0.0 ], [ 173853.285783435887424, 538992.818530196789652, 0.0 ], [ 173853.310243177664233, 538992.815511432592757, 0.0 ], [ 173852.667834520310862, 538987.599496744456701, 0.0 ], [ 173852.642040648905095, 538987.602680002921261, 0.0 ], [ 173852.5202187889372, 538986.615599934477359, 0.0 ], [ 173852.544716936274199, 538986.612576432991773, 0.0 ], [ 173852.440725577704143, 538985.769828692893498, 0.0 ], [ 173847.627306859212695, 538986.364389853668399, 0.0 ], [ 173847.731250465090852, 538987.206642781849951, 0.0 ], [ 173847.756362971558701, 538987.203543612267822, 0.0 ], [ 173847.854353579255985, 538987.99751953582745, 0.0 ], [ 173847.833049943525111, 538988.000148941995576, 0.0 ], [ 173848.803071570087923, 538995.891585515579209, 0.0 ], [ 173849.448240939265816, 538995.812489360105246, 0.0 ], [ 173849.411496462824289, 538995.514748091809452, 0.0 ], [ 173851.17313197569456, 538995.297342223813757, 0.0 ], [ 173851.209876626846381, 538995.595083501422778, 0.0 ], [ 173853.204742979025468, 538995.348894146387465, 0.0 ], [ 173853.112709114851896, 538994.604562143213116, 0.0 ], [ 173853.094336787151406, 538994.455691545037553, 0.0 ], [ 173853.506384102103766, 538994.40484025888145, 0.0 ], [ 173853.432732099317946, 538993.808039551018737, 0.0 ], [ 173853.408272684668191, 538993.811058121733367, 0.0 ] ] ] ] } },
{ "type": "Feature", "properties": { "H_SHMRS": 3.25, "Z_MIN": 44.5, "Z_MAX": 48.75, "no": null, "provinsi": "Bali", "kabupaten": "Kota Denpasar", "kecamatan": "Denpasar Selatan", "desa_kelur": "Sanur", "id": 8377.0, "nogambarde": "GD.00227/2019", "nohmsrs": "22090301700227", "unit": null, "lantai": "3", "lantaim2": 51.695020024400002, "fungsi": "No. Unit 03B2-09", "penggunaan": "Tanah Perumahan", "alamat": null, "nibtanahbe": "01530", "nibunit": "8377", "building": "00003", "Keterangan": "Ruang Khusus" }, "geometry": { "type": "MultiPolygon", "coordinates": [ [ [ [ 173845.014294442604296, 539007.486528714303859, 0.0 ], [ 173844.904060477972962, 539006.593305126414634, 0.0 ], [ 173844.92929401434958, 539006.590191176976077, 0.0 ], [ 173844.261766303738113, 539001.181227622553706, 0.0 ], [ 173844.236565881903516, 539001.184337484068237, 0.0 ], [ 173844.126337386580417, 539000.291113218991086, 0.0 ], [ 173844.151532339252299, 539000.288004032801837, 0.0 ], [ 173843.967982444737572, 538998.800702939159237, 0.0 ], [ 173842.797214774705935, 538998.94518900255207, 0.0 ], [ 173842.833959241455887, 538999.242930224630982, 0.0 ], [ 173840.928093952126801, 538999.478133569005877, 0.0 ], [ 173840.891349376906874, 538999.180394500726834, 0.0 ], [ 173839.5663746445789, 538999.343909616116434, 0.0 ], [ 173839.676608479727292, 539000.237133949063718, 0.0 ], [ 173839.264733762684045, 539000.287966051721014, 0.0 ], [ 173839.338045750395395, 539000.882013183669187, 0.0 ], [ 173839.362474369059782, 539000.878998564789072, 0.0 ], [ 173839.472702865488827, 539001.772222829516977, 0.0 ], [ 173839.448279905336676, 539001.775236750021577, 0.0 ], [ 173840.115984515490709, 539007.18563529138919, 0.0 ], [ 173840.165608235169202, 539007.179511159076355, 0.0 ], [ 173840.53917718763114, 539010.206546832341701, 0.0 ], [ 173845.303038239915622, 539009.618633098551072, 0.0 ], [ 173845.039527979504783, 539007.483414764516056, 0.0 ], [ 173845.014294442604296, 539007.486528714303859, 0.0 ] ] ] ] } },
{ "type": "Feature", "properties": { "H_SHMRS": 3.25, "Z_MIN": 44.5, "Z_MAX": 48.75, "no": null, "provinsi": "Bali", "kabupaten": "Kota Denpasar", "kecamatan": "Denpasar Selatan", "desa_kelur": "Sanur", "id": 8376.0, "nogambarde": "GD.00226/2019", "nohmsrs": "22090301700226", "unit": null, "lantai": "3", "lantaim2": 45.585770699599998, "fungsi": "No. Unit 03B2-06", "penggunaan": "Tanah Perumahan", "alamat": null, "nibtanahbe": "01530", "nibunit": "8376", "building": "00003", "Keterangan": "Ruang Khusus" }, "geometry": { "type": "MultiPolygon", "coordinates": [ [ [ [ 173848.648733716720017, 538995.905069365631789, 0.0 ], [ 173847.671085194451734, 538988.014574039494619, 0.0 ], [ 173847.649781486252323, 538988.017202863236889, 0.0 ], [ 173847.551800598797854, 538987.223225741647184, 0.0 ], [ 173847.576913108117878, 538987.220126571715809, 0.0 ], [ 173847.472975196578773, 538986.377919771941379, 0.0 ], [ 173842.658875475986861, 538986.966961471363902, 0.0 ], [ 173842.763439399568597, 538987.814134288579226, 0.0 ], [ 173842.7879375818884, 538987.811111087095924, 0.0 ], [ 173842.885918467509327, 538988.605088210315444, 0.0 ], [ 173842.8614108315669, 538988.608112579560839, 0.0 ], [ 173843.528939219453605, 538994.017072550603189, 0.0 ], [ 173843.553398999007186, 538994.014054088387638, 0.0 ], [ 173843.675888250989374, 538995.00658201193437, 0.0 ], [ 173843.651428837591084, 538995.009600582416169, 0.0 ], [ 173843.725080840755254, 538995.606401291443035, 0.0 ], [ 173844.137128147529438, 538995.555549915181473, 0.0 ], [ 173844.155500474793371, 538995.704420511727221, 0.0 ], [ 173844.247189948102459, 538996.448795017087832, 0.0 ], [ 173846.242056332499487, 538996.20260591013357, 0.0 ], [ 173846.205311654426623, 538995.904864634620026, 0.0 ], [ 173847.966947162291035, 538995.68745873158332, 0.0 ], [ 173848.003692009457154, 538995.985199952265248, 0.0 ], [ 173848.648733716720017, 538995.905069365631789, 0.0 ] ] ] ] } },
{ "type": "Feature", "properties": { "H_SHMRS": 3.25, "Z_MIN": 44.5, "Z_MAX": 48.75, "no": null, "provinsi": "Bali", "kabupaten": "Kota Denpasar", "kecamatan": "Denpasar Selatan", "desa_kelur": "Sanur", "id": 8375.0, "nogambarde": "GD.00225/2019", "nohmsrs": "22090301700225", "unit": null, "lantai": "3", "lantaim2": 51.696983101000001, "fungsi": "No. Unit 03B2-11", "penggunaan": "Tanah Perumahan", "alamat": null, "nibtanahbe": "01530", "nibunit": "8375", "building": "00003", "Keterangan": "Ruang Khusus" }, "geometry": { "type": "MultiPolygon", "coordinates": [ [ [ [ 173840.291062514006626, 539010.237167009501718, 0.0 ], [ 173839.917490490013734, 539007.210132685024291, 0.0 ], [ 173839.967114209779538, 539007.204008503933437, 0.0 ], [ 173839.299409185652621, 539001.793608166393824, 0.0 ], [ 173839.274208572576754, 539001.796718052821234, 0.0 ], [ 173839.163980077515589, 539000.903493789373897, 0.0 ], [ 173839.189175031031482, 539000.900384600972757, 0.0 ], [ 173839.115862773178378, 539000.306338427821174, 0.0 ], [ 173838.703987550397869, 539000.357166448491625, 0.0 ], [ 173838.593753469584044, 538999.463942148140632, 0.0 ], [ 173837.268778821307933, 538999.627460967865773, 0.0 ], [ 173837.305523217219161, 538999.925200059078634, 0.0 ], [ 173835.399658256239491, 539000.16040763957426, 0.0 ], [ 173835.362913600547472, 538999.862666443921626, 0.0 ], [ 173834.192145931359846, 539000.007152508595027, 0.0 ], [ 173834.375688441738021, 539001.49439375300426, 0.0 ], [ 173834.400117058394244, 539001.49137913400773, 0.0 ], [ 173834.510345554561354, 539002.384603397804312, 0.0 ], [ 173834.485922405991005, 539002.387617340777069, 0.0 ], [ 173835.15345011500176, 539007.796580896596424, 0.0 ], [ 173835.177840152522549, 539007.793571040267125, 0.0 ], [ 173835.288068646535976, 539008.686795303714462, 0.0 ], [ 173835.262582731025759, 539008.689940396579914, 0.0 ], [ 173835.527201728953514, 539010.825082668685354, 0.0 ], [ 173840.291062514006626, 539010.237167009501718, 0.0 ] ] ] ] } },
{ "type": "Feature", "properties": { "H_SHMRS": 3.25, "Z_MIN": 44.5, "Z_MAX": 48.75, "no": null, "provinsi": "Bali", "kabupaten": "Kota Denpasar", "kecamatan": "Denpasar Selatan", "desa_kelur": "Sanur", "id": 8370.0, "nogambarde": "GD.00221/2019", "nohmsrs": "22090301700221", "unit": null, "lantai": "3", "lantaim2": 45.585770699199998, "fungsi": "No. Unit 03B2-10", "penggunaan": "Tanah Perumahan", "alamat": null, "nibtanahbe": "01530", "nibunit": "8370", "building": "00003", "Keterangan": "Ruang Khusus" }, "geometry": { "type": "MultiPolygon", "coordinates": [ [ [ [ 173838.723829558672151, 538997.129915556870401, 0.0 ], [ 173837.746181034774054, 538989.239420230383985, 0.0 ], [ 173837.724877327971626, 538989.242049055406824, 0.0 ], [ 173837.62689644319471, 538988.448071932070889, 0.0 ], [ 173837.652008951350581, 538988.444972762721591, 0.0 ], [ 173837.54807103969506, 538987.602765960735269, 0.0 ], [ 173832.733971319394186, 538988.191807662602514, 0.0 ], [ 173832.838535241928184, 538989.038980479468592, 0.0 ], [ 173832.863033425848698, 538989.03595727623906, 0.0 ], [ 173832.961014311615145, 538989.829934401321225, 0.0 ], [ 173832.936506674042903, 538989.832958770450205, 0.0 ], [ 173833.604035063850461, 538995.241918740910478, 0.0 ], [ 173833.628494842181681, 538995.238900278927758, 0.0 ], [ 173833.750984092912404, 538996.231428201775998, 0.0 ], [ 173833.726524680707371, 538996.234446772257797, 0.0 ], [ 173833.800176685093902, 538996.831247481168248, 0.0 ], [ 173834.212223990791244, 538996.780396103742532, 0.0 ], [ 173834.230596317007439, 538996.92926670180168, 0.0 ], [ 173834.322285790753085, 538997.673641209024936, 0.0 ], [ 173836.31715217672172, 538997.427452098927461, 0.0 ], [ 173836.280407497892156, 538997.129710827837698, 0.0 ], [ 173838.042043006047606, 538996.912304921075702, 0.0 ], [ 173838.078787851176457, 538997.210046143154614, 0.0 ], [ 173838.723829558672151, 538997.129915556870401, 0.0 ] ] ] ] } },
{ "type": "Feature", "properties": { "H_SHMRS": 3.25, "Z_MIN": 44.5, "Z_MAX": 48.75, "no": null, "provinsi": "Bali", "kabupaten": "Kota Denpasar", "kecamatan": "Denpasar Selatan", "desa_kelur": "Sanur", "id": 8373.0, "nogambarde": "GD.00224/2019", "nohmsrs": "22090301700224", "unit": null, "lantai": "3", "lantaim2": 51.695019971199997, "fungsi": "No. Unit 03B2-15", "penggunaan": "Tanah Perumahan", "alamat": null, "nibtanahbe": "01530", "nibunit": "8373", "building": "00003", "Keterangan": "Ruang Khusus" }, "geometry": { "type": "MultiPolygon", "coordinates": [ [ [ [ 173835.089587322057923, 539008.711350614205003, 0.0 ], [ 173834.979353357979562, 539007.818127024918795, 0.0 ], [ 173835.004586895985994, 539007.815013075596653, 0.0 ], [ 173834.337059186247643, 539002.406049521407112, 0.0 ], [ 173834.311858762783231, 539002.409159382805228, 0.0 ], [ 173834.201630265160929, 539001.515935120056383, 0.0 ], [ 173834.226825219520833, 539001.51282593223732, 0.0 ], [ 173834.04327532654861, 539000.025524836732075, 0.0 ], [ 173832.87250765558565, 539000.170010901871137, 0.0 ], [ 173832.909252120298333, 539000.467752121505328, 0.0 ], [ 173831.003386832424439, 539000.702955467510037, 0.0 ], [ 173830.966642256476916, 539000.405216400278732, 0.0 ], [ 173829.641667527204845, 539000.568731515784748, 0.0 ], [ 173829.751901361800265, 539001.461955848382786, 0.0 ], [ 173829.340026643010788, 539001.512787952669896, 0.0 ], [ 173829.413338629790815, 539002.106835083337501, 0.0 ], [ 173829.437767250055913, 539002.103820466436446, 0.0 ], [ 173829.547995745931985, 539002.997044728486799, 0.0 ], [ 173829.523572786973091, 539003.000058649107814, 0.0 ], [ 173830.191277395933867, 539008.410457190359011, 0.0 ], [ 173830.240901116048917, 539008.404333056183532, 0.0 ], [ 173830.614470100874314, 539011.431368726072833, 0.0 ], [ 173835.378331122774398, 539010.843454999267124, 0.0 ], [ 173835.114820860588225, 539008.708236664999276, 0.0 ], [ 173835.089587322057923, 539008.711350614205003, 0.0 ] ] ] ] } },
{ "type": "Feature", "properties": { "H_SHMRS": 3.25, "Z_MIN": 44.5, "Z_MAX": 48.75, "no": null, "provinsi": "Bali", "kabupaten": "Kota Denpasar", "kecamatan": "Denpasar Selatan", "desa_kelur": "Sanur", "id": 8371.0, "nogambarde": "GD.00222/2019", "nohmsrs": "22090301700222", "unit": null, "lantai": "3", "lantaim2": 51.696983100899999, "fungsi": "No. Unit 03B2-17", "penggunaan": "Tanah Perumahan", "alamat": null, "nibtanahbe": "01530", "nibunit": "8371", "building": "00003", "Keterangan": "Ruang Khusus" }, "geometry": { "type": "MultiPolygon", "coordinates": [ [ [ [ 173830.366355394246057, 539011.461988907656632, 0.0 ], [ 173829.992783371475525, 539008.434954583644867, 0.0 ], [ 173830.042407091706991, 539008.428830401273444, 0.0 ], [ 173829.37470206595026, 539003.018430066062137, 0.0 ], [ 173829.349501454038545, 539003.021539950743318, 0.0 ], [ 173829.239272956736386, 539002.128315688925795, 0.0 ], [ 173829.264467911882093, 539002.12520649889484, 0.0 ], [ 173829.19115565501852, 539001.531160327722318, 0.0 ], [ 173828.779280430520885, 539001.581988348276354, 0.0 ], [ 173828.669046350260032, 539000.688764047808945, 0.0 ], [ 173827.344071702187648, 539000.852282867650501, 0.0 ], [ 173827.380816096090712, 539001.15002195793204, 0.0 ], [ 173825.474951136595337, 539001.385229539126158, 0.0 ], [ 173825.438206482940586, 539001.087488342425786, 0.0 ], [ 173824.267438812850742, 539001.231974408961833, 0.0 ], [ 173824.450981321715517, 539002.719215651042759, 0.0 ], [ 173824.475409939972451, 539002.716201032744721, 0.0 ], [ 173824.585638435586588, 539003.609425297472626, 0.0 ], [ 173824.561215285415528, 539003.612439240911044, 0.0 ], [ 173825.228742996376241, 539009.021402795566246, 0.0 ], [ 173825.253133032703772, 539009.018392938189209, 0.0 ], [ 173825.363361528958194, 539009.911617202567868, 0.0 ], [ 173825.337875611789059, 539009.914762297412381, 0.0 ], [ 173825.602494608727284, 539012.049904569634236, 0.0 ], [ 173830.366355394246057, 539011.461988907656632, 0.0 ] ] ] ] } },
{ "type": "Feature", "properties": { "H_SHMRS": 3.25, "Z_MIN": 44.5, "Z_MAX": 48.75, "no": null, "provinsi": "Bali", "kabupaten": "Kota Denpasar", "kecamatan": "Denpasar Selatan", "desa_kelur": "Sanur", "id": 8349.0, "nogambarde": "GD.00212/2019", "nohmsrs": "22090301700212", "unit": null, "lantai": "3", "lantaim2": 33.021222642200001, "fungsi": "No. Unit 03A3-11", "penggunaan": "Tanah Perumahan", "alamat": null, "nibtanahbe": "01530", "nibunit": "8349", "building": "00003", "Keterangan": "Ruang Khusus" }, "geometry": { "type": "MultiPolygon", "coordinates": [ [ [ [ 173822.653941703174496, 538940.385392653872259, 0.0 ], [ 173821.723077119648224, 538932.842615730711259, 0.0 ], [ 173817.902064876601798, 538933.314172162441537, 0.0 ], [ 173818.036616178345867, 538934.404438636964187, 0.0 ], [ 173818.111085117823677, 538934.395248784683645, 0.0 ], [ 173818.209236421826063, 538935.190616803360172, 0.0 ], [ 173818.134773559955647, 538935.199805905111134, 0.0 ], [ 173818.661446945363423, 538939.467429717769846, 0.0 ], [ 173818.735886111739092, 538939.458243540022522, 0.0 ], [ 173818.833694148634095, 538940.250830071396194, 0.0 ], [ 173818.759261057100957, 538940.260015500010923, 0.0 ], [ 173818.949287533119787, 538941.799796207109466, 0.0 ], [ 173820.6861112806655, 538941.585452374420129, 0.0 ], [ 173820.722855936881388, 538941.883193570072763, 0.0 ], [ 173822.484491448907647, 538941.665787682519294, 0.0 ], [ 173822.331388721824624, 538940.425199364311993, 0.0 ], [ 173822.653941703174496, 538940.385392653872259, 0.0 ] ] ] ] } },
{ "type": "Feature", "properties": { "H_SHMRS": 3.25, "Z_MIN": 44.5, "Z_MAX": 48.75, "no": null, "provinsi": "Bali", "kabupaten": "Kota Denpasar", "kecamatan": "Denpasar Selatan", "desa_kelur": "Sanur", "id": 8347.0, "nogambarde": "GD.00210/2019", "nohmsrs": "22090301700210", "unit": null, "lantai": "3", "lantaim2": 33.021752247800002, "fungsi": "No. Unit 03A3-09", "penggunaan": "Tanah Perumahan", "alamat": null, "nibtanahbe": "01530", "nibunit": "8347", "building": "00003", "Keterangan": "Ruang Khusus" }, "geometry": { "type": "MultiPolygon", "coordinates": [ [ [ [ 173826.740182626119349, 538940.838311016559601, 0.0 ], [ 173826.55016203521518, 538939.298578007845208, 0.0 ], [ 173826.475724402902415, 538939.307763999444433, 0.0 ], [ 173826.377910555835115, 538938.515130372601561, 0.0 ], [ 173826.452330221480224, 538938.505946294637397, 0.0 ], [ 173825.925680532527622, 538934.238319555297494, 0.0 ], [ 173825.851260865922086, 538934.247503636870533, 0.0 ], [ 173825.753115373314358, 538933.452182710985653, 0.0 ], [ 173825.827517156838439, 538933.44300114561338, 0.0 ], [ 173825.693825549213216, 538932.35258014977444, 0.0 ], [ 173821.871947727457155, 538932.82424340385478, 0.0 ], [ 173822.802812309295405, 538940.367020325735211, 0.0 ], [ 173823.125365292420611, 538940.327213613316417, 0.0 ], [ 173823.278468020202126, 538941.567801932105795, 0.0 ], [ 173825.040103533363435, 538941.350396045367233, 0.0 ], [ 173825.003358877816936, 538941.052654848434031, 0.0 ], [ 173826.740182626119349, 538940.838311016559601, 0.0 ] ] ] ] } },
{ "type": "Feature", "properties": { "H_SHMRS": 3.25, "Z_MIN": 44.5, "Z_MAX": 48.75, "no": null, "provinsi": "Bali", "kabupaten": "Kota Denpasar", "kecamatan": "Denpasar Selatan", "desa_kelur": "Sanur", "id": 8346.0, "nogambarde": "GD.00209/2019", "nohmsrs": "22090301700209", "unit": null, "lantai": "3", "lantaim2": 35.590455481699998, "fungsi": "No. Unit 03A3-06", "penggunaan": "Tanah Perumahan", "alamat": null, "nibtanahbe": "01530", "nibunit": "8346", "building": "00003", "Keterangan": "Ruang Khusus" }, "geometry": { "type": "MultiPolygon", "coordinates": [ [ [ [ 173835.942618800851051, 538950.080761898541823, 0.0 ], [ 173835.324077099881833, 538945.068730978528038, 0.0 ], [ 173835.252067873399938, 538945.077617737115361, 0.0 ], [ 173835.151299372839276, 538944.282746337587014, 0.0 ], [ 173835.225773404992651, 538944.273555394844152, 0.0 ], [ 173835.152451327739982, 538943.679428071016446, 0.0 ], [ 173834.829898346855771, 538943.719234780757688, 0.0 ], [ 173834.676795617124299, 538942.478646456263959, 0.0 ], [ 173832.915160101401852, 538942.69605234276969, 0.0 ], [ 173832.951904756191652, 538942.993793538305908, 0.0 ], [ 173831.216073548654094, 538943.208014881354757, 0.0 ], [ 173832.344366738194367, 538952.358716817805544, 0.0 ], [ 173836.165378978737863, 538951.88716038572602, 0.0 ], [ 173836.052528084255755, 538950.972731857560575, 0.0 ], [ 173835.978013038431527, 538950.981927864253521, 0.0 ], [ 173835.867942355806008, 538950.089977358002216, 0.0 ], [ 173835.942618800851051, 538950.080761898541823, 0.0 ] ] ] ] } },
{ "type": "Feature", "properties": { "H_SHMRS": 3.25, "Z_MIN": 44.5, "Z_MAX": 48.75, "no": null, "provinsi": "Bali", "kabupaten": "Kota Denpasar", "kecamatan": "Denpasar Selatan", "desa_kelur": "Sanur", "id": 8345.0, "nogambarde": "GD.00208/2019", "nohmsrs": "22090301700208", "unit": null, "lantai": "3", "lantaim2": 33.020608286300003, "fungsi": "No. Unit 03A3-07", "penggunaan": "Tanah Perumahan", "alamat": null, "nibtanahbe": "01530", "nibunit": "8345", "building": "00003", "Keterangan": "Ruang Khusus" }, "geometry": { "type": "MultiPolygon", "coordinates": [ [ [ [ 173830.593672730785329, 538939.405539412749931, 0.0 ], [ 173829.662842145364266, 538931.862758295494132, 0.0 ], [ 173825.842696158710169, 538932.334207820473239, 0.0 ], [ 173825.976387875998626, 538933.424629728775471, 0.0 ], [ 173826.050856811576523, 538933.415439877891913, 0.0 ], [ 173826.149002098012716, 538934.210759131121449, 0.0 ], [ 173826.074551120720571, 538934.219947076053359, 0.0 ], [ 173826.601200807723217, 538938.487573812482879, 0.0 ], [ 173826.675651786878007, 538938.478385868715122, 0.0 ], [ 173826.773465842823498, 538939.271021164138801, 0.0 ], [ 173826.699032755190274, 538939.280206593102776, 0.0 ], [ 173826.889053231629077, 538940.819938686792739, 0.0 ], [ 173828.625876978010638, 538940.605594854219817, 0.0 ], [ 173828.662621633644449, 538940.903336052200757, 0.0 ], [ 173830.424257145961747, 538940.685930163599551, 0.0 ], [ 173830.271154417627258, 538939.445341844460927, 0.0 ], [ 173830.593672730785329, 538939.405539412749931, 0.0 ] ] ] ] } },
{ "type": "Feature", "properties": { "H_SHMRS": 3.25, "Z_MIN": 44.5, "Z_MAX": 48.75, "no": null, "provinsi": "Bali", "kabupaten": "Kota Denpasar", "kecamatan": "Denpasar Selatan", "desa_kelur": "Sanur", "id": 8343.0, "nogambarde": "GD.00207/2019", "nohmsrs": "22090301700207", "unit": null, "lantai": "3", "lantaim2": 33.021273302099999, "fungsi": "No. Unit 03A3-05", "penggunaan": "Tanah Perumahan", "alamat": null, "nibtanahbe": "01530", "nibunit": "8343", "building": "00003", "Keterangan": "Ruang Khusus" }, "geometry": { "type": "MultiPolygon", "coordinates": [ [ [ [ 173834.415496098052245, 538938.327955086831935, 0.0 ], [ 173834.317676231876248, 538937.535272703389637, 0.0 ], [ 173834.392107788298745, 538937.526087463600561, 0.0 ], [ 173833.865434233186534, 538933.25846228026785, 0.0 ], [ 173833.791026373131899, 538933.26764459698461, 0.0 ], [ 173833.69288706802763, 538932.472373799770139, 0.0 ], [ 173833.76728885047487, 538932.463192233932205, 0.0 ], [ 173833.632725663250312, 538931.372829451225698, 0.0 ], [ 173829.811713423026958, 538931.84438588260673, 0.0 ], [ 173830.742578005651012, 538939.387162806349806, 0.0 ], [ 173831.065130988747114, 538939.34735609323252, 0.0 ], [ 173831.218233717780095, 538940.587944412254728, 0.0 ], [ 173832.979869231232442, 538940.370538525516167, 0.0 ], [ 173832.943124576268019, 538940.072797329863533, 0.0 ], [ 173834.679948320612311, 538939.858453495777212, 0.0 ], [ 173834.489933729288168, 538938.318769097328186, 0.0 ], [ 173834.415496098052245, 538938.327955086831935, 0.0 ] ] ] ] } },
{ "type": "Feature", "properties": { "H_SHMRS": 3.25, "Z_MIN": 44.5, "Z_MAX": 48.75, "no": null, "provinsi": "Bali", "kabupaten": "Kota Denpasar", "kecamatan": "Denpasar Selatan", "desa_kelur": "Sanur", "id": 8342.0, "nogambarde": "GD.00206/2019", "nohmsrs": "22090301700206", "unit": null, "lantai": "3", "lantaim2": 35.473365764199997, "fungsi": "No. Unit 03A3-02A", "penggunaan": "Tanah Perumahan", "alamat": null, "nibtanahbe": "01530", "nibunit": "8342", "building": "00003", "Keterangan": "Ruang Khusus" }, "geometry": { "type": "MultiPolygon", "coordinates": [ [ [ [ 173839.924580727791181, 538949.690086919581518, 0.0 ], [ 173839.293792697280878, 538944.578824243391864, 0.0 ], [ 173839.219312586676097, 538944.588015936431475, 0.0 ], [ 173839.12118522261153, 538943.792841882677749, 0.0 ], [ 173839.195659252814949, 538943.783650940051302, 0.0 ], [ 173839.005976063519483, 538942.246651890454814, 0.0 ], [ 173837.269152331369696, 538942.460995842586271, 0.0 ], [ 173837.232407797040651, 538942.163255606195889, 0.0 ], [ 173835.470772282948019, 538942.380661494913511, 0.0 ], [ 173835.605502549326047, 538943.472378134145401, 0.0 ], [ 173835.623874887998682, 538943.621248810668476, 0.0 ], [ 173835.301321896986337, 538943.661055444041267, 0.0 ], [ 173835.37464418244781, 538944.255184432840906, 0.0 ], [ 173835.449034681631019, 538944.246003797859885, 0.0 ], [ 173835.547170953766908, 538945.041200039442629, 0.0 ], [ 173835.472780453215819, 538945.050380674190819, 0.0 ], [ 173836.091322099149693, 538950.062411141232587, 0.0 ], [ 173836.165683792234631, 538950.053234523627907, 0.0 ], [ 173836.275754422589671, 538950.94518458575476, 0.0 ], [ 173836.203467541432474, 538950.954105608863756, 0.0 ], [ 173836.314249587623635, 538951.868788056191988, 0.0 ], [ 173840.135261829098454, 538951.397231626324356, 0.0 ], [ 173840.022413986676838, 538950.482827859930694, 0.0 ], [ 173839.950537189142779, 538950.491697828634642, 0.0 ], [ 173839.850071700231638, 538949.699281718232669, 0.0 ], [ 173839.924580727791181, 538949.690086919581518, 0.0 ] ] ] ] } },
{ "type": "Feature", "properties": { "H_SHMRS": 3.25, "Z_MIN": 44.5, "Z_MAX": 48.75, "no": null, "provinsi": "Bali", "kabupaten": "Kota Denpasar", "kecamatan": "Denpasar Selatan", "desa_kelur": "Sanur", "id": 8340.0, "nogambarde": "GD.00204/2019", "nohmsrs": "22090301700204", "unit": null, "lantai": "3", "lantaim2": 35.409178924599999, "fungsi": "No. Unit 03A3-02", "penggunaan": "Tanah Perumahan", "alamat": null, "nibtanahbe": "01530", "nibunit": "8340", "building": "00003", "Keterangan": "Ruang Khusus" }, "geometry": { "type": "MultiPolygon", "coordinates": [ [ [ [ 173843.741362875676714, 538947.959585059550591, 0.0 ], [ 173843.324922499683453, 538944.585185927920975, 0.0 ], [ 173845.309864847600693, 538944.340221434948035, 0.0 ], [ 173845.248616994154872, 538943.843931333627552, 0.0 ], [ 173845.174136830755742, 538943.853122569038533, 0.0 ], [ 173845.076013936050003, 538943.057984745362774, 0.0 ], [ 173845.150488024606602, 538943.04879425780382, 0.0 ], [ 173845.03431295073824, 538942.107158206985332, 0.0 ], [ 173844.423943659436191, 538942.182484827702865, 0.0 ], [ 173844.313686390349176, 538941.289344176766463, 0.0 ], [ 173842.194761524995556, 538941.550843639415689, 0.0 ], [ 173842.231506160664139, 538941.848584675113671, 0.0 ], [ 173840.390495895146159, 538942.075706274830736, 0.0 ], [ 173840.353751095826738, 538941.777965409797616, 0.0 ], [ 173839.118102019710932, 538941.930538394255564, 0.0 ], [ 173839.344529973488534, 538943.765279523329809, 0.0 ], [ 173839.418926546932198, 538943.756098137469962, 0.0 ], [ 173839.517053830175428, 538944.551271508564241, 0.0 ], [ 173839.442663273046492, 538944.560451689991169, 0.0 ], [ 173840.073451304575428, 538949.671714361291379, 0.0 ], [ 173840.147812942974269, 538949.662537289084867, 0.0 ], [ 173840.160307759506395, 538949.761849004775286, 0.0 ], [ 173843.906723388179671, 538949.299498644890264, 0.0 ], [ 173843.851445156324189, 538948.851580794434994, 0.0 ], [ 173843.776157224987401, 538948.860871713957749, 0.0 ], [ 173843.666081077855779, 538947.968875690363348, 0.0 ], [ 173843.741362875676714, 538947.959585059550591, 0.0 ] ] ] ] } },
{ "type": "Feature", "properties": { "H_SHMRS": 3.25, "Z_MIN": 44.5, "Z_MAX": 48.75, "no": null, "provinsi": "Bali", "kabupaten": "Kota Denpasar", "kecamatan": "Denpasar Selatan", "desa_kelur": "Sanur", "id": 8339.0, "nogambarde": "GD.00203/2019", "nohmsrs": "22090301700203", "unit": null, "lantai": "3", "lantaim2": 32.916304427599997, "fungsi": "No. Unit 03A3-01", "penggunaan": "Tanah Perumahan", "alamat": null, "nibtanahbe": "01530", "nibunit": "8339", "building": "00003", "Keterangan": "Ruang Khusus" }, "geometry": { "type": "MultiPolygon", "coordinates": [ [ [ [ 173842.355267792590894, 538937.348146180505864, 0.0 ], [ 173842.171553631720599, 538935.859439073246904, 0.0 ], [ 173842.245982150547206, 538935.850254209828563, 0.0 ], [ 173841.768307040387299, 538931.979662446654402, 0.0 ], [ 173841.693902220053133, 538931.988844386884011, 0.0 ], [ 173841.510188061336521, 538930.500137280090712, 0.0 ], [ 173841.584583767544245, 538930.490956465480849, 0.0 ], [ 173841.572491360100685, 538930.392971934517846, 0.0 ], [ 173837.751479117985582, 538930.864528364152648, 0.0 ], [ 173838.682343701424543, 538938.407305286615156, 0.0 ], [ 173839.004896681639366, 538938.367498575127684, 0.0 ], [ 173839.157999411894707, 538939.608086893218569, 0.0 ], [ 173840.9196349256963, 538939.39068100519944, 0.0 ], [ 173840.882890268519986, 538939.092939809430391, 0.0 ], [ 173842.619714014464989, 538938.878595976973884, 0.0 ], [ 173842.478991785028484, 538937.738326593535021, 0.0 ], [ 173842.429705422720872, 538937.338960191933438, 0.0 ], [ 173842.355267792590894, 538937.348146180505864, 0.0 ] ] ] ] } },
{ "type": "Feature", "properties": { "H_SHMRS": 3.25, "Z_MIN": 44.5, "Z_MAX": 48.75, "no": null, "provinsi": "Bali", "kabupaten": "Kota Denpasar", "kecamatan": "Denpasar Selatan", "desa_kelur": "Sanur", "id": 8338.0, "nogambarde": "GD.00202/2019", "nohmsrs": "22090301700202", "unit": null, "lantai": "3", "lantaim2": 35.4326699967, "fungsi": "No. Unit 03A2-10", "penggunaan": "Tanah Perumahan", "alamat": null, "nibtanahbe": "01530", "nibunit": "8338", "building": "00003", "Keterangan": "Ruang Khusus" }, "geometry": { "type": "MultiPolygon", "coordinates": [ [ [ [ 173856.141846604441525, 538946.379878469975665, 0.0 ], [ 173855.511063320445828, 538941.268654274521396, 0.0 ], [ 173855.435992668848485, 538941.277918848209083, 0.0 ], [ 173855.337877621757798, 538940.482844596845098, 0.0 ], [ 173855.412942260096315, 538940.473580765421502, 0.0 ], [ 173855.204874823102728, 538938.787614523316734, 0.0 ], [ 173853.959324080322403, 538938.941329672583379, 0.0 ], [ 173853.996068765787641, 538939.239071114803664, 0.0 ], [ 173852.164959972375073, 538939.465050483588129, 0.0 ], [ 173852.128215324715711, 538939.167309348820709, 0.0 ], [ 173850.008752734429436, 538939.428835182450712, 0.0 ], [ 173850.118976963072782, 538940.321979621308856, 0.0 ], [ 173849.508607457217295, 538940.397306042257696, 0.0 ], [ 173849.606590954761487, 538941.191264335880987, 0.0 ], [ 173849.680790231621359, 538941.180957994074561, 0.0 ], [ 173849.778909611544805, 538941.97606733313296, 0.0 ], [ 173849.705109721980989, 538941.985175078967586, 0.0 ], [ 173849.784192547347629, 538942.630365188466385, 0.0 ], [ 173851.769167931663105, 538942.385396615369245, 0.0 ], [ 173852.180117534793681, 538945.711208759923466, 0.0 ], [ 173852.253895555855706, 538945.70210371282883, 0.0 ], [ 173852.351599414338125, 538946.493846086435951, 0.0 ], [ 173852.242546816123649, 538946.508538914727978, 0.0 ], [ 173852.316036020813044, 538947.104020438622683, 0.0 ], [ 173856.097228470898699, 538946.637378222658299, 0.0 ], [ 173856.066747091535944, 538946.389146604924463, 0.0 ], [ 173856.141846604441525, 538946.379878469975665, 0.0 ] ] ] ] } },
{ "type": "Feature", "properties": { "H_SHMRS": 3.25, "Z_MIN": 44.5, "Z_MAX": 48.75, "no": null, "provinsi": "Bali", "kabupaten": "Kota Denpasar", "kecamatan": "Denpasar Selatan", "desa_kelur": "Sanur", "id": 8337.0, "nogambarde": "GD.00201/2019", "nohmsrs": "22090301700201", "unit": null, "lantai": "3", "lantaim2": 35.053689417699999, "fungsi": "No. Unit 03A2-17", "penggunaan": "Tanah Perumahan", "alamat": null, "nibtanahbe": "01530", "nibunit": "8337", "building": "00003", "Keterangan": "Ruang Khusus" }, "geometry": { "type": "MultiPolygon", "coordinates": [ [ [ [ 173846.580629446398234, 538936.274891366250813, 0.0 ], [ 173845.649764976318693, 538928.732115340884775, 0.0 ], [ 173841.580634948040824, 538929.234291419619694, 0.0 ], [ 173841.733449698571349, 538930.472546248929575, 0.0 ], [ 173841.807924712076783, 538930.463355646119453, 0.0 ], [ 173841.991638869978487, 538931.952062754426152, 0.0 ], [ 173841.917172971006949, 538931.961252231383696, 0.0 ], [ 173842.394848080642987, 538935.831843992928043, 0.0 ], [ 173842.469290283479495, 538935.822657440323383, 0.0 ], [ 173842.653004443505779, 538937.311364547233097, 0.0 ], [ 173842.57857135523227, 538937.320549974334426, 0.0 ], [ 173842.627857604733435, 538937.719915465335362, 0.0 ], [ 173844.612799030175665, 538937.474951085052453, 0.0 ], [ 173844.64954368409235, 538937.772692281054333, 0.0 ], [ 173846.411179197515594, 538937.555286394082941, 0.0 ], [ 173846.258076468773652, 538936.314698075759225, 0.0 ], [ 173846.580629446398234, 538936.274891366250813, 0.0 ] ] ] ] } },
{ "type": "Feature", "properties": { "H_SHMRS": 3.25, "Z_MIN": 44.5, "Z_MAX": 48.75, "no": null, "provinsi": "Bali", "kabupaten": "Kota Denpasar", "kecamatan": "Denpasar Selatan", "desa_kelur": "Sanur", "id": 8336.0, "nogambarde": "GD.00200/2019", "nohmsrs": "22090301700200", "unit": null, "lantai": "3", "lantaim2": 35.482618571000003, "fungsi": "No. Unit 03A2-08", "penggunaan": "Tanah Perumahan", "alamat": null, "nibtanahbe": "01530", "nibunit": "8336", "building": "00003", "Keterangan": "Ruang Khusus" }, "geometry": { "type": "MultiPolygon", "coordinates": [ [ [ [ 173860.111896964226617, 538945.889929270953871, 0.0 ], [ 173859.481113655638183, 538940.778704846627079, 0.0 ], [ 173859.405875517521054, 538940.78799008904025, 0.0 ], [ 173859.307763466698816, 538939.992940141703002, 0.0 ], [ 173859.382828164409148, 538939.983676770352758, 0.0 ], [ 173859.327860438788775, 538939.538274383055978, 0.0 ], [ 173859.005307442625053, 538939.578080979525112, 0.0 ], [ 173858.986935090302723, 538939.429210195317864, 0.0 ], [ 173858.852204690105282, 538938.33749247668311, 0.0 ], [ 173857.09056919257273, 538938.554898483911529, 0.0 ], [ 173857.127313832897926, 538938.852639560005628, 0.0 ], [ 173855.39049008442089, 538939.066983392462134, 0.0 ], [ 173855.56181303554331, 538940.455209809471853, 0.0 ], [ 173855.635619058390148, 538940.446101762936451, 0.0 ], [ 173855.733734052540967, 538941.241175553412177, 0.0 ], [ 173855.65993407095084, 538941.25028285314329, 0.0 ], [ 173856.290579929627711, 538946.360393223701976, 0.0 ], [ 173856.364351014548447, 538946.351289488840848, 0.0 ], [ 173856.462332721916027, 538947.145283290999942, 0.0 ], [ 173856.387032319500577, 538947.154576218337752, 0.0 ], [ 173856.517436419031583, 538948.217810520087369, 0.0 ], [ 173860.339214579231339, 538947.746159566682763, 0.0 ], [ 173860.209582847048296, 538946.682853229460306, 0.0 ], [ 173860.13447718846146, 538946.692122120992281, 0.0 ], [ 173860.036629909096519, 538945.899217615253292, 0.0 ], [ 173860.111896964226617, 538945.889929270953871, 0.0 ] ] ] ] } },
{ "type": "Feature", "properties": { "H_SHMRS": 3.25, "Z_MIN": 44.5, "Z_MAX": 48.75, "no": null, "provinsi": "Bali", "kabupaten": "Kota Denpasar", "kecamatan": "Denpasar Selatan", "desa_kelur": "Sanur", "id": 8335.0, "nogambarde": "GD.00199/2019", "nohmsrs": "22090301700198.8", "unit": null, "lantai": "3", "lantaim2": 35.158778630999997, "fungsi": "No. Unit 03A2-15", "penggunaan": "Tanah Perumahan", "alamat": null, "nibtanahbe": "01530", "nibunit": "8335", "building": "00003", "Keterangan": "Ruang Khusus" }, "geometry": { "type": "MultiPolygon", "coordinates": [ [ [ [ 173850.668926611600909, 538935.315661000087857, 0.0 ], [ 173850.571099692489952, 538934.522921456489712, 0.0 ], [ 173850.645525176922092, 538934.513736965949647, 0.0 ], [ 173850.118719493970275, 538930.245041159912944, 0.0 ], [ 173850.044317714287899, 538930.254222727147862, 0.0 ], [ 173849.946185292326845, 538929.459007720928639, 0.0 ], [ 173850.020580997195793, 538929.449826905271038, 0.0 ], [ 173849.867761734232772, 538928.211566499550827, 0.0 ], [ 173845.798635470302543, 538928.713742112740874, 0.0 ], [ 173846.729500055749668, 538936.256519035785459, 0.0 ], [ 173847.052053035178687, 538936.21671232371591, 0.0 ], [ 173847.205155764590017, 538937.457300643669441, 0.0 ], [ 173848.96679127914831, 538937.239894756348804, 0.0 ], [ 173848.930046623107046, 538936.942153560346924, 0.0 ], [ 173850.914988047385123, 538936.697189180296846, 0.0 ], [ 173850.743358170846477, 538935.306475759018213, 0.0 ], [ 173850.668926611600909, 538935.315661000087857, 0.0 ] ] ] ] } },
{ "type": "Feature", "properties": { "H_SHMRS": 3.25, "Z_MIN": 44.5, "Z_MAX": 48.75, "no": null, "provinsi": "Bali", "kabupaten": "Kota Denpasar", "kecamatan": "Denpasar Selatan", "desa_kelur": "Sanur", "id": 8333.0, "nogambarde": "GD.00198/2019", "nohmsrs": "22090301700198", "unit": null, "lantai": "3", "lantaim2": 33.021215263599998, "fungsi": "No. Unit 03A2-11", "penggunaan": "Tanah Perumahan", "alamat": null, "nibtanahbe": "01530", "nibunit": "8333", "building": "00003", "Keterangan": "Ruang Khusus" }, "geometry": { "type": "MultiPolygon", "coordinates": [ [ [ [ 173854.768512822367484, 538935.2644132967107, 0.0 ], [ 173853.837648238171823, 538927.721636375063099, 0.0 ], [ 173850.016632229730021, 538928.193193270475604, 0.0 ], [ 173850.169451717054471, 538929.431455488898791, 0.0 ], [ 173850.243926732015098, 538929.422264887019992, 0.0 ], [ 173850.342059151123976, 538930.217479890561663, 0.0 ], [ 173850.267590158066014, 538930.226669301977381, 0.0 ], [ 173850.794395894830814, 538934.495365550159477, 0.0 ], [ 173850.868841131130466, 538934.486178622930311, 0.0 ], [ 173850.966668050154112, 538935.278918165829964, 0.0 ], [ 173850.892228835815331, 538935.288103891769424, 0.0 ], [ 173851.063858655892545, 538936.678816850413568, 0.0 ], [ 173852.80068239980028, 538936.464473019004799, 0.0 ], [ 173852.837427054881118, 538936.762214215588756, 0.0 ], [ 173854.599062568537192, 538936.544808327802457, 0.0 ], [ 173854.445959839737043, 538935.304220009129494, 0.0 ], [ 173854.768512822367484, 538935.2644132967107, 0.0 ] ] ] ] } },
{ "type": "Feature", "properties": { "H_SHMRS": 3.25, "Z_MIN": 44.5, "Z_MAX": 48.75, "no": null, "provinsi": "Bali", "kabupaten": "Kota Denpasar", "kecamatan": "Denpasar Selatan", "desa_kelur": "Sanur", "id": 8332.0, "nogambarde": "GD.00197/2019", "nohmsrs": "22090301700197", "unit": null, "lantai": "3", "lantaim2": 35.594885048099997, "fungsi": "No. Unit 03A2-08A", "penggunaan": "Tanah Perumahan", "alamat": null, "nibtanahbe": "01530", "nibunit": "8332", "building": "00003", "Keterangan": "Ruang Khusus" }, "geometry": { "type": "MultiPolygon", "coordinates": [ [ [ [ 173864.309097427263623, 538947.256230806699023, 0.0 ], [ 173863.181385210191365, 538938.105498491902836, 0.0 ], [ 173861.444561463722493, 538938.319842324592173, 0.0 ], [ 173861.407816810155055, 538938.022101137554273, 0.0 ], [ 173859.646181297546718, 538938.239507025573403, 0.0 ], [ 173859.79928402567748, 538939.480095342500135, 0.0 ], [ 173859.476563623175025, 538939.519922716659494, 0.0 ], [ 173859.531531464570435, 538939.965326014091261, 0.0 ], [ 173859.608621917577693, 538939.955812173546292, 0.0 ], [ 173859.703616957529448, 538940.751247255131602, 0.0 ], [ 173859.6296495902061, 538940.760375210666098, 0.0 ], [ 173860.260432844108436, 538945.871599175385199, 0.0 ], [ 173860.334371292672586, 538945.862474329420365, 0.0 ], [ 173860.432218627684051, 538946.655379288247786, 0.0 ], [ 173860.358453619555803, 538946.664482270600274, 0.0 ], [ 173860.488085179909831, 538947.727787238778546, 0.0 ], [ 173864.309097427263623, 538947.256230806699023, 0.0 ] ] ] ] } },
{ "type": "Feature", "properties": { "H_SHMRS": 3.25, "Z_MIN": 44.5, "Z_MAX": 48.75, "no": null, "provinsi": "Bali", "kabupaten": "Kota Denpasar", "kecamatan": "Denpasar Selatan", "desa_kelur": "Sanur", "id": 8331.0, "nogambarde": "GD.00196/2019", "nohmsrs": "22090301700196", "unit": null, "lantai": "3", "lantaim2": 33.021282866900002, "fungsi": "No. Unit 03A2-09", "penggunaan": "Tanah Perumahan", "alamat": null, "nibtanahbe": "01530", "nibunit": "8331", "building": "00003", "Keterangan": "Ruang Khusus" }, "geometry": { "type": "MultiPolygon", "coordinates": [ [ [ [ 173858.608698307361919, 538934.335852089803666, 0.0 ], [ 173858.510865218704566, 538933.543062569922768, 0.0 ], [ 173858.585290704824729, 538933.53387808019761, 0.0 ], [ 173858.058485189860221, 538929.265183641691692, 0.0 ], [ 173857.984083408489823, 538929.274365207878873, 0.0 ], [ 173857.885956987447571, 538928.479198811226524, 0.0 ], [ 173857.960352694033645, 538928.470017997082323, 0.0 ], [ 173857.807531087251846, 538927.231707614846528, 0.0 ], [ 173853.986518846795661, 538927.703264046576805, 0.0 ], [ 173854.9173834293033, 538935.246040969272144, 0.0 ], [ 173855.23993641094421, 538935.206234256271273, 0.0 ], [ 173855.393039140413748, 538936.446822576806881, 0.0 ], [ 173857.154674652440008, 538936.229416689835489, 0.0 ], [ 173857.117929998028558, 538935.931675493484363, 0.0 ], [ 173858.854753745545167, 538935.71733166044578, 0.0 ], [ 173858.683129924029345, 538934.326667307992466, 0.0 ], [ 173858.608698307361919, 538934.335852089803666, 0.0 ] ] ] ] } },
{ "type": "Feature", "properties": { "H_SHMRS": 3.25, "Z_MIN": 44.5, "Z_MAX": 48.75, "no": null, "provinsi": "Bali", "kabupaten": "Kota Denpasar", "kecamatan": "Denpasar Selatan", "desa_kelur": "Sanur", "id": 8330.0, "nogambarde": "GD.00195/2019", "nohmsrs": "22090301700195", "unit": null, "lantai": "3", "lantaim2": 35.609973743399998, "fungsi": "No. Unit 03A2-06", "penggunaan": "Tanah Perumahan", "alamat": null, "nibtanahbe": "01530", "nibunit": "8330", "building": "00003", "Keterangan": "Ruang Khusus" }, "geometry": { "type": "MultiPolygon", "coordinates": [ [ [ [ 173868.074248881370295, 538945.712313211639412, 0.0 ], [ 173867.976395596750081, 538944.919360041501932, 0.0 ], [ 173868.051495232270099, 538944.910092357778922, 0.0 ], [ 173867.420879379264079, 538939.798847555997781, 0.0 ], [ 173867.3456411837833, 538939.808132339152507, 0.0 ], [ 173867.247535161790438, 538939.013131233979948, 0.0 ], [ 173867.32259985836572, 538939.003867861581966, 0.0 ], [ 173867.267626130545978, 538938.558416855288669, 0.0 ], [ 173866.945073151175166, 538938.598223572946154, 0.0 ], [ 173866.791970422462327, 538937.357635248918086, 0.0 ], [ 173865.030334907904034, 538937.575041135307401, 0.0 ], [ 173865.067079561558785, 538937.872782330261543, 0.0 ], [ 173863.330255814245902, 538938.087126163882203, 0.0 ], [ 173864.457202113146195, 538947.237953001167625, 0.0 ], [ 173868.278980275179492, 538946.766302046249621, 0.0 ], [ 173868.149354594497709, 538945.703044776921161, 0.0 ], [ 173868.074248881370295, 538945.712313211639412, 0.0 ] ] ] ] } },
{ "type": "Feature", "properties": { "H_SHMRS": 3.25, "Z_MIN": 44.5, "Z_MAX": 48.75, "no": null, "provinsi": "Bali", "kabupaten": "Kota Denpasar", "kecamatan": "Denpasar Selatan", "desa_kelur": "Sanur", "id": 8329.0, "nogambarde": "GD.00194/2019", "nohmsrs": "22090301700194", "unit": null, "lantai": "3", "lantaim2": 33.020769830799999, "fungsi": "No. Unit 03A2-07", "penggunaan": "Tanah Perumahan", "alamat": null, "nibtanahbe": "01530", "nibunit": "8329", "building": "00003", "Keterangan": "Ruang Khusus" }, "geometry": { "type": "MultiPolygon", "coordinates": [ [ [ [ 173862.708278518402949, 538934.284555779304355, 0.0 ], [ 173861.777413936186349, 538926.74177885602694, 0.0 ], [ 173857.957106361427577, 538927.213248322368599, 0.0 ], [ 173858.109223411709536, 538928.451646578963846, 0.0 ], [ 173858.18369842559332, 538928.442455976968631, 0.0 ], [ 173858.281824846548261, 538929.237622371176258, 0.0 ], [ 173858.207355854596244, 538929.246811768156476, 0.0 ], [ 173858.734161423373735, 538933.515506663126871, 0.0 ], [ 173858.808606658567442, 538933.50631973601412, 0.0 ], [ 173858.906439744372619, 538934.299109255196527, 0.0 ], [ 173858.832000586844515, 538934.308295432012528, 0.0 ], [ 173859.003624351869803, 538935.698959331144579, 0.0 ], [ 173860.740448097407352, 538935.484615499153733, 0.0 ], [ 173860.77719275187701, 538935.782356695854105, 0.0 ], [ 173862.538828265853226, 538935.564950807602145, 0.0 ], [ 173862.38572553859558, 538934.324362490675412, 0.0 ], [ 173862.708278518402949, 538934.284555779304355, 0.0 ] ] ] ] } },
{ "type": "Feature", "properties": { "H_SHMRS": 3.25, "Z_MIN": 44.5, "Z_MAX": 48.75, "no": null, "provinsi": "Bali", "kabupaten": "Kota Denpasar", "kecamatan": "Denpasar Selatan", "desa_kelur": "Sanur", "id": 8328.0, "nogambarde": "GD.00193/2019", "nohmsrs": "22090301700193", "unit": null, "lantai": "3", "lantaim2": 35.481499726400003, "fungsi": "No. Unit 03A2-02A", "penggunaan": "Tanah Perumahan", "alamat": null, "nibtanahbe": "01530", "nibunit": "8328", "building": "00003", "Keterangan": "Ruang Khusus" }, "geometry": { "type": "MultiPolygon", "coordinates": [ [ [ [ 173872.044134730385849, 538945.2224087578943, 0.0 ], [ 173871.946869060193421, 538944.429358450579457, 0.0 ], [ 173872.021378086472396, 538944.420163652743213, 0.0 ], [ 173871.390594809869071, 538939.308939485927112, 0.0 ], [ 173871.315524034813279, 538939.318203606759198, 0.0 ], [ 173871.218011619115714, 538938.523153894115239, 0.0 ], [ 173871.292485706537263, 538938.513963406789117, 0.0 ], [ 173871.121150869177654, 538937.125640681944788, 0.0 ], [ 173869.384327137842774, 538937.339984633494169, 0.0 ], [ 173869.34758260185481, 538937.042244397453032, 0.0 ], [ 173867.585947088897228, 538937.259650285122916, 0.0 ], [ 173867.720677354809595, 538938.351366925053298, 0.0 ], [ 173867.739049692929257, 538938.500237602740526, 0.0 ], [ 173867.41649670060724, 538938.540044234599918, 0.0 ], [ 173867.471470577613218, 538938.98549644369632, 0.0 ], [ 173867.545276600285433, 538938.97638839983847, 0.0 ], [ 173867.643382622220088, 538939.771389506291598, 0.0 ], [ 173867.569415255944477, 538939.78051746042911, 0.0 ], [ 173868.200365952536231, 538944.891720941173844, 0.0 ], [ 173868.274137037282344, 538944.882617207593285, 0.0 ], [ 173868.371990321815247, 538945.675570378429256, 0.0 ], [ 173868.298225309146801, 538945.684673363226466, 0.0 ], [ 173868.427850882086204, 538946.747929719043896, 0.0 ], [ 173872.248863122949842, 538946.276373287662864, 0.0 ], [ 173872.119240438798442, 538945.21314032538794, 0.0 ], [ 173872.044134730385849, 538945.2224087578943, 0.0 ] ] ] ] } },
{ "type": "Feature", "properties": { "H_SHMRS": 3.25, "Z_MIN": 44.5, "Z_MAX": 48.75, "no": null, "provinsi": "Bali", "kabupaten": "Kota Denpasar", "kecamatan": "Denpasar Selatan", "desa_kelur": "Sanur", "id": 8327.0, "nogambarde": "GD.00192/2019", "nohmsrs": "22090301700192", "unit": null, "lantai": "3", "lantaim2": 33.0212854404, "fungsi": "No. Unit 03A2-05", "penggunaan": "Tanah Perumahan", "alamat": null, "nibtanahbe": "01530", "nibunit": "8327", "building": "00003", "Keterangan": "Ruang Khusus" }, "geometry": { "type": "MultiPolygon", "coordinates": [ [ [ [ 173866.548476076015504, 538933.35604243108537, 0.0 ], [ 173866.450631075829733, 538932.563206367543899, 0.0 ], [ 173866.525056563667022, 538932.554021877120249, 0.0 ], [ 173865.998250887991162, 538928.285326129524037, 0.0 ], [ 173865.923849049169803, 538928.294507238315418, 0.0 ], [ 173865.825728682015324, 538927.499389901640825, 0.0 ], [ 173865.90012439028942, 538927.490209086914547, 0.0 ], [ 173865.747296782181365, 538926.251850097323768, 0.0 ], [ 173861.9262845426274, 538926.723406526609324, 0.0 ], [ 173862.857149125920841, 538934.266183450235985, 0.0 ], [ 173863.179702107503545, 538934.226376736769453, 0.0 ], [ 173863.332804838253651, 538935.466965055791661, 0.0 ], [ 173865.094440350600053, 538935.249559170450084, 0.0 ], [ 173865.057695696770679, 538934.951817974098958, 0.0 ], [ 173866.794519443123136, 538934.737474140711129, 0.0 ], [ 173866.622901565220673, 538933.346857939497568, 0.0 ], [ 173866.548476076015504, 538933.35604243108537, 0.0 ] ] ] ] } },
{ "type": "Feature", "properties": { "H_SHMRS": 3.25, "Z_MIN": 44.5, "Z_MAX": 48.75, "no": null, "provinsi": "Bali", "kabupaten": "Kota Denpasar", "kecamatan": "Denpasar Selatan", "desa_kelur": "Sanur", "id": 8326.0, "nogambarde": "GD.00191/2019", "nohmsrs": "22090301700191", "unit": null, "lantai": "3", "lantaim2": 35.423685231999997, "fungsi": "No. Unit 03A2-02", "penggunaan": "Tanah Perumahan", "alamat": null, "nibtanahbe": "01530", "nibunit": "8326", "building": "00003", "Keterangan": "Ruang Khusus" }, "geometry": { "type": "MultiPolygon", "coordinates": [ [ [ [ 173875.873173053056234, 538943.591162190074101, 0.0 ], [ 173875.775446713814745, 538942.799237639876083, 0.0 ], [ 173875.850539359933464, 538942.789970818208531, 0.0 ], [ 173875.43836252685287, 538939.46434841863811, 0.0 ], [ 173877.423304876312613, 538939.219383921474218, 0.0 ], [ 173877.343722191813868, 538938.574255268089473, 0.0 ], [ 173877.270348304475192, 538938.583310442278162, 0.0 ], [ 173877.172249778814148, 538937.788370095309801, 0.0 ], [ 173877.247314476087922, 538937.779106724425219, 0.0 ], [ 173877.149449777905829, 538936.986111294594593, 0.0 ], [ 173876.537350619444624, 538937.061651395633817, 0.0 ], [ 173876.428861182386754, 538936.16833287011832, 0.0 ], [ 173874.309936319594271, 538936.429832332767546, 0.0 ], [ 173874.346680954098701, 538936.727573367534205, 0.0 ], [ 173872.515572201402392, 538936.953553044237196, 0.0 ], [ 173872.478827397571877, 538936.655812180135399, 0.0 ], [ 173871.233276813378325, 538936.809527086559683, 0.0 ], [ 173871.441356427501887, 538938.495591988088563, 0.0 ], [ 173871.51516244825325, 538938.486483943997882, 0.0 ], [ 173871.613265473861247, 538939.281460772734135, 0.0 ], [ 173871.539465530775487, 538939.290568068157881, 0.0 ], [ 173872.170248872833326, 538944.401792226359248, 0.0 ], [ 173872.24401989125181, 538944.392688501509838, 0.0 ], [ 173872.275242613279261, 538944.64082701341249, 0.0 ], [ 173876.055061202991055, 538944.174354347749613, 0.0 ], [ 173875.98157200019341, 538943.57887282280717, 0.0 ], [ 173875.873173053056234, 538943.591162190074101, 0.0 ] ] ] ] } },
{ "type": "Feature", "properties": { "H_SHMRS": 3.25, "Z_MIN": 44.5, "Z_MAX": 48.75, "no": null, "provinsi": "Bali", "kabupaten": "Kota Denpasar", "kecamatan": "Denpasar Selatan", "desa_kelur": "Sanur", "id": 8325.0, "nogambarde": "GD.00190/2019", "nohmsrs": "22090301700190", "unit": null, "lantai": "3", "lantaim2": 33.020731429000001, "fungsi": "No. Unit 03A2-03", "penggunaan": "Tanah Perumahan", "alamat": null, "nibtanahbe": "01530", "nibunit": "8325", "building": "00003", "Keterangan": "Ruang Khusus" }, "geometry": { "type": "MultiPolygon", "coordinates": [ [ [ [ 173870.648044213827234, 538933.304698260035366, 0.0 ], [ 173869.71717963082483, 538925.761921337689273, 0.0 ], [ 173865.896933309268206, 538926.233383243903518, 0.0 ], [ 173866.048995050077792, 538927.47183721291367, 0.0 ], [ 173866.123470121383434, 538927.462647068314254, 0.0 ], [ 173866.221590488479706, 538928.257764404872432, 0.0 ], [ 173866.147121547721326, 538928.266954256570898, 0.0 ], [ 173866.67392728003324, 538932.535650461213663, 0.0 ], [ 173866.748372514121002, 538932.526463533286005, 0.0 ], [ 173866.84621143800905, 538933.319300346425734, 0.0 ], [ 173866.771772223029984, 538933.328486069338396, 0.0 ], [ 173866.943390044441912, 538934.71910181408748, 0.0 ], [ 173868.680213791609276, 538934.504757979651913, 0.0 ], [ 173868.716958445496857, 538934.802499176817946, 0.0 ], [ 173870.478593959822319, 538934.585093289613724, 0.0 ], [ 173870.325491231313208, 538933.344504970009439, 0.0 ], [ 173870.648044213827234, 538933.304698260035366, 0.0 ] ] ] ] } },
{ "type": "Feature", "properties": { "H_SHMRS": 3.25, "Z_MIN": 44.5, "Z_MAX": 48.75, "no": null, "provinsi": "Bali", "kabupaten": "Kota Denpasar", "kecamatan": "Denpasar Selatan", "desa_kelur": "Sanur", "id": 8323.0, "nogambarde": "GD.00189/2019", "nohmsrs": "22090301700189", "unit": null, "lantai": "3", "lantaim2": 33.021279737699999, "fungsi": "No. Unit 03A2-01", "penggunaan": "Tanah Perumahan", "alamat": null, "nibtanahbe": "01530", "nibunit": "8323", "building": "00003", "Keterangan": "Ruang Khusus" }, "geometry": { "type": "MultiPolygon", "coordinates": [ [ [ [ 173874.488243793253787, 538932.376267324201763, 0.0 ], [ 173874.390396779199364, 538931.583348899497651, 0.0 ], [ 173874.464822263165843, 538931.574164408491924, 0.0 ], [ 173873.938018577347975, 538927.305484780343249, 0.0 ], [ 173873.863612803368596, 538927.314633989939466, 0.0 ], [ 173873.765500376030104, 538926.519580992171541, 0.0 ], [ 173873.839896083227359, 538926.510400176630355, 0.0 ], [ 173873.687062479322776, 538925.271992577356286, 0.0 ], [ 173869.866050237877062, 538925.743549006991088, 0.0 ], [ 173870.796914819191443, 538933.286325930035673, 0.0 ], [ 173871.119467803509906, 538933.246519219479524, 0.0 ], [ 173871.272570529894438, 538934.487107537337579, 0.0 ], [ 173873.034206045384053, 538934.26970164955128, 0.0 ], [ 173872.997461389371892, 538933.971960454247892, 0.0 ], [ 173874.734285134531092, 538933.757616621209309, 0.0 ], [ 173874.562677250796696, 538932.367081388598308, 0.0 ], [ 173874.488243793253787, 538932.376267324201763, 0.0 ] ] ] ] } },
{ "type": "Feature", "properties": { "H_SHMRS": 3.25, "Z_MIN": 44.5, "Z_MAX": 48.75, "no": null, "provinsi": "Bali", "kabupaten": "Kota Denpasar", "kecamatan": "Denpasar Selatan", "desa_kelur": "Sanur", "id": 8322.0, "nogambarde": "GD.00188/2019", "nohmsrs": "22090301700188", "unit": null, "lantai": "3", "lantaim2": 35.4080411216, "fungsi": "No. Unit 03A1-10", "penggunaan": "Tanah Perumahan", "alamat": null, "nibtanahbe": "01530", "nibunit": "8322", "building": "00003", "Keterangan": "Ruang Khusus" }, "geometry": { "type": "MultiPolygon", "coordinates": [ [ [ [ 173887.850551324314438, 538938.586365555413067, 0.0 ], [ 173887.752460841846187, 538937.791490379022434, 0.0 ], [ 173887.826934929093113, 538937.782299890066497, 0.0 ], [ 173887.600470343779307, 538935.947261909488589, 0.0 ], [ 173886.354919599776622, 538936.100977058289573, 0.0 ], [ 173886.391664285736624, 538936.398718500975519, 0.0 ], [ 173884.560555493400898, 538936.62469786813017, 0.0 ], [ 173884.523810845217668, 538936.326956735108979, 0.0 ], [ 173882.403943088807864, 538936.588492684182711, 0.0 ], [ 173882.514144038956147, 538937.481720264768228, 0.0 ], [ 173881.904740941216005, 538937.556927449884824, 0.0 ], [ 173882.020976879313821, 538938.498785154893994, 0.0 ], [ 173882.095373509975616, 538938.489604227128439, 0.0 ], [ 173882.192877882451285, 538939.284588748705573, 0.0 ], [ 173882.119077936600661, 538939.29369604436215, 0.0 ], [ 173882.18032584345201, 538939.789986601448618, 0.0 ], [ 173884.164301976794377, 538939.545141355367377, 0.0 ], [ 173884.569337842811365, 538942.819197942269966, 0.0 ], [ 173884.643706524191657, 538942.810020462027751, 0.0 ], [ 173884.766182629449759, 538943.802491865004413, 0.0 ], [ 173884.691819960949942, 538943.811668604263104, 0.0 ], [ 173884.747067168122157, 538944.259335062582977, 0.0 ], [ 173888.492977392103057, 538943.797047074884176, 0.0 ], [ 173888.481025313900318, 538943.697629087837413, 0.0 ], [ 173888.555814832536271, 538943.688399560982361, 0.0 ], [ 173887.925031489168759, 538938.577174317208119, 0.0 ], [ 173887.850551324314438, 538938.586365555413067, 0.0 ] ] ] ] } },
{ "type": "Feature", "properties": { "H_SHMRS": 3.25, "Z_MIN": 44.5, "Z_MAX": 48.75, "no": null, "provinsi": "Bali", "kabupaten": "Kota Denpasar", "kecamatan": "Denpasar Selatan", "desa_kelur": "Sanur", "id": 8321.0, "nogambarde": "GD.00187/2019", "nohmsrs": "22090301700187", "unit": null, "lantai": "3", "lantaim2": 33.021234055400001, "fungsi": "No. Unit 03A1-11", "penggunaan": "Tanah Perumahan", "alamat": null, "nibtanahbe": "01530", "nibunit": "8321", "building": "00003", "Keterangan": "Ruang Khusus" }, "geometry": { "type": "MultiPolygon", "coordinates": [ [ [ [ 173887.164715775666991, 538932.424028198933229, 0.0 ], [ 173886.233851214579772, 538924.881251442362554, 0.0 ], [ 173882.412838972988538, 538925.352807873860002, 0.0 ], [ 173882.547436500841286, 538926.443448933190666, 0.0 ], [ 173882.621873647411121, 538926.434262541588396, 0.0 ], [ 173882.720010515186004, 538927.229252512915991, 0.0 ], [ 173882.645547651336528, 538927.238441615481861, 0.0 ], [ 173883.172221029613866, 538931.506065348046832, 0.0 ], [ 173883.24665823232499, 538931.496879412210546, 0.0 ], [ 173883.344516960525652, 538932.289860570803285, 0.0 ], [ 173883.27008387260139, 538932.299046000349335, 0.0 ], [ 173883.460061607416719, 538933.838431751471944, 0.0 ], [ 173885.196885353769176, 538933.624087917734869, 0.0 ], [ 173885.233630009373883, 538933.921829114668071, 0.0 ], [ 173886.995265523670241, 538933.70442322792951, 0.0 ], [ 173886.842162794113392, 538932.463834908907302, 0.0 ], [ 173887.164715775666991, 538932.424028198933229, 0.0 ] ] ] ] } },
{ "type": "Feature", "properties": { "H_SHMRS": 3.25, "Z_MIN": 44.5, "Z_MAX": 48.75, "no": null, "provinsi": "Bali", "kabupaten": "Kota Denpasar", "kecamatan": "Denpasar Selatan", "desa_kelur": "Sanur", "id": 8320.0, "nogambarde": "GD.00186/2019", "nohmsrs": "22090301700186", "unit": null, "lantai": "3", "lantaim2": 35.481187378500003, "fungsi": "No. Unit 03A1-08", "penggunaan": "Tanah Perumahan", "alamat": null, "nibtanahbe": "01530", "nibunit": "8320", "building": "00003", "Keterangan": "Ruang Khusus" }, "geometry": { "type": "MultiPolygon", "coordinates": [ [ [ [ 173892.525697578355903, 538943.198469426017255, 0.0 ], [ 173891.895081918191863, 538938.087226213072427, 0.0 ], [ 173891.820434334018501, 538938.096438109525479, 0.0 ], [ 173891.722346689086407, 538937.301585923880339, 0.0 ], [ 173891.796820780000417, 538937.292395434807986, 0.0 ], [ 173891.723455957049737, 538936.697921758168377, 0.0 ], [ 173891.400902959168889, 538936.737728352192789, 0.0 ], [ 173891.382530610746471, 538936.588857568684034, 0.0 ], [ 173891.247800208686385, 538935.497139850631356, 0.0 ], [ 173889.486164710513549, 538935.714545858441852, 0.0 ], [ 173889.522909348539542, 538936.012286933604628, 0.0 ], [ 173887.78608560320572, 538936.226630765129812, 0.0 ], [ 173887.975805484515149, 538937.763928493019193, 0.0 ], [ 173888.050202280282974, 538937.754747544182464, 0.0 ], [ 173888.148292762693018, 538938.549622724181972, 0.0 ], [ 173888.073902198550059, 538938.558802902931347, 0.0 ], [ 173888.704685448610689, 538943.670026768697426, 0.0 ], [ 173888.779047141317278, 538943.660850150743499, 0.0 ], [ 173888.876915999513585, 538944.453929525450803, 0.0 ], [ 173888.802560387266567, 538944.463105390663259, 0.0 ], [ 173888.914405275369063, 538945.377330767805688, 0.0 ], [ 173892.735417515446898, 538944.905774337123148, 0.0 ], [ 173892.623575507110218, 538943.991572354687378, 0.0 ], [ 173892.549060408142395, 538944.000767904217355, 0.0 ], [ 173892.451188551378436, 538943.207664227113128, 0.0 ], [ 173892.525697578355903, 538943.198469426017255, 0.0 ] ] ] ] } },
{ "type": "Feature", "properties": { "H_SHMRS": 3.25, "Z_MIN": 44.5, "Z_MAX": 48.75, "no": null, "provinsi": "Bali", "kabupaten": "Kota Denpasar", "kecamatan": "Denpasar Selatan", "desa_kelur": "Sanur", "id": 8319.0, "nogambarde": null, "nohmsrs": null, "unit": null, "lantai": "3", "lantaim2": 33.021272537599998, "fungsi": null, "penggunaan": "Tanah Perumahan", "alamat": null, "nibtanahbe": "01530", "nibunit": "8319", "building": "00003", "Keterangan": "Ruang Umum" }, "geometry": { "type": "MultiPolygon", "coordinates": [ [ [ [ 173890.963116184691899, 538930.544580695335753, 0.0 ], [ 173890.436442800011719, 538926.276956881163642, 0.0 ], [ 173890.362034939666046, 538926.286139196017757, 0.0 ], [ 173890.263938188290922, 538925.491213209577836, 0.0 ], [ 173890.3383399710292, 538925.482031642692164, 0.0 ], [ 173890.203734060458373, 538924.391322683659382, 0.0 ], [ 173886.382721820729785, 538924.8628791134106, 0.0 ], [ 173887.313586382981157, 538932.405655869049951, 0.0 ], [ 173887.636139363545226, 538932.365849156747572, 0.0 ], [ 173887.789242093800567, 538933.606437476351857, 0.0 ], [ 173889.550877606467111, 538933.389031588914804, 0.0 ], [ 173889.514132951531792, 538933.091290391981602, 0.0 ], [ 173891.250956698699156, 538932.876946559525095, 0.0 ], [ 173891.060984849144006, 538931.337608505622484, 0.0 ], [ 173890.986547217617044, 538931.346794493962079, 0.0 ], [ 173890.888684630801436, 538930.55376593361143, 0.0 ], [ 173890.963116184691899, 538930.544580695335753, 0.0 ] ] ] ] } },
{ "type": "Feature", "properties": { "H_SHMRS": 3.25, "Z_MIN": 44.5, "Z_MAX": 48.75, "no": null, "provinsi": "Bali", "kabupaten": "Kota Denpasar", "kecamatan": "Denpasar Selatan", "desa_kelur": "Sanur", "id": 8318.0, "nogambarde": "GD.00184/2019", "nohmsrs": "22090301700184", "unit": null, "lantai": "3", "lantaim2": 35.597293157499998, "fungsi": "No. Unit 03A1-07", "penggunaan": "Tanah Perumahan", "alamat": null, "nibtanahbe": "01530", "nibunit": "8318", "building": "00003", "Keterangan": "Ruang Khusus" }, "geometry": { "type": "MultiPolygon", "coordinates": [ [ [ [ 173896.705300363129936, 538944.415845579002053, 0.0 ], [ 173895.576980708370684, 538935.26514569693245, 0.0 ], [ 173893.840156962251058, 538935.479489531251602, 0.0 ], [ 173893.80341230815975, 538935.181748342118226, 0.0 ], [ 173892.041776794882026, 538935.399154229206033, 0.0 ], [ 173892.194879523740383, 538936.639742548577487, 0.0 ], [ 173891.872159122372977, 538936.679569922620431, 0.0 ], [ 173891.945691499538952, 538937.274024017853662, 0.0 ], [ 173892.020088128163479, 538937.264843089855276, 0.0 ], [ 173892.118175773008261, 538938.059695276315324, 0.0 ], [ 173892.043785219255369, 538938.068875455996022, 0.0 ], [ 173892.674400877614971, 538943.180118669988587, 0.0 ], [ 173892.748929989640601, 538943.170921392738819, 0.0 ], [ 173892.846801846317248, 538943.964025068562478, 0.0 ], [ 173892.772446233197115, 538943.97320093633607, 0.0 ], [ 173892.88428811650374, 538944.887402009451762, 0.0 ], [ 173896.705300363129936, 538944.415845579002053, 0.0 ] ] ] ] } },
{ "type": "Feature", "properties": { "H_SHMRS": 3.25, "Z_MIN": 44.5, "Z_MAX": 48.75, "no": null, "provinsi": "Bali", "kabupaten": "Kota Denpasar", "kecamatan": "Denpasar Selatan", "desa_kelur": "Sanur", "id": 8317.0, "nogambarde": "GD.00183/2019", "nohmsrs": "22090301700184", "unit": null, "lantai": "3", "lantaim2": 33.0208318623, "fungsi": "No. Unit 03A1-07", "penggunaan": "Tanah Perumahan", "alamat": null, "nibtanahbe": "01530", "nibunit": "8317", "building": "00003", "Keterangan": "Ruang Khusus" }, "geometry": { "type": "MultiPolygon", "coordinates": [ [ [ [ 173895.104481473739725, 538931.444170678849332, 0.0 ], [ 173894.173616909014527, 538923.901393922860734, 0.0 ], [ 173890.353309334837832, 538924.372863391065039, 0.0 ], [ 173890.487210691353539, 538925.463660226552747, 0.0 ], [ 173890.561679626116529, 538925.454470372758806, 0.0 ], [ 173890.659776377433445, 538926.249396361643448, 0.0 ], [ 173890.585313517512986, 538926.258585464791395, 0.0 ], [ 173891.111986905889353, 538930.526209278032184, 0.0 ], [ 173891.186426067550201, 538930.517023099469952, 0.0 ], [ 173891.284288657130674, 538931.310051662032492, 0.0 ], [ 173891.209855570283253, 538931.319237088551745, 0.0 ], [ 173891.399827305402141, 538932.858574231504463, 0.0 ], [ 173893.136651050590444, 538932.644230399630032, 0.0 ], [ 173893.173395705613075, 538932.941971596563235, 0.0 ], [ 173894.935031220258679, 538932.724565709009767, 0.0 ], [ 173894.781928492215229, 538931.483977389871143, 0.0 ], [ 173895.104481473739725, 538931.444170678849332, 0.0 ] ] ] ] } },
{ "type": "Feature", "properties": { "H_SHMRS": 3.25, "Z_MIN": 44.5, "Z_MAX": 48.75, "no": null, "provinsi": "Bali", "kabupaten": "Kota Denpasar", "kecamatan": "Denpasar Selatan", "desa_kelur": "Sanur", "id": 8316.0, "nogambarde": "GD.00182/2019", "nohmsrs": "22090301700182", "unit": null, "lantai": "3", "lantaim2": 35.605457641800001, "fungsi": "No. Unit 03A1-06", "penggunaan": "Tanah Perumahan", "alamat": null, "nibtanahbe": "01530", "nibunit": "8316", "building": "00003", "Keterangan": "Ruang Khusus" }, "geometry": { "type": "MultiPolygon", "coordinates": [ [ [ [ 173899.73659247305477, 538936.312586527084932, 0.0 ], [ 173899.663221628637984, 538935.718064060318284, 0.0 ], [ 173899.34066865031491, 538935.757870777626522, 0.0 ], [ 173899.187565920874476, 538934.517282452317886, 0.0 ], [ 173897.425930405617692, 538934.734688339638524, 0.0 ], [ 173897.462675059796311, 538935.032429534941912, 0.0 ], [ 173895.725851312832674, 538935.246773368329741, 0.0 ], [ 173896.853405052301241, 538944.397567771957256, 0.0 ], [ 173900.675183210696559, 538943.925916818203405, 0.0 ], [ 173900.563347206363687, 538943.011763445101678, 0.0 ], [ 173900.488832102884771, 538943.020958993118256, 0.0 ], [ 173900.390021090657683, 538942.227922099642456, 0.0 ], [ 173900.464530119323172, 538942.218727299943566, 0.0 ], [ 173899.834680191765074, 538937.107389330514707, 0.0 ], [ 173899.760200027114479, 538937.116580568253994, 0.0 ], [ 173899.662118383217603, 538936.321777014294639, 0.0 ], [ 173899.73659247305477, 538936.312586527084932, 0.0 ] ] ] ] } },
{ "type": "Feature", "properties": { "H_SHMRS": 3.25, "Z_MIN": 44.5, "Z_MAX": 48.75, "no": null, "provinsi": "Bali", "kabupaten": "Kota Denpasar", "kecamatan": "Denpasar Selatan", "desa_kelur": "Sanur", "id": 8315.0, "nogambarde": "GD.00181/2019", "nohmsrs": "22090301700181", "unit": null, "lantai": "3", "lantaim2": 33.02127259, "fungsi": "No. Unit 03A1-05", "penggunaan": "Tanah Perumahan", "alamat": null, "nibtanahbe": "01530", "nibunit": "8315", "building": "00003", "Keterangan": "Ruang Khusus" }, "geometry": { "type": "MultiPolygon", "coordinates": [ [ [ [ 173898.30180046588066, 538925.306280308752321, 0.0 ], [ 173898.203709882684052, 538924.511404298362322, 0.0 ], [ 173898.278111667139456, 538924.502222732990049, 0.0 ], [ 173898.143499757425161, 538923.411465163575485, 0.0 ], [ 173894.322487518598791, 538923.883021592977457, 0.0 ], [ 173895.253352078871103, 538931.425798349431716, 0.0 ], [ 173895.575905182573479, 538931.385991645860486, 0.0 ], [ 173895.729007911257213, 538932.62657996523194, 0.0 ], [ 173897.490643427066971, 538932.409174077678472, 0.0 ], [ 173897.453898769948864, 538932.11143288272433, 0.0 ], [ 173899.190722395549528, 538931.897089039091952, 0.0 ], [ 173899.00075654569082, 538930.357799596968107, 0.0 ], [ 173898.926318912475836, 538930.366985585424118, 0.0 ], [ 173898.828450325905578, 538929.573908415390179, 0.0 ], [ 173898.902881881513167, 538929.564723174786195, 0.0 ], [ 173898.376208327943459, 538925.297097991220653, 0.0 ], [ 173898.30180046588066, 538925.306280308752321, 0.0 ] ] ] ] } },
{ "type": "Feature", "properties": { "H_SHMRS": 3.25, "Z_MIN": 44.5, "Z_MAX": 48.75, "no": null, "provinsi": "Bali", "kabupaten": "Kota Denpasar", "kecamatan": "Denpasar Selatan", "desa_kelur": "Sanur", "id": 8311.0, "nogambarde": "GD.00179/2019", "nohmsrs": "22090301700179", "unit": null, "lantai": "3", "lantaim2": 33.020798037299997, "fungsi": "No. Unit 03A1-03", "penggunaan": "Tanah Perumahan", "alamat": null, "nibtanahbe": "01530", "nibunit": "8311", "building": "00003", "Keterangan": "Ruang Khusus" }, "geometry": { "type": "MultiPolygon", "coordinates": [ [ [ [ 173903.04424716567155, 538930.464313158765435, 0.0 ], [ 173902.11338260571938, 538922.92153640370816, 0.0 ], [ 173898.293136284744833, 538923.392998311668634, 0.0 ], [ 173898.426982382457936, 538924.483851317083463, 0.0 ], [ 173898.501451321761124, 538924.474661462940276, 0.0 ], [ 173898.599541904928628, 538925.269537474261597, 0.0 ], [ 173898.52507904326194, 538925.278726576012559, 0.0 ], [ 173899.051752597733866, 538929.546351758530363, 0.0 ], [ 173899.126191763934912, 538929.537165580666624, 0.0 ], [ 173899.224060350417858, 538930.330242751166224, 0.0 ], [ 173899.149627261853311, 538930.339428180828691, 0.0 ], [ 173899.339593000069726, 538931.878716712002642, 0.0 ], [ 173901.076416744093876, 538931.664372879313305, 0.0 ], [ 173901.113161401299294, 538931.962114076828584, 0.0 ], [ 173902.874796913500177, 538931.744708188809454, 0.0 ], [ 173902.721694184205262, 538930.504119870252907, 0.0 ], [ 173903.04424716567155, 538930.464313158765435, 0.0 ] ] ] ] } },
{ "type": "Feature", "properties": { "H_SHMRS": 3.25, "Z_MIN": 44.5, "Z_MAX": 48.75, "no": null, "provinsi": "Bali", "kabupaten": "Kota Denpasar", "kecamatan": "Denpasar Selatan", "desa_kelur": "Sanur", "id": 8309.0, "nogambarde": "GD.00177/2019", "nohmsrs": "22090301700177", "unit": null, "lantai": "3", "lantaim2": 32.8312872005, "fungsi": "No. Unit 03A1-01", "penggunaan": "Tanah Perumahan", "alamat": null, "nibtanahbe": "01530", "nibunit": "8309", "building": "00003", "Keterangan": "Ruang Khusus" }, "geometry": { "type": "MultiPolygon", "coordinates": [ [ [ [ 173906.271539131004829, 538924.528416405781172, 0.0 ], [ 173906.14905694880872, 538923.535945749026723, 0.0 ], [ 173906.223407349432819, 538923.526633020723239, 0.0 ], [ 173906.083265453897184, 538922.43160764570348, 0.0 ], [ 173902.262349206401268, 538922.903152227867395, 0.0 ], [ 173903.1986931443098, 538930.450291190296412, 0.0 ], [ 173903.521246127609629, 538930.410484478925355, 0.0 ], [ 173903.674348854954587, 538931.651072797831148, 0.0 ], [ 173905.435984368465142, 538931.433666911441833, 0.0 ], [ 173905.399239714664873, 538931.135925713926554, 0.0 ], [ 173907.136063462443417, 538930.92158188065514, 0.0 ], [ 173906.946068941149861, 538929.382345327408984, 0.0 ], [ 173906.871665977145312, 538929.391527037601918, 0.0 ], [ 173906.749134740646696, 538928.398925394983962, 0.0 ], [ 173906.774001657671761, 538928.395993729121983, 0.0 ], [ 173906.29628265806241, 538924.525362824555486, 0.0 ], [ 173906.271539131004829, 538924.528416405781172, 0.0 ] ] ] ] } },
{ "type": "Feature", "properties": { "H_SHMRS": 3.25, "Z_MIN": 44.5, "Z_MAX": 48.75, "no": null, "provinsi": "Bali", "kabupaten": "Kota Denpasar", "kecamatan": "Denpasar Selatan", "desa_kelur": "Sanur", "id": 8372.0, "nogambarde": "GD.00223/2019", "nohmsrs": "22090301700223", "unit": null, "lantai": "3", "lantaim2": 45.575063420299998, "fungsi": "No. Unit 03B2-08", "penggunaan": "Tanah Perumahan", "alamat": null, "nibtanahbe": "01530", "nibunit": "8372", "building": "00003", "Keterangan": "Ruang Khusus" }, "geometry": { "type": "MultiPolygon", "coordinates": [ [ [ [ 173843.477965367666911, 538995.031533080153167, 0.0 ], [ 173843.355476117489161, 538994.039005153812468, 0.0 ], [ 173843.379935858043609, 538994.035986391943879, 0.0 ], [ 173842.712409678730182, 538988.627026149304584, 0.0 ], [ 173842.687902078963816, 538988.630050818086602, 0.0 ], [ 173842.589911472226959, 538987.836074894643389, 0.0 ], [ 173842.614409618370701, 538987.833051391062327, 0.0 ], [ 173842.51041825991706, 538986.990303653175943, 0.0 ], [ 173837.696999540814431, 538987.584864814067259, 0.0 ], [ 173837.800943146663485, 538988.427117739687674, 0.0 ], [ 173837.826055654819356, 538988.424018571036868, 0.0 ], [ 173837.924046262487536, 538989.21799449424725, 0.0 ], [ 173837.902742625388782, 538989.22062390204519, 0.0 ], [ 173838.872764251951594, 538997.112060474581085, 0.0 ], [ 173839.517933621100383, 538997.0329643181758, 0.0 ], [ 173839.481189143960364, 538996.735223050229251, 0.0 ], [ 173841.242824656976154, 538996.517817182233557, 0.0 ], [ 173841.279569306003395, 538996.815558459493332, 0.0 ], [ 173843.274435662373435, 538996.569369104807265, 0.0 ], [ 173843.182401794998441, 538995.825037101632915, 0.0 ], [ 173843.164029468374792, 538995.676166504388675, 0.0 ], [ 173843.576076784986071, 538995.625315218116157, 0.0 ], [ 173843.502424781094305, 538995.028514509671368, 0.0 ], [ 173843.477965367666911, 538995.031533080153167, 0.0 ] ] ] ] } },
{ "type": "Feature", "properties": { "H_SHMRS": 3.25, "Z_MIN": 44.5, "Z_MAX": 48.75, "no": null, "provinsi": "Bali", "kabupaten": "Kota Denpasar", "kecamatan": "Denpasar Selatan", "desa_kelur": "Sanur", "id": 8388.0, "nogambarde": "GD.00236/2019", "nohmsrs": "22090301700236", "unit": null, "lantai": "3", "lantaim2": 45.908773067699997, "fungsi": "No. Unit 03B1-08", "penggunaan": "Tanah Perumahan", "alamat": null, "nibtanahbe": "01530", "nibunit": "8388", "building": "00003", "Keterangan": "Ruang Khusus" }, "geometry": { "type": "MultiPolygon", "coordinates": [ [ [ [ 173879.569250801956514, 538985.326726795872673, 0.0 ], [ 173879.459016838460229, 538984.433503206819296, 0.0 ], [ 173879.480545629572589, 538984.430846176459454, 0.0 ], [ 173878.825266278261552, 538979.121130812796764, 0.0 ], [ 173878.803725880658021, 538979.123789143166505, 0.0 ], [ 173878.681237639597384, 538978.131319371284917, 0.0 ], [ 173878.702784096210962, 538978.128660158370622, 0.0 ], [ 173878.496780241694069, 538976.459415275137872, 0.0 ], [ 173873.683297288196627, 538977.053453896660358, 0.0 ], [ 173873.889298348571174, 538978.722728759399615, 0.0 ], [ 173873.917368341441033, 538978.719264428364113, 0.0 ], [ 173874.015358947537607, 538979.513240351807326, 0.0 ], [ 173873.987290502613178, 538979.516704494017176, 0.0 ], [ 173874.667066325055202, 538985.024914266425185, 0.0 ], [ 173874.695155553228687, 538985.021447559935041, 0.0 ], [ 173874.785560714779422, 538985.753961867303587, 0.0 ], [ 173875.169329177442705, 538985.706600134377368, 0.0 ], [ 173875.279563187679742, 538986.599824092234485, 0.0 ], [ 173877.274441210087389, 538986.353623623610474, 0.0 ], [ 173877.237696532014525, 538986.055882353102788, 0.0 ], [ 173878.999331751605496, 538985.838476389530115, 0.0 ], [ 173879.036076874588616, 538986.136219848878682, 0.0 ], [ 173879.681181989144534, 538986.056600770796649, 0.0 ], [ 173879.590779593505431, 538985.324069763650186, 0.0 ], [ 173879.569250801956514, 538985.326726795872673, 0.0 ] ] ] ] } },
{ "type": "Feature", "properties": { "H_SHMRS": 3.25, "Z_MIN": 44.5, "Z_MAX": 48.75, "no": null, "provinsi": "Bali", "kabupaten": "Kota Denpasar", "kecamatan": "Denpasar Selatan", "desa_kelur": "Sanur", "id": 8362.0, "nogambarde": "GD.00218/2019", "nohmsrs": "22090301700218", "unit": null, "lantai": "3", "lantaim2": 45.993329149099999, "fungsi": "No. Unit 03D-02B", "penggunaan": "Tanah Perumahan", "alamat": null, "nibtanahbe": "01530", "nibunit": "8362", "building": "00003", "Keterangan": "Ruang Khusus" }, "geometry": { "type": "MultiPolygon", "coordinates": [ [ [ [ 173830.334292673127493, 538981.02377802983392, 0.0 ], [ 173829.740254085772904, 538976.210295353317633, 0.0 ], [ 173820.143064568343107, 538977.394698103773408, 0.0 ], [ 173820.222677432582714, 538978.039803667110391, 0.0 ], [ 173820.520419315376785, 538978.003059114562348, 0.0 ], [ 173820.737825076561421, 538979.76469452213496, 0.0 ], [ 173820.440083777793916, 538979.801439189701341, 0.0 ], [ 173820.686251851642737, 538981.796133235213347, 0.0 ], [ 173821.579475779639324, 538981.685899230418727, 0.0 ], [ 173821.630327037419192, 538982.097946525318548, 0.0 ], [ 173830.334292673127493, 538981.02377802983392, 0.0 ] ] ] ] } },
{ "type": "Feature", "properties": { "H_SHMRS": 3.25, "Z_MIN": 44.5, "Z_MAX": 48.75, "no": null, "provinsi": "Bali", "kabupaten": "Kota Denpasar", "kecamatan": "Denpasar Selatan", "desa_kelur": "Sanur", "id": 8360.0, "nogambarde": "GD.00217/2019", "nohmsrs": "22090301700217", "unit": null, "lantai": "3", "lantaim2": 45.993329083799999, "fungsi": "No. Unit 03D-06", "penggunaan": "Tanah Perumahan", "alamat": null, "nibtanahbe": "01530", "nibunit": "8360", "building": "00003", "Keterangan": "Ruang Khusus" }, "geometry": { "type": "MultiPolygon", "coordinates": [ [ [ [ 173829.721881758741802, 538976.061424756189808, 0.0 ], [ 173829.12784317182377, 538971.247942080604844, 0.0 ], [ 173820.423877536639338, 538972.322110576438718, 0.0 ], [ 173820.474728934234008, 538972.734157854458317, 0.0 ], [ 173819.581505006033694, 538972.844391861814074, 0.0 ], [ 173819.827672865329077, 538974.839085933403112, 0.0 ], [ 173820.125414163107052, 538974.802341252448969, 0.0 ], [ 173820.342820057965582, 538976.563976658158936, 0.0 ], [ 173820.045078907569405, 538976.600721213151701, 0.0 ], [ 173820.124692123878049, 538977.24582701374311, 0.0 ], [ 173829.721881758741802, 538976.061424756189808, 0.0 ] ] ] ] } },
{ "type": "Feature", "properties": { "H_SHMRS": 3.25, "Z_MIN": 44.5, "Z_MAX": 48.75, "no": null, "provinsi": "Bali", "kabupaten": "Kota Denpasar", "kecamatan": "Denpasar Selatan", "desa_kelur": "Sanur", "id": 8356.0, "nogambarde": "GD.00215/2019", "nohmsrs": "22090301700215", "unit": null, "lantai": "3", "lantaim2": 45.993329083799999, "fungsi": "No. Unit 03D-08A", "penggunaan": "Tanah Perumahan", "alamat": null, "nibtanahbe": "01530", "nibunit": "8356", "building": "00003", "Keterangan": "Ruang Khusus" }, "geometry": { "type": "MultiPolygon", "coordinates": [ [ [ [ 173828.497059931891272, 538966.136718210182153, 0.0 ], [ 173827.903021343081491, 538961.323235534364358, 0.0 ], [ 173819.199055708013475, 538962.397404030198231, 0.0 ], [ 173819.249907106655883, 538962.80945130973123, 0.0 ], [ 173818.356683179037645, 538962.919685315340757, 0.0 ], [ 173818.602851039584493, 538964.914379388443194, 0.0 ], [ 173818.9005923353252, 538964.877634707139805, 0.0 ], [ 173819.117998227098724, 538966.63927011215128, 0.0 ], [ 173818.820257078739814, 538966.676014666329138, 0.0 ], [ 173818.899870294902939, 538967.321120467502624, 0.0 ], [ 173828.497059931891272, 538966.136718210182153, 0.0 ] ] ] ] } },
{ "type": "Feature", "properties": { "H_SHMRS": 3.25, "Z_MIN": 44.5, "Z_MAX": 48.75, "no": null, "provinsi": "Bali", "kabupaten": "Kota Denpasar", "kecamatan": "Denpasar Selatan", "desa_kelur": "Sanur", "id": 8352.0, "nogambarde": "GD.00214/2019", "nohmsrs": "22090301700214", "unit": null, "lantai": "3", "lantaim2": 45.993329149099999, "fungsi": "No. Unit 03D-10", "penggunaan": "Tanah Perumahan", "alamat": null, "nibtanahbe": "01530", "nibunit": "8352", "building": "00003", "Keterangan": "Ruang Khusus" }, "geometry": { "type": "MultiPolygon", "coordinates": [ [ [ [ 173827.884649016632466, 538961.174364937585779, 0.0 ], [ 173827.290610431082314, 538956.360882260953076, 0.0 ], [ 173817.693420912168222, 538957.545285012107342, 0.0 ], [ 173817.77303377611679, 538958.190390574396588, 0.0 ], [ 173818.07077566042426, 538958.153646022081375, 0.0 ], [ 173818.288181420997716, 538959.915281429304741, 0.0 ], [ 173817.990440120716812, 538959.952026098617353, 0.0 ], [ 173818.236608194303699, 538961.946720144129358, 0.0 ], [ 173819.12983212119434, 538961.836486136890016, 0.0 ], [ 173819.180683381127892, 538962.248533433070406, 0.0 ], [ 173827.884649016632466, 538961.174364937585779, 0.0 ] ] ] ] } },
{ "type": "Feature", "properties": { "H_SHMRS": 3.25, "Z_MIN": 44.5, "Z_MAX": 48.75, "no": null, "provinsi": "Bali", "kabupaten": "Kota Denpasar", "kecamatan": "Denpasar Selatan", "desa_kelur": "Sanur", "id": 8350.0, "nogambarde": "GD.00213/2019", "nohmsrs": "22090301700213", "unit": null, "lantai": "3", "lantaim2": 51.993626290500004, "fungsi": "No. Unit 03D-12", "penggunaan": "Tanah Perumahan", "alamat": null, "nibtanahbe": "01530", "nibunit": "8350", "building": "00003", "Keterangan": "Ruang Khusus" }, "geometry": { "type": "MultiPolygon", "coordinates": [ [ [ [ 173828.491769979678793, 538956.051559339743108, 0.0 ], [ 173827.903854348725872, 538951.287698797881603, 0.0 ], [ 173827.895992593694245, 538951.223995155189186, 0.0 ], [ 173825.092737389408285, 538951.569948776159436, 0.0 ], [ 173825.097269311372656, 538951.606670855777338, 0.0 ], [ 173824.029333122132812, 538951.738466346054338, 0.0 ], [ 173824.024730312579777, 538951.701169852050953, 0.0 ], [ 173818.615931436070241, 538952.369779474334791, 0.0 ], [ 173818.620400258543668, 538952.405990269035101, 0.0 ], [ 173817.97585168335354, 538952.485535080544651, 0.0 ], [ 173818.023883824032964, 538952.874737870297395, 0.0 ], [ 173817.130626774567645, 538952.984976151376031, 0.0 ], [ 173817.294147678796435, 538954.309982317849062, 0.0 ], [ 173817.591888558876235, 538954.273237720248289, 0.0 ], [ 173817.827094376581954, 538956.179102944559418, 0.0 ], [ 173817.529353138903389, 538956.21584741701372, 0.0 ], [ 173817.673839219613001, 538957.386615208233707, 0.0 ], [ 173828.491769979678793, 538956.051559339743108, 0.0 ] ] ] ] } },
{ "type": "Feature", "properties": { "H_SHMRS": 3.25, "Z_MIN": 44.5, "Z_MAX": 48.75, "no": null, "provinsi": "Bali", "kabupaten": "Kota Denpasar", "kecamatan": "Denpasar Selatan", "desa_kelur": "Sanur", "id": 8348.0, "nogambarde": "GD.00211/2019", "nohmsrs": "22090301700211", "unit": null, "lantai": "3", "lantaim2": 35.590001039800001, "fungsi": "No. Unit 03A3-08", "penggunaan": "Tanah Perumahan", "alamat": null, "nibtanahbe": "01530", "nibunit": "8348", "building": "00003", "Keterangan": "Ruang Khusus" }, "geometry": { "type": "MultiPolygon", "coordinates": [ [ [ [ 173832.195496133819688, 538952.377089146175422, 0.0 ], [ 173831.065095280326204, 538943.225639733020216, 0.0 ], [ 173829.329264177242294, 538943.439861062797718, 0.0 ], [ 173829.292642005631933, 538943.143112346879207, 0.0 ], [ 173827.531006491859443, 538943.360518233035691, 0.0 ], [ 173827.684109221037943, 538944.601106551941484, 0.0 ], [ 173827.361388819816057, 538944.640933925751597, 0.0 ], [ 173827.434705011488404, 538945.235013547237031, 0.0 ], [ 173827.509269006521208, 538945.225811501266435, 0.0 ], [ 173827.607405259041116, 538946.021057558828034, 0.0 ], [ 173827.532847283175215, 538946.03025840013288, 0.0 ], [ 173828.151653605804313, 538951.042257127002813, 0.0 ], [ 173828.226024806645, 538951.033078874344938, 0.0 ], [ 173828.335982782067731, 538951.92499393876642, 0.0 ], [ 173828.262407407455612, 538951.93407351966016, 0.0 ], [ 173828.375264130736468, 538952.848549285670742, 0.0 ], [ 173832.195496133819688, 538952.377089146175422, 0.0 ] ] ] ] } },
{ "type": "Feature", "properties": { "H_SHMRS": 3.25, "Z_MIN": 44.5, "Z_MAX": 48.75, "no": null, "provinsi": "Bali", "kabupaten": "Kota Denpasar", "kecamatan": "Denpasar Selatan", "desa_kelur": "Sanur", "id": 8312.0, "nogambarde": "GD.00180/2019", "nohmsrs": "22090301700180", "unit": null, "lantai": "3", "lantaim2": 35.484448431799997, "fungsi": "No. Unit 03A1-02A", "penggunaan": "Tanah Perumahan", "alamat": null, "nibtanahbe": "01530", "nibunit": "8312", "building": "00003", "Keterangan": "Ruang Khusus" }, "geometry": { "type": "MultiPolygon", "coordinates": [ [ [ [ 173903.706478485983098, 538935.822682051220909, 0.0 ], [ 173903.516746701003285, 538934.285290588857606, 0.0 ], [ 173901.779922969959443, 538934.499634540756233, 0.0 ], [ 173901.743178433447611, 538934.201894304831512, 0.0 ], [ 173899.981542919849744, 538934.419300192501396, 0.0 ], [ 173900.11627318765386, 538935.511016832431778, 0.0 ], [ 173900.134645524609368, 538935.659887509071268, 0.0 ], [ 173899.812092533364194, 538935.699694142094813, 0.0 ], [ 173899.885463193204487, 538936.29421510908287, 0.0 ], [ 173899.959859823517036, 538936.285034179920331, 0.0 ], [ 173900.057350857445272, 538937.079910618136637, 0.0 ], [ 173899.983383490645792, 538937.089038573554717, 0.0 ], [ 173900.613400837697554, 538942.20035588205792, 0.0 ], [ 173900.687762530171312, 538942.191179265151732, 0.0 ], [ 173900.785982935136417, 538942.984289042185992, 0.0 ], [ 173900.712217924708966, 538942.993392028729431, 0.0 ], [ 173900.824053817952517, 538943.907544491114095, 0.0 ], [ 173904.645066058146767, 538943.435988059267402, 0.0 ], [ 173904.533233053021831, 538942.521858989610337, 0.0 ], [ 173904.458717951463768, 538942.53105453972239, 0.0 ], [ 173904.360837263637222, 538941.737879313761368, 0.0 ], [ 173904.435346290381858, 538941.728684513946064, 0.0 ], [ 173903.804562887147767, 538936.617459319182672, 0.0 ], [ 173903.730082718859194, 538936.626650554710068, 0.0 ], [ 173903.632003440492554, 538935.831872656010091, 0.0 ], [ 173903.706478485983098, 538935.822682051220909, 0.0 ] ] ] ] } },
{ "type": "Feature", "properties": { "H_SHMRS": 3.25, "Z_MIN": 44.5, "Z_MAX": 48.75, "no": null, "provinsi": "Bali", "kabupaten": "Kota Denpasar", "kecamatan": "Denpasar Selatan", "desa_kelur": "Sanur", "id": 8310.0, "nogambarde": "GD.00178/2019", "nohmsrs": "22090301700178", "unit": null, "lantai": "3", "lantaim2": 35.466482998899998, "fungsi": "No. Unit 03A1-02", "penggunaan": "Tanah Perumahan", "alamat": null, "nibtanahbe": "01530", "nibunit": "8310", "building": "00003", "Keterangan": "Ruang Khusus" }, "geometry": { "type": "MultiPolygon", "coordinates": [ [ [ [ 173909.819669077201979, 538936.378977864515036, 0.0 ], [ 173909.545004613319179, 538934.145805123029277, 0.0 ], [ 173908.933714821905596, 538934.221245337976143, 0.0 ], [ 173908.824457024253206, 538933.32798284792807, 0.0 ], [ 173906.705532159860013, 538933.589482309413143, 0.0 ], [ 173906.742276794888312, 538933.887223346275277, 0.0 ], [ 173904.900300311681349, 538934.11446268344298, 0.0 ], [ 173904.863555510208244, 538933.816721818991937, 0.0 ], [ 173903.628872653411236, 538933.969177064253017, 0.0 ], [ 173903.855349042627495, 538935.804310653591529, 0.0 ], [ 173903.929745668254327, 538935.795129724428989, 0.0 ], [ 173904.027824156917632, 538936.589907722664066, 0.0 ], [ 173903.953433606162434, 538936.59908790292684, 0.0 ], [ 173904.58421707485104, 538941.710313089308329, 0.0 ], [ 173904.658578700968064, 538941.701136480085552, 0.0 ], [ 173904.670111991203157, 538941.800605435972102, 0.0 ], [ 173908.417493774293689, 538941.338135842583142, 0.0 ], [ 173908.36226439170423, 538940.890613282332197, 0.0 ], [ 173908.287756274774438, 538940.899807970621623, 0.0 ], [ 173908.177631013822975, 538940.007416453096084, 0.0 ], [ 173908.252133055764716, 538939.998222514637746, 0.0 ], [ 173907.834726729313843, 538936.623942363075912, 0.0 ], [ 173909.819669077201979, 538936.378977864515036, 0.0 ] ] ] ] } },
{ "type": "Feature", "properties": { "H_SHMRS": 3.25, "Z_MIN": 44.5, "Z_MAX": 48.75, "no": null, "provinsi": "Bali", "kabupaten": "Kota Denpasar", "kecamatan": "Denpasar Selatan", "desa_kelur": "Sanur", "id": 8341.0, "nogambarde": "GD.00205/2019", "nohmsrs": "22090301700205", "unit": null, "lantai": "3", "lantaim2": 33.020709730999997, "fungsi": "No. Unit 03A3-03", "penggunaan": "Tanah Perumahan", "alamat": null, "nibtanahbe": "01530", "nibunit": "8341", "building": "00003", "Keterangan": "Ruang Khusus" }, "geometry": { "type": "MultiPolygon", "coordinates": [ [ [ [ 173838.533473094052169, 538938.425677615101449, 0.0 ], [ 173837.602608511748258, 538930.882900693104602, 0.0 ], [ 173833.782523109111935, 538931.354342741076834, 0.0 ], [ 173833.916159570217133, 538932.444820817443542, 0.0 ], [ 173833.99062850754126, 538932.435630966094323, 0.0 ], [ 173834.088767812558217, 538933.230901762610301, 0.0 ], [ 173834.014304950105725, 538933.240090867271647, 0.0 ], [ 173834.540978450415423, 538937.507715590996668, 0.0 ], [ 173834.615417670313036, 538937.498529868898913, 0.0 ], [ 173834.713237536401721, 538938.291212253388949, 0.0 ], [ 173834.638804447051371, 538938.30039768118877, 0.0 ], [ 173834.82881892673322, 538939.840081168687902, 0.0 ], [ 173836.565642671892419, 538939.625737337511964, 0.0 ], [ 173836.602387326973258, 538939.923478533979505, 0.0 ], [ 173838.364022839610698, 538939.706072644679807, 0.0 ], [ 173838.210920112818712, 538938.465484326821752, 0.0 ], [ 173838.533473094052169, 538938.425677615101449, 0.0 ] ] ] ] } },
{ "type": "Feature", "properties": { "H_SHMRS": 3.25, "Z_MIN": 45.0, "Z_MAX": 49.5, "no": null, "provinsi": "Bali", "kabupaten": "Kota Denpasar", "kecamatan": "Denpasar Selatan", "desa_kelur": "Sanur", "id": 8306.0, "nogambarde": "GD.00174/2019", "nohmsrs": "22090301700174", "unit": null, "lantai": "3", "lantaim2": 51.415817105199999, "fungsi": "No. Unit 03C-07", "penggunaan": "Tanah Perumahan", "alamat": null, "nibtanahbe": "01530", "nibunit": "8306", "building": "00004", "Keterangan": "Ruang Khusus" }, "geometry": { "type": "MultiPolygon", "coordinates": [ [ [ [ 173929.358161476469832, 538935.176781873567961, 0.0 ], [ 173928.770240866811946, 538930.412872984656133, 0.0 ], [ 173918.845192241598852, 538931.637787801446393, 0.0 ], [ 173918.897733552352292, 538932.063528215163387, 0.0 ], [ 173918.768712357297773, 538932.079450901597738, 0.0 ], [ 173917.98465946567012, 538932.176211997750215, 0.0 ], [ 173918.148176436632639, 538933.501186614856124, 0.0 ], [ 173918.444320586859249, 538933.464639049139805, 0.0 ], [ 173918.681123158021364, 538935.370307046337985, 0.0 ], [ 173918.383381944935536, 538935.407051706686616, 0.0 ], [ 173918.519294533412904, 538936.508348555653356, 0.0 ], [ 173929.358161476469832, 538935.176781873567961, 0.0 ] ] ] ] } },
{ "type": "Feature", "properties": { "H_SHMRS": 3.25, "Z_MIN": 45.0, "Z_MAX": 49.5, "no": null, "provinsi": "Bali", "kabupaten": "Kota Denpasar", "kecamatan": "Denpasar Selatan", "desa_kelur": "Sanur", "id": 8305.0, "nogambarde": "GD.00173/2019", "nohmsrs": "22090301700173", "unit": null, "lantai": "3", "lantaim2": 51.415817111700001, "fungsi": "No. Unit 03C-06", "penggunaan": "Tanah Perumahan", "alamat": null, "nibtanahbe": "01530", "nibunit": "8305", "building": "00004", "Keterangan": "Ruang Khusus" }, "geometry": { "type": "MultiPolygon", "coordinates": [ [ [ [ 173929.970326412527356, 538940.137141898390837, 0.0 ], [ 173929.382405787386233, 538935.373233010992408, 0.0 ], [ 173918.545015302632237, 538936.716763381962664, 0.0 ], [ 173918.680927864217665, 538937.81806023651734, 0.0 ], [ 173918.978669080126565, 538937.781315582920797, 0.0 ], [ 173919.212277429644018, 538939.68737778335344, 0.0 ], [ 173918.916133278224152, 538939.723925341735594, 0.0 ], [ 173919.079650225408841, 538941.048899959889241, 0.0 ], [ 173919.863703126029577, 538940.952138942317106, 0.0 ], [ 173919.992724291892955, 538940.936216260306537, 0.0 ], [ 173920.045265443885, 538941.361956693930551, 0.0 ], [ 173929.970326412527356, 538940.137141898390837, 0.0 ] ] ] ] } },
{ "type": "Feature", "properties": { "H_SHMRS": 3.25, "Z_MIN": 45.0, "Z_MAX": 49.5, "no": null, "provinsi": "Bali", "kabupaten": "Kota Denpasar", "kecamatan": "Denpasar Selatan", "desa_kelur": "Sanur", "id": 8303.0, "nogambarde": "GD.00172/2019", "nohmsrs": "22090301700172", "unit": null, "lantai": "3", "lantaim2": 51.415817110799999, "fungsi": "No. Unit 03C-05", "penggunaan": "Tanah Perumahan", "alamat": null, "nibtanahbe": "01530", "nibunit": "8303", "building": "00004", "Keterangan": "Ruang Khusus" }, "geometry": { "type": "MultiPolygon", "coordinates": [ [ [ [ 173930.582983306871029, 538945.101488440530375, 0.0 ], [ 173929.995062696863897, 538940.337579551851377, 0.0 ], [ 173920.070014070195612, 538941.562494367943145, 0.0 ], [ 173920.122555355541408, 538941.988234784221277, 0.0 ], [ 173919.993534186476609, 538942.004157467279583, 0.0 ], [ 173919.209481297293678, 538942.100918563548476, 0.0 ], [ 173919.372998267994262, 538943.42589317902457, 0.0 ], [ 173919.669142417085823, 538943.389345615170896, 0.0 ], [ 173919.905944989906857, 538945.29501361225266, 0.0 ], [ 173919.608203777548624, 538945.331758271669969, 0.0 ], [ 173919.744116365152877, 538946.433055122382939, 0.0 ], [ 173930.582983306871029, 538945.101488440530375, 0.0 ] ] ] ] } },
{ "type": "Feature", "properties": { "H_SHMRS": 3.25, "Z_MIN": 45.0, "Z_MAX": 49.5, "no": null, "provinsi": "Bali", "kabupaten": "Kota Denpasar", "kecamatan": "Denpasar Selatan", "desa_kelur": "Sanur", "id": 8307.0, "nogambarde": "GD.00175/2019", "nohmsrs": "22090301700175", "unit": null, "lantai": "3", "lantaim2": 51.415817111000003, "fungsi": "No. Unit 03C-08", "penggunaan": "Tanah Perumahan", "alamat": null, "nibtanahbe": "01530", "nibunit": "8307", "building": "00004", "Keterangan": "Ruang Khusus" }, "geometry": { "type": "MultiPolygon", "coordinates": [ [ [ [ 173928.745504581573186, 538930.212435331661254, 0.0 ], [ 173928.157583956752205, 538925.448526445426978, 0.0 ], [ 173917.320193472696701, 538926.792056818143465, 0.0 ], [ 173917.456106035155244, 538927.893353669089265, 0.0 ], [ 173917.753847248997772, 538927.85660901654046, 0.0 ], [ 173917.987455597613007, 538929.76267121755518, 0.0 ], [ 173917.691311445087194, 538929.79921877477318, 0.0 ], [ 173917.854828395327786, 538931.124193394556642, 0.0 ], [ 173918.638881295570172, 538931.027432375820354, 0.0 ], [ 173918.767902462219354, 538931.011509694624692, 0.0 ], [ 173918.820443614386022, 538931.437250128947198, 0.0 ], [ 173928.745504581573186, 538930.212435331661254, 0.0 ] ] ] ] } },
{ "type": "Feature", "properties": { "H_SHMRS": 3.25, "Z_MIN": 45.0, "Z_MAX": 49.5, "no": null, "provinsi": "Bali", "kabupaten": "Kota Denpasar", "kecamatan": "Denpasar Selatan", "desa_kelur": "Sanur", "id": 8308.0, "nogambarde": "GD.00176/2019", "nohmsrs": "22090301700176", "unit": null, "lantai": "3", "lantaim2": 90.593612888099997, "fungsi": "No. Unit 03C-09", "penggunaan": "Tanah Perumahan", "alamat": null, "nibtanahbe": "01530", "nibunit": "8308", "building": "00004", "Keterangan": "Ruang Khusus" }, "geometry": { "type": "MultiPolygon", "coordinates": [ [ [ [ 173928.13307553587947, 538925.252076476230286, 0.0 ], [ 173927.23889915709151, 538918.007047366234474, 0.0 ], [ 173925.006170486827614, 538918.282591515453532, 0.0 ], [ 173924.212193953309907, 538918.380577559932135, 0.0 ], [ 173919.051343072962482, 538919.017485338961706, 0.0 ], [ 173918.257366505713435, 538919.115471090655774, 0.0 ], [ 173916.420968879945576, 538919.342103474657051, 0.0 ], [ 173916.655037701246329, 538921.23875841323752, 0.0 ], [ 173917.151595374831231, 538921.177477540331893, 0.0 ], [ 173917.271505389915546, 538922.149105970398523, 0.0 ], [ 173916.626399430941092, 538922.22871943609789, 0.0 ], [ 173916.572501936374465, 538921.791989129502326, 0.0 ], [ 173914.847836017375812, 538922.00483254622668, 0.0 ], [ 173914.847839875495993, 538922.004864072427154, 0.0 ], [ 173914.351604519411922, 538922.066105168079957, 0.0 ], [ 173914.945610860129818, 538926.879592556739226, 0.0 ], [ 173915.441846216184786, 538926.818351461202838, 0.0 ], [ 173915.441874690906843, 538926.81831591471564, 0.0 ], [ 173919.151486524613574, 538926.360507561825216, 0.0 ], [ 173919.846215938334353, 538926.27476933656726, 0.0 ], [ 173925.205570739519317, 538925.61336391151417, 0.0 ], [ 173925.900292676844401, 538925.527627311646938, 0.0 ], [ 173928.13307553587947, 538925.252076476230286, 0.0 ] ] ] ] } },
{ "type": "Feature", "properties": { "H_SHMRS": 3.25, "Z_MIN": 45.0, "Z_MAX": 49.5, "no": null, "provinsi": "Bali", "kabupaten": "Kota Denpasar", "kecamatan": "Denpasar Selatan", "desa_kelur": "Sanur", "id": 8302.0, "nogambarde": "GD.00171/2019", "nohmsrs": "22090301700171", "unit": null, "lantai": "3", "lantaim2": 51.415817111599999, "fungsi": "No. Unit 03C-03", "penggunaan": "Tanah Perumahan", "alamat": null, "nibtanahbe": "01530", "nibunit": "8302", "building": "00004", "Keterangan": "Ruang Khusus" }, "geometry": { "type": "MultiPolygon", "coordinates": [ [ [ [ 173931.195148247701582, 538950.061848466284573, 0.0 ], [ 173930.607227622211212, 538945.297939577721991, 0.0 ], [ 173919.769837136787828, 538946.641469952766784, 0.0 ], [ 173919.905749700294109, 538947.742766804411076, 0.0 ], [ 173920.203490912681445, 538947.706022151513025, 0.0 ], [ 173920.437099263130222, 538949.612084352062084, 0.0 ], [ 173920.140955110022333, 538949.648631909978576, 0.0 ], [ 173920.304472059739055, 538950.973606527317315, 0.0 ], [ 173921.088524957944173, 538950.876845509628765, 0.0 ], [ 173921.217546125815716, 538950.860922829480842, 0.0 ], [ 173921.270087277604034, 538951.28666326275561, 0.0 ], [ 173931.195148247701582, 538950.061848466284573, 0.0 ] ] ] ] } },
{ "type": "Feature", "properties": { "H_SHMRS": 3.25, "Z_MIN": 45.0, "Z_MAX": 49.5, "no": null, "provinsi": "Bali", "kabupaten": "Kota Denpasar", "kecamatan": "Denpasar Selatan", "desa_kelur": "Sanur", "id": 8301.0, "nogambarde": "GD.00170/2019", "nohmsrs": "22090301700170", "unit": null, "lantai": "3", "lantaim2": 51.415817110200003, "fungsi": "No. Unit 03C-02", "penggunaan": "Tanah Perumahan", "alamat": null, "nibtanahbe": "01530", "nibunit": "8301", "building": "00004", "Keterangan": "Ruang Khusus" }, "geometry": { "type": "MultiPolygon", "coordinates": [ [ [ [ 173931.80780513866921, 538955.026195009355433, 0.0 ], [ 173931.219884531165008, 538950.262286119512282, 0.0 ], [ 173921.294835905835498, 538951.487200935021974, 0.0 ], [ 173921.347377190948464, 538951.912941353977658, 0.0 ], [ 173921.218356022727676, 538951.92886403365992, 0.0 ], [ 173920.434303130343324, 538952.025625130278058, 0.0 ], [ 173920.597820100781973, 538953.350599748897366, 0.0 ], [ 173920.893964251561556, 538953.314052184228785, 0.0 ], [ 173921.130766823218437, 538955.219720179447904, 0.0 ], [ 173920.833025611646008, 538955.256464840145782, 0.0 ], [ 173920.968938198377145, 538956.357761689578183, 0.0 ], [ 173931.80780513866921, 538955.026195009355433, 0.0 ] ] ] ] } },
{ "type": "Feature", "properties": { "H_SHMRS": 3.25, "Z_MIN": 45.0, "Z_MAX": 49.5, "no": null, "provinsi": "Bali", "kabupaten": "Kota Denpasar", "kecamatan": "Denpasar Selatan", "desa_kelur": "Sanur", "id": 8300.0, "nogambarde": "GD.00169/2019", "nohmsrs": "22090301700169", "unit": null, "lantai": "3", "lantaim2": 90.814004273600005, "fungsi": "No. Unit 03C-01", "penggunaan": "Tanah Perumahan", "alamat": null, "nibtanahbe": "01530", "nibunit": "8300", "building": "00004", "Keterangan": "Ruang Khusus" }, "geometry": { "type": "MultiPolygon", "coordinates": [ [ [ [ 173932.725649232597789, 538962.463359000743367, 0.0 ], [ 173931.831585673906375, 538955.218315968057141, 0.0 ], [ 173929.598802811902715, 538955.493866803706624, 0.0 ], [ 173928.904080876644002, 538955.57960340345744, 0.0 ], [ 173923.544726071850164, 538956.241008826880716, 0.0 ], [ 173922.849996490258491, 538956.326745667262003, 0.0 ], [ 173919.140384655212983, 538956.784554020850919, 0.0 ], [ 173919.141170231800061, 538956.790919518913142, 0.0 ], [ 173918.594634120119736, 538956.858368298970163, 0.0 ], [ 173919.182548592623789, 538961.622227388201281, 0.0 ], [ 173919.67909014999168, 538961.560948504251428, 0.0 ], [ 173919.684428776410641, 538961.604207285330631, 0.0 ], [ 173921.459089247975498, 538961.385193969588727, 0.0 ], [ 173921.405191752826795, 538960.948463662993163, 0.0 ], [ 173922.05029772038688, 538960.868850279599428, 0.0 ], [ 173922.170207734452561, 538961.840478711295873, 0.0 ], [ 173921.673650063661626, 538961.901759583153762, 0.0 ], [ 173921.907718884234782, 538963.798414521850646, 0.0 ], [ 173923.744116508227307, 538963.571782138897106, 0.0 ], [ 173924.637017834669678, 538963.461587945581414, 0.0 ], [ 173929.599374571058434, 538962.849176603718661, 0.0 ], [ 173930.492920562799554, 538962.738903147750534, 0.0 ], [ 173932.725649232597789, 538962.463359000743367, 0.0 ] ] ] ] } },
{ "type": "Feature", "properties": { "H_SHMRS": 3.25, "Z_MIN": 49.5, "Z_MAX": 54.0, "no": null, "provinsi": "Bali", "kabupaten": "Kota Denpasar", "kecamatan": "Denpasar Selatan", "desa_kelur": "Sanur", "id": 8503.0, "nogambarde": null, "nohmsrs": null, "unit": null, "lantai": "4", "lantaim2": 0.0, "fungsi": null, "penggunaan": "Tanah Perumahan", "alamat": null, "nibtanahbe": "01530", "nibunit": "8503", "building": "00004", "Keterangan": "Ruang Umum" }, "geometry": { "type": "MultiPolygon", "coordinates": [ [ [ [ 173930.069441393541638, 538940.124849015846848, 0.0 ], [ 173929.172388731414685, 538932.856061445432715, 0.0 ], [ 173918.254956081160344, 538934.203396982164122, 0.0 ], [ 173918.539596277463716, 538936.509830744122155, 0.0 ], [ 173918.837715003115591, 538936.473039498901926, 0.0 ], [ 173919.116115323937265, 538938.732017248519696, 0.0 ], [ 173918.818374109803699, 538938.768761906772852, 0.0 ], [ 173919.104360157856718, 538941.086101083317772, 0.0 ], [ 173920.146199651499046, 538940.957526221871376, 0.0 ], [ 173920.194108427298488, 538941.345730060245842, 0.0 ], [ 173930.069441393541638, 538940.124849015846848, 0.0 ] ] ] ] } },
{ "type": "Feature", "properties": { "H_SHMRS": 3.25, "Z_MIN": 49.5, "Z_MAX": 54.0, "no": null, "provinsi": "Bali", "kabupaten": "Kota Denpasar", "kecamatan": "Denpasar Selatan", "desa_kelur": "Sanur", "id": 8502.0, "nogambarde": "GD.00241/2019", "nohmsrs": "22090301700241", "unit": null, "lantai": "4", "lantaim2": 0.0, "fungsi": "No. Unit 03AC-02", "penggunaan": "Tanah Perumahan", "alamat": null, "nibtanahbe": "01530", "nibunit": "8502", "building": "00004", "Keterangan": "Ruang Khusus" }, "geometry": { "type": "MultiPolygon", "coordinates": [ [ [ [ 173930.991249125712784, 538947.594250493566506, 0.0 ], [ 173930.094199390790891, 538940.325462559005246, 0.0 ], [ 173920.218343113927403, 538941.54210323037114, 0.0 ], [ 173920.266251888417173, 538941.930307068163529, 0.0 ], [ 173919.224412396200933, 538942.058881927630864, 0.0 ], [ 173919.510398444021121, 538944.376221105689183, 0.0 ], [ 173919.808139658067375, 538944.339476448833011, 0.0 ], [ 173920.087295002071187, 538946.59836102090776, 0.0 ], [ 173919.789176278485684, 538946.635152265196666, 0.0 ], [ 173920.073816473130137, 538948.94158602936659, 0.0 ], [ 173930.991249125712784, 538947.594250493566506, 0.0 ] ] ] ] } },
{ "type": "Feature", "properties": { "H_SHMRS": 3.25, "Z_MIN": 49.5, "Z_MAX": 54.0, "no": null, "provinsi": "Bali", "kabupaten": "Kota Denpasar", "kecamatan": "Denpasar Selatan", "desa_kelur": "Sanur", "id": 8308.0, "nogambarde": "GD.00176/2019", "nohmsrs": "22090301700176", "unit": null, "lantai": "4", "lantaim2": 0.0, "fungsi": "No. Unit 03C-09", "penggunaan": "Tanah Perumahan", "alamat": null, "nibtanahbe": "01530", "nibunit": "8308", "building": "00004", "Keterangan": "Ruang Khusus" }, "geometry": { "type": "MultiPolygon", "coordinates": [ [ [ [ 173928.232219699129928, 538925.239940468105488, 0.0 ], [ 173927.331971763254842, 538917.945249603013508, 0.0 ], [ 173924.999707435054006, 538918.233077584882267, 0.0 ], [ 173925.005831544811372, 538918.282701123622246, 0.0 ], [ 173924.211854975088499, 538918.380686875549145, 0.0 ], [ 173924.205730866233353, 538918.331063337158412, 0.0 ], [ 173919.044879989087349, 538918.96797111723572, 0.0 ], [ 173919.054068100434961, 538919.042422196362168, 0.0 ], [ 173918.259952181047993, 538919.139276604400948, 0.0 ], [ 173918.250903436768567, 538919.065956866834313, 0.0 ], [ 173916.414828127715737, 538919.292549472651444, 0.0 ], [ 173916.655024954554392, 538921.238859496661462, 0.0 ], [ 173917.151227941445541, 538921.177622396848164, 0.0 ], [ 173917.271137956529856, 538922.149250828428194, 0.0 ], [ 173916.774931074993219, 538922.210456374334171, 0.0 ], [ 173916.846679760754341, 538922.791836464428343, 0.0 ], [ 173917.315075832302682, 538926.587240369874053, 0.0 ], [ 173928.232219699129928, 538925.239940468105488, 0.0 ] ] ] ] } },
{ "type": "Feature", "properties": { "H_SHMRS": 3.25, "Z_MIN": 49.5, "Z_MAX": 54.0, "no": null, "provinsi": "Bali", "kabupaten": "Kota Denpasar", "kecamatan": "Denpasar Selatan", "desa_kelur": "Sanur", "id": 8500.0, "nogambarde": "GD.00240/2019", "nohmsrs": "22090301700240", "unit": null, "lantai": "4", "lantaim2": 0.0, "fungsi": "No. Unit 03AC-01", "penggunaan": "Tanah Perumahan", "alamat": null, "nibtanahbe": "01530", "nibunit": "8500", "building": "00004", "Keterangan": "Ruang Khusus" }, "geometry": { "type": "MultiPolygon", "coordinates": [ [ [ [ 173932.829942948068492, 538962.482242577942088, 0.0 ], [ 173931.010394207638456, 538947.742993778083473, 0.0 ], [ 173920.09218881270499, 538949.090456713340245, 0.0 ], [ 173920.329324210702907, 538951.011960070230998, 0.0 ], [ 173921.222548779682256, 538950.901725984876975, 0.0 ], [ 173921.342581275093835, 538951.874346858821809, 0.0 ], [ 173920.449356708180858, 538951.984580944292247, 0.0 ], [ 173920.624986308219377, 538953.4077040606644, 0.0 ], [ 173920.93573979937355, 538953.369321506470442, 0.0 ], [ 173921.787121817440493, 538960.268052821047604, 0.0 ], [ 173922.369600429083221, 538960.196200360893272, 0.0 ], [ 173922.516579048649874, 538961.387165147112682, 0.0 ], [ 173921.622808267187793, 538961.497466152883135, 0.0 ], [ 173921.910645841358928, 538963.829808210604824, 0.0 ], [ 173932.829942948068492, 538962.482242577942088, 0.0 ] ] ] ] } },
{ "type": "Feature", "properties": { "H_SHMRS": 3.25, "Z_MIN": 48.75, "Z_MAX": 53.0, "no": null, "provinsi": "Bali", "kabupaten": "Kota Denpasar", "kecamatan": "Denpasar Selatan", "desa_kelur": "Sanur", "id": 8568.0, "nogambarde": "GD.00288/2019", "nohmsrs": "22090301700288", "unit": null, "lantai": "4", "lantaim2": 0.0, "fungsi": "No. Unit 03AD-02", "penggunaan": "Tanah Perumahan", "alamat": null, "nibtanahbe": "01530", "nibunit": "8568", "building": "00003", "Keterangan": "Ruang Khusus" }, "geometry": { "type": "MultiPolygon", "coordinates": [ [ [ [ 173832.78416048764484, 538990.835578358615749, 0.0 ], [ 173832.184002821770264, 538985.972503765020519, 0.0 ], [ 173821.366072061064187, 538987.30755963572301, 0.0 ], [ 173821.510558118228801, 538988.478327430435456, 0.0 ], [ 173821.808299332071329, 538988.44158258580137, 0.0 ], [ 173822.043504483648576, 538990.3474479210563, 0.0 ], [ 173821.74576360383071, 538990.384192525874823, 0.0 ], [ 173821.909309134673094, 538991.709131583804265, 0.0 ], [ 173822.802533698559273, 538991.598897576681338, 0.0 ], [ 173822.850300190300914, 538991.985949140973389, 0.0 ], [ 173823.494553645286942, 538991.904280525166541, 0.0 ], [ 173823.497615701227915, 538991.929092291626148, 0.0 ], [ 173828.906849046179559, 538991.263735669781454, 0.0 ], [ 173828.903519024315756, 538991.236752589815296, 0.0 ], [ 173829.896578922314802, 538991.114197807502933, 0.0 ], [ 173829.899908953142585, 538991.141180975595489, 0.0 ], [ 173829.906029133446282, 538991.190772669040598, 0.0 ], [ 173832.78416048764484, 538990.835578358615749, 0.0 ] ] ] ] } },
{ "type": "Feature", "properties": { "H_SHMRS": 3.25, "Z_MIN": 48.75, "Z_MAX": 53.0, "no": null, "provinsi": "Bali", "kabupaten": "Kota Denpasar", "kecamatan": "Denpasar Selatan", "desa_kelur": "Sanur", "id": 8566.0, "nogambarde": "GD.00287/2019", "nohmsrs": "22090301700287", "unit": null, "lantai": "4", "lantaim2": 0.0, "fungsi": "No. Unit 03AD-02A", "penggunaan": "Tanah Perumahan", "alamat": null, "nibtanahbe": "01530", "nibunit": "8566", "building": "00003", "Keterangan": "Ruang Khusus" }, "geometry": { "type": "MultiPolygon", "coordinates": [ [ [ [ 173830.940521392854862, 538985.979736300883815, 0.0 ], [ 173830.346482805878622, 538981.166253625648096, 0.0 ], [ 173821.642517171712825, 538982.240422121365555, 0.0 ], [ 173821.693368568172446, 538982.652469399385154, 0.0 ], [ 173820.80014463950647, 538982.762703406042419, 0.0 ], [ 173821.046312500024214, 538984.757397476932965, 0.0 ], [ 173821.344053796987282, 538984.720652796560898, 0.0 ], [ 173821.561459691874916, 538986.482288202620111, 0.0 ], [ 173821.263718542264542, 538986.519032756797969, 0.0 ], [ 173821.343331755808322, 538987.164138557505794, 0.0 ], [ 173830.940521392854862, 538985.979736300883815, 0.0 ] ] ] ] } },
{ "type": "Feature", "properties": { "H_SHMRS": 3.25, "Z_MIN": 48.75, "Z_MAX": 53.0, "no": null, "provinsi": "Bali", "kabupaten": "Kota Denpasar", "kecamatan": "Denpasar Selatan", "desa_kelur": "Sanur", "id": 8562.0, "nogambarde": "GD.00286/2019", "nohmsrs": "22090301700286", "unit": null, "lantai": "4", "lantaim2": 0.0, "fungsi": "No. Unit 03AD-02B", "penggunaan": "Tanah Perumahan", "alamat": null, "nibtanahbe": "01530", "nibunit": "8562", "building": "00003", "Keterangan": "Ruang Khusus" }, "geometry": { "type": "MultiPolygon", "coordinates": [ [ [ [ 173830.333687703532632, 538981.021732219611295, 0.0 ], [ 173829.739649116294459, 538976.208249544957653, 0.0 ], [ 173820.142459599301219, 538977.392652295180596, 0.0 ], [ 173820.222072463540826, 538978.037757857237011, 0.0 ], [ 173820.519814346334897, 538978.001013304572552, 0.0 ], [ 173820.737220107461326, 538979.762648714124225, 0.0 ], [ 173820.439478808693821, 538979.799393381341361, 0.0 ], [ 173820.685646882513538, 538981.794087426969782, 0.0 ], [ 173821.578870810481021, 538981.683853420312516, 0.0 ], [ 173821.629722068231786, 538982.095900715328753, 0.0 ], [ 173830.333687703532632, 538981.021732219611295, 0.0 ] ] ] ] } },
{ "type": "Feature", "properties": { "H_SHMRS": 3.25, "Z_MIN": 48.75, "Z_MAX": 53.0, "no": null, "provinsi": "Bali", "kabupaten": "Kota Denpasar", "kecamatan": "Denpasar Selatan", "desa_kelur": "Sanur", "id": 8560.0, "nogambarde": "GD.00285/2019", "nohmsrs": "22090301700285", "unit": null, "lantai": "4", "lantaim2": 0.0, "fungsi": "No. Unit 03AD-06", "penggunaan": "Tanah Perumahan", "alamat": null, "nibtanahbe": "01530", "nibunit": "8560", "building": "00003", "Keterangan": "Ruang Khusus" }, "geometry": { "type": "MultiPolygon", "coordinates": [ [ [ [ 173829.721276789263356, 538976.059378945850767, 0.0 ], [ 173829.12723820246174, 538971.24589627282694, 0.0 ], [ 173820.423272567684762, 538972.320064768544398, 0.0 ], [ 173820.474123965250328, 538972.732112046098337, 0.0 ], [ 173819.580900037079118, 538972.842346053337678, 0.0 ], [ 173819.827067896374501, 538974.837040125159547, 0.0 ], [ 173820.124809194094269, 538974.800295442575589, 0.0 ], [ 173820.342215086158831, 538976.56193084968254, 0.0 ], [ 173820.044473938556621, 538976.59867540479172, 0.0 ], [ 173820.124087154865265, 538977.243781203404069, 0.0 ], [ 173829.721276789263356, 538976.059378945850767, 0.0 ] ] ] ] } },
{ "type": "Feature", "properties": { "H_SHMRS": 3.25, "Z_MIN": 48.75, "Z_MAX": 53.0, "no": null, "provinsi": "Bali", "kabupaten": "Kota Denpasar", "kecamatan": "Denpasar Selatan", "desa_kelur": "Sanur", "id": 8558.0, "nogambarde": "GD.00284/2019", "nohmsrs": "22090301700284", "unit": null, "lantai": "4", "lantaim2": 0.0, "fungsi": "No. Unit 03AD-08", "penggunaan": "Tanah Perumahan", "alamat": null, "nibtanahbe": "01530", "nibunit": "8558", "building": "00003", "Keterangan": "Ruang Khusus" }, "geometry": { "type": "MultiPolygon", "coordinates": [ [ [ [ 173829.114443099970231, 538971.101374865858816, 0.0 ], [ 173828.520404512877576, 538966.287892191438004, 0.0 ], [ 173818.923214995767921, 538967.472294942010194, 0.0 ], [ 173819.002827859949321, 538968.117400504997931, 0.0 ], [ 173819.300569743500091, 538968.080655951634981, 0.0 ], [ 173819.51797550462652, 538969.842291360837407, 0.0 ], [ 173819.220234205073211, 538969.879036027356051, 0.0 ], [ 173819.466402277641464, 538971.87373007228598, 0.0 ], [ 173820.359626205114182, 538971.763496067025699, 0.0 ], [ 173820.4104774640291, 538972.175543361459859, 0.0 ], [ 173829.114443099970231, 538971.101374865858816, 0.0 ] ] ] ] } },
{ "type": "Feature", "properties": { "H_SHMRS": 3.25, "Z_MIN": 48.75, "Z_MAX": 53.0, "no": null, "provinsi": "Bali", "kabupaten": "Kota Denpasar", "kecamatan": "Denpasar Selatan", "desa_kelur": "Sanur", "id": 8556.0, "nogambarde": "GD.00283/2019", "nohmsrs": "22090301700283", "unit": null, "lantai": "4", "lantaim2": 0.0, "fungsi": "No. Unit 03AD-08A", "penggunaan": "Tanah Perumahan", "alamat": null, "nibtanahbe": "01530", "nibunit": "8556", "building": "00003", "Keterangan": "Ruang Khusus" }, "geometry": { "type": "MultiPolygon", "coordinates": [ [ [ [ 173828.496454962645657, 538966.134672401589341, 0.0 ], [ 173827.902416373952292, 538961.321189726470038, 0.0 ], [ 173819.198450739262626, 538962.395358222420327, 0.0 ], [ 173819.249302137905033, 538962.807405499741435, 0.0 ], [ 173818.3560782103159, 538962.917639507330023, 0.0 ], [ 173818.602246068039676, 538964.91233357868623, 0.0 ], [ 173818.899987366574351, 538964.875588896567933, 0.0 ], [ 173819.117393258260563, 538966.63722430204507, 0.0 ], [ 173818.819652109930757, 538966.673968856339343, 0.0 ], [ 173818.899265326093882, 538967.319074659491889, 0.0 ], [ 173828.496454962645657, 538966.134672401589341, 0.0 ] ] ] ] } },
{ "type": "Feature", "properties": { "H_SHMRS": 3.25, "Z_MIN": 48.75, "Z_MAX": 53.0, "no": null, "provinsi": "Bali", "kabupaten": "Kota Denpasar", "kecamatan": "Denpasar Selatan", "desa_kelur": "Sanur", "id": 8552.0, "nogambarde": "GD.00282/2019", "nohmsrs": "22090301700282", "unit": null, "lantai": "4", "lantaim2": 0.0, "fungsi": "No. Unit 03AD-10", "penggunaan": "Tanah Perumahan", "alamat": null, "nibtanahbe": "01530", "nibunit": "8552", "building": "00003", "Keterangan": "Ruang Khusus" }, "geometry": { "type": "MultiPolygon", "coordinates": [ [ [ [ 173827.884044047503266, 538961.172319127479568, 0.0 ], [ 173827.29000546206953, 538956.358836452709511, 0.0 ], [ 173817.692815943591995, 538957.543239204213023, 0.0 ], [ 173817.772428804717492, 538958.188344764406793, 0.0 ], [ 173818.070170689024962, 538958.151600213954225, 0.0 ], [ 173818.287576452363282, 538959.913235621177591, 0.0 ], [ 173817.989835152082378, 538959.949980288045481, 0.0 ], [ 173818.236003225640161, 538961.944674334255978, 0.0 ], [ 173819.129227152472595, 538961.834440328413621, 0.0 ], [ 173819.180078412377043, 538962.246487622731365, 0.0 ], [ 173827.884044047503266, 538961.172319127479568, 0.0 ] ] ] ] } },
{ "type": "Feature", "properties": { "H_SHMRS": 3.25, "Z_MIN": 48.75, "Z_MAX": 53.0, "no": null, "provinsi": "Bali", "kabupaten": "Kota Denpasar", "kecamatan": "Denpasar Selatan", "desa_kelur": "Sanur", "id": 8550.0, "nogambarde": "GD.00281/2019", "nohmsrs": "22090301700281", "unit": null, "lantai": "4", "lantaim2": 0.0, "fungsi": "No. Unit 03AD-12", "penggunaan": "Tanah Perumahan", "alamat": null, "nibtanahbe": "01530", "nibunit": "8550", "building": "00003", "Keterangan": "Ruang Khusus" }, "geometry": { "type": "MultiPolygon", "coordinates": [ [ [ [ 173828.491165010607801, 538956.049513529753312, 0.0 ], [ 173827.903249379742192, 538951.285652989754453, 0.0 ], [ 173827.895387624681462, 538951.221949345548637, 0.0 ], [ 173825.09213242054102, 538951.56790296616964, 0.0 ], [ 173825.096664342505392, 538951.604625047650188, 0.0 ], [ 173824.028728153323755, 538951.736420538043603, 0.0 ], [ 173824.024125340976752, 538951.699124044040218, 0.0 ], [ 173818.615326464700047, 538952.367733665974811, 0.0 ], [ 173818.619795289996546, 538952.403944459045306, 0.0 ], [ 173817.975246714835521, 538952.483489272650331, 0.0 ], [ 173818.023278855485842, 538952.872692062053829, 0.0 ], [ 173817.130021806049626, 538952.982930341502652, 0.0 ], [ 173817.293542710278416, 538954.307936507859267, 0.0 ], [ 173817.591283590358216, 538954.271191912237555, 0.0 ], [ 173817.82648940521176, 538956.177057134802453, 0.0 ], [ 173817.528748170327162, 538956.21380160888657, 0.0 ], [ 173817.673234251036774, 538957.384569399990141, 0.0 ], [ 173828.491165010607801, 538956.049513529753312, 0.0 ] ] ] ] } },
{ "type": "Feature", "properties": { "H_SHMRS": 3.25, "Z_MIN": 48.75, "Z_MAX": 53.0, "no": null, "provinsi": "Bali", "kabupaten": "Kota Denpasar", "kecamatan": "Denpasar Selatan", "desa_kelur": "Sanur", "id": 8596.0, "nogambarde": "GD.00307/2019", "nohmsrs": "22090301700307", "unit": null, "lantai": "4", "lantaim2": 0.0, "fungsi": "No. Unit 03AB1-02", "penggunaan": "Tanah Perumahan", "alamat": null, "nibtanahbe": "01530", "nibunit": "8596", "building": "00003", "Keterangan": "Ruang Khusus" }, "geometry": { "type": "MultiPolygon", "coordinates": [ [ [ [ 173894.366819922084687, 538982.591622208245099, 0.0 ], [ 173893.687044099031482, 538977.083412438165396, 0.0 ], [ 173893.658975610334892, 538977.08687623415608, 0.0 ], [ 173893.559051109827124, 538976.277150039793923, 0.0 ], [ 173893.587115111731691, 538976.273687552195042, 0.0 ], [ 173893.383050951408222, 538974.620161833008751, 0.0 ], [ 173888.569567999395076, 538975.214200455113314, 0.0 ], [ 173888.775571808364475, 538976.88344534044154, 0.0 ], [ 173888.797118296963163, 538976.880786393303424, 0.0 ], [ 173888.919594385661185, 538977.873257665312849, 0.0 ], [ 173888.898053989483742, 538977.87591599568259, 0.0 ], [ 173889.553333345393185, 538983.185631357249804, 0.0 ], [ 173889.574862165696686, 538983.182974590687081, 0.0 ], [ 173889.685096130939201, 538984.076198179507628, 0.0 ], [ 173889.66356730737607, 538984.078854947467335, 0.0 ], [ 173889.75397024556878, 538984.811385886976495, 0.0 ], [ 173890.399076760630123, 538984.73177815345116, 0.0 ], [ 173890.362332006363431, 538984.434034647536464, 0.0 ], [ 173892.12396725275903, 538984.216628907131962, 0.0 ], [ 173892.160711905889912, 538984.514370182878338, 0.0 ], [ 173894.155592309602071, 538984.268189018708654, 0.0 ], [ 173894.045358298986685, 538983.374965060618706, 0.0 ], [ 173894.429126844159327, 538983.327603983110748, 0.0 ], [ 173894.338730652962113, 538982.595088568981737, 0.0 ], [ 173894.366819922084687, 538982.591622208245099, 0.0 ] ] ] ] } },
{ "type": "Feature", "properties": { "H_SHMRS": 3.25, "Z_MIN": 48.75, "Z_MAX": 53.0, "no": null, "provinsi": "Bali", "kabupaten": "Kota Denpasar", "kecamatan": "Denpasar Selatan", "desa_kelur": "Sanur", "id": 8592.0, "nogambarde": "GD.00306/2019", "nohmsrs": "22090301700306", "unit": null, "lantai": "4", "lantaim2": 0.0, "fungsi": "No. Unit 03AB1-02A", "penggunaan": "Tanah Perumahan", "alamat": null, "nibtanahbe": "01530", "nibunit": "8592", "building": "00003", "Keterangan": "Ruang Khusus" }, "geometry": { "type": "MultiPolygon", "coordinates": [ [ [ [ 173889.404462575097568, 538983.20399998081848, 0.0 ], [ 173888.74918322369922, 538977.894284619134851, 0.0 ], [ 173888.727642827492673, 538977.896942947641946, 0.0 ], [ 173888.605154585209675, 538976.904473177157342, 0.0 ], [ 173888.626701043220237, 538976.901813963544555, 0.0 ], [ 173888.420697189692874, 538975.232569081592374, 0.0 ], [ 173883.60721423724317, 538975.826607702416368, 0.0 ], [ 173883.813215293834219, 538977.49588256678544, 0.0 ], [ 173883.841285287664505, 538977.492418233770877, 0.0 ], [ 173883.93927589643863, 538978.28639415698126, 0.0 ], [ 173883.911207447730703, 538978.289858297677711, 0.0 ], [ 173884.59098327162792, 538983.798068070900626, 0.0 ], [ 173884.619072500790935, 538983.794601366040297, 0.0 ], [ 173884.709477661876008, 538984.527115670964122, 0.0 ], [ 173885.093246124655707, 538984.479753940249793, 0.0 ], [ 173885.203480135445716, 538985.372977897641249, 0.0 ], [ 173887.198358159017516, 538985.126777430763468, 0.0 ], [ 173887.161613478907384, 538984.829036157345399, 0.0 ], [ 173888.923248698149109, 538984.61163019365631, 0.0 ], [ 173888.959993820404634, 538984.909373653819785, 0.0 ], [ 173889.605098934756825, 538984.829754578880966, 0.0 ], [ 173889.514696542348247, 538984.097223569988273, 0.0 ], [ 173889.493167749402346, 538984.099880602909252, 0.0 ], [ 173889.382933785382193, 538983.206657013506629, 0.0 ], [ 173889.404462575097568, 538983.20399998081848, 0.0 ] ] ] ] } },
{ "type": "Feature", "properties": { "H_SHMRS": 3.25, "Z_MIN": 48.75, "Z_MAX": 53.0, "no": null, "provinsi": "Bali", "kabupaten": "Kota Denpasar", "kecamatan": "Denpasar Selatan", "desa_kelur": "Sanur", "id": 8590.0, "nogambarde": "GD.00305/2019", "nohmsrs": "22090301700305", "unit": null, "lantai": "4", "lantaim2": 0.0, "fungsi": "No. Unit 03AB1-06", "penggunaan": "Tanah Perumahan", "alamat": null, "nibtanahbe": "01530", "nibunit": "8590", "building": "00003", "Keterangan": "Ruang Khusus" }, "geometry": { "type": "MultiPolygon", "coordinates": [ [ [ [ 173884.442112608870957, 538983.816440490423702, 0.0 ], [ 173883.762336787389359, 538978.308230719179846, 0.0 ], [ 173883.734268296859227, 538978.311694515170529, 0.0 ], [ 173883.636287413915852, 538977.517717391718179, 0.0 ], [ 173883.664357446774375, 538977.514253402943723, 0.0 ], [ 173883.458343638718361, 538975.844980113673955, 0.0 ], [ 173878.644860685890308, 538976.439018735894933, 0.0 ], [ 173878.850864495761925, 538978.10826362343505, 0.0 ], [ 173878.872410985786701, 538978.10560467466712, 0.0 ], [ 173878.994887076027226, 538979.098075948189944, 0.0 ], [ 173878.973346678452799, 538979.100734276464209, 0.0 ], [ 173879.628626031364547, 538984.410449639544822, 0.0 ], [ 173879.650154855859, 538984.4077928714687, 0.0 ], [ 173879.760388820519438, 538985.301016461336985, 0.0 ], [ 173879.738859995559324, 538985.303673229413107, 0.0 ], [ 173879.829262934188591, 538986.03620416962076, 0.0 ], [ 173880.474369446572382, 538985.956596434465609, 0.0 ], [ 173880.437624694372062, 538985.658852929249406, 0.0 ], [ 173882.199259941000491, 538985.441447189077735, 0.0 ], [ 173882.236004592123209, 538985.739188466221094, 0.0 ], [ 173884.230884997319663, 538985.493007300654426, 0.0 ], [ 173884.120650987286353, 538984.599783342797309, 0.0 ], [ 173884.504419532342581, 538984.552422265405767, 0.0 ], [ 173884.414023340679705, 538983.819906850578263, 0.0 ], [ 173884.442112608870957, 538983.816440490423702, 0.0 ] ] ] ] } },
{ "type": "Feature", "properties": { "H_SHMRS": 3.25, "Z_MIN": 48.75, "Z_MAX": 53.0, "no": null, "provinsi": "Bali", "kabupaten": "Kota Denpasar", "kecamatan": "Denpasar Selatan", "desa_kelur": "Sanur", "id": 8588.0, "nogambarde": "GD.00304/2019", "nohmsrs": "22090301700304", "unit": null, "lantai": "4", "lantaim2": 0.0, "fungsi": "No. Unit 03AB1-08", "penggunaan": "Tanah Perumahan", "alamat": null, "nibtanahbe": "01530", "nibunit": "8588", "building": "00003", "Keterangan": "Ruang Khusus" }, "geometry": { "type": "MultiPolygon", "coordinates": [ [ [ [ 173879.568645832710899, 538985.324680987396277, 0.0 ], [ 173879.458411869243719, 538984.431457398692146, 0.0 ], [ 173879.479940660356078, 538984.428800365654752, 0.0 ], [ 173878.824661309161456, 538979.119085002224892, 0.0 ], [ 173878.803120911557926, 538979.121743332478218, 0.0 ], [ 173878.680632670497289, 538978.129273560713045, 0.0 ], [ 173878.702179124316899, 538978.126614349428564, 0.0 ], [ 173878.496175272652181, 538976.457369467127137, 0.0 ], [ 173873.68269231938757, 538977.051408088067546, 0.0 ], [ 173873.888693379703909, 538978.720682950806804, 0.0 ], [ 173873.916763372573769, 538978.71721861930564, 0.0 ], [ 173874.014753978670342, 538979.511194543214515, 0.0 ], [ 173873.986685530922841, 538979.514658683678135, 0.0 ], [ 173874.666461356042419, 538985.022868455736898, 0.0 ], [ 173874.694550584245007, 538985.019401749596, 0.0 ], [ 173874.784955745766638, 538985.751916056964546, 0.0 ], [ 173875.168724208400818, 538985.704554325784557, 0.0 ], [ 173875.278958218637854, 538986.597778283525258, 0.0 ], [ 173877.27383624095819, 538986.351577814901248, 0.0 ], [ 173877.237091562885325, 538986.053836542065255, 0.0 ], [ 173878.998726782388985, 538985.836430578958243, 0.0 ], [ 173879.035471905372106, 538986.13417403830681, 0.0 ], [ 173879.680577019869816, 538986.054554961971007, 0.0 ], [ 173879.590174624230713, 538985.322023955057375, 0.0 ], [ 173879.568645832710899, 538985.324680987396277, 0.0 ] ] ] ] } },
{ "type": "Feature", "properties": { "H_SHMRS": 3.25, "Z_MIN": 48.75, "Z_MAX": 53.0, "no": null, "provinsi": "Bali", "kabupaten": "Kota Denpasar", "kecamatan": "Denpasar Selatan", "desa_kelur": "Sanur", "id": 8586.0, "nogambarde": "GD.00303/2019", "nohmsrs": "22090301700303", "unit": null, "lantai": "4", "lantaim2": 0.0, "fungsi": "No. Unit 03AB1-10", "penggunaan": "Tanah Perumahan", "alamat": null, "nibtanahbe": "01530", "nibunit": "8586", "building": "00003", "Keterangan": "Ruang Khusus" }, "geometry": { "type": "MultiPolygon", "coordinates": [ [ [ [ 173874.517405655002221, 538985.041263711173087, 0.0 ], [ 173873.837629829533398, 538979.533053938299417, 0.0 ], [ 173873.809561342786765, 538979.536517736269161, 0.0 ], [ 173873.711580456903903, 538978.742540612700395, 0.0 ], [ 173873.739650491595967, 538978.73907662415877, 0.0 ], [ 173873.533636682608631, 538977.069803336518817, 0.0 ], [ 173868.720153731730534, 538977.66384195687715, 0.0 ], [ 173868.92615753976861, 538979.333086842554621, 0.0 ], [ 173868.947704028396402, 538979.330427896464244, 0.0 ], [ 173869.07018012017943, 538980.322899168822914, 0.0 ], [ 173869.048639721208019, 538980.325557499192655, 0.0 ], [ 173869.703919076680904, 538985.635272862156853, 0.0 ], [ 173869.725447899807477, 538985.632616092334501, 0.0 ], [ 173869.835681863885839, 538986.525839681387879, 0.0 ], [ 173869.814153040351812, 538986.528496451443061, 0.0 ], [ 173869.904555976565462, 538987.261027390370145, 0.0 ], [ 173870.549662491888739, 538987.181419658125378, 0.0 ], [ 173870.512917738931719, 538986.883676151512191, 0.0 ], [ 173872.274552985880291, 538986.66627040959429, 0.0 ], [ 173872.311297634936636, 538986.964011685806327, 0.0 ], [ 173874.306178041617386, 538986.717830520938151, 0.0 ], [ 173874.195944032166153, 538985.824606563313864, 0.0 ], [ 173874.579712577076862, 538985.777245486271568, 0.0 ], [ 173874.489316385006532, 538985.044730071444064, 0.0 ], [ 173874.517405655002221, 538985.041263711173087, 0.0 ] ] ] ] } },
{ "type": "Feature", "properties": { "H_SHMRS": 3.25, "Z_MIN": 48.75, "Z_MAX": 53.0, "no": null, "provinsi": "Bali", "kabupaten": "Kota Denpasar", "kecamatan": "Denpasar Selatan", "desa_kelur": "Sanur", "id": 8585.0, "nogambarde": "GD.00302/2019", "nohmsrs": "22090301700302", "unit": null, "lantai": "4", "lantaim2": 0.0, "fungsi": "No. Unit 03AB2-01", "penggunaan": "Tanah Perumahan", "alamat": null, "nibtanahbe": "01530", "nibunit": "8585", "building": "00003", "Keterangan": "Ruang Khusus" }, "geometry": { "type": "MultiPolygon", "coordinates": [ [ [ [ 173864.863103710114956, 539005.034839106723666, 0.0 ], [ 173864.752869747200748, 539004.14161551813595, 0.0 ], [ 173864.778103283082601, 539004.138501567998901, 0.0 ], [ 173864.110575573664391, 538998.729538014275022, 0.0 ], [ 173864.085375149501488, 538998.73264787660446, 0.0 ], [ 173863.975146655895514, 538997.839423612458631, 0.0 ], [ 173864.000341610866599, 538997.836314423941076, 0.0 ], [ 173863.816791713354178, 538996.349013330531307, 0.0 ], [ 173862.646024045097874, 538996.493499396368861, 0.0 ], [ 173862.68276851036353, 538996.791240616119467, 0.0 ], [ 173860.776903220947133, 538997.026443962007761, 0.0 ], [ 173860.740158647240605, 538996.728704893961549, 0.0 ], [ 173859.415183914476074, 538996.892220010980964, 0.0 ], [ 173859.525417750730412, 538997.785444340785034, 0.0 ], [ 173859.113543031504378, 538997.836276443907991, 0.0 ], [ 173859.186855018342612, 538998.430323575157672, 0.0 ], [ 173859.211283639422618, 538998.427308957558125, 0.0 ], [ 173859.321512134134537, 538999.320533220889047, 0.0 ], [ 173859.297089174389839, 538999.323547141510062, 0.0 ], [ 173859.964793784020003, 539004.733945682295598, 0.0 ], [ 173860.014417505619349, 539004.727821551263332, 0.0 ], [ 173860.387986491317861, 539007.754857220337726, 0.0 ], [ 173865.151847511733649, 539007.166943490039557, 0.0 ], [ 173864.888337249314645, 539005.031725158216432, 0.0 ], [ 173864.863103710114956, 539005.034839106723666, 0.0 ] ] ] ] } },
{ "type": "Feature", "properties": { "H_SHMRS": 3.25, "Z_MIN": 48.75, "Z_MAX": 53.0, "no": null, "provinsi": "Bali", "kabupaten": "Kota Denpasar", "kecamatan": "Denpasar Selatan", "desa_kelur": "Sanur", "id": 8583.0, "nogambarde": null, "nohmsrs": null, "unit": null, "lantai": "4", "lantaim2": 0.0, "fungsi": null, "penggunaan": "Tanah Perumahan", "alamat": null, "nibtanahbe": "01530", "nibunit": "8583", "building": "00003", "Keterangan": "Ruang Umum" }, "geometry": { "type": "MultiPolygon", "coordinates": [ [ [ [ 173860.139871813706122, 539007.785477396915667, 0.0 ], [ 173859.766299759270623, 539004.758443076047115, 0.0 ], [ 173859.815923480957281, 539004.75231889646966, 0.0 ], [ 173859.148218454560265, 538999.341918557882309, 0.0 ], [ 173859.123017841979163, 538999.345028444658965, 0.0 ], [ 173859.012789345812052, 538998.451804180047475, 0.0 ], [ 173859.037984301656252, 538998.44869499350898, 0.0 ], [ 173858.964672044676263, 538997.85464882128872, 0.0 ], [ 173858.552796819712967, 538997.905476842308417, 0.0 ], [ 173858.442562740616268, 538997.012252541026101, 0.0 ], [ 173857.117588089138735, 538997.175771360634826, 0.0 ], [ 173857.154332486330532, 538997.473510451149195, 0.0 ], [ 173855.248467525292654, 538997.708718031644821, 0.0 ], [ 173855.211722871114034, 538997.410976836341433, 0.0 ], [ 173854.040955200936878, 538997.555462901014835, 0.0 ], [ 173854.224497711489676, 538999.042704145191237, 0.0 ], [ 173854.248926327796653, 538999.039689526194707, 0.0 ], [ 173854.359154825011501, 538999.932913792319596, 0.0 ], [ 173854.334731674054638, 538999.9359277341282, 0.0 ], [ 173855.002259384666104, 539005.344891288550571, 0.0 ], [ 173855.026649421779439, 539005.341881432221271, 0.0 ], [ 173855.136877916898811, 539006.235105696017854, 0.0 ], [ 173855.111391999118496, 539006.238250791444443, 0.0 ], [ 173855.37601097652805, 539008.373393064830452, 0.0 ], [ 173860.139871813706122, 539007.785477396915667, 0.0 ] ] ] ] } },
{ "type": "Feature", "properties": { "H_SHMRS": 3.25, "Z_MIN": 48.75, "Z_MAX": 53.0, "no": null, "provinsi": "Bali", "kabupaten": "Kota Denpasar", "kecamatan": "Denpasar Selatan", "desa_kelur": "Sanur", "id": 8582.0, "nogambarde": "GD.00300/2019", "nohmsrs": "22090301700300", "unit": null, "lantai": "4", "lantaim2": 0.0, "fungsi": "No. Unit 03AB1-12", "penggunaan": "Tanah Perumahan", "alamat": null, "nibtanahbe": "01530", "nibunit": "8582", "building": "00003", "Keterangan": "Ruang Khusus" }, "geometry": { "type": "MultiPolygon", "coordinates": [ [ [ [ 173869.555046456080163, 538985.653734884574078, 0.0 ], [ 173868.899754488433246, 538980.343917313148268, 0.0 ], [ 173868.871671328030061, 538980.347382919630036, 0.0 ], [ 173868.749195221374976, 538979.354911515372805, 0.0 ], [ 173868.777272282546619, 538979.351446486194618, 0.0 ], [ 173868.690077220497187, 538978.644906649133191, 0.0 ], [ 173864.869077984214528, 538979.116461474332027, 0.0 ], [ 173865.078751042776275, 538980.815445604850538, 0.0 ], [ 173865.100305756408488, 538980.81278564222157, 0.0 ], [ 173865.198286641767481, 538981.606762764509767, 0.0 ], [ 173865.176724720164202, 538981.609423751593567, 0.0 ], [ 173865.524344657344045, 538984.426181086339056, 0.0 ], [ 173863.539415874111, 538984.671143905958161, 0.0 ], [ 173863.736840605270118, 538986.270870273234323, 0.0 ], [ 173863.758386442728806, 538986.268211270100437, 0.0 ], [ 173863.861043358076131, 538987.10003816743847, 0.0 ], [ 173864.449867137387628, 538987.02737098664511, 0.0 ], [ 173864.56010103301378, 538987.920594005845487, 0.0 ], [ 173866.679025720863137, 538987.659094579285011, 0.0 ], [ 173866.642281071865, 538987.361353427753784, 0.0 ], [ 173868.577599242416909, 538987.122513059643097, 0.0 ], [ 173868.614344271714799, 538987.42025424039457, 0.0 ], [ 173869.755672483093804, 538987.279401313629933, 0.0 ], [ 173869.665280691027874, 538986.546958441380411, 0.0 ], [ 173869.637504897487815, 538986.55038629018236, 0.0 ], [ 173869.527270931925159, 538985.657162701594643, 0.0 ], [ 173869.555046456080163, 538985.653734884574078, 0.0 ] ] ] ] } },
{ "type": "Feature", "properties": { "H_SHMRS": 3.25, "Z_MIN": 48.75, "Z_MAX": 53.0, "no": null, "provinsi": "Bali", "kabupaten": "Kota Denpasar", "kecamatan": "Denpasar Selatan", "desa_kelur": "Sanur", "id": 8581.0, "nogambarde": "GD.00299/2019", "nohmsrs": "22090301700299", "unit": null, "lantai": "4", "lantaim2": 0.0, "fungsi": "No. Unit 03AB2-05", "penggunaan": "Tanah Perumahan", "alamat": null, "nibtanahbe": "01530", "nibunit": "8581", "building": "00003", "Keterangan": "Ruang Khusus" }, "geometry": { "type": "MultiPolygon", "coordinates": [ [ [ [ 173854.938396590383491, 539006.259661006741226, 0.0 ], [ 173854.828162628022255, 539005.366437418735586, 0.0 ], [ 173854.853396165533923, 539005.363323468714952, 0.0 ], [ 173854.185868454223964, 538999.95435991382692, 0.0 ], [ 173854.160668031225214, 538999.957469775807112, 0.0 ], [ 173854.050439535320038, 538999.064245512359776, 0.0 ], [ 173854.075634489185177, 538999.061136323609389, 0.0 ], [ 173853.892084595980123, 538997.573835229966789, 0.0 ], [ 173852.721316926850704, 538997.718321295687929, 0.0 ], [ 173852.758061390049988, 538998.016062514972873, 0.0 ], [ 173850.852196102117887, 538998.251265860977583, 0.0 ], [ 173850.815451527683763, 538997.953526791767217, 0.0 ], [ 173849.490476795152063, 538998.117041908553801, 0.0 ], [ 173849.600710630853428, 538999.010266240104102, 0.0 ], [ 173849.188835912704235, 538999.061098343343474, 0.0 ], [ 173849.262147901405115, 538999.65514547470957, 0.0 ], [ 173849.286576518497895, 538999.652130857110023, 0.0 ], [ 173849.396805015450809, 539000.545355120673776, 0.0 ], [ 173849.372382054076297, 539000.548369041178375, 0.0 ], [ 173850.040086665307172, 539005.958767582895234, 0.0 ], [ 173850.089710384549107, 539005.952643450815231, 0.0 ], [ 173850.463279315794352, 539008.979679125826806, 0.0 ], [ 173855.227140389819397, 539008.391765390522778, 0.0 ], [ 173854.963630128448131, 539006.256547056604177, 0.0 ], [ 173854.938396590383491, 539006.259661006741226, 0.0 ] ] ] ] } },
{ "type": "Feature", "properties": { "H_SHMRS": 3.25, "Z_MIN": 48.75, "Z_MAX": 53.0, "no": null, "provinsi": "Bali", "kabupaten": "Kota Denpasar", "kecamatan": "Denpasar Selatan", "desa_kelur": "Sanur", "id": 8580.0, "nogambarde": "GD.00298/2019", "nohmsrs": "22090301700298", "unit": null, "lantai": "4", "lantaim2": 0.0, "fungsi": "No. Unit 03AB2-02", "penggunaan": "Tanah Perumahan", "alamat": null, "nibtanahbe": "01530", "nibunit": "8580", "building": "00003", "Keterangan": "Ruang Khusus" }, "geometry": { "type": "MultiPolygon", "coordinates": [ [ [ [ 173859.4549697956827, 538993.663033773540519, 0.0 ], [ 173859.381326412782073, 538993.06630293361377, 0.0 ], [ 173859.358152373752091, 538993.069162729429081, 0.0 ], [ 173859.247923876158893, 538992.175938464701176, 0.0 ], [ 173859.271092446113471, 538992.173079342464916, 0.0 ], [ 173859.154888421908254, 538991.231480477261357, 0.0 ], [ 173857.169946999987587, 538991.476444858009927, 0.0 ], [ 173856.728856943838764, 538987.902293547638692, 0.0 ], [ 173856.709703021857422, 538987.904657360399142, 0.0 ], [ 173856.611722122557694, 538987.110680119716562, 0.0 ], [ 173856.630871149594896, 538987.108316911035217, 0.0 ], [ 173856.514667364594061, 538986.166726850438863, 0.0 ], [ 173852.718146564031485, 538986.635260759037919, 0.0 ], [ 173852.834340771427378, 538987.576827507815324, 0.0 ], [ 173852.809842567628948, 538987.579850864363834, 0.0 ], [ 173853.465134438069072, 538992.889564956538379, 0.0 ], [ 173853.48956739885034, 538992.886488113668747, 0.0 ], [ 173853.599802527518477, 538993.779773246496916, 0.0 ], [ 173853.575360773480497, 538993.782726717996411, 0.0 ], [ 173853.759250070346752, 538995.272777981939726, 0.0 ], [ 173854.900591390323825, 538995.131923465291038, 0.0 ], [ 173854.863846741383895, 538994.834182266728021, 0.0 ], [ 173856.799164914584253, 538994.595341961365193, 0.0 ], [ 173856.835909568617353, 538994.893083158065565, 0.0 ], [ 173858.954834419710096, 538994.631583596230485, 0.0 ], [ 173858.844600476528285, 538993.738360171322711, 0.0 ], [ 173859.4549697956827, 538993.663033773540519, 0.0 ] ] ] ] } },
{ "type": "Feature", "properties": { "H_SHMRS": 3.25, "Z_MIN": 48.75, "Z_MAX": 53.0, "no": null, "provinsi": "Bali", "kabupaten": "Kota Denpasar", "kecamatan": "Denpasar Selatan", "desa_kelur": "Sanur", "id": 8579.0, "nogambarde": "GD.00297/2019", "nohmsrs": "22090301700297", "unit": null, "lantai": "4", "lantaim2": 0.0, "fungsi": "No. Unit 03AB2-07", "penggunaan": "Tanah Perumahan", "alamat": null, "nibtanahbe": "01530", "nibunit": "8579", "building": "00003", "Keterangan": "Ruang Khusus" }, "geometry": { "type": "MultiPolygon", "coordinates": [ [ [ [ 173850.215164675173583, 539009.010299299261533, 0.0 ], [ 173849.841592621989548, 539005.983264978858642, 0.0 ], [ 173849.891216341318795, 539005.977140796021558, 0.0 ], [ 173849.223511316115037, 539000.566740461275913, 0.0 ], [ 173849.19831070190412, 539000.569850346189924, 0.0 ], [ 173849.088082206289982, 538999.676626081811264, 0.0 ], [ 173849.113277160970028, 538999.673516895389184, 0.0 ], [ 173849.03996490497957, 538999.079470722703263, 0.0 ], [ 173848.628089681093115, 538999.130298743606545, 0.0 ], [ 173848.517855599755421, 538998.237074442673475, 0.0 ], [ 173847.192880951304687, 538998.400593262515031, 0.0 ], [ 173847.229625346459216, 538998.698332352214493, 0.0 ], [ 173845.323760386905633, 538998.933539935038425, 0.0 ], [ 173845.287015731970314, 538998.635798738338053, 0.0 ], [ 173844.116248060920043, 538998.780284803360701, 0.0 ], [ 173844.299790569959441, 539000.267526045441628, 0.0 ], [ 173844.324219190631993, 539000.264511428191327, 0.0 ], [ 173844.434447684529005, 539001.157735692104325, 0.0 ], [ 173844.410024534736294, 539001.160749636008404, 0.0 ], [ 173845.07755224450375, 539006.569713189732283, 0.0 ], [ 173845.101942280423827, 539006.566703333519399, 0.0 ], [ 173845.212170777784195, 539007.459927597083151, 0.0 ], [ 173845.186684861138929, 539007.46307269227691, 0.0 ], [ 173845.451303857145831, 539009.598214964033104, 0.0 ], [ 173850.215164675173583, 539009.010299299261533, 0.0 ] ] ] ] } },
{ "type": "Feature", "properties": { "H_SHMRS": 3.25, "Z_MIN": 48.75, "Z_MAX": 53.0, "no": null, "provinsi": "Bali", "kabupaten": "Kota Denpasar", "kecamatan": "Denpasar Selatan", "desa_kelur": "Sanur", "id": 8578.0, "nogambarde": "GD.00296/2019", "nohmsrs": "22090301700296", "unit": null, "lantai": "4", "lantaim2": 0.0, "fungsi": "No. Unit 03AB2-02A", "penggunaan": "Tanah Perumahan", "alamat": null, "nibtanahbe": "01530", "nibunit": "8578", "building": "00003", "Keterangan": "Ruang Khusus" }, "geometry": { "type": "MultiPolygon", "coordinates": [ [ [ [ 173853.407667716557626, 538993.809012311277911, 0.0 ], [ 173853.285178465011995, 538992.81648438621778, 0.0 ], [ 173853.309638209582772, 538992.813465623999946, 0.0 ], [ 173852.667229552345816, 538987.59745093586389, 0.0 ], [ 173852.641435678116977, 538987.600634194212034, 0.0 ], [ 173852.519613821001258, 538986.613554126117378, 0.0 ], [ 173852.544111968338257, 538986.610530622885562, 0.0 ], [ 173852.440120609768201, 538985.767782884184271, 0.0 ], [ 173847.676323429681361, 538986.356214713538066, 0.0 ], [ 173847.62670124520082, 538986.362338812556118, 0.0 ], [ 173847.730645494564669, 538987.20459697348997, 0.0 ], [ 173847.75575800385559, 538987.201497801928781, 0.0 ], [ 173847.85374861152377, 538987.995473725488409, 0.0 ], [ 173847.832444972998928, 538987.998103133286349, 0.0 ], [ 173848.802466602181084, 538995.889539707219228, 0.0 ], [ 173849.447635968535906, 538995.810443549882621, 0.0 ], [ 173849.410891492094379, 538995.51270228321664, 0.0 ], [ 173851.172527004877338, 538995.295296415570192, 0.0 ], [ 173851.209271656000055, 538995.593037691083737, 0.0 ], [ 173853.204138010914903, 538995.346848335699178, 0.0 ], [ 173853.112104143947363, 538994.602516334853135, 0.0 ], [ 173853.093731819069944, 538994.453645734931342, 0.0 ], [ 173853.505779133993201, 538994.402794448309578, 0.0 ], [ 173853.432127128384309, 538993.805993742309511, 0.0 ], [ 173853.407667716557626, 538993.809012311277911, 0.0 ] ] ] ] } },
{ "type": "Feature", "properties": { "H_SHMRS": 3.25, "Z_MIN": 48.75, "Z_MAX": 53.0, "no": null, "provinsi": "Bali", "kabupaten": "Kota Denpasar", "kecamatan": "Denpasar Selatan", "desa_kelur": "Sanur", "id": 8577.0, "nogambarde": "GD.00295/2019", "nohmsrs": "22090301700295", "unit": null, "lantai": "4", "lantaim2": 0.0, "fungsi": "No. Unit 03AB2-10", "penggunaan": "Tanah Perumahan", "alamat": null, "nibtanahbe": "01530", "nibunit": "8577", "building": "00003", "Keterangan": "Ruang Khusus" }, "geometry": { "type": "MultiPolygon", "coordinates": [ [ [ [ 173844.928689046471845, 539006.588145366637036, 0.0 ], [ 173844.261161335976794, 539001.179181812214665, 0.0 ], [ 173844.235960911319125, 539001.182291673496366, 0.0 ], [ 173844.125732415996026, 539000.289067410631105, 0.0 ], [ 173844.15092737149098, 539000.285958224209026, 0.0 ], [ 173843.967377474240493, 538998.798657128587365, 0.0 ], [ 173842.796609807031928, 538998.943143195938319, 0.0 ], [ 173842.833354270958807, 538999.240884413942695, 0.0 ], [ 173840.927488981717033, 538999.476087760995142, 0.0 ], [ 173840.89074440652621, 538999.178348692366853, 0.0 ], [ 173839.565769677050412, 538999.341863807523623, 0.0 ], [ 173839.676003512198804, 539000.235088139073923, 0.0 ], [ 173839.264128792361589, 539000.285920243477449, 0.0 ], [ 173839.337440780043835, 539000.879967375309207, 0.0 ], [ 173839.361869398737326, 539000.876952756312676, 0.0 ], [ 173839.472097895137267, 539001.770177020924166, 0.0 ], [ 173839.447674934985116, 539001.773190939449705, 0.0 ], [ 173840.11537954499363, 539007.183589481399395, 0.0 ], [ 173840.165003267495194, 539007.177465348620899, 0.0 ], [ 173840.538572217104957, 539010.20450102223549, 0.0 ], [ 173845.302433271950576, 539009.616587288212031, 0.0 ], [ 173845.038923008803977, 539007.48136895603966, 0.0 ], [ 173845.01368947190349, 539007.484482905711047, 0.0 ], [ 173844.90345550730126, 539006.591259316075593, 0.0 ], [ 173844.928689046471845, 539006.588145366637036, 0.0 ] ] ] ] } },
{ "type": "Feature", "properties": { "H_SHMRS": 3.25, "Z_MIN": 48.75, "Z_MAX": 53.0, "no": null, "provinsi": "Bali", "kabupaten": "Kota Denpasar", "kecamatan": "Denpasar Selatan", "desa_kelur": "Sanur", "id": 8576.0, "nogambarde": "GD.00294/2019", "nohmsrs": "22090301700294", "unit": null, "lantai": "4", "lantaim2": 0.0, "fungsi": "No. Unit 03AB2-06", "penggunaan": "Tanah Perumahan", "alamat": null, "nibtanahbe": "01530", "nibunit": "8576", "building": "00003", "Keterangan": "Ruang Khusus" }, "geometry": { "type": "MultiPolygon", "coordinates": [ [ [ [ 173848.648128746019211, 538995.903023557504639, 0.0 ], [ 173847.670480223925551, 538988.012528228922747, 0.0 ], [ 173847.64917651572614, 538988.015157054876909, 0.0 ], [ 173847.551195631094743, 538987.221179931191728, 0.0 ], [ 173847.576308140385663, 538987.218080761493184, 0.0 ], [ 173847.472363888489781, 538986.375822603120469, 0.0 ], [ 173847.422741639747983, 538986.381946396548301, 0.0 ], [ 173842.65827050851658, 538986.964915662654676, 0.0 ], [ 173842.762834432069212, 538987.812088480452076, 0.0 ], [ 173842.787332614389015, 538987.809065278735943, 0.0 ], [ 173842.885313500009943, 538988.603042399743572, 0.0 ], [ 173842.860805864038412, 538988.606066769221798, 0.0 ], [ 173843.528334251837805, 538994.015026741777547, 0.0 ], [ 173843.552794031362282, 538994.012008278281428, 0.0 ], [ 173843.675283280550502, 538995.004536201828159, 0.0 ], [ 173843.650823867152212, 538995.007554772426374, 0.0 ], [ 173843.72447587311035, 538995.604355480754748, 0.0 ], [ 173844.136523177061463, 538995.553504104958847, 0.0 ], [ 173844.154895504296292, 538995.702374703367241, 0.0 ], [ 173844.246584980399348, 538996.44674920651596, 0.0 ], [ 173846.241451364709064, 538996.200560099561699, 0.0 ], [ 173846.204706686665304, 538995.902818826260045, 0.0 ], [ 173847.966342194413301, 538995.685412920895033, 0.0 ], [ 173848.003087038785452, 538995.983154143672436, 0.0 ], [ 173848.648128746019211, 538995.903023557504639, 0.0 ] ] ] ] } },
{ "type": "Feature", "properties": { "H_SHMRS": 3.25, "Z_MIN": 48.75, "Z_MAX": 53.0, "no": null, "provinsi": "Bali", "kabupaten": "Kota Denpasar", "kecamatan": "Denpasar Selatan", "desa_kelur": "Sanur", "id": 8575.0, "nogambarde": "GD.00293/2019", "nohmsrs": "22090301700293", "unit": null, "lantai": "4", "lantaim2": 0.0, "fungsi": "No. Unit 03AB2-11", "penggunaan": "Tanah Perumahan", "alamat": null, "nibtanahbe": "01530", "nibunit": "8575", "building": "00003", "Keterangan": "Ruang Khusus" }, "geometry": { "type": "MultiPolygon", "coordinates": [ [ [ [ 173839.966509242134634, 539007.201962693710811, 0.0 ], [ 173839.298804215330165, 539001.791562356054783, 0.0 ], [ 173839.273603602225194, 539001.794672242482193, 0.0 ], [ 173839.163375107193133, 539000.90144797868561, 0.0 ], [ 173839.188570060709026, 539000.898338790982962, 0.0 ], [ 173839.115257805678993, 539000.304292619577609, 0.0 ], [ 173838.703382582898485, 539000.355120640131645, 0.0 ], [ 173838.593148502113763, 538999.46189633931499, 0.0 ], [ 173837.268173851072788, 538999.625415159505792, 0.0 ], [ 173837.304918246984016, 538999.923154248739593, 0.0 ], [ 173835.399053286120761, 539000.15836183144711, 0.0 ], [ 173835.362308633251814, 538999.860620634164661, 0.0 ], [ 173834.191540964093292, 539000.005106700351462, 0.0 ], [ 173834.375083471619291, 539001.492347942665219, 0.0 ], [ 173834.399512091098586, 539001.48933332413435, 0.0 ], [ 173834.509740587236593, 539002.382557589327917, 0.0 ], [ 173834.485317435872275, 539002.38557153288275, 0.0 ], [ 173835.152845147560583, 539007.794535086257383, 0.0 ], [ 173835.177235182287404, 539007.79152523051016, 0.0 ], [ 173835.287463679094799, 539008.684749493608251, 0.0 ], [ 173835.261977760761511, 539008.687894588219933, 0.0 ], [ 173835.526596758631058, 539010.823036859976128, 0.0 ], [ 173840.290457543480443, 539010.235121198813431, 0.0 ], [ 173839.916885522339726, 539007.20808687468525, 0.0 ], [ 173839.966509242134634, 539007.201962693710811, 0.0 ] ] ] ] } },
{ "type": "Feature", "properties": { "H_SHMRS": 3.25, "Z_MIN": 48.75, "Z_MAX": 53.0, "no": null, "provinsi": "Bali", "kabupaten": "Kota Denpasar", "kecamatan": "Denpasar Selatan", "desa_kelur": "Sanur", "id": 8570.0, "nogambarde": "GD.00289/2019", "nohmsrs": "22090301700295", "unit": null, "lantai": "4", "lantaim2": 0.0, "fungsi": "No. Unit 03AB2-10", "penggunaan": "Tanah Perumahan", "alamat": null, "nibtanahbe": "01530", "nibunit": "8570", "building": "00003", "Keterangan": "Ruang Khusus" }, "geometry": { "type": "MultiPolygon", "coordinates": [ [ [ [ 173838.723224588437006, 538997.127869746880606, 0.0 ], [ 173837.745576067478396, 538989.237374419812113, 0.0 ], [ 173837.724272357911104, 538989.240003245417029, 0.0 ], [ 173837.626291473163292, 538988.446026121848263, 0.0 ], [ 173837.651403981290059, 538988.44292695238255, 0.0 ], [ 173837.547459732129937, 538987.60066879238002, 0.0 ], [ 173837.497837502509356, 538987.606792585225776, 0.0 ], [ 173832.733366349566495, 538988.189761854126118, 0.0 ], [ 173832.837930272100493, 538989.036934671574272, 0.0 ], [ 173832.862428456021007, 538989.033911467879079, 0.0 ], [ 173832.96040934175835, 538989.827888590632938, 0.0 ], [ 173832.93590170700918, 538989.830912960227579, 0.0 ], [ 173833.60343009387725, 538995.239872932550497, 0.0 ], [ 173833.627889872237574, 538995.236854468821548, 0.0 ], [ 173833.750379122939194, 538996.229382393765263, 0.0 ], [ 173833.725919710705057, 538996.232400963664986, 0.0 ], [ 173833.799571715091588, 538996.829201670945622, 0.0 ], [ 173834.211619020759827, 538996.778350295382552, 0.0 ], [ 173834.229991346976021, 538996.927220895187929, 0.0 ], [ 173834.321680820721667, 538997.671595398685895, 0.0 ], [ 173836.316547206573887, 538997.425406290101819, 0.0 ], [ 173836.279802527773427, 538997.127665017498657, 0.0 ], [ 173838.041438035841566, 538996.910259112832136, 0.0 ], [ 173838.078182880941313, 538997.208000334561802, 0.0 ], [ 173838.723224588437006, 538997.127869746880606, 0.0 ] ] ] ] } },
{ "type": "Feature", "properties": { "H_SHMRS": 3.25, "Z_MIN": 48.75, "Z_MAX": 53.0, "no": null, "provinsi": "Bali", "kabupaten": "Kota Denpasar", "kecamatan": "Denpasar Selatan", "desa_kelur": "Sanur", "id": 8573.0, "nogambarde": "GD.00292/2019", "nohmsrs": "22090301700292", "unit": null, "lantai": "4", "lantaim2": 0.0, "fungsi": "No. Unit 03AB2-15", "penggunaan": "Tanah Perumahan", "alamat": null, "nibtanahbe": "01530", "nibunit": "8573", "building": "00003", "Keterangan": "Ruang Khusus" }, "geometry": { "type": "MultiPolygon", "coordinates": [ [ [ [ 173835.088982351822779, 539008.709304803633131, 0.0 ], [ 173834.978748387773521, 539007.816081214696169, 0.0 ], [ 173835.003981925779954, 539007.812967265606858, 0.0 ], [ 173834.336454216158018, 539002.404003711184487, 0.0 ], [ 173834.311253792664502, 539002.407113574445248, 0.0 ], [ 173834.201025297865272, 539001.513889309717342, 0.0 ], [ 173834.226220252225175, 539001.510780121898279, 0.0 ], [ 173834.042670356488088, 539000.023479028372094, 0.0 ], [ 173832.871902688377304, 539000.167965093161911, 0.0 ], [ 173832.908647150266916, 539000.465706314891577, 0.0 ], [ 173831.002781862509437, 539000.700909659499303, 0.0 ], [ 173830.966037286561914, 539000.403170590056106, 0.0 ], [ 173829.64106255734805, 539000.566685707308352, 0.0 ], [ 173829.751296391914366, 539001.459910038276576, 0.0 ], [ 173829.339421673183097, 539001.51074214244727, 0.0 ], [ 173829.412733662698884, 539002.10478927299846, 0.0 ], [ 173829.437162280170014, 539002.101774656097405, 0.0 ], [ 173829.547390776046086, 539002.994998918497004, 0.0 ], [ 173829.522967817087192, 539002.998012838768773, 0.0 ], [ 173830.190672425931552, 539008.40841137978714, 0.0 ], [ 173830.240296146046603, 539008.402287248289213, 0.0 ], [ 173830.613865130813792, 539011.429322917130776, 0.0 ], [ 173835.377726152481046, 539010.841409189160913, 0.0 ], [ 173835.11421589035308, 539008.706190856406465, 0.0 ], [ 173835.088982351822779, 539008.709304803633131, 0.0 ] ] ] ] } },
{ "type": "Feature", "properties": { "H_SHMRS": 3.25, "Z_MIN": 48.75, "Z_MAX": 53.0, "no": null, "provinsi": "Bali", "kabupaten": "Kota Denpasar", "kecamatan": "Denpasar Selatan", "desa_kelur": "Sanur", "id": 8572.0, "nogambarde": "GD.00291/2019", "nohmsrs": "22090301700291", "unit": null, "lantai": "4", "lantaim2": 0.0, "fungsi": "No. Unit 03AB2-08", "penggunaan": "Tanah Perumahan", "alamat": null, "nibtanahbe": "01530", "nibunit": "8572", "building": "00003", "Keterangan": "Ruang Khusus" }, "geometry": { "type": "MultiPolygon", "coordinates": [ [ [ [ 173843.5754718145472, 538995.62326940742787, 0.0 ], [ 173843.501819810655434, 538995.026468699448742, 0.0 ], [ 173843.47736039722804, 538995.029487270046957, 0.0 ], [ 173843.354871147050289, 538994.036959344986826, 0.0 ], [ 173843.379330890427809, 538994.033940583118238, 0.0 ], [ 173842.711804708407726, 538988.624980338965543, 0.0 ], [ 173842.68729710864136, 538988.628005008096807, 0.0 ], [ 173842.589306501933606, 538987.834029083955102, 0.0 ], [ 173842.613804648077348, 538987.831005582935177, 0.0 ], [ 173842.509813292446779, 538986.988257842604071, 0.0 ], [ 173837.746016109420452, 538987.576689672889188, 0.0 ], [ 173837.696393927268218, 538987.582813771092333, 0.0 ], [ 173837.800338176602963, 538988.425071931560524, 0.0 ], [ 173837.825450684758835, 538988.421972762444057, 0.0 ], [ 173837.923441292427015, 538989.215948685654439, 0.0 ], [ 173837.902137655299157, 538989.218578092055395, 0.0 ], [ 173838.872159284481313, 538997.11001466459129, 0.0 ], [ 173839.51732865080703, 538997.030918509932235, 0.0 ], [ 173839.480584173667012, 538996.73317724163644, 0.0 ], [ 173841.242219686624594, 538996.515771374222822, 0.0 ], [ 173841.278964338445803, 538996.813512650784105, 0.0 ], [ 173843.273830691905459, 538996.567323296214454, 0.0 ], [ 173843.181796827382641, 538995.822991293272935, 0.0 ], [ 173843.163424500729889, 538995.674120695563033, 0.0 ], [ 173843.5754718145472, 538995.62326940742787, 0.0 ] ] ] ] } },
{ "type": "Feature", "properties": { "H_SHMRS": 3.25, "Z_MIN": 48.75, "Z_MAX": 53.0, "no": null, "provinsi": "Bali", "kabupaten": "Kota Denpasar", "kecamatan": "Denpasar Selatan", "desa_kelur": "Sanur", "id": 8571.0, "nogambarde": "GD.00290/2019", "nohmsrs": "22090301700290", "unit": null, "lantai": "4", "lantaim2": 0.0, "fungsi": "No. Unit 03AB2-17", "penggunaan": "Tanah Perumahan", "alamat": null, "nibtanahbe": "01530", "nibunit": "8571", "building": "00003", "Keterangan": "Ruang Khusus" }, "geometry": { "type": "MultiPolygon", "coordinates": [ [ [ [ 173830.365750424156431, 539011.459943097783253, 0.0 ], [ 173829.992178401473211, 539008.432908773305826, 0.0 ], [ 173830.041802121704677, 539008.426784593029879, 0.0 ], [ 173829.374097096064361, 539003.016384255955927, 0.0 ], [ 173829.348896484152647, 539003.019494142150506, 0.0 ], [ 173829.238667986879591, 539002.126269878936, 0.0 ], [ 173829.263862942025298, 539002.12316068878863, 0.0 ], [ 173829.190550685161725, 539001.529114517383277, 0.0 ], [ 173828.778675463458057, 539001.579942539450713, 0.0 ], [ 173828.668441380461445, 539000.686718237237073, 0.0 ], [ 173827.343466732447268, 539000.850237057777122, 0.0 ], [ 173827.380211126321228, 539001.147976147709414, 0.0 ], [ 173825.474346166913165, 539001.383183728787117, 0.0 ], [ 173825.437601513287518, 539001.085442533832975, 0.0 ], [ 173824.266833843255881, 539001.229928598622791, 0.0 ], [ 173824.450376352062449, 539002.717169841052964, 0.0 ], [ 173824.474804970348487, 539002.714155224035494, 0.0 ], [ 173824.58503346593352, 539003.607379487599246, 0.0 ], [ 173824.56061031576246, 539003.610393430455588, 0.0 ], [ 173825.228138026606757, 539009.019356985576451, 0.0 ], [ 173825.252528062934289, 539009.016347129829228, 0.0 ], [ 173825.362756559159607, 539009.909571394557133, 0.0 ], [ 173825.337270641990472, 539009.912716487422585, 0.0 ], [ 173825.601889638870489, 539012.04785875917878, 0.0 ], [ 173830.365750424156431, 539011.459943097783253, 0.0 ] ] ] ] } },
{ "type": "Feature", "properties": { "H_SHMRS": 3.25, "Z_MIN": 48.75, "Z_MAX": 53.0, "no": null, "provinsi": "Bali", "kabupaten": "Kota Denpasar", "kecamatan": "Denpasar Selatan", "desa_kelur": "Sanur", "id": 8549.0, "nogambarde": "GD.00280/2019", "nohmsrs": "22090301700280", "unit": null, "lantai": "4", "lantaim2": 0.0, "fungsi": "No. Unit 03AA3-11", "penggunaan": "Tanah Perumahan", "alamat": null, "nibtanahbe": "01530", "nibunit": "8549", "building": "00003", "Keterangan": "Ruang Khusus" }, "geometry": { "type": "MultiPolygon", "coordinates": [ [ [ [ 173822.483886480302317, 538941.663741874624975, 0.0 ], [ 173822.330783750483533, 538940.423153556068428, 0.0 ], [ 173822.653336734627374, 538940.383346843649633, 0.0 ], [ 173821.72247215124662, 538932.840569922700524, 0.0 ], [ 173817.901459908403922, 538933.312126352800988, 0.0 ], [ 173818.036011210089782, 538934.402392826741561, 0.0 ], [ 173818.110480149596697, 538934.39320297469385, 0.0 ], [ 173818.208631453569978, 538935.188570993603207, 0.0 ], [ 173818.134168588905595, 538935.197760095237754, 0.0 ], [ 173818.660841974226059, 538939.465383908129297, 0.0 ], [ 173818.735281140601728, 538939.456197730265558, 0.0 ], [ 173818.833089177467627, 538940.248784262803383, 0.0 ], [ 173818.758656088757562, 538940.257969691650942, 0.0 ], [ 173818.948682564718183, 538941.797750397119671, 0.0 ], [ 173820.685506312176585, 538941.583406564663164, 0.0 ], [ 173820.722250965598505, 538941.881147762411274, 0.0 ], [ 173822.483886480302317, 538941.663741874624975, 0.0 ] ] ] ] } },
{ "type": "Feature", "properties": { "H_SHMRS": 3.25, "Z_MIN": 48.75, "Z_MAX": 53.0, "no": null, "provinsi": "Bali", "kabupaten": "Kota Denpasar", "kecamatan": "Denpasar Selatan", "desa_kelur": "Sanur", "id": 8548.0, "nogambarde": "GD.00279/2019", "nohmsrs": "22090301700279", "unit": null, "lantai": "4", "lantaim2": 0.0, "fungsi": "No. Unit 03AA3-08", "penggunaan": "Tanah Perumahan", "alamat": null, "nibtanahbe": "01530", "nibunit": "8548", "building": "00003", "Keterangan": "Ruang Khusus" }, "geometry": { "type": "MultiPolygon", "coordinates": [ [ [ [ 173832.194891164603177, 538952.375043336418457, 0.0 ], [ 173831.064490311313421, 538943.223593925125897, 0.0 ], [ 173829.328659208316822, 538943.437815252458677, 0.0 ], [ 173829.292037036677357, 538943.141066536656581, 0.0 ], [ 173827.530401523021283, 538943.358472423395142, 0.0 ], [ 173827.683504252170678, 538944.599060741951689, 0.0 ], [ 173827.360783848154824, 538944.638888115761802, 0.0 ], [ 173827.434100039827172, 538945.232967737247236, 0.0 ], [ 173827.50866403762484, 538945.223765691043809, 0.0 ], [ 173827.606800290173851, 538946.019011750817299, 0.0 ], [ 173827.532242314278847, 538946.028212590143085, 0.0 ], [ 173828.151048636791529, 538951.040211316780187, 0.0 ], [ 173828.225419837632217, 538951.031033064355142, 0.0 ], [ 173828.335377813054947, 538951.922948128543794, 0.0 ], [ 173828.261802438442828, 538951.932027711300179, 0.0 ], [ 173828.374659161694581, 538952.846503477077931, 0.0 ], [ 173832.194891164603177, 538952.375043336418457, 0.0 ] ] ] ] } },
{ "type": "Feature", "properties": { "H_SHMRS": 3.25, "Z_MIN": 48.75, "Z_MAX": 53.0, "no": null, "provinsi": "Bali", "kabupaten": "Kota Denpasar", "kecamatan": "Denpasar Selatan", "desa_kelur": "Sanur", "id": 8547.0, "nogambarde": "GD.00278/2019", "nohmsrs": "22090301700278", "unit": null, "lantai": "4", "lantaim2": 0.0, "fungsi": "No. Unit 03AA3-09", "penggunaan": "Tanah Perumahan", "alamat": null, "nibtanahbe": "01530", "nibunit": "8547", "building": "00003", "Keterangan": "Ruang Khusus" }, "geometry": { "type": "MultiPolygon", "coordinates": [ [ [ [ 173826.739577654545428, 538940.836265206686221, 0.0 ], [ 173826.549557066493435, 538939.296532200067304, 0.0 ], [ 173826.475119434180669, 538939.305718189105392, 0.0 ], [ 173826.377305584319402, 538938.513084564474411, 0.0 ], [ 173826.451725249935407, 538938.503900484414771, 0.0 ], [ 173825.92507556109922, 538934.236273745307699, 0.0 ], [ 173825.850655897316756, 538934.245457825134508, 0.0 ], [ 173825.752510404738132, 538933.450136900995858, 0.0 ], [ 173825.826912185468245, 538933.440955337136984, 0.0 ], [ 173825.693220580636989, 538932.350534340250306, 0.0 ], [ 173821.87134275623248, 538932.822197594097815, 0.0 ], [ 173822.802207340719178, 538940.364974515745416, 0.0 ], [ 173823.124760321050417, 538940.325167803792283, 0.0 ], [ 173823.277863051596796, 538941.565756121999584, 0.0 ], [ 173825.039498564670794, 538941.348350235261023, 0.0 ], [ 173825.002753909124294, 538941.050609038444236, 0.0 ], [ 173826.739577654545428, 538940.836265206686221, 0.0 ] ] ] ] } },
{ "type": "Feature", "properties": { "H_SHMRS": 3.25, "Z_MIN": 48.75, "Z_MAX": 53.0, "no": null, "provinsi": "Bali", "kabupaten": "Kota Denpasar", "kecamatan": "Denpasar Selatan", "desa_kelur": "Sanur", "id": 8546.0, "nogambarde": "GD.00277/2019", "nohmsrs": "22090301700277", "unit": null, "lantai": "4", "lantaim2": 0.0, "fungsi": "No. Unit 03AA3-06", "penggunaan": "Tanah Perumahan", "alamat": null, "nibtanahbe": "01530", "nibunit": "8546", "building": "00003", "Keterangan": "Ruang Khusus" }, "geometry": { "type": "MultiPolygon", "coordinates": [ [ [ [ 173836.164774009317625, 538951.885114577366039, 0.0 ], [ 173836.051923114864621, 538950.970686049433425, 0.0 ], [ 173835.977408069069497, 538950.97988205391448, 0.0 ], [ 173835.867337386443978, 538950.087931548012421, 0.0 ], [ 173835.942013831518125, 538950.078716088552028, 0.0 ], [ 173835.323472130636219, 538945.066685168654658, 0.0 ], [ 173835.251462904154323, 538945.07557192875538, 0.0 ], [ 173835.150694403622765, 538944.280700529227033, 0.0 ], [ 173835.225168435747037, 538944.271509584737942, 0.0 ], [ 173835.151846358523471, 538943.677382261026651, 0.0 ], [ 173834.82929337763926, 538943.717188972048461, 0.0 ], [ 173834.676190647936892, 538942.476600646041334, 0.0 ], [ 173832.914555132301757, 538942.694006534526125, 0.0 ], [ 173832.951299787091557, 538942.991747730295174, 0.0 ], [ 173831.21546857964131, 538943.205969071132131, 0.0 ], [ 173832.343761768977856, 538952.356671007582918, 0.0 ], [ 173836.164774009317625, 538951.885114577366039, 0.0 ] ] ] ] } },
{ "type": "Feature", "properties": { "H_SHMRS": 3.25, "Z_MIN": 48.75, "Z_MAX": 53.0, "no": null, "provinsi": "Bali", "kabupaten": "Kota Denpasar", "kecamatan": "Denpasar Selatan", "desa_kelur": "Sanur", "id": 8545.0, "nogambarde": "GD.00276/2019", "nohmsrs": "22090301700276", "unit": null, "lantai": "4", "lantaim2": 0.0, "fungsi": "No. Unit 03AA3-07", "penggunaan": "Tanah Perumahan", "alamat": null, "nibtanahbe": "01530", "nibunit": "8545", "building": "00003", "Keterangan": "Ruang Khusus" }, "geometry": { "type": "MultiPolygon", "coordinates": [ [ [ [ 173830.593067761859857, 538939.403493602527305, 0.0 ], [ 173829.662237176613417, 538931.860712485271506, 0.0 ], [ 173825.842091190133942, 538932.332162010716274, 0.0 ], [ 173825.975782904570224, 538933.422583919134922, 0.0 ], [ 173826.050251843000297, 538933.413394066388719, 0.0 ], [ 173826.148397129378282, 538934.208713321248069, 0.0 ], [ 173826.073946149263065, 538934.217901268159039, 0.0 ], [ 173826.600595839001471, 538938.485528002493083, 0.0 ], [ 173826.675046818156261, 538938.476340058608912, 0.0 ], [ 173826.772860871278681, 538939.268975353916176, 0.0 ], [ 173826.698427783645457, 538939.278160783345811, 0.0 ], [ 173826.888448262878228, 538940.817892876802944, 0.0 ], [ 173828.625272009143373, 538940.603549046092667, 0.0 ], [ 173828.662016661954112, 538940.901290241861716, 0.0 ], [ 173830.42365217700717, 538940.683884355472401, 0.0 ], [ 173830.27054944873089, 538939.443296036450192, 0.0 ], [ 173830.593067761859857, 538939.403493602527305, 0.0 ] ] ] ] } },
{ "type": "Feature", "properties": { "H_SHMRS": 3.25, "Z_MIN": 48.75, "Z_MAX": 53.0, "no": null, "provinsi": "Bali", "kabupaten": "Kota Denpasar", "kecamatan": "Denpasar Selatan", "desa_kelur": "Sanur", "id": 8543.0, "nogambarde": "GD.00275/2019", "nohmsrs": "22090301700275", "unit": null, "lantai": "4", "lantaim2": 0.0, "fungsi": "No. Unit 03AA3-05", "penggunaan": "Tanah Perumahan", "alamat": null, "nibtanahbe": "01530", "nibunit": "8543", "building": "00003", "Keterangan": "Ruang Khusus" }, "geometry": { "type": "MultiPolygon", "coordinates": [ [ [ [ 173834.679343351483112, 538939.856407687882893, 0.0 ], [ 173834.489328760188073, 538938.316723289317451, 0.0 ], [ 173834.414891128952149, 538938.3259092788212, 0.0 ], [ 173834.317071262805257, 538937.533226893632673, 0.0 ], [ 173834.391502819198649, 538937.524041653494351, 0.0 ], [ 173833.86482926417375, 538933.256416472257115, 0.0 ], [ 173833.790421404119115, 538933.265598786761984, 0.0 ], [ 173833.692282099073054, 538932.470327989314683, 0.0 ], [ 173833.76668388149119, 538932.461146425106563, 0.0 ], [ 173833.632120691501768, 538931.370783643098548, 0.0 ], [ 173829.811108451453038, 538931.842340074945241, 0.0 ], [ 173830.74197303672554, 538939.385116996360011, 0.0 ], [ 173831.064526019792538, 538939.345310283242725, 0.0 ], [ 173831.217628748767311, 538940.585898604243994, 0.0 ], [ 173832.979264262190554, 538940.368492714944296, 0.0 ], [ 173832.942519607226131, 538940.070751519873738, 0.0 ], [ 173834.679343351483112, 538939.856407687882893, 0.0 ] ] ] ] } },
{ "type": "Feature", "properties": { "H_SHMRS": 3.25, "Z_MIN": 48.75, "Z_MAX": 53.0, "no": null, "provinsi": "Bali", "kabupaten": "Kota Denpasar", "kecamatan": "Denpasar Selatan", "desa_kelur": "Sanur", "id": 8542.0, "nogambarde": "GD.00274/2019", "nohmsrs": "22090301700274", "unit": null, "lantai": "4", "lantaim2": 0.0, "fungsi": "No. Unit 03AA3-02A", "penggunaan": "Tanah Perumahan", "alamat": null, "nibtanahbe": "01530", "nibunit": "8542", "building": "00003", "Keterangan": "Ruang Khusus" }, "geometry": { "type": "MultiPolygon", "coordinates": [ [ [ [ 173840.134656859503593, 538951.395185815868899, 0.0 ], [ 173840.021809017111082, 538950.480782049591653, 0.0 ], [ 173839.949932219606126, 538950.489652018877678, 0.0 ], [ 173839.849466730665881, 538949.697235908010043, 0.0 ], [ 173839.923975758225424, 538949.688041109475307, 0.0 ], [ 173839.293187727831537, 538944.576778435148299, 0.0 ], [ 173839.218707617226755, 538944.58597012842074, 0.0 ], [ 173839.120580253191292, 538943.790796074667014, 0.0 ], [ 173839.195054283365607, 538943.781605129712261, 0.0 ], [ 173839.005371094157454, 538942.244606081862003, 0.0 ], [ 173837.268547362065874, 538942.458950032945722, 0.0 ], [ 173837.231802827736828, 538942.161209797952324, 0.0 ], [ 173835.470167313731508, 538942.378615684923716, 0.0 ], [ 173835.604897580109537, 538943.47033232380636, 0.0 ], [ 173835.623269918782171, 538943.619203000562266, 0.0 ], [ 173835.300716927769827, 538943.659009634167887, 0.0 ], [ 173835.374039213202195, 538944.253138622734696, 0.0 ], [ 173835.448429712385405, 538944.243957989383489, 0.0 ], [ 173835.54656598449219, 538945.039154231082648, 0.0 ], [ 173835.472175483970204, 538945.048334864317439, 0.0 ], [ 173836.090717129787663, 538950.060365331242792, 0.0 ], [ 173836.165078822872601, 538950.051188713288866, 0.0 ], [ 173836.275149453198537, 538950.943138775764965, 0.0 ], [ 173836.202862572012236, 538950.952059800503775, 0.0 ], [ 173836.313644618203398, 538951.866742247948423, 0.0 ], [ 173840.134656859503593, 538951.395185815868899, 0.0 ] ] ] ] } },
{ "type": "Feature", "properties": { "H_SHMRS": 3.25, "Z_MIN": 48.75, "Z_MAX": 53.0, "no": null, "provinsi": "Bali", "kabupaten": "Kota Denpasar", "kecamatan": "Denpasar Selatan", "desa_kelur": "Sanur", "id": 8541.0, "nogambarde": "GD.00273/2019", "nohmsrs": "22090301700273", "unit": null, "lantai": "4", "lantaim2": 0.0, "fungsi": "No. Unit 03AA3-03", "penggunaan": "Tanah Perumahan", "alamat": null, "nibtanahbe": "01530", "nibunit": "8541", "building": "00003", "Keterangan": "Ruang Khusus" }, "geometry": { "type": "MultiPolygon", "coordinates": [ [ [ [ 173838.532868124748347, 538938.423631806857884, 0.0 ], [ 173837.602003542619059, 538930.880854884861037, 0.0 ], [ 173833.781918140186463, 538931.352296932367608, 0.0 ], [ 173833.915554601233453, 538932.442775007453747, 0.0 ], [ 173833.99002353855758, 538932.433585155988112, 0.0 ], [ 173834.088162843574537, 538933.22885595203843, 0.0 ], [ 173834.013699981092941, 538933.238045056932606, 0.0 ], [ 173834.540373481315328, 538937.505669782985933, 0.0 ], [ 173834.614812701242045, 538937.496484058909118, 0.0 ], [ 173834.712632567301625, 538938.289166441070847, 0.0 ], [ 173834.638199477951275, 538938.298351871198975, 0.0 ], [ 173834.828213954780949, 538939.838035358930938, 0.0 ], [ 173836.565037702675909, 538939.623691527172923, 0.0 ], [ 173836.601782357727643, 538939.921432723291218, 0.0 ], [ 173838.363417870277772, 538939.704026836203411, 0.0 ], [ 173838.21031514351489, 538938.463438518578187, 0.0 ], [ 173838.532868124748347, 538938.423631806857884, 0.0 ] ] ] ] } },
{ "type": "Feature", "properties": { "H_SHMRS": 3.25, "Z_MIN": 48.75, "Z_MAX": 53.0, "no": null, "provinsi": "Bali", "kabupaten": "Kota Denpasar", "kecamatan": "Denpasar Selatan", "desa_kelur": "Sanur", "id": 8540.0, "nogambarde": "GD.00272/2019", "nohmsrs": "22090301700272", "unit": null, "lantai": "4", "lantaim2": 0.0, "fungsi": "No. Unit 03AA3-02", "penggunaan": "Tanah Perumahan", "alamat": null, "nibtanahbe": "01530", "nibunit": "8540", "building": "00003", "Keterangan": "Ruang Khusus" }, "geometry": { "type": "MultiPolygon", "coordinates": [ [ [ [ 173843.775552255276125, 538948.858825903385878, 0.0 ], [ 173843.665476108144503, 538947.966829879675061, 0.0 ], [ 173843.740757905965438, 538947.95753924921155, 0.0 ], [ 173843.324317530030385, 538944.583140119793825, 0.0 ], [ 173845.309259877889417, 538944.33817562519107, 0.0 ], [ 173845.248012027237564, 538943.841885525267571, 0.0 ], [ 173845.173531861044466, 538943.851076760794967, 0.0 ], [ 173845.075408966367831, 538943.055938937119208, 0.0 ], [ 173845.14988305492443, 538943.046748449327424, 0.0 ], [ 173845.033707981056068, 538942.105112398858182, 0.0 ], [ 173844.423338689783122, 538942.18043901771307, 0.0 ], [ 173844.313081420725212, 538941.287298368872143, 0.0 ], [ 173842.194156555458903, 538941.548797831404954, 0.0 ], [ 173842.230901191127487, 538941.846538866637275, 0.0 ], [ 173840.389890925696818, 538942.07366046460811, 0.0 ], [ 173840.353146126377396, 538941.77591959934216, 0.0 ], [ 173839.117497050319798, 538941.928492584265769, 0.0 ], [ 173839.343925004039193, 538943.763233712990768, 0.0 ], [ 173839.418321577511961, 538943.754052329109982, 0.0 ], [ 173839.516448860726086, 538944.549225698807277, 0.0 ], [ 173839.44205830359715, 538944.558405877789482, 0.0 ], [ 173840.072846335038776, 538949.669668553280644, 0.0 ], [ 173840.147207973408513, 538949.660491478745826, 0.0 ], [ 173840.159702789940638, 538949.759803195134737, 0.0 ], [ 173843.906118418439291, 538949.297452834784053, 0.0 ], [ 173843.85084018658381, 538948.849534984445199, 0.0 ], [ 173843.775552255276125, 538948.858825903385878, 0.0 ] ] ] ] } },
{ "type": "Feature", "properties": { "H_SHMRS": 3.25, "Z_MIN": 48.75, "Z_MAX": 53.0, "no": null, "provinsi": "Bali", "kabupaten": "Kota Denpasar", "kecamatan": "Denpasar Selatan", "desa_kelur": "Sanur", "id": 8539.0, "nogambarde": "GD.00271/2019", "nohmsrs": "22090301700271", "unit": null, "lantai": "4", "lantaim2": 0.0, "fungsi": "No. Unit 03AA3-01", "penggunaan": "Tanah Perumahan", "alamat": null, "nibtanahbe": "01530", "nibunit": "8539", "building": "00003", "Keterangan": "Ruang Khusus" }, "geometry": { "type": "MultiPolygon", "coordinates": [ [ [ [ 173842.354662823112449, 538937.346100370399654, 0.0 ], [ 173842.170948662300361, 538935.857393263373524, 0.0 ], [ 173842.245377181097865, 538935.848208399955183, 0.0 ], [ 173841.767702071054373, 538931.977616638527252, 0.0 ], [ 173841.693297250720207, 538931.9867985782912, 0.0 ], [ 173841.509583092032699, 538930.498091469751671, 0.0 ], [ 173841.583978798211319, 538930.488910656888038, 0.0 ], [ 173841.571886390767759, 538930.39092612452805, 0.0 ], [ 173837.750874148827279, 538930.862482555676252, 0.0 ], [ 173838.681738732091617, 538938.405259478604421, 0.0 ], [ 173839.00429171230644, 538938.365452764905058, 0.0 ], [ 173839.157394442532677, 538939.606041082763113, 0.0 ], [ 173840.919029956276063, 538939.38863519707229, 0.0 ], [ 173840.882285299099749, 538939.090894000953995, 0.0 ], [ 173842.619109047780512, 538938.876550168730319, 0.0 ], [ 173842.47838681837311, 538937.73628078319598, 0.0 ], [ 173842.429100453242427, 538937.336914381594397, 0.0 ], [ 173842.354662823112449, 538937.346100370399654, 0.0 ] ] ] ] } },
{ "type": "Feature", "properties": { "H_SHMRS": 3.25, "Z_MIN": 48.75, "Z_MAX": 53.0, "no": null, "provinsi": "Bali", "kabupaten": "Kota Denpasar", "kecamatan": "Denpasar Selatan", "desa_kelur": "Sanur", "id": 8538.0, "nogambarde": "GD.00270/2019", "nohmsrs": "22090301700270", "unit": null, "lantai": "4", "lantaim2": 0.0, "fungsi": "No. Unit 03AA2-10", "penggunaan": "Tanah Perumahan", "alamat": null, "nibtanahbe": "01530", "nibunit": "8538", "building": "00003", "Keterangan": "Ruang Khusus" }, "geometry": { "type": "MultiPolygon", "coordinates": [ [ [ [ 173855.435387701494619, 538941.275873038219288, 0.0 ], [ 173855.337272651609965, 538940.480798788252287, 0.0 ], [ 173855.412337289948482, 538940.471534957061522, 0.0 ], [ 173855.204269855777966, 538938.785568715305999, 0.0 ], [ 173853.958719110290986, 538938.939283864456229, 0.0 ], [ 173853.995463795698015, 538939.237025306909345, 0.0 ], [ 173852.16435500519583, 538939.463004674180411, 0.0 ], [ 173852.127610357536469, 538939.165263540809974, 0.0 ], [ 173850.008147764543537, 538939.426789374090731, 0.0 ], [ 173850.11837199315778, 538940.31993381283246, 0.0 ], [ 173849.508002490154468, 538940.395260234014131, 0.0 ], [ 173849.605985984875588, 538941.189218525774777, 0.0 ], [ 173849.680185264529428, 538941.17891218373552, 0.0 ], [ 173849.778304644452874, 538941.974021522677504, 0.0 ], [ 173849.70450475209509, 538941.983129268628545, 0.0 ], [ 173849.783587577432627, 538942.62831937847659, 0.0 ], [ 173851.768562964454759, 538942.38335080712568, 0.0 ], [ 173852.179512567527127, 538945.709162951097824, 0.0 ], [ 173852.253290585736977, 538945.700057902373374, 0.0 ], [ 173852.350994444219396, 538946.49180027586408, 0.0 ], [ 173852.241941848827992, 538946.506493104156107, 0.0 ], [ 173852.315431050694315, 538947.101974630029872, 0.0 ], [ 173856.096623500605347, 538946.635332414298318, 0.0 ], [ 173856.066142121242592, 538946.387100794934668, 0.0 ], [ 173856.141241634148173, 538946.377832661382854, 0.0 ], [ 173855.510458353062859, 538941.266608466161415, 0.0 ], [ 173855.435387701494619, 538941.275873038219288, 0.0 ] ] ] ] } },
{ "type": "Feature", "properties": { "H_SHMRS": 3.25, "Z_MIN": 48.75, "Z_MAX": 53.0, "no": null, "provinsi": "Bali", "kabupaten": "Kota Denpasar", "kecamatan": "Denpasar Selatan", "desa_kelur": "Sanur", "id": 8537.0, "nogambarde": "GD.00269/2019", "nohmsrs": "22090301700269", "unit": null, "lantai": "4", "lantaim2": 0.0, "fungsi": "No. Unit 03AA2-17", "penggunaan": "Tanah Perumahan", "alamat": null, "nibtanahbe": "01530", "nibunit": "8537", "building": "00003", "Keterangan": "Ruang Khusus" }, "geometry": { "type": "MultiPolygon", "coordinates": [ [ [ [ 173846.580024479539134, 538936.272845555911772, 0.0 ], [ 173845.649160006811144, 538928.730069530662149, 0.0 ], [ 173841.580029978737002, 538929.23224561160896, 0.0 ], [ 173841.732844729238423, 538930.470500440802425, 0.0 ], [ 173841.807319742743857, 538930.461309837875888, 0.0 ], [ 173841.991033900645562, 538931.950016944436356, 0.0 ], [ 173841.916568001644919, 538931.959206421277486, 0.0 ], [ 173842.394243111193646, 538935.829798183287494, 0.0 ], [ 173842.468685314030154, 538935.820611630100757, 0.0 ], [ 173842.652399474027334, 538937.309318737010472, 0.0 ], [ 173842.577966385753825, 538937.318504165741615, 0.0 ], [ 173842.62725263525499, 538937.717869657324627, 0.0 ], [ 173844.612194060580805, 538937.472905276459642, 0.0 ], [ 173844.648938714526594, 538937.770646473160014, 0.0 ], [ 173846.410574227833422, 538937.553240585722961, 0.0 ], [ 173846.257471499149688, 538936.31265226600226, 0.0 ], [ 173846.580024479539134, 538936.272845555911772, 0.0 ] ] ] ] } },
{ "type": "Feature", "properties": { "H_SHMRS": 3.25, "Z_MIN": 48.75, "Z_MAX": 53.0, "no": null, "provinsi": "Bali", "kabupaten": "Kota Denpasar", "kecamatan": "Denpasar Selatan", "desa_kelur": "Sanur", "id": 8536.0, "nogambarde": "GD.00268/2019", "nohmsrs": "22090301700268", "unit": null, "lantai": "4", "lantaim2": 0.0, "fungsi": "No. Unit 03AA2-08", "penggunaan": "Tanah Perumahan", "alamat": null, "nibtanahbe": "01530", "nibunit": "8536", "building": "00003", "Keterangan": "Ruang Khusus" }, "geometry": { "type": "MultiPolygon", "coordinates": [ [ [ [ 173859.382223196851555, 538939.981630961643532, 0.0 ], [ 173859.327255468437215, 538939.536228575161658, 0.0 ], [ 173859.004702472331701, 538939.576035169186071, 0.0 ], [ 173858.986330122774234, 538939.427164387190714, 0.0 ], [ 173858.851599719811929, 538938.335446666344069, 0.0 ], [ 173857.089964222395793, 538938.552852675318718, 0.0 ], [ 173857.126708862691885, 538938.850593751296401, 0.0 ], [ 173855.389885117096128, 538939.06493758270517, 0.0 ], [ 173855.561208065366372, 538940.453163999132812, 0.0 ], [ 173855.635014091036282, 538940.444055954227224, 0.0 ], [ 173855.73312908236403, 538941.239129745168611, 0.0 ], [ 173855.65932910356787, 538941.248237044783309, 0.0 ], [ 173856.289974959334359, 538946.358347413712181, 0.0 ], [ 173856.363746044255095, 538946.349243680364452, 0.0 ], [ 173856.461727754387539, 538947.143237480893731, 0.0 ], [ 173856.386427349207224, 538947.152530408115126, 0.0 ], [ 173856.516831448709127, 538948.215764711610973, 0.0 ], [ 173860.338609608705156, 538947.744113756110892, 0.0 ], [ 173860.208977876551216, 538946.680807420867495, 0.0 ], [ 173860.133872217964381, 538946.6900763126323, 0.0 ], [ 173860.036024941422511, 538945.897171806660481, 0.0 ], [ 173860.111291996581713, 538945.887883461895399, 0.0 ], [ 173859.480508685257519, 538940.776659038034268, 0.0 ], [ 173859.405270549963461, 538940.785944280563854, 0.0 ], [ 173859.307158499170328, 538939.990894332993776, 0.0 ], [ 173859.382223196851555, 538939.981630961643532, 0.0 ] ] ] ] } },
{ "type": "Feature", "properties": { "H_SHMRS": 3.25, "Z_MIN": 48.75, "Z_MAX": 53.0, "no": null, "provinsi": "Bali", "kabupaten": "Kota Denpasar", "kecamatan": "Denpasar Selatan", "desa_kelur": "Sanur", "id": 8535.0, "nogambarde": "GD.00267/2019", "nohmsrs": "22090301700267", "unit": null, "lantai": "4", "lantaim2": 0.0, "fungsi": "No. Unit 03AA2-15", "penggunaan": "Tanah Perumahan", "alamat": null, "nibtanahbe": "01530", "nibunit": "8535", "building": "00003", "Keterangan": "Ruang Khusus" }, "geometry": { "type": "MultiPolygon", "coordinates": [ [ [ [ 173850.668321641773218, 538935.313615191727877, 0.0 ], [ 173850.570494722662261, 538934.520875646499917, 0.0 ], [ 173850.644920207094401, 538934.511691157473251, 0.0 ], [ 173850.118114524229895, 538930.242995351320133, 0.0 ], [ 173850.04371274454752, 538930.252176916925237, 0.0 ], [ 173849.945580322644673, 538929.456961910938844, 0.0 ], [ 173850.019976027484518, 538929.447781097027473, 0.0 ], [ 173849.8671567645506, 538928.209520690958016, 0.0 ], [ 173845.798030500824098, 538928.711696304264478, 0.0 ], [ 173846.7288950860966, 538936.254473227192648, 0.0 ], [ 173847.051448068290483, 538936.214666515123099, 0.0 ], [ 173847.204550794907846, 538937.455254833679646, 0.0 ], [ 173848.966186309378827, 538937.237848946009763, 0.0 ], [ 173848.929441653308459, 538936.940107750124298, 0.0 ], [ 173850.914383077499224, 538936.695143370656297, 0.0 ], [ 173850.742753203812754, 538935.304429950891063, 0.0 ], [ 173850.668321641773218, 538935.313615191727877, 0.0 ] ] ] ] } },
{ "type": "Feature", "properties": { "H_SHMRS": 3.25, "Z_MIN": 48.75, "Z_MAX": 53.0, "no": null, "provinsi": "Bali", "kabupaten": "Kota Denpasar", "kecamatan": "Denpasar Selatan", "desa_kelur": "Sanur", "id": 8533.0, "nogambarde": "GD.00266/2019", "nohmsrs": "22090301700266", "unit": null, "lantai": "4", "lantaim2": 0.0, "fungsi": "No. Unit 03AA2-11", "penggunaan": "Tanah Perumahan", "alamat": null, "nibtanahbe": "01530", "nibunit": "8533", "building": "00003", "Keterangan": "Ruang Khusus" }, "geometry": { "type": "MultiPolygon", "coordinates": [ [ [ [ 173854.767907852336066, 538935.262367488117889, 0.0 ], [ 173853.837043271108996, 538927.719590566819534, 0.0 ], [ 173850.016027260018745, 538928.191147462115623, 0.0 ], [ 173850.168846747314092, 538929.429409679956734, 0.0 ], [ 173850.243321762303822, 538929.420219077030197, 0.0 ], [ 173850.341454181383597, 538930.215434080339037, 0.0 ], [ 173850.266985188325634, 538930.224623492220417, 0.0 ], [ 173850.793790925003123, 538934.49331973970402, 0.0 ], [ 173850.868236161273671, 538934.484132812940516, 0.0 ], [ 173850.966063080297317, 538935.276872355723754, 0.0 ], [ 173850.891623865958536, 538935.286058081197552, 0.0 ], [ 173851.063253686006647, 538936.676771042402834, 0.0 ], [ 173852.800077432650141, 538936.462427210528404, 0.0 ], [ 173852.836822087701876, 538936.760168405249715, 0.0 ], [ 173854.598457601270638, 538936.54276251909323, 0.0 ], [ 173854.445354872499593, 538935.302174198906869, 0.0 ], [ 173854.767907852336066, 538935.262367488117889, 0.0 ] ] ] ] } },
{ "type": "Feature", "properties": { "H_SHMRS": 3.25, "Z_MIN": 48.75, "Z_MAX": 53.0, "no": null, "provinsi": "Bali", "kabupaten": "Kota Denpasar", "kecamatan": "Denpasar Selatan", "desa_kelur": "Sanur", "id": 8532.0, "nogambarde": "GD.00265/2019", "nohmsrs": "22090301700265", "unit": null, "lantai": "4", "lantaim2": 0.0, "fungsi": "No. Unit 03AA2-08A", "penggunaan": "Tanah Perumahan", "alamat": null, "nibtanahbe": "01530", "nibunit": "8532", "building": "00003", "Keterangan": "Ruang Khusus" }, "geometry": { "type": "MultiPolygon", "coordinates": [ [ [ [ 173864.308492456591921, 538947.254184996359982, 0.0 ], [ 173863.180780242488254, 538938.103452682145871, 0.0 ], [ 173861.443956496106694, 538938.317796514253132, 0.0 ], [ 173861.407211842539255, 538938.020055328845046, 0.0 ], [ 173859.645576327224262, 538938.237461215583608, 0.0 ], [ 173859.798679055296816, 538939.478049534140155, 0.0 ], [ 173859.475958655646536, 538939.517876906902529, 0.0 ], [ 173859.530926494218875, 538939.963280204101466, 0.0 ], [ 173859.608016947226133, 538939.953766364953481, 0.0 ], [ 173859.703011987177888, 538940.749201447004452, 0.0 ], [ 173859.629044619825436, 538940.758329400094226, 0.0 ], [ 173860.259827873611357, 538945.869553364929743, 0.0 ], [ 173860.333766322175507, 538945.860428518615663, 0.0 ], [ 173860.431613657186972, 538946.653333478025161, 0.0 ], [ 173860.357848649058724, 538946.662436460494064, 0.0 ], [ 173860.487480212206719, 538947.725741428206675, 0.0 ], [ 173864.308492456591921, 538947.254184996359982, 0.0 ] ] ] ] } },
{ "type": "Feature", "properties": { "H_SHMRS": 3.25, "Z_MIN": 48.75, "Z_MAX": 53.0, "no": null, "provinsi": "Bali", "kabupaten": "Kota Denpasar", "kecamatan": "Denpasar Selatan", "desa_kelur": "Sanur", "id": 8531.0, "nogambarde": "GD.00264/2019", "nohmsrs": "22090301700264", "unit": null, "lantai": "4", "lantaim2": 0.0, "fungsi": "No. Unit 03AA2-09", "penggunaan": "Tanah Perumahan", "alamat": null, "nibtanahbe": "01530", "nibunit": "8531", "building": "00003", "Keterangan": "Ruang Khusus" }, "geometry": { "type": "MultiPolygon", "coordinates": [ [ [ [ 173858.608093337155879, 538934.333806279813871, 0.0 ], [ 173858.510260248498525, 538933.541016761329956, 0.0 ], [ 173858.584685734618688, 538933.531832271488383, 0.0 ], [ 173858.057880222564563, 538929.263137831352651, 0.0 ], [ 173857.983478438371094, 538929.272319397889078, 0.0 ], [ 173857.885352017387049, 538928.477153002982959, 0.0 ], [ 173857.95974772394402, 538928.467972186626866, 0.0 ], [ 173857.806926117191324, 538927.229661806486547, 0.0 ], [ 173853.985913876909763, 538927.701218237867579, 0.0 ], [ 173854.916778459242778, 538935.243995160562918, 0.0 ], [ 173855.239331440883689, 538935.204188447562046, 0.0 ], [ 173855.392434170353226, 538936.444776766467839, 0.0 ], [ 173857.154069685057038, 538936.227370879496448, 0.0 ], [ 173857.117325030674692, 538935.929629682912491, 0.0 ], [ 173858.854148775280919, 538935.715285850688815, 0.0 ], [ 173858.682524953823304, 538934.324621497537009, 0.0 ], [ 173858.608093337155879, 538934.333806279813871, 0.0 ] ] ] ] } },
{ "type": "Feature", "properties": { "H_SHMRS": 3.25, "Z_MIN": 48.75, "Z_MAX": 53.0, "no": null, "provinsi": "Bali", "kabupaten": "Kota Denpasar", "kecamatan": "Denpasar Selatan", "desa_kelur": "Sanur", "id": 8530.0, "nogambarde": "GD.00263/2019", "nohmsrs": "22090301700262.8", "unit": null, "lantai": "4", "lantaim2": 0.0, "fungsi": "No. Unit 03AA2-06", "penggunaan": "Tanah Perumahan", "alamat": null, "nibtanahbe": "01530", "nibunit": "8530", "building": "00003", "Keterangan": "Ruang Khusus" }, "geometry": { "type": "MultiPolygon", "coordinates": [ [ [ [ 173867.345036215847358, 538939.806086528929882, 0.0 ], [ 173867.246930193854496, 538939.011085423408076, 0.0 ], [ 173867.321994890458882, 538939.001822051242925, 0.0 ], [ 173867.267021162639139, 538938.556371044949628, 0.0 ], [ 173866.944468183268327, 538938.596177764702588, 0.0 ], [ 173866.791365451819729, 538937.35558943846263, 0.0 ], [ 173865.029729937319644, 538937.572995324851945, 0.0 ], [ 173865.066474593768362, 538937.870736520155333, 0.0 ], [ 173863.329650846571894, 538938.085080355289392, 0.0 ], [ 173864.456597145239357, 538947.235907190828584, 0.0 ], [ 173868.278375307098031, 538946.764256236026995, 0.0 ], [ 173868.148749623680487, 538945.700998968910426, 0.0 ], [ 173868.073643913317937, 538945.710267401183955, 0.0 ], [ 173867.975790628697723, 538944.917314233491197, 0.0 ], [ 173868.050890264217742, 538944.908046549069695, 0.0 ], [ 173867.420274408534169, 538939.796801747754216, 0.0 ], [ 173867.345036215847358, 538939.806086528929882, 0.0 ] ] ] ] } },
{ "type": "Feature", "properties": { "H_SHMRS": 3.25, "Z_MIN": 48.75, "Z_MAX": 53.0, "no": null, "provinsi": "Bali", "kabupaten": "Kota Denpasar", "kecamatan": "Denpasar Selatan", "desa_kelur": "Sanur", "id": 8529.0, "nogambarde": "GD.00262/2019", "nohmsrs": "22090301700262", "unit": null, "lantai": "4", "lantaim2": 0.0, "fungsi": "No. Unit 03AA2-07", "penggunaan": "Tanah Perumahan", "alamat": null, "nibtanahbe": "01530", "nibunit": "8529", "building": "00003", "Keterangan": "Ruang Khusus" }, "geometry": { "type": "MultiPolygon", "coordinates": [ [ [ [ 173862.707673550787149, 538934.282509968965314, 0.0 ], [ 173861.7768089659221, 538926.739733046037145, 0.0 ], [ 173857.956501391337952, 538927.211202512262389, 0.0 ], [ 173858.108618444384774, 538928.44960076874122, 0.0 ], [ 173858.183093455474591, 538928.440410168608651, 0.0 ], [ 173858.281219879252603, 538929.235576562583447, 0.0 ], [ 173858.206750884477515, 538929.244765957933851, 0.0 ], [ 173858.733556453167694, 538933.51346085278783, 0.0 ], [ 173858.808001688332297, 538933.504273927304894, 0.0 ], [ 173858.905834776931442, 538934.297063446720131, 0.0 ], [ 173858.83139561660937, 538934.306249623419717, 0.0 ], [ 173859.003019381605554, 538935.696913523017429, 0.0 ], [ 173860.73984312984976, 538935.482569690910168, 0.0 ], [ 173860.776587784348521, 538935.78031088586431, 0.0 ], [ 173862.538223298237426, 538935.56290499935858, 0.0 ], [ 173862.385120568214916, 538934.322316680452786, 0.0 ], [ 173862.707673550787149, 538934.282509968965314, 0.0 ] ] ] ] } },
{ "type": "Feature", "properties": { "H_SHMRS": 3.25, "Z_MIN": 48.75, "Z_MAX": 53.0, "no": null, "provinsi": "Bali", "kabupaten": "Kota Denpasar", "kecamatan": "Denpasar Selatan", "desa_kelur": "Sanur", "id": 8528.0, "nogambarde": "GD.00261/2019", "nohmsrs": "22090301700261", "unit": null, "lantai": "4", "lantaim2": 0.0, "fungsi": "No. Unit 03AA2-02A", "penggunaan": "Tanah Perumahan", "alamat": null, "nibtanahbe": "01530", "nibunit": "8528", "building": "00003", "Keterangan": "Ruang Khusus" }, "geometry": { "type": "MultiPolygon", "coordinates": [ [ [ [ 173871.314919066702714, 538939.316157796769403, 0.0 ], [ 173871.217406648211181, 538938.521108085871674, 0.0 ], [ 173871.291880738455802, 538938.51191759610083, 0.0 ], [ 173871.120545901125297, 538937.123594873468392, 0.0 ], [ 173869.383722169848625, 538937.337938825134188, 0.0 ], [ 173869.346977633860661, 538937.040198589093052, 0.0 ], [ 173867.585342118196422, 538937.257604476180859, 0.0 ], [ 173867.720072386902757, 538938.349321116693318, 0.0 ], [ 173867.738444724993315, 538938.498191793914884, 0.0 ], [ 173867.415891732700402, 538938.537998426356353, 0.0 ], [ 173867.470865609706379, 538938.983450634987094, 0.0 ], [ 173867.544671632349491, 538938.974342589499429, 0.0 ], [ 173867.642777654284146, 538939.769343696185388, 0.0 ], [ 173867.568810288008535, 538939.778471651836298, 0.0 ], [ 173868.199760981689906, 538944.889675130485557, 0.0 ], [ 173868.273532066406915, 538944.880571398884058, 0.0 ], [ 173868.371385350939818, 538945.673524569603615, 0.0 ], [ 173868.297620341094444, 538945.682627553236671, 0.0 ], [ 173868.427245914004743, 538946.74588390882127, 0.0 ], [ 173872.248258151870687, 538946.274327478720807, 0.0 ], [ 173872.118635467748391, 538945.211094514816068, 0.0 ], [ 173872.043529759364901, 538945.22036294778809, 0.0 ], [ 173871.946264091966441, 538944.42731264187023, 0.0 ], [ 173872.020773118245415, 538944.418117842171341, 0.0 ], [ 173871.389989841729403, 538939.306893677683547, 0.0 ], [ 173871.314919066702714, 538939.316157796769403, 0.0 ] ] ] ] } },
{ "type": "Feature", "properties": { "H_SHMRS": 3.25, "Z_MIN": 48.75, "Z_MAX": 53.0, "no": null, "provinsi": "Bali", "kabupaten": "Kota Denpasar", "kecamatan": "Denpasar Selatan", "desa_kelur": "Sanur", "id": 8527.0, "nogambarde": "GD.00260/2019", "nohmsrs": "22090301700260", "unit": null, "lantai": "4", "lantaim2": 0.0, "fungsi": "No. Unit 03AA2-05", "penggunaan": "Tanah Perumahan", "alamat": null, "nibtanahbe": "01530", "nibunit": "8527", "building": "00003", "Keterangan": "Ruang Khusus" }, "geometry": { "type": "MultiPolygon", "coordinates": [ [ [ [ 173866.524451593082631, 538932.551976068993099, 0.0 ], [ 173865.997645920317154, 538928.283280319068581, 0.0 ], [ 173865.923244078701828, 538928.292461429606192, 0.0 ], [ 173865.825123711576452, 538927.497344093048014, 0.0 ], [ 173865.899519419821445, 538927.488163278438151, 0.0 ], [ 173865.746691811742494, 538926.249804286984727, 0.0 ], [ 173861.925679575157119, 538926.721360718132928, 0.0 ], [ 173862.856544158305041, 538934.264137640129775, 0.0 ], [ 173863.179097139858641, 538934.224330928409472, 0.0 ], [ 173863.332199867785675, 538935.464919247780927, 0.0 ], [ 173865.093835380044766, 538935.247513360111043, 0.0 ], [ 173865.057090726244496, 538934.949772163410671, 0.0 ], [ 173866.793914472509641, 538934.735428330604918, 0.0 ], [ 173866.622296594636282, 538933.344812130904756, 0.0 ], [ 173866.547871108225081, 538933.353996620746329, 0.0 ], [ 173866.450026108068414, 538932.561160556972027, 0.0 ], [ 173866.524451593082631, 538932.551976068993099, 0.0 ] ] ] ] } },
{ "type": "Feature", "properties": { "H_SHMRS": 3.25, "Z_MIN": 48.75, "Z_MAX": 53.0, "no": null, "provinsi": "Bali", "kabupaten": "Kota Denpasar", "kecamatan": "Denpasar Selatan", "desa_kelur": "Sanur", "id": 8526.0, "nogambarde": "GD.00259/2019", "nohmsrs": "22090301700259", "unit": null, "lantai": "4", "lantaim2": 0.0, "fungsi": "No. Unit 03AA2-02", "penggunaan": "Tanah Perumahan", "alamat": null, "nibtanahbe": "01530", "nibunit": "8526", "building": "00003", "Keterangan": "Ruang Khusus" }, "geometry": { "type": "MultiPolygon", "coordinates": [ [ [ [ 173877.246709507715423, 538937.777060913620517, 0.0 ], [ 173877.148844809562434, 538936.984065483906306, 0.0 ], [ 173876.536745651130332, 538937.05960558494553, 0.0 ], [ 173876.428256214072462, 538936.166287061758339, 0.0 ], [ 173874.309331351367291, 538936.42778652405832, 0.0 ], [ 173874.346075985871721, 538936.725527559174225, 0.0 ], [ 173872.514967230468756, 538936.951507235760801, 0.0 ], [ 173872.478222429432208, 538936.653766369214281, 0.0 ], [ 173871.232671842502896, 538936.807481277966872, 0.0 ], [ 173871.440751456597354, 538938.493546179728583, 0.0 ], [ 173871.514557477319613, 538938.484438135637902, 0.0 ], [ 173871.612660505750682, 538939.279414964141324, 0.0 ], [ 173871.538860559870955, 538939.288522257120349, 0.0 ], [ 173872.169643901812378, 538944.399746417650022, 0.0 ], [ 173872.243414920201758, 538944.390642693033442, 0.0 ], [ 173872.27463764505228, 538944.638781204470433, 0.0 ], [ 173876.054456234589452, 538944.172308538807556, 0.0 ], [ 173875.980967031791806, 538943.576827014097944, 0.0 ], [ 173875.872568084625527, 538943.589116381364875, 0.0 ], [ 173875.774841742648277, 538942.797191829187796, 0.0 ], [ 173875.849934391560964, 538942.787925009964965, 0.0 ], [ 173875.437757558538578, 538939.462302610627376, 0.0 ], [ 173877.42269990791101, 538939.217338112764992, 0.0 ], [ 173877.343117223412264, 538938.572209459962323, 0.0 ], [ 173877.269743336073589, 538938.58126463368535, 0.0 ], [ 173877.171644810441649, 538937.78632428671699, 0.0 ], [ 173877.246709507715423, 538937.777060913620517, 0.0 ] ] ] ] } },
{ "type": "Feature", "properties": { "H_SHMRS": 3.25, "Z_MIN": 48.75, "Z_MAX": 53.0, "no": null, "provinsi": "Bali", "kabupaten": "Kota Denpasar", "kecamatan": "Denpasar Selatan", "desa_kelur": "Sanur", "id": 8525.0, "nogambarde": "GD.00258/2019", "nohmsrs": "22090301700258", "unit": null, "lantai": "4", "lantaim2": 0.0, "fungsi": "No. Unit 03AA2-03", "penggunaan": "Tanah Perumahan", "alamat": null, "nibtanahbe": "01530", "nibunit": "8525", "building": "00003", "Keterangan": "Ruang Khusus" }, "geometry": { "type": "MultiPolygon", "coordinates": [ [ [ [ 173870.647439243039116, 538933.302652449579909, 0.0 ], [ 173869.716574660211336, 538925.759875527233817, 0.0 ], [ 173865.896328341623303, 538926.231337434961461, 0.0 ], [ 173866.048390079609817, 538927.46979140478652, 0.0 ], [ 173866.122865150915459, 538927.460601258091629, 0.0 ], [ 173866.22098551801173, 538928.255718595697545, 0.0 ], [ 173866.146516580047319, 538928.264908447978087, 0.0 ], [ 173866.673322309448849, 538932.533604650874622, 0.0 ], [ 173866.747767546330579, 538932.524417722946964, 0.0 ], [ 173866.845606470218627, 538933.317254535853863, 0.0 ], [ 173866.771167255239561, 538933.326440261094831, 0.0 ], [ 173866.942785076622386, 538934.717056003515609, 0.0 ], [ 173868.679608823731542, 538934.502712171059102, 0.0 ], [ 173868.716353477590019, 538934.800453366478905, 0.0 ], [ 173870.47798899182817, 538934.583047481020913, 0.0 ], [ 173870.324886263348162, 538933.342459161765873, 0.0 ], [ 173870.647439243039116, 538933.302652449579909, 0.0 ] ] ] ] } },
{ "type": "Feature", "properties": { "H_SHMRS": 3.25, "Z_MIN": 48.75, "Z_MAX": 53.0, "no": null, "provinsi": "Bali", "kabupaten": "Kota Denpasar", "kecamatan": "Denpasar Selatan", "desa_kelur": "Sanur", "id": 8523.0, "nogambarde": "GD.00257/2019", "nohmsrs": "22090301700257", "unit": null, "lantai": "4", "lantaim2": 0.0, "fungsi": "No. Unit 03AA2-01", "penggunaan": "Tanah Perumahan", "alamat": null, "nibtanahbe": "01530", "nibunit": "8523", "building": "00003", "Keterangan": "Ruang Khusus" }, "geometry": { "type": "MultiPolygon", "coordinates": [ [ [ [ 173874.46421729499707, 538931.572118600597605, 0.0 ], [ 173873.937413609295618, 538927.303438971983269, 0.0 ], [ 173873.863007832522271, 538927.31258817948401, 0.0 ], [ 173873.764895408006851, 538926.517535181948915, 0.0 ], [ 173873.839291112381034, 538926.508354368270375, 0.0 ], [ 173873.686457508534659, 538925.269946767250076, 0.0 ], [ 173869.865445267234463, 538925.741503198398277, 0.0 ], [ 173870.796309851197293, 538933.284280121326447, 0.0 ], [ 173871.118862832721788, 538933.244473409373313, 0.0 ], [ 173871.271965561900288, 538934.485061727114953, 0.0 ], [ 173873.03360107447952, 538934.267655840725638, 0.0 ], [ 173872.996856421261327, 538933.969914644258097, 0.0 ], [ 173874.733680166333215, 538933.755570812383667, 0.0 ], [ 173874.562072279833956, 538932.365035577910021, 0.0 ], [ 173874.487638825085014, 538932.374221515725367, 0.0 ], [ 173874.389791808265727, 538931.58130308915861, 0.0 ], [ 173874.46421729499707, 538931.572118600597605, 0.0 ] ] ] ] } },
{ "type": "Feature", "properties": { "H_SHMRS": 3.25, "Z_MIN": 48.75, "Z_MAX": 53.0, "no": null, "provinsi": "Bali", "kabupaten": "Kota Denpasar", "kecamatan": "Denpasar Selatan", "desa_kelur": "Sanur", "id": 8522.0, "nogambarde": "GD.00256/2019", "nohmsrs": "22090301700255.8", "unit": null, "lantai": "4", "lantaim2": 0.0, "fungsi": "No. Unit 03AA1-10", "penggunaan": "Tanah Perumahan", "alamat": null, "nibtanahbe": "01530", "nibunit": "8522", "building": "00003", "Keterangan": "Ruang Khusus" }, "geometry": { "type": "MultiPolygon", "coordinates": [ [ [ [ 173888.555209863523487, 538943.686353752622381, 0.0 ], [ 173887.924426520272391, 538938.575128510245122, 0.0 ], [ 173887.849946355388965, 538938.584319747169502, 0.0 ], [ 173887.751855872978922, 538937.789444570080377, 0.0 ], [ 173887.826329960196745, 538937.780254081590101, 0.0 ], [ 173887.599865374912042, 538935.945216100895777, 0.0 ], [ 173886.354314630996669, 538936.098931247834116, 0.0 ], [ 173886.391059314133599, 538936.396672692033462, 0.0 ], [ 173884.559950524679152, 538936.622652057907544, 0.0 ], [ 173884.523205876495922, 538936.324910924653523, 0.0 ], [ 173882.403338120202534, 538936.5864468755899, 0.0 ], [ 173882.513539070350816, 538937.479674456059001, 0.0 ], [ 173881.904135972610675, 538937.554881641408429, 0.0 ], [ 173882.020371910679387, 538938.496739345951937, 0.0 ], [ 173882.094768541370286, 538938.487558417138644, 0.0 ], [ 173882.192272913816851, 538939.282542940112762, 0.0 ], [ 173882.118472967966227, 538939.291650235652924, 0.0 ], [ 173882.179720874788472, 538939.787940792972222, 0.0 ], [ 173884.163697005278664, 538939.543095545028336, 0.0 ], [ 173884.568732874002308, 538942.817152131581679, 0.0 ], [ 173884.6431015553826, 538942.807974652037956, 0.0 ], [ 173884.765577660611598, 538943.800446056993678, 0.0 ], [ 173884.691214992140885, 538943.809622795670293, 0.0 ], [ 173884.746462199254893, 538944.25728925189469, 0.0 ], [ 173888.492372423090274, 538943.795001266291365, 0.0 ], [ 173888.480420344887534, 538943.695583277149126, 0.0 ], [ 173888.555209863523487, 538943.686353752622381, 0.0 ] ] ] ] } },
{ "type": "Feature", "properties": { "H_SHMRS": 3.25, "Z_MIN": 48.75, "Z_MAX": 53.0, "no": null, "provinsi": "Bali", "kabupaten": "Kota Denpasar", "kecamatan": "Denpasar Selatan", "desa_kelur": "Sanur", "id": 8520.0, "nogambarde": "GD.00254/2019", "nohmsrs": "22090301700254", "unit": null, "lantai": "4", "lantaim2": 0.0, "fungsi": "No. Unit 03AA1-08", "penggunaan": "Tanah Perumahan", "alamat": null, "nibtanahbe": "01530", "nibunit": "8520", "building": "00003", "Keterangan": "Ruang Khusus" }, "geometry": { "type": "MultiPolygon", "coordinates": [ [ [ [ 173892.525092609168496, 538943.196423617308028, 0.0 ], [ 173891.894476949091768, 538938.085180404479615, 0.0 ], [ 173891.819829364918405, 538938.094392300467007, 0.0 ], [ 173891.721741720015416, 538937.299540113192052, 0.0 ], [ 173891.796215808135457, 538937.290349626215175, 0.0 ], [ 173891.722850987978745, 538936.695875947712921, 0.0 ], [ 173891.400297990127001, 538936.735682543134317, 0.0 ], [ 173891.381925638910616, 538936.586811762070283, 0.0 ], [ 173891.247195239673601, 538935.495094042038545, 0.0 ], [ 173889.485559741588077, 538935.71250004938338, 0.0 ], [ 173889.52230437961407, 538936.010241125244647, 0.0 ], [ 173887.785480634338455, 538936.224584958399646, 0.0 ], [ 173887.975200515618781, 538937.761882684193552, 0.0 ], [ 173888.049597311357502, 538937.752701735240407, 0.0 ], [ 173888.147687793767545, 538938.547576913260855, 0.0 ], [ 173888.07329722965369, 538938.556757092708722, 0.0 ], [ 173888.704080479597906, 538943.667980959988199, 0.0 ], [ 173888.778442172304494, 538943.658804342034273, 0.0 ], [ 173888.876311030500801, 538944.451883715111762, 0.0 ], [ 173888.801955418224679, 538944.461059580207802, 0.0 ], [ 173888.913800306298072, 538945.375284958980046, 0.0 ], [ 173892.734812546201283, 538944.903728528646752, 0.0 ], [ 173892.622970537864603, 538943.98952654376626, 0.0 ], [ 173892.548455438896781, 538943.998722095508128, 0.0 ], [ 173892.45058358219103, 538943.205618416774087, 0.0 ], [ 173892.525092609168496, 538943.196423617308028, 0.0 ] ] ] ] } },
{ "type": "Feature", "properties": { "H_SHMRS": 3.25, "Z_MIN": 48.75, "Z_MAX": 53.0, "no": null, "provinsi": "Bali", "kabupaten": "Kota Denpasar", "kecamatan": "Denpasar Selatan", "desa_kelur": "Sanur", "id": 8518.0, "nogambarde": "GD.00252/2019", "nohmsrs": "22090301700252", "unit": null, "lantai": "4", "lantaim2": 0.0, "fungsi": "No. Unit 03AA1-08A", "penggunaan": "Tanah Perumahan", "alamat": null, "nibtanahbe": "01530", "nibunit": "8518", "building": "00003", "Keterangan": "Ruang Khusus" }, "geometry": { "type": "MultiPolygon", "coordinates": [ [ [ [ 173896.704695393709699, 538944.413799768313766, 0.0 ], [ 173895.576375739154173, 538935.263099888339639, 0.0 ], [ 173893.839551993092755, 538935.47744372067973, 0.0 ], [ 173893.802807339001447, 538935.179702533176169, 0.0 ], [ 173892.041171825811034, 538935.397108420846052, 0.0 ], [ 173892.194274554669391, 538936.63769673963543, 0.0 ], [ 173891.871554153272882, 538936.677524113678373, 0.0 ], [ 173891.945086527644889, 538937.271978209144436, 0.0 ], [ 173892.019483159063384, 538937.26279727939982, 0.0 ], [ 173892.117570803908166, 538938.057649465627037, 0.0 ], [ 173892.04318025012617, 538938.06682964542415, 0.0 ], [ 173892.673795908427564, 538943.178072861162946, 0.0 ], [ 173892.74832502042409, 538943.168875583796762, 0.0 ], [ 173892.846196877071634, 538943.961979259853251, 0.0 ], [ 173892.771841263980605, 538943.971155127510428, 0.0 ], [ 173892.883683147258125, 538944.88535620062612, 0.0 ], [ 173896.704695393709699, 538944.413799768313766, 0.0 ] ] ] ] } },
{ "type": "Feature", "properties": { "H_SHMRS": 3.25, "Z_MIN": 48.75, "Z_MAX": 53.0, "no": null, "provinsi": "Bali", "kabupaten": "Kota Denpasar", "kecamatan": "Denpasar Selatan", "desa_kelur": "Sanur", "id": 8516.0, "nogambarde": "GD.00250/2019", "nohmsrs": "22090301700250", "unit": null, "lantai": "4", "lantaim2": 0.0, "fungsi": "No. Unit 03AA1-06", "penggunaan": "Tanah Perumahan", "alamat": null, "nibtanahbe": "01530", "nibunit": "8516", "building": "00003", "Keterangan": "Ruang Khusus" }, "geometry": { "type": "MultiPolygon", "coordinates": [ [ [ [ 173900.463925149757415, 538942.216681489720941, 0.0 ], [ 173899.834075222286629, 538937.105343519710004, 0.0 ], [ 173899.759595057665138, 538937.114534757332876, 0.0 ], [ 173899.661513413797366, 538936.319731203606352, 0.0 ], [ 173899.735987503605429, 538936.310540715930983, 0.0 ], [ 173899.662616659188643, 538935.716018249629997, 0.0 ], [ 173899.340063680923777, 538935.755824968684465, 0.0 ], [ 173899.186960951483343, 538934.51523664360866, 0.0 ], [ 173897.425325436313869, 538934.732642531045713, 0.0 ], [ 173897.462070090463385, 538935.030383725650609, 0.0 ], [ 173895.72524634358706, 538935.24472755973693, 0.0 ], [ 173896.852800082881004, 538944.395521962782368, 0.0 ], [ 173900.674578241072595, 538943.923871009727009, 0.0 ], [ 173900.562742239562795, 538943.009717636159621, 0.0 ], [ 173900.488227133289911, 538943.018913183943368, 0.0 ], [ 173900.389416121091926, 538942.225876290816814, 0.0 ], [ 173900.463925149757415, 538942.216681489720941, 0.0 ] ] ] ] } },
{ "type": "Feature", "properties": { "H_SHMRS": 3.25, "Z_MIN": 48.75, "Z_MAX": 53.0, "no": null, "provinsi": "Bali", "kabupaten": "Kota Denpasar", "kecamatan": "Denpasar Selatan", "desa_kelur": "Sanur", "id": 8512.0, "nogambarde": "GD.00248/2019", "nohmsrs": "22090301700248", "unit": null, "lantai": "4", "lantaim2": 0.0, "fungsi": "No. Unit 03AA1-02A", "penggunaan": "Tanah Perumahan", "alamat": null, "nibtanahbe": "01530", "nibunit": "8512", "building": "00003", "Keterangan": "Ruang Khusus" }, "geometry": { "type": "MultiPolygon", "coordinates": [ [ [ [ 173904.434741320612375, 538941.726638705353253, 0.0 ], [ 173903.803957917494699, 538936.615413508261554, 0.0 ], [ 173903.729477749206126, 538936.624604746932164, 0.0 ], [ 173903.631398470839486, 538935.829826847766526, 0.0 ], [ 173903.705873516359134, 538935.820636240299791, 0.0 ], [ 173903.516141731408425, 538934.28324478014838, 0.0 ], [ 173901.779318000451894, 538934.497588731814176, 0.0 ], [ 173901.742573463940062, 538934.199848495656624, 0.0 ], [ 173899.980937950429507, 538934.417254381813109, 0.0 ], [ 173900.115668218204519, 538935.508971022441983, 0.0 ], [ 173900.134040555160027, 538935.657841700245626, 0.0 ], [ 173899.811487563914852, 538935.697648333618417, 0.0 ], [ 173899.884858223755145, 538936.292169297928922, 0.0 ], [ 173899.959254854067694, 538936.282988369232044, 0.0 ], [ 173900.056745887966827, 538937.077864809078164, 0.0 ], [ 173899.982778521167347, 538937.086992764961906, 0.0 ], [ 173900.612795868102694, 538942.198310074978508, 0.0 ], [ 173900.687157560576452, 538942.18913345632609, 0.0 ], [ 173900.785377965512453, 538942.982243233243935, 0.0 ], [ 173900.711612955085002, 538942.991346220253035, 0.0 ], [ 173900.823448848357657, 538943.905498679843731, 0.0 ], [ 173904.64446108834818, 538943.433942248229869, 0.0 ], [ 173904.532628083223244, 538942.51981318066828, 0.0 ], [ 173904.458112981694285, 538942.529008730780333, 0.0 ], [ 173904.360232293896843, 538941.735833504819311, 0.0 ], [ 173904.434741320612375, 538941.726638705353253, 0.0 ] ] ] ] } },
{ "type": "Feature", "properties": { "H_SHMRS": 3.25, "Z_MIN": 48.75, "Z_MAX": 53.0, "no": null, "provinsi": "Bali", "kabupaten": "Kota Denpasar", "kecamatan": "Denpasar Selatan", "desa_kelur": "Sanur", "id": 8510.0, "nogambarde": "GD.00246/2019", "nohmsrs": "22090301700246", "unit": null, "lantai": "4", "lantaim2": 0.0, "fungsi": "No. Unit 03AA1-02", "penggunaan": "Tanah Perumahan", "alamat": null, "nibtanahbe": "01530", "nibunit": "8510", "building": "00003", "Keterangan": "Ruang Khusus" }, "geometry": { "type": "MultiPolygon", "coordinates": [ [ [ [ 173908.251528085849714, 538939.996176706044935, 0.0 ], [ 173907.834121759457048, 538936.621896552620456, 0.0 ], [ 173909.819064110080944, 538936.376932055922225, 0.0 ], [ 173909.544399646227248, 538934.143759314203635, 0.0 ], [ 173908.933109854842769, 538934.219199529034086, 0.0 ], [ 173908.823852054425515, 538933.325937039218843, 0.0 ], [ 173906.704927190119633, 538933.587436500703916, 0.0 ], [ 173906.741671825118829, 538933.88517753558699, 0.0 ], [ 173904.899695341999177, 538934.112416874733754, 0.0 ], [ 173904.862950540526072, 538933.81467601028271, 0.0 ], [ 173903.628267683816375, 538933.967131255543791, 0.0 ], [ 173903.854744073003531, 538935.802264844765887, 0.0 ], [ 173903.929140701395227, 538935.793083916069008, 0.0 ], [ 173904.027219187264564, 538936.587861912092194, 0.0 ], [ 173903.952828636509366, 538936.597042092238553, 0.0 ], [ 173904.583612105081556, 538941.708267280599102, 0.0 ], [ 173904.657973731198581, 538941.699090671027079, 0.0 ], [ 173904.669507021433674, 538941.798559626797214, 0.0 ], [ 173908.416888804349583, 538941.336090031545609, 0.0 ], [ 173908.361659424554091, 538940.888567473157309, 0.0 ], [ 173908.287151304830331, 538940.897762162028812, 0.0 ], [ 173908.17702604670194, 538940.005370642407797, 0.0 ], [ 173908.251528085849714, 538939.996176706044935, 0.0 ] ] ] ] } },
{ "type": "Feature", "properties": { "H_SHMRS": 3.25, "Z_MIN": 49.5, "Z_MAX": 54.0, "no": null, "provinsi": "Bali", "kabupaten": "Kota Denpasar", "kecamatan": "Denpasar Selatan", "desa_kelur": "Sanur", "id": 8507.0, "nogambarde": "GD.00243/2019", "nohmsrs": "22090301700243", "unit": null, "lantai": "4", "lantaim2": 0.0, "fungsi": "No. Unit 03AC-05", "penggunaan": "Tanah Perumahan", "alamat": null, "nibtanahbe": "01530", "nibunit": "8507", "building": "00004", "Keterangan": "Ruang Khusus" }, "geometry": { "type": "MultiPolygon", "coordinates": [ [ [ [ 173929.154277285939315, 538932.709312397288159, 0.0 ], [ 173928.257227551832329, 538925.440524465520866, 0.0 ], [ 173918.381371273630066, 538926.657165135256946, 0.0 ], [ 173918.429280049313093, 538927.045368973631412, 0.0 ], [ 173917.387440556543879, 538927.173943831468932, 0.0 ], [ 173917.673426604160341, 538929.491283010109328, 0.0 ], [ 173917.971167817944661, 538929.454538353951648, 0.0 ], [ 173918.250323164538713, 538931.713422924862243, 0.0 ], [ 173917.952204438537592, 538931.750214172177948, 0.0 ], [ 173918.236844634026056, 538934.056647934718058, 0.0 ], [ 173929.154277285939315, 538932.709312397288159, 0.0 ] ] ] ] } },
{ "type": "Feature", "properties": { "H_SHMRS": 3.25, "Z_MIN": 48.75, "Z_MAX": 53.0, "no": null, "provinsi": "Bali", "kabupaten": "Kota Denpasar", "kecamatan": "Denpasar Selatan", "desa_kelur": "Sanur", "id": 8521.0, "nogambarde": "GD.00255/2019", "nohmsrs": "22090301700255", "unit": null, "lantai": "4", "lantaim2": 0.0, "fungsi": "No. Unit 03AA1-11", "penggunaan": "Tanah Perumahan", "alamat": null, "nibtanahbe": "01530", "nibunit": "8521", "building": "00003", "Keterangan": "Ruang Khusus" }, "geometry": { "type": "MultiPolygon", "coordinates": [ [ [ [ 173887.164110806916142, 538932.421982388012111, 0.0 ], [ 173886.23324624315137, 538924.879205633653328, 0.0 ], [ 173882.412234001792967, 538925.350762065500021, 0.0 ], [ 173882.546831532410579, 538926.441403122502379, 0.0 ], [ 173882.62126867895131, 538926.432216732529923, 0.0 ], [ 173882.719405543903122, 538927.22720670257695, 0.0 ], [ 173882.644942682876717, 538927.236395805026405, 0.0 ], [ 173883.171616058243671, 538931.504019539570436, 0.0 ], [ 173883.246053260925692, 538931.494833603850566, 0.0 ], [ 173883.343911991949426, 538932.287814762443304, 0.0 ], [ 173883.269478904025164, 538932.297000189661048, 0.0 ], [ 173883.459456638782285, 538933.836385940783657, 0.0 ], [ 173885.196280385076534, 538933.622042109025642, 0.0 ], [ 173885.233025040652137, 538933.91978330607526, 0.0 ], [ 173886.99466055209632, 538933.702377417357638, 0.0 ], [ 173886.841557825333439, 538932.46178910031449, 0.0 ], [ 173887.164110806916142, 538932.421982388012111, 0.0 ] ] ] ] } },
{ "type": "Feature", "properties": { "H_SHMRS": 3.25, "Z_MIN": 48.75, "Z_MAX": 53.0, "no": null, "provinsi": "Bali", "kabupaten": "Kota Denpasar", "kecamatan": "Denpasar Selatan", "desa_kelur": "Sanur", "id": 8519.0, "nogambarde": "GD.00253/2019", "nohmsrs": "22090301700253", "unit": null, "lantai": "4", "lantaim2": 0.0, "fungsi": "No. Unit 03AA1-09", "penggunaan": "Tanah Perumahan", "alamat": null, "nibtanahbe": "01530", "nibunit": "8519", "building": "00003", "Keterangan": "Ruang Khusus" }, "geometry": { "type": "MultiPolygon", "coordinates": [ [ [ [ 173891.250351729715476, 538932.87490075128153, 0.0 ], [ 173891.06037988018943, 538931.335562696447596, 0.0 ], [ 173890.985942248662468, 538931.344748684787191, 0.0 ], [ 173890.888079659052892, 538930.551720125135034, 0.0 ], [ 173890.962511215766426, 538930.542534886742942, 0.0 ], [ 173890.435837831173558, 538926.274911072221585, 0.0 ], [ 173890.361429970827885, 538926.28409338532947, 0.0 ], [ 173890.263333219481865, 538925.48916739912238, 0.0 ], [ 173890.337735002220143, 538925.479985834565014, 0.0 ], [ 173890.203129091649316, 538924.389276875182986, 0.0 ], [ 173886.382116852124454, 538924.860833304817788, 0.0 ], [ 173887.312981414201204, 538932.403610060107894, 0.0 ], [ 173887.635534394765273, 538932.363803348154761, 0.0 ], [ 173887.788637124962406, 538933.604391665779985, 0.0 ], [ 173889.550272637570743, 538933.386985780089162, 0.0 ], [ 173889.513527982635424, 538933.089244581642561, 0.0 ], [ 173891.250351729715476, 538932.87490075128153, 0.0 ] ] ] ] } },
{ "type": "Feature", "properties": { "H_SHMRS": 3.25, "Z_MIN": 48.75, "Z_MAX": 53.0, "no": null, "provinsi": "Bali", "kabupaten": "Kota Denpasar", "kecamatan": "Denpasar Selatan", "desa_kelur": "Sanur", "id": 8517.0, "nogambarde": "GD.00251/2019", "nohmsrs": "22090301700251", "unit": null, "lantai": "4", "lantaim2": 0.0, "fungsi": "No. Unit 03AA1-07", "penggunaan": "Tanah Perumahan", "alamat": null, "nibtanahbe": "01530", "nibunit": "8517", "building": "00003", "Keterangan": "Ruang Khusus" }, "geometry": { "type": "MultiPolygon", "coordinates": [ [ [ [ 173894.934426251100376, 538932.722519898670726, 0.0 ], [ 173894.78132352308603, 538931.481931580929086, 0.0 ], [ 173895.103876504581422, 538931.442124868161045, 0.0 ], [ 173894.173011940030847, 538923.899348114500754, 0.0 ], [ 173890.352704366057878, 538924.370817580725998, 0.0 ], [ 173890.48660571972141, 538925.461614415980875, 0.0 ], [ 173890.561074657307472, 538925.45242456428241, 0.0 ], [ 173890.659171408595284, 538926.247350552934222, 0.0 ], [ 173890.584708548674826, 538926.256539654219523, 0.0 ], [ 173891.111381934140809, 538930.524163469672203, 0.0 ], [ 173891.185821098624729, 538930.514977290527895, 0.0 ], [ 173891.283683688176097, 538931.308005851460621, 0.0 ], [ 173891.209250598563813, 538931.317191281937994, 0.0 ], [ 173891.399222336418461, 538932.856528423028067, 0.0 ], [ 173893.136046081548557, 538932.642184589290991, 0.0 ], [ 173893.172790736542083, 538932.939925785991363, 0.0 ], [ 173894.934426251100376, 538932.722519898670726, 0.0 ] ] ] ] } },
{ "type": "Feature", "properties": { "H_SHMRS": 3.25, "Z_MIN": 48.75, "Z_MAX": 53.0, "no": null, "provinsi": "Bali", "kabupaten": "Kota Denpasar", "kecamatan": "Denpasar Selatan", "desa_kelur": "Sanur", "id": 8515.0, "nogambarde": "GD.00249/2019", "nohmsrs": "22090301700249", "unit": null, "lantai": "4", "lantaim2": 0.0, "fungsi": "No. Unit 03AA1-05", "penggunaan": "Tanah Perumahan", "alamat": null, "nibtanahbe": "01530", "nibunit": "8515", "building": "00003", "Keterangan": "Ruang Khusus" }, "geometry": { "type": "MultiPolygon", "coordinates": [ [ [ [ 173899.190117426216602, 538931.89504323026631, 0.0 ], [ 173899.000151576386997, 538930.355753787909634, 0.0 ], [ 173898.925713943172013, 538930.364939777064137, 0.0 ], [ 173898.827845356601756, 538929.571862605051138, 0.0 ], [ 173898.902276912238449, 538929.562677366193384, 0.0 ], [ 173898.375603358726948, 538925.295052182977088, 0.0 ], [ 173898.301195496693254, 538925.304234499926679, 0.0 ], [ 173898.203104913496645, 538924.509358489653096, 0.0 ], [ 173898.277506697922945, 538924.500176924630068, 0.0 ], [ 173898.14289478547289, 538923.409419354866259, 0.0 ], [ 173894.321882549615111, 538923.880975786130875, 0.0 ], [ 173895.2527471097128, 538931.42375254095532, 0.0 ], [ 173895.575300213386072, 538931.383945836918429, 0.0 ], [ 173895.728402942069806, 538932.624534156755544, 0.0 ], [ 173897.490038457821356, 538932.407128269085661, 0.0 ], [ 173897.453293800674146, 538932.109387072385289, 0.0 ], [ 173899.190117426216602, 538931.89504323026631, 0.0 ] ] ] ] } },
{ "type": "Feature", "properties": { "H_SHMRS": 3.25, "Z_MIN": 48.75, "Z_MAX": 53.0, "no": null, "provinsi": "Bali", "kabupaten": "Kota Denpasar", "kecamatan": "Denpasar Selatan", "desa_kelur": "Sanur", "id": 8511.0, "nogambarde": "GD.00247/2019", "nohmsrs": "22090301700247", "unit": null, "lantai": "4", "lantaim2": 0.0, "fungsi": "No. Unit 03AA1-03", "penggunaan": "Tanah Perumahan", "alamat": null, "nibtanahbe": "01530", "nibunit": "8511", "building": "00003", "Keterangan": "Ruang Khusus" }, "geometry": { "type": "MultiPolygon", "coordinates": [ [ [ [ 173902.874191943992628, 538931.742662379750982, 0.0 ], [ 173902.721089214726817, 538930.502074061543681, 0.0 ], [ 173903.043642198957969, 538930.462267350172624, 0.0 ], [ 173902.112777636386454, 538922.919490594766103, 0.0 ], [ 173898.29253131558653, 538923.390952503075823, 0.0 ], [ 173898.426377413270529, 538924.481805506744422, 0.0 ], [ 173898.500846352544613, 538924.47261565446388, 0.0 ], [ 173898.598936935683014, 538925.267491665435955, 0.0 ], [ 173898.524474074045429, 538925.276680767303333, 0.0 ], [ 173899.05114762840094, 538929.544305949821137, 0.0 ], [ 173899.125586794601986, 538929.535119771608151, 0.0 ], [ 173899.223455381084932, 538930.328196941060014, 0.0 ], [ 173899.149022292549489, 538930.337382369907573, 0.0 ], [ 173899.3389880307368, 538931.876670903293416, 0.0 ], [ 173901.075811774673639, 538931.662327070604078, 0.0 ], [ 173901.112556431879057, 538931.960068265791051, 0.0 ], [ 173902.874191943992628, 538931.742662379750982, 0.0 ] ] ] ] } },
{ "type": "Feature", "properties": { "H_SHMRS": 3.25, "Z_MIN": 48.75, "Z_MAX": 53.0, "no": null, "provinsi": "Bali", "kabupaten": "Kota Denpasar", "kecamatan": "Denpasar Selatan", "desa_kelur": "Sanur", "id": 8509.0, "nogambarde": "GD.00245/2019", "nohmsrs": "22090301700245", "unit": null, "lantai": "4", "lantaim2": 0.0, "fungsi": "No. Unit 03AA1-01", "penggunaan": "Tanah Perumahan", "alamat": null, "nibtanahbe": "01530", "nibunit": "8509", "building": "00003", "Keterangan": "Ruang Khusus" }, "geometry": { "type": "MultiPolygon", "coordinates": [ [ [ [ 173907.135458492732141, 538930.919536073692143, 0.0 ], [ 173906.94546397429076, 538929.380299518816173, 0.0 ], [ 173906.87106100746314, 538929.389481229009107, 0.0 ], [ 173906.748529770993628, 538928.396879584295675, 0.0 ], [ 173906.295677688467549, 538924.523317015497014, 0.0 ], [ 173906.148451979272068, 538923.533899940550327, 0.0 ], [ 173906.222802379867062, 538923.524587212363258, 0.0 ], [ 173906.082660484360531, 538922.429561834665947, 0.0 ], [ 173902.261744237039238, 538922.901106419390999, 0.0 ], [ 173903.198088177596219, 538930.448245383682661, 0.0 ], [ 173903.520641158072976, 538930.408438670216128, 0.0 ], [ 173903.673743888182798, 538931.649026988772675, 0.0 ], [ 173905.435379401606042, 538931.431621102266945, 0.0 ], [ 173905.398634745040908, 538931.133879905450158, 0.0 ], [ 173907.135458492732141, 538930.919536073692143, 0.0 ] ] ] ] } }
]
}
