{
"type": "FeatureCollection",
"name": "BidangTanah",
"crs": { "type": "name", "properties": { "name": "urn:ogc:def:crs:OGC:1.3:CRS84" } },
"features": [
{ "type": "Feature", "properties": { "OBJECTID": 1, "DESA": "KOTABARU", "NIB": "00551", "TIPEHAK": "Hak Guna Bangunan", "LUAS": 1352.0, "TAHUN": 0, "Shape_Leng": 148.16019873900001, "Shape_Area": 1351.9448720600001 }, "geometry": { "type": "MultiPolygon", "coordinates": [ [ [ [ 110.371847375018461, -7.785896459720052 ], [ 110.3718385574103, -7.785909641977026 ], [ 110.371831002674782, -7.785918862181762 ], [ 110.371821746295367, -7.785928110298243 ], [ 110.371809331585126, -7.785937059291301 ], [ 110.371592690733905, -7.786029698757766 ], [ 110.37151856457092, -7.785866852464739 ], [ 110.371489237908094, -7.785880140160898 ], [ 110.371420638607532, -7.785731831834271 ], [ 110.371728740440872, -7.785586947424412 ], [ 110.371833594332941, -7.785819139877329 ], [ 110.371841679490586, -7.785842404382344 ], [ 110.371849224510783, -7.785870151171838 ], [ 110.37184899022381, -7.785884439691102 ], [ 110.371847375018461, -7.785896459720052 ] ] ] ] } },
{ "type": "Feature", "properties": { "OBJECTID": 2, "DESA": "KOTABARU", "NIB": "00149", "TIPEHAK": "Hak Guna Bangunan", "LUAS": 711.0, "TAHUN": 0, "Shape_Leng": 110.645748356, "Shape_Area": 700.19656005499996 }, "geometry": { "type": "MultiPolygon", "coordinates": [ [ [ [ 110.370473024882173, -7.7860572185031 ], [ 110.370385061876462, -7.786091333400007 ], [ 110.370308232156049, -7.786121131420899 ], [ 110.370173229925769, -7.785828823683031 ], [ 110.37034020448003, -7.785762572629067 ], [ 110.370473024882173, -7.7860572185031 ] ] ] ] } },
{ "type": "Feature", "properties": { "OBJECTID": 3, "DESA": "KOTABARU", "NIB": "00211", "TIPEHAK": "Hak Guna Bangunan", "LUAS": 1050.0, "TAHUN": 0, "Shape_Leng": 171.990839948, "Shape_Area": 1042.97165922 }, "geometry": { "type": "MultiPolygon", "coordinates": [ [ [ [ 110.371614970021199, -7.788000688752069 ], [ 110.371457858511036, -7.787995731277642 ], [ 110.371479690757553, -7.787750582625097 ], [ 110.371479698726404, -7.787750490381177 ], [ 110.371488896860413, -7.787751641496559 ], [ 110.371521687894855, -7.7873852733594 ], [ 110.371594324888534, -7.787363045479624 ], [ 110.371639474983823, -7.787349012730935 ], [ 110.371614970021199, -7.788000688752069 ] ] ] ] } },
{ "type": "Feature", "properties": { "OBJECTID": 4, "DESA": "KOTABARU", "NIB": "00541", "TIPEHAK": "Hak Guna Bangunan", "LUAS": 803.0, "TAHUN": 0, "Shape_Leng": 116.41775820700001, "Shape_Area": 803.03858870399995 }, "geometry": { "type": "MultiPolygon", "coordinates": [ [ [ [ 110.376015576677005, -7.785814332108633 ], [ 110.375977058544777, -7.786037792007209 ], [ 110.375919070723427, -7.786061618775967 ], [ 110.375729208242291, -7.786030141830119 ], [ 110.375743299427484, -7.785932241306397 ], [ 110.375733319754815, -7.785930613577328 ], [ 110.375739582413303, -7.785841890482788 ], [ 110.375712615499495, -7.78579782528024 ], [ 110.375714134415986, -7.785778781693098 ], [ 110.376015576677005, -7.785814332108633 ] ] ] ] } },
{ "type": "Feature", "properties": { "OBJECTID": 5, "DESA": "KOTABARU", "NIB": "00800", "TIPEHAK": "Hak Milik", "LUAS": 622.0, "TAHUN": 0, "Shape_Leng": 113.473316595, "Shape_Area": 622.74548304400003 }, "geometry": { "type": "MultiPolygon", "coordinates": [ [ [ [ 110.375290671296753, -7.784718737129739 ], [ 110.375132832698739, -7.784703963779033 ], [ 110.375150724052702, -7.784497471119393 ], [ 110.37516288879074, -7.784369833923583 ], [ 110.375156281025426, -7.784366560824423 ], [ 110.375165556881598, -7.784327423667968 ], [ 110.375283826318551, -7.784355140803151 ], [ 110.375283936009367, -7.784468307311283 ], [ 110.375289992732064, -7.78469799638951 ], [ 110.375290671296753, -7.784718737129739 ] ] ] ] } },
{ "type": "Feature", "properties": { "OBJECTID": 6, "DESA": "KOTABARU", "NIB": "00521", "TIPEHAK": "Hak Milik", "LUAS": 815.0, "TAHUN": 0, "Shape_Leng": 119.10795857700001, "Shape_Area": 827.32110668600001 }, "geometry": { "type": "MultiPolygon", "coordinates": [ [ [ [ 110.373504230360211, -7.785432363446708 ], [ 110.373504738454173, -7.785442623163562 ], [ 110.373651613825857, -7.78543160321251 ], [ 110.373652545140004, -7.785750361281778 ], [ 110.373650876176981, -7.785750409025728 ], [ 110.373444473252874, -7.785751515084782 ], [ 110.373429544284321, -7.785432842793248 ], [ 110.373450504255402, -7.785432481346067 ], [ 110.373504230360211, -7.785432363446708 ] ] ] ] } },
{ "type": "Feature", "properties": { "OBJECTID": 7, "DESA": "KOTABARU", "NIB": null, "TIPEHAK": "Hak Milik", "LUAS": 805.0, "TAHUN": 0, "Shape_Leng": 117.980392716, "Shape_Area": 819.21461099500004 }, "geometry": { "type": "MultiPolygon", "coordinates": [ [ [ [ 110.377806190139822, -7.788175245821984 ], [ 110.377781817315736, -7.788005634938318 ], [ 110.377760790281243, -7.787847962379675 ], [ 110.377757806256056, -7.787829055610587 ], [ 110.377983791039284, -7.787886793077678 ], [ 110.378051208166298, -7.788107874424319 ], [ 110.377806190139822, -7.788175245821984 ] ] ] ] } },
{ "type": "Feature", "properties": { "OBJECTID": 8, "DESA": "KOTABARU", "NIB": "00522", "TIPEHAK": "Hak Milik", "LUAS": 785.0, "TAHUN": 0, "Shape_Leng": 113.164096845, "Shape_Area": 770.55365001500002 }, "geometry": { "type": "MultiPolygon", "coordinates": [ [ [ [ 110.371376615243747, -7.786518454352097 ], [ 110.37128065625096, -7.786272728552166 ], [ 110.371489924406205, -7.786188686062838 ], [ 110.371545190597629, -7.786312112191588 ], [ 110.371553732958375, -7.786308309686059 ], [ 110.371563335636864, -7.786335016952086 ], [ 110.371571472007403, -7.786331296657964 ], [ 110.371608917432312, -7.786428587574408 ], [ 110.371376615243747, -7.786518454352097 ] ] ] ] } },
{ "type": "Feature", "properties": { "OBJECTID": 9, "DESA": "KOTABARU", "NIB": "00323", "TIPEHAK": "Hak Milik", "LUAS": 778.0, "TAHUN": 0, "Shape_Leng": 113.824116367, "Shape_Area": 778.853290582 }, "geometry": { "type": "MultiPolygon", "coordinates": [ [ [ [ 110.372629937273317, -7.78546137603171 ], [ 110.37275584662703, -7.785458283177552 ], [ 110.372756382437657, -7.78546967850477 ], [ 110.372770296729911, -7.785765283420935 ], [ 110.372563281254713, -7.785771389587839 ], [ 110.372562732469959, -7.785760294478306 ], [ 110.372548062135422, -7.785463775148992 ], [ 110.372629937273317, -7.78546137603171 ] ] ] ] } },
{ "type": "Feature", "properties": { "OBJECTID": 10, "DESA": "KOTABARU", "NIB": "00425", "TIPEHAK": "Hak Milik", "LUAS": 760.0, "TAHUN": 0, "Shape_Leng": 119.877684855, "Shape_Area": 766.92031366499998 }, "geometry": { "type": "MultiPolygon", "coordinates": [ [ [ [ 110.372232541455844, -7.788486941418256 ], [ 110.372098245465921, -7.788546357285836 ], [ 110.371935918099425, -7.788217014827945 ], [ 110.372108943310053, -7.788145203351069 ], [ 110.372221264387235, -7.788412135540233 ], [ 110.3722020080791, -7.788420528083325 ], [ 110.372232541455844, -7.788486941418256 ] ] ] ] } },
{ "type": "Feature", "properties": { "OBJECTID": 11, "DESA": "KOTABARU", "NIB": "00515", "TIPEHAK": "Hak Wakaf", "LUAS": 922.0, "TAHUN": 0, "Shape_Leng": 131.64973912900001, "Shape_Area": 922.79155189699998 }, "geometry": { "type": "MultiPolygon", "coordinates": [ [ [ [ 110.370087362568526, -7.786260004760526 ], [ 110.370109019953361, -7.786324763766621 ], [ 110.369749165661744, -7.786531082822742 ], [ 110.369745893948803, -7.786532956690871 ], [ 110.36971745397922, -7.78643244896495 ], [ 110.369695626089708, -7.786264316701067 ], [ 110.369696334680185, -7.786225444024783 ], [ 110.369794145603208, -7.786234089105572 ], [ 110.370087362568526, -7.786260004760526 ] ] ] ] } },
{ "type": "Feature", "properties": { "OBJECTID": 12, "DESA": "KOTABARU", "NIB": "00061", "TIPEHAK": "Hak Milik", "LUAS": 15.0, "TAHUN": 0, "Shape_Leng": 16.226481914000001, "Shape_Area": 15.268291701800001 }, "geometry": { "type": "MultiPolygon", "coordinates": [ [ [ [ 110.369309956426775, -7.789410656710096 ], [ 110.369277587485612, -7.789443602237665 ], [ 110.369258615512322, -7.789426823173148 ], [ 110.369289043562887, -7.789391322763842 ], [ 110.369289143049613, -7.789391205919018 ], [ 110.369309956426775, -7.789410656710096 ] ] ] ] } },
{ "type": "Feature", "properties": { "OBJECTID": 13, "DESA": "KOTABARU", "NIB": "00598", "TIPEHAK": "Hak Milik", "LUAS": 335.0, "TAHUN": 0, "Shape_Leng": 83.538711932599995, "Shape_Area": 342.20309938299999 }, "geometry": { "type": "MultiPolygon", "coordinates": [ [ [ [ 110.371782450921572, -7.787994914693459 ], [ 110.371664699977714, -7.787999617206745 ], [ 110.371664901729147, -7.787973098658458 ], [ 110.371657622378905, -7.787973894847769 ], [ 110.371666641613857, -7.78778543733153 ], [ 110.371683748447296, -7.787786309965425 ], [ 110.371684916091994, -7.787773996090616 ], [ 110.371689935870819, -7.787774373667202 ], [ 110.371690568543485, -7.787743166903114 ], [ 110.371696713320461, -7.78774261627414 ], [ 110.37169745023732, -7.787726313087139 ], [ 110.371754440973731, -7.787726444551246 ], [ 110.371775411191095, -7.787855957626188 ], [ 110.371782450921572, -7.787994914693459 ] ] ] ] } },
{ "type": "Feature", "properties": { "OBJECTID": 14, "DESA": "KOTABARU", "NIB": "00384", "TIPEHAK": "Hak Milik", "LUAS": 45.0, "TAHUN": 0, "Shape_Leng": 28.827744801000001, "Shape_Area": 43.990797071099998 }, "geometry": { "type": "MultiPolygon", "coordinates": [ [ [ [ 110.368482673862516, -7.787317789165548 ], [ 110.368420491000691, -7.787320311749514 ], [ 110.368392729243467, -7.787322304491064 ], [ 110.368389904330499, -7.787283163264611 ], [ 110.368431953063578, -7.787280144838372 ], [ 110.368472010235521, -7.787277254362095 ], [ 110.368479799583156, -7.787276692273442 ], [ 110.368480298146153, -7.787276656892818 ], [ 110.368482673862516, -7.787317789165548 ] ] ] ] } },
{ "type": "Feature", "properties": { "OBJECTID": 15, "DESA": "KOTABARU", "NIB": "00607", "TIPEHAK": "Hak Milik", "LUAS": 30.0, "TAHUN": 0, "Shape_Leng": 22.657887146899998, "Shape_Area": 30.686403471599998 }, "geometry": { "type": "MultiPolygon", "coordinates": [ [ [ [ 110.368522933440829, -7.787661432729166 ], [ 110.368461704916001, -7.787670424674689 ], [ 110.368455382791367, -7.787630209200276 ], [ 110.368517033510784, -7.787621521104166 ], [ 110.368522933440829, -7.787661432729166 ] ] ] ] } },
{ "type": "Feature", "properties": { "OBJECTID": 16, "DESA": "KOTABARU", "NIB": "00599", "TIPEHAK": "Hak Milik", "LUAS": 471.0, "TAHUN": 0, "Shape_Leng": 85.750163554599993, "Shape_Area": 463.88046611800002 }, "geometry": { "type": "MultiPolygon", "coordinates": [ [ [ [ 110.377553432686454, -7.788250650563477 ], [ 110.377389594817473, -7.788322233570478 ], [ 110.37731950976486, -7.788255806708036 ], [ 110.377326755503589, -7.788129498021709 ], [ 110.377415581634338, -7.788132146102604 ], [ 110.377416363132582, -7.788117332943342 ], [ 110.377551898966729, -7.788115302781269 ], [ 110.377553432686454, -7.788250650563477 ] ] ] ] } },
{ "type": "Feature", "properties": { "OBJECTID": 17, "DESA": "KOTABARU", "NIB": "00587", "TIPEHAK": "Hak Milik", "LUAS": 45.0, "TAHUN": 0, "Shape_Leng": 27.176721920799999, "Shape_Area": 45.614112980599998 }, "geometry": { "type": "MultiPolygon", "coordinates": [ [ [ [ 110.368515793329451, -7.787850000409989 ], [ 110.368582071153654, -7.787835018684308 ], [ 110.368593408577226, -7.787888391632671 ], [ 110.368526733124781, -7.787903998972586 ], [ 110.368515793329451, -7.787850000409989 ] ] ] ] } },
{ "type": "Feature", "properties": { "OBJECTID": 18, "DESA": "KOTABARU", "NIB": "00419", "TIPEHAK": "Hak Milik", "LUAS": 432.0, "TAHUN": 0, "Shape_Leng": 84.714241817399994, "Shape_Area": 432.03687491300002 }, "geometry": { "type": "MultiPolygon", "coordinates": [ [ [ [ 110.375703226993849, -7.785056042888407 ], [ 110.375683376237049, -7.785053542198592 ], [ 110.375663473789132, -7.78505103438104 ], [ 110.375706549500535, -7.784827111177716 ], [ 110.375855535040444, -7.784846631509616 ], [ 110.375823408890412, -7.78507163160201 ], [ 110.375703226993849, -7.785056042888407 ] ] ] ] } },
{ "type": "Feature", "properties": { "OBJECTID": 19, "DESA": "KOTABARU", "NIB": "00588", "TIPEHAK": "Hak Milik", "LUAS": 30.0, "TAHUN": 0, "Shape_Leng": 23.2094764203, "Shape_Area": 31.160717765099999 }, "geometry": { "type": "MultiPolygon", "coordinates": [ [ [ [ 110.368630638745941, -7.788323275282808 ], [ 110.368570461594175, -7.788351091289046 ], [ 110.368554780259473, -7.788315611263797 ], [ 110.368616525277844, -7.78828839876057 ], [ 110.368630638745941, -7.788323275282808 ] ] ] ] } },
{ "type": "Feature", "properties": { "OBJECTID": 20, "DESA": "KOTABARU", "NIB": "00590", "TIPEHAK": "Hak Milik", "LUAS": 466.0, "TAHUN": 0, "Shape_Leng": 90.322173392600007, "Shape_Area": 466.83118975299999 }, "geometry": { "type": "MultiPolygon", "coordinates": [ [ [ [ 110.375553582764439, -7.783665141121458 ], [ 110.375553731151271, -7.783752806648201 ], [ 110.375286496179598, -7.783752081493509 ], [ 110.375286026868636, -7.783612393088888 ], [ 110.375337900398321, -7.783610464094098 ], [ 110.375453048491437, -7.783607734493371 ], [ 110.375553488362399, -7.783609167375681 ], [ 110.375553582764439, -7.783665141121458 ] ] ] ] } },
{ "type": "Feature", "properties": { "OBJECTID": 21, "DESA": "KOTABARU", "NIB": "00591", "TIPEHAK": "Hak Milik", "LUAS": 437.0, "TAHUN": 0, "Shape_Leng": 93.810773709700001, "Shape_Area": 434.11911818300001 }, "geometry": { "type": "MultiPolygon", "coordinates": [ [ [ [ 110.371723006496893, -7.786371416981373 ], [ 110.371628457525944, -7.786405323241016 ], [ 110.371633941940914, -7.786419965298103 ], [ 110.371608917432312, -7.786428587574408 ], [ 110.371571472007403, -7.786331296657964 ], [ 110.371563335636864, -7.786335016952086 ], [ 110.371553732958375, -7.786308309686059 ], [ 110.371545190597629, -7.786312112191588 ], [ 110.371489924406205, -7.786188686062838 ], [ 110.371638345942614, -7.786131610399188 ], [ 110.371650510805054, -7.786168461044532 ], [ 110.371643473565612, -7.786171896972497 ], [ 110.371723006496893, -7.786371416981373 ] ] ] ] } },
{ "type": "Feature", "properties": { "OBJECTID": 22, "DESA": "KOTABARU", "NIB": "00592", "TIPEHAK": "Hak Milik", "LUAS": 15.0, "TAHUN": 0, "Shape_Leng": 16.344186180800001, "Shape_Area": 15.858498776699999 }, "geometry": { "type": "MultiPolygon", "coordinates": [ [ [ [ 110.369340673714603, -7.789378249849979 ], [ 110.369309956426775, -7.789410656710096 ], [ 110.369289143049613, -7.789391205919018 ], [ 110.369320302106971, -7.789357600099655 ], [ 110.369340673714603, -7.789378249849979 ] ] ] ] } },
{ "type": "Feature", "properties": { "OBJECTID": 23, "DESA": "KOTABARU", "NIB": "00593", "TIPEHAK": "Hak Milik", "LUAS": 30.0, "TAHUN": 0, "Shape_Leng": 21.9718023135, "Shape_Area": 29.840119198 }, "geometry": { "type": "MultiPolygon", "coordinates": [ [ [ [ 110.369244843080921, -7.789352931899669 ], [ 110.369214925203934, -7.789386112910947 ], [ 110.369175133006536, -7.789348315190328 ], [ 110.369204951440764, -7.789315271822862 ], [ 110.369244843080921, -7.789352931899669 ] ] ] ] } },
{ "type": "Feature", "properties": { "OBJECTID": 24, "DESA": "KOTABARU", "NIB": "00594", "TIPEHAK": "Hak Milik", "LUAS": 30.0, "TAHUN": 0, "Shape_Leng": 22.202799717000001, "Shape_Area": 30.544516376400001 }, "geometry": { "type": "MultiPolygon", "coordinates": [ [ [ [ 110.369275468306668, -7.789318965501391 ], [ 110.369244843080921, -7.789352931899669 ], [ 110.369204951440764, -7.789315271822862 ], [ 110.369235491696031, -7.789281426763408 ], [ 110.369275468306668, -7.789318965501391 ] ] ] ] } },
{ "type": "Feature", "properties": { "OBJECTID": 25, "DESA": "KOTABARU", "NIB": "00595", "TIPEHAK": "Hak Milik", "LUAS": 30.0, "TAHUN": 0, "Shape_Leng": 22.118833954599999, "Shape_Area": 30.239488126800001 }, "geometry": { "type": "MultiPolygon", "coordinates": [ [ [ [ 110.369084402260754, -7.789149357423707 ], [ 110.369054449926836, -7.78918297612348 ], [ 110.36901408713247, -7.789144998715196 ], [ 110.369041892093577, -7.789114210925859 ], [ 110.369044047633693, -7.789111823055622 ], [ 110.369084402260754, -7.789149357423707 ] ] ] ] } },
{ "type": "Feature", "properties": { "OBJECTID": 26, "DESA": "KOTABARU", "NIB": "00309", "TIPEHAK": "Hak Milik", "LUAS": 30.0, "TAHUN": 0, "Shape_Leng": 23.200812827899998, "Shape_Area": 30.908816653599999 }, "geometry": { "type": "MultiPolygon", "coordinates": [ [ [ [ 110.368733321159525, -7.788419370387411 ], [ 110.368675498121789, -7.788455814813241 ], [ 110.368656252666568, -7.78842375271065 ], [ 110.368712476870854, -7.788387958965955 ], [ 110.368733321159525, -7.788419370387411 ] ] ] ] } },
{ "type": "Feature", "properties": { "OBJECTID": 27, "DESA": "KOTABARU", "NIB": "00038", "TIPEHAK": "Hak Milik", "LUAS": 198.0, "TAHUN": 0, "Shape_Leng": 56.668148071099999, "Shape_Area": 198.87921255699999 }, "geometry": { "type": "MultiPolygon", "coordinates": [ [ [ [ 110.375462400126708, -7.783474061298554 ], [ 110.375453048491437, -7.783607734493371 ], [ 110.375337900398321, -7.783610464094098 ], [ 110.375343207474089, -7.783466183138117 ], [ 110.375462400126708, -7.783474061298554 ] ] ] ] } },
{ "type": "Feature", "properties": { "OBJECTID": 28, "DESA": "KOTABARU", "NIB": "00039", "TIPEHAK": "Hak Milik", "LUAS": 188.0, "TAHUN": 0, "Shape_Leng": 119.95702631100001, "Shape_Area": 188.45422263399999 }, "geometry": { "type": "MultiPolygon", "coordinates": [ [ [ [ 110.375320025418162, -7.783445076525588 ], [ 110.375340130205018, -7.783446828046692 ], [ 110.375339180339012, -7.783465739353422 ], [ 110.375343207474089, -7.783466183138117 ], [ 110.375337900398321, -7.783610464094098 ], [ 110.375286026868636, -7.783612393088888 ], [ 110.3749659914982, -7.783550896588442 ], [ 110.374971422502739, -7.783516584896166 ], [ 110.375082834158363, -7.783539488785059 ], [ 110.375280479827481, -7.783578087774242 ], [ 110.37528100900704, -7.783573147990914 ], [ 110.375320932369988, -7.783571533904094 ], [ 110.375320025418162, -7.783445076525588 ] ] ] ] } },
{ "type": "Feature", "properties": { "OBJECTID": 29, "DESA": "KOTABARU", "NIB": "00596", "TIPEHAK": "Hak Milik", "LUAS": 852.0, "TAHUN": 0, "Shape_Leng": 123.96159712, "Shape_Area": 852.24575395 }, "geometry": { "type": "MultiPolygon", "coordinates": [ [ [ [ 110.375286860650874, -7.783786611795829 ], [ 110.375286417559323, -7.783918694219143 ], [ 110.375286545351784, -7.783983348132682 ], [ 110.374905778531968, -7.783908875216294 ], [ 110.374905289674999, -7.783908779476244 ], [ 110.374936128924233, -7.783729242067682 ], [ 110.375286860650874, -7.783786611795829 ] ] ] ] } },
{ "type": "Feature", "properties": { "OBJECTID": 30, "DESA": "KOTABARU", "NIB": "00554", "TIPEHAK": "Hak Guna Bangunan", "LUAS": 60.0, "TAHUN": 0, "Shape_Leng": 32.179616496199998, "Shape_Area": 60.394705582299999 }, "geometry": { "type": "MultiPolygon", "coordinates": [ [ [ [ 110.368664076677049, -7.788139441419915 ], [ 110.368620683210167, -7.788150750460889 ], [ 110.368619146419604, -7.788151150550314 ], [ 110.368576195514095, -7.788163846615464 ], [ 110.368561176267875, -7.788112644943993 ], [ 110.368647431694384, -7.788085516039644 ], [ 110.368663633094172, -7.788138000142048 ], [ 110.368664076677049, -7.788139441419915 ] ] ] ] } },
{ "type": "Feature", "properties": { "OBJECTID": 31, "DESA": "KOTABARU", "NIB": "00568", "TIPEHAK": "Hak Pakai", "LUAS": 30.0, "TAHUN": 0, "Shape_Leng": 22.135576131000001, "Shape_Area": 29.999814135000001 }, "geometry": { "type": "MultiPolygon", "coordinates": [ [ [ [ 110.368571823291546, -7.787991937858109 ], [ 110.368588619346355, -7.788047029341658 ], [ 110.368545668100666, -7.788054714369157 ], [ 110.368529273560085, -7.788002645680142 ], [ 110.368571610608342, -7.787991237544765 ], [ 110.368571823291546, -7.787991937858109 ] ] ] ] } },
{ "type": "Feature", "properties": { "OBJECTID": 32, "DESA": "KOTABARU", "NIB": "00570", "TIPEHAK": "Hak Pakai", "LUAS": 30.0, "TAHUN": 0, "Shape_Leng": 21.961557565, "Shape_Area": 29.885217271799998 }, "geometry": { "type": "MultiPolygon", "coordinates": [ [ [ [ 110.369124171911736, -7.789186346854523 ], [ 110.369093896176153, -7.789220090998646 ], [ 110.369054449926836, -7.78918297612348 ], [ 110.369084402260754, -7.789149357423707 ], [ 110.369124171911736, -7.789186346854523 ] ] ] ] } },
{ "type": "Feature", "properties": { "OBJECTID": 33, "DESA": "KOTABARU", "NIB": "00139", "TIPEHAK": "Hak Guna Bangunan", "LUAS": 565.0, "TAHUN": 0, "Shape_Leng": 108.334010513, "Shape_Area": 575.49793869799998 }, "geometry": { "type": "MultiPolygon", "coordinates": [ [ [ [ 110.372608338517679, -7.78464895642377 ], [ 110.372655030092716, -7.784943291349205 ], [ 110.372664360863411, -7.785009024055279 ], [ 110.372534204133601, -7.785016907876079 ], [ 110.3724774576946, -7.784668322226217 ], [ 110.372608338517679, -7.78464895642377 ] ] ] ] } },
{ "type": "Feature", "properties": { "OBJECTID": 34, "DESA": "KOTABARU", "NIB": "00523", "TIPEHAK": "Hak Milik", "LUAS": 1370.0, "TAHUN": 0, "Shape_Leng": 180.24715445499999, "Shape_Area": 1361.87555845 }, "geometry": { "type": "MultiPolygon", "coordinates": [ [ [ [ 110.370791827143151, -7.789221310588447 ], [ 110.370837687216081, -7.789279196764428 ], [ 110.370651664148838, -7.789329978576585 ], [ 110.370664951618465, -7.789348038735672 ], [ 110.370314016871319, -7.789474694424243 ], [ 110.370194533520589, -7.789332988849814 ], [ 110.370556447940487, -7.789075803277469 ], [ 110.370688080520409, -7.789258171518401 ], [ 110.370712633868365, -7.789265397111478 ], [ 110.370791827143151, -7.789221310588447 ] ] ] ] } },
{ "type": "Feature", "properties": { "OBJECTID": 35, "DESA": "KOTABARU", "NIB": "00287", "TIPEHAK": "Hak Milik", "LUAS": 30.0, "TAHUN": 0, "Shape_Leng": 21.844617499600002, "Shape_Area": 29.5495203676 }, "geometry": { "type": "MultiPolygon", "coordinates": [ [ [ [ 110.369133477778362, -7.789257332178654 ], [ 110.369103506602229, -7.789290167890314 ], [ 110.369063832090674, -7.789253596000329 ], [ 110.369093896176153, -7.789220090998646 ], [ 110.369133477778362, -7.789257332178654 ] ] ] ] } },
{ "type": "Feature", "properties": { "OBJECTID": 36, "DESA": "KOTABARU", "NIB": "00307", "TIPEHAK": "Hak Milik", "LUAS": 45.0, "TAHUN": 0, "Shape_Leng": 28.439943187699999, "Shape_Area": 46.410190937400003 }, "geometry": { "type": "MultiPolygon", "coordinates": [ [ [ [ 110.36901408713247, -7.789144998715196 ], [ 110.369054449926836, -7.78918297612348 ], [ 110.369044120285011, -7.789194569154903 ], [ 110.369024133967471, -7.789217001549454 ], [ 110.368963647569004, -7.789161242861364 ], [ 110.368993848508765, -7.789125955422992 ], [ 110.36901408713247, -7.789144998715196 ] ] ] ] } },
{ "type": "Feature", "properties": { "OBJECTID": 37, "DESA": "KOTABARU", "NIB": "00256", "TIPEHAK": "Hak Guna Bangunan", "LUAS": 650.0, "TAHUN": 0, "Shape_Leng": 110.205602465, "Shape_Area": 648.74003959499998 }, "geometry": { "type": "MultiPolygon", "coordinates": [ [ [ [ 110.373067617869424, -7.788571628619194 ], [ 110.373090624254147, -7.78857653620172 ], [ 110.373003629918387, -7.788918330615529 ], [ 110.372857057065261, -7.788868504102127 ], [ 110.372938697759196, -7.788544122797645 ], [ 110.373067617869424, -7.788571628619194 ] ] ] ] } },
{ "type": "Feature", "properties": { "OBJECTID": 38, "DESA": "KOTABARU", "NIB": "00133", "TIPEHAK": "Hak Guna Bangunan", "LUAS": 569.0, "TAHUN": 0, "Shape_Leng": 100.299123866, "Shape_Area": 576.77444585900002 }, "geometry": { "type": "MultiPolygon", "coordinates": [ [ [ [ 110.375162592721082, -7.788758164207777 ], [ 110.375263885942033, -7.788466504524691 ], [ 110.375431058855582, -7.78852199851649 ], [ 110.375353300040871, -7.788740078120158 ], [ 110.375162592721082, -7.788758164207777 ] ] ] ] } },
{ "type": "Feature", "properties": { "OBJECTID": 39, "DESA": "KOTABARU", "NIB": "00073", "TIPEHAK": "Hak Guna Bangunan", "LUAS": 1013.0, "TAHUN": 0, "Shape_Leng": 130.45414545599999, "Shape_Area": 1019.6014748 }, "geometry": { "type": "MultiPolygon", "coordinates": [ [ [ [ 110.371843131924905, -7.787285716480673 ], [ 110.371695631503371, -7.787331559395172 ], [ 110.371639474983823, -7.787349012730935 ], [ 110.371594324888534, -7.787363045479624 ], [ 110.371516260120231, -7.787182212998924 ], [ 110.371533289323907, -7.787174926374909 ], [ 110.371484746067708, -7.787060547347832 ], [ 110.371710644479109, -7.786973873691919 ], [ 110.371843131924905, -7.787285716480673 ] ] ] ] } },
{ "type": "Feature", "properties": { "OBJECTID": 40, "DESA": "KOTABARU", "NIB": "00080", "TIPEHAK": "Hak Guna Bangunan", "LUAS": 45.0, "TAHUN": 0, "Shape_Leng": 29.471824652, "Shape_Area": 45.168951561500002 }, "geometry": { "type": "MultiPolygon", "coordinates": [ [ [ [ 110.36926369969855, -7.789037627634817 ], [ 110.369200645100989, -7.789106433957172 ], [ 110.369171338138344, -7.789080611553134 ], [ 110.36923484936365, -7.789010336794588 ], [ 110.36926369969855, -7.789037627634817 ] ] ] ] } },
{ "type": "Feature", "properties": { "OBJECTID": 41, "DESA": "KOTABARU", "NIB": "00606", "TIPEHAK": "Hak Milik", "LUAS": 30.0, "TAHUN": 0, "Shape_Leng": 21.951042653599998, "Shape_Area": 29.8726842811 }, "geometry": { "type": "MultiPolygon", "coordinates": [ [ [ [ 110.369093896176153, -7.789220090998646 ], [ 110.369063832090674, -7.789253596000329 ], [ 110.369024133967471, -7.789217001549454 ], [ 110.369044120285011, -7.789194569154903 ], [ 110.369054449926836, -7.78918297612348 ], [ 110.369093896176153, -7.789220090998646 ] ] ] ] } },
{ "type": "Feature", "properties": { "OBJECTID": 42, "DESA": "KOTABARU", "NIB": "00031", "TIPEHAK": "Hak Milik", "LUAS": 405.0, "TAHUN": 0, "Shape_Leng": 94.551829434400005, "Shape_Area": 405.04220997099998 }, "geometry": { "type": "MultiPolygon", "coordinates": [ [ [ [ 110.375631146503437, -7.78534165834504 ], [ 110.375586670162804, -7.785663039936607 ], [ 110.375487382561673, -7.785651347595322 ], [ 110.375528375383539, -7.785326706356376 ], [ 110.375631146503437, -7.78534165834504 ] ] ] ] } },
{ "type": "Feature", "properties": { "OBJECTID": 43, "DESA": "KOTABARU", "NIB": "00610", "TIPEHAK": "Hak Guna Bangunan", "LUAS": 3346.0, "TAHUN": 0, "Shape_Leng": 243.81077179, "Shape_Area": 3345.4083706900001 }, "geometry": { "type": "MultiPolygon", "coordinates": [ [ [ [ 110.374064820635084, -7.783104433042262 ], [ 110.374056205475441, -7.783213969159538 ], [ 110.374012466812445, -7.783591792442007 ], [ 110.373978246863402, -7.783850305244627 ], [ 110.373792978090719, -7.783825297273581 ], [ 110.373603111496365, -7.783798317605926 ], [ 110.373624421267181, -7.783642497811933 ], [ 110.373646351851548, -7.78345768564991 ], [ 110.37369145272632, -7.783100520336511 ], [ 110.373993130894291, -7.783106468711545 ], [ 110.374064820635084, -7.783104433042262 ] ] ] ] } },
{ "type": "Feature", "properties": { "OBJECTID": 44, "DESA": "KOTABARU", "NIB": "00056", "TIPEHAK": "Hak Guna Bangunan", "LUAS": 2445.0, "TAHUN": 0, "Shape_Leng": 207.09127773099999, "Shape_Area": 2444.5927785399999 }, "geometry": { "type": "MultiPolygon", "coordinates": [ [ [ [ 110.372610219710097, -7.783081952298091 ], [ 110.372575882211848, -7.783626843616243 ], [ 110.372566847501389, -7.783706857845686 ], [ 110.372545518295453, -7.783704430568307 ], [ 110.372336535423983, -7.783680645272629 ], [ 110.372236750363513, -7.783669287682384 ], [ 110.372287772636483, -7.783078429094259 ], [ 110.372610219710097, -7.783081952298091 ] ] ] ] } },
{ "type": "Feature", "properties": { "OBJECTID": 45, "DESA": "KOTABARU", "NIB": "00192", "TIPEHAK": "Hak Pakai", "LUAS": 15.0, "TAHUN": 0, "Shape_Leng": 16.534023595200001, "Shape_Area": 15.001088041599999 }, "geometry": { "type": "MultiPolygon", "coordinates": [ [ [ [ 110.368511516357515, -7.787582579797392 ], [ 110.368461139710689, -7.787589679639804 ], [ 110.368457790873805, -7.787565558124809 ], [ 110.368507544069971, -7.787558604231136 ], [ 110.368511516357515, -7.787582579797392 ] ] ] ] } },
{ "type": "Feature", "properties": { "OBJECTID": 46, "DESA": "KOTABARU", "NIB": "00150", "TIPEHAK": "Hak Guna Bangunan", "LUAS": 907.0, "TAHUN": 0, "Shape_Leng": 126.71073012, "Shape_Area": 912.35749369799998 }, "geometry": { "type": "MultiPolygon", "coordinates": [ [ [ [ 110.373847613319796, -7.785433139758539 ], [ 110.373651613825857, -7.78543160321251 ], [ 110.373660676376161, -7.785056538639259 ], [ 110.373866103035567, -7.785063551448878 ], [ 110.373847613319796, -7.785433139758539 ] ] ] ] } },
{ "type": "Feature", "properties": { "OBJECTID": 47, "DESA": "KOTABARU", "NIB": "00140", "TIPEHAK": "Hak Guna Bangunan", "LUAS": 677.0, "TAHUN": 0, "Shape_Leng": 106.33302687600001, "Shape_Area": 694.43203198000003 }, "geometry": { "type": "MultiPolygon", "coordinates": [ [ [ [ 110.369570698705502, -7.787639443283418 ], [ 110.369705033492934, -7.787807113271525 ], [ 110.36955024360924, -7.78794317174447 ], [ 110.369375119662692, -7.787729422726875 ], [ 110.369532949473438, -7.787595155617948 ], [ 110.369570698705502, -7.787639443283418 ] ] ] ] } },
{ "type": "Feature", "properties": { "OBJECTID": 48, "DESA": "KOTABARU", "NIB": "00060", "TIPEHAK": "Hak Guna Bangunan", "LUAS": 60.0, "TAHUN": 0, "Shape_Leng": 31.9694477814, "Shape_Area": 59.94385917 }, "geometry": { "type": "MultiPolygon", "coordinates": [ [ [ [ 110.368647431694384, -7.788085516039644 ], [ 110.368561176267875, -7.788112644943993 ], [ 110.368545776001852, -7.788060443111116 ], [ 110.368588619346355, -7.788047029341658 ], [ 110.368632018079154, -7.788033439920988 ], [ 110.368647431694384, -7.788085516039644 ] ] ] ] } },
{ "type": "Feature", "properties": { "OBJECTID": 49, "DESA": "KOTABARU", "NIB": "00605", "TIPEHAK": "Hak Guna Bangunan", "LUAS": 120.0, "TAHUN": 0, "Shape_Leng": 44.472708118200003, "Shape_Area": 121.23468640500001 }, "geometry": { "type": "MultiPolygon", "coordinates": [ [ [ [ 110.369126018731265, -7.788940088124808 ], [ 110.369046508656098, -7.78901704871704 ], [ 110.36898255254539, -7.788951990291312 ], [ 110.369021602753847, -7.788917057237568 ], [ 110.369060640988664, -7.788877198166061 ], [ 110.369062010845425, -7.788875860769717 ], [ 110.369126018731265, -7.788940088124808 ] ] ] ] } },
{ "type": "Feature", "properties": { "OBJECTID": 50, "DESA": "KOTABARU", "NIB": "00316", "TIPEHAK": "Hak Milik", "LUAS": 30.0, "TAHUN": 0, "Shape_Leng": 26.0064784751, "Shape_Area": 30.117811593900001 }, "geometry": { "type": "MultiPolygon", "coordinates": [ [ [ [ 110.368525819468715, -7.787688860918673 ], [ 110.368449604614923, -7.787699596105822 ], [ 110.368437014919394, -7.7877015604847 ], [ 110.368432786406856, -7.787674670325954 ], [ 110.368461704916001, -7.787670424674689 ], [ 110.368522933440829, -7.787661432729166 ], [ 110.368525819468715, -7.787688860918673 ] ] ] ] } },
{ "type": "Feature", "properties": { "OBJECTID": 51, "DESA": "KOTABARU", "NIB": "00585", "TIPEHAK": "Hak Milik", "LUAS": 60.0, "TAHUN": 0, "Shape_Leng": 32.333060305099998, "Shape_Area": 61.209118663700004 }, "geometry": { "type": "MultiPolygon", "coordinates": [ [ [ [ 110.368582071153654, -7.787835018684308 ], [ 110.368515793329451, -7.787850000409989 ], [ 110.368492641987615, -7.787855233383777 ], [ 110.368481571582763, -7.787802524465543 ], [ 110.368570503020479, -7.787780554847624 ], [ 110.368582071153654, -7.787835018684308 ] ] ] ] } },
{ "type": "Feature", "properties": { "OBJECTID": 52, "DESA": "KOTABARU", "NIB": "00586", "TIPEHAK": "Hak Milik", "LUAS": 30.0, "TAHUN": 0, "Shape_Leng": 22.651374906899999, "Shape_Area": 31.593205578500001 }, "geometry": { "type": "MultiPolygon", "coordinates": [ [ [ [ 110.368614991890098, -7.787978421246632 ], [ 110.368571823291546, -7.787991937858109 ], [ 110.368571610608342, -7.787991237544765 ], [ 110.36856165843723, -7.787958527075102 ], [ 110.368555155712414, -7.787937156248037 ], [ 110.368591935285664, -7.787925339048307 ], [ 110.368597965702477, -7.787923400762547 ], [ 110.368614991890098, -7.787978421246632 ] ] ] ] } },
{ "type": "Feature", "properties": { "OBJECTID": 53, "DESA": "KOTABARU", "NIB": "00290", "TIPEHAK": "Hak Milik", "LUAS": 120.0, "TAHUN": 0, "Shape_Leng": 46.897996751400001, "Shape_Area": 123.791866781 }, "geometry": { "type": "MultiPolygon", "coordinates": [ [ [ [ 110.368832887965141, -7.788443492714332 ], [ 110.368712924251597, -7.788517092086756 ], [ 110.368675498121789, -7.788455814813241 ], [ 110.368733321159525, -7.788419370387411 ], [ 110.368792789362246, -7.788381887282695 ], [ 110.368832887965141, -7.788443492714332 ] ] ] ] } },
{ "type": "Feature", "properties": { "OBJECTID": 54, "DESA": "KOTABARU", "NIB": "00301", "TIPEHAK": "Hak Milik", "LUAS": 15.0, "TAHUN": 0, "Shape_Leng": 16.732033745599999, "Shape_Area": 14.140427541299999 }, "geometry": { "type": "MultiPolygon", "coordinates": [ [ [ [ 110.36855942742686, -7.78772841106295 ], [ 110.368538974506478, -7.787732927814742 ], [ 110.368526926673155, -7.787679729923684 ], [ 110.368548157749274, -7.787675351728313 ], [ 110.36855942742686, -7.78772841106295 ] ] ] ] } },
{ "type": "Feature", "properties": { "OBJECTID": 55, "DESA": "KOTABARU", "NIB": "00144", "TIPEHAK": "Hak Guna Bangunan", "LUAS": 906.0, "TAHUN": 0, "Shape_Leng": 126.953273985, "Shape_Area": 919.652851704 }, "geometry": { "type": "MultiPolygon", "coordinates": [ [ [ [ 110.373866103035567, -7.785063551448878 ], [ 110.374074993976322, -7.785080261702382 ], [ 110.374043680998412, -7.785451397281574 ], [ 110.373881662112481, -7.785435919604083 ], [ 110.373847613319796, -7.785433139758539 ], [ 110.373866103035567, -7.785063551448878 ] ] ] ] } },
{ "type": "Feature", "properties": { "OBJECTID": 56, "DESA": "KOTABARU", "NIB": "00147", "TIPEHAK": "Hak Guna Bangunan", "LUAS": 517.0, "TAHUN": 0, "Shape_Leng": 109.77191779, "Shape_Area": 519.40317852500004 }, "geometry": { "type": "MultiPolygon", "coordinates": [ [ [ [ 110.372716797890931, -7.787353897934755 ], [ 110.372709360872648, -7.787428761308441 ], [ 110.372336944498542, -7.787460746791973 ], [ 110.37235071258533, -7.787304875624796 ], [ 110.372448554465649, -7.787320918090808 ], [ 110.372497784797076, -7.787304076576514 ], [ 110.372507483359527, -7.787329322440142 ], [ 110.372624301801679, -7.787344197378763 ], [ 110.372716797890931, -7.787353897934755 ] ] ] ] } },
{ "type": "Feature", "properties": { "OBJECTID": 57, "DESA": "KOTABARU", "NIB": "00148", "TIPEHAK": "Hak Pakai", "LUAS": 1595.0, "TAHUN": 0, "Shape_Leng": 162.54085462, "Shape_Area": 1595.48065339 }, "geometry": { "type": "MultiPolygon", "coordinates": [ [ [ [ 110.375141065897907, -7.784777540703238 ], [ 110.375107753688766, -7.784982518112726 ], [ 110.375084503888758, -7.784996096403197 ], [ 110.375054585850876, -7.7851678007162 ], [ 110.374833469702608, -7.785073902779331 ], [ 110.374757044850483, -7.785063015736879 ], [ 110.374723076695005, -7.785051889204714 ], [ 110.374706306881933, -7.785040789585673 ], [ 110.3747564348445, -7.784741749766109 ], [ 110.375141065897907, -7.784777540703238 ] ] ] ] } },
{ "type": "Feature", "properties": { "OBJECTID": 58, "DESA": "KOTABARU", "NIB": "00151", "TIPEHAK": "Hak Guna Bangunan", "LUAS": 730.0, "TAHUN": 0, "Shape_Leng": 112.048370621, "Shape_Area": 734.99211374599997 }, "geometry": { "type": "MultiPolygon", "coordinates": [ [ [ [ 110.373792978090719, -7.783825297273581 ], [ 110.373747148858826, -7.784133664878387 ], [ 110.373558897085161, -7.784116901050533 ], [ 110.373603111496365, -7.783798317605926 ], [ 110.373792978090719, -7.783825297273581 ] ] ] ] } },
{ "type": "Feature", "properties": { "OBJECTID": 59, "DESA": "KOTABARU", "NIB": "00209", "TIPEHAK": "Hak Guna Bangunan", "LUAS": 441.0, "TAHUN": 0, "Shape_Leng": 101.031844595, "Shape_Area": 447.69408681 }, "geometry": { "type": "MultiPolygon", "coordinates": [ [ [ [ 110.370723049423262, -7.788964437159231 ], [ 110.370835412322961, -7.789112312946229 ], [ 110.370933595825164, -7.789198732788003 ], [ 110.370945587459758, -7.789266682573822 ], [ 110.370837687216081, -7.789279196764428 ], [ 110.370791827143151, -7.789221310588447 ], [ 110.370644833469584, -7.789014209024866 ], [ 110.370723049423262, -7.788964437159231 ] ] ] ] } },
{ "type": "Feature", "properties": { "OBJECTID": 60, "DESA": "KOTABARU", "NIB": "00203", "TIPEHAK": "Hak Guna Bangunan", "LUAS": 851.0, "TAHUN": 0, "Shape_Leng": 120.047867606, "Shape_Area": 858.53688634000002 }, "geometry": { "type": "MultiPolygon", "coordinates": [ [ [ [ 110.372058772650988, -7.783934666823325 ], [ 110.372139602609295, -7.784258307954966 ], [ 110.37196630859647, -7.784313373300479 ], [ 110.371879143330588, -7.784076112642194 ], [ 110.371907475065441, -7.783913118136126 ], [ 110.372058772650988, -7.783934666823325 ] ] ] ] } },
{ "type": "Feature", "properties": { "OBJECTID": 61, "DESA": "KOTABARU", "NIB": "00210", "TIPEHAK": "Hak Guna Bangunan", "LUAS": 993.0, "TAHUN": 0, "Shape_Leng": 130.822230749, "Shape_Area": 989.23054866300004 }, "geometry": { "type": "MultiPolygon", "coordinates": [ [ [ [ 110.373434944404437, -7.785057804734482 ], [ 110.373450504255402, -7.785432481346067 ], [ 110.373429544284321, -7.785432842793248 ], [ 110.373245410585312, -7.785435325163047 ], [ 110.373207636318028, -7.785060619218178 ], [ 110.373434944404437, -7.785057804734482 ] ] ] ] } },
{ "type": "Feature", "properties": { "OBJECTID": 62, "DESA": "KOTABARU", "NIB": "00213", "TIPEHAK": "Hak Guna Bangunan", "LUAS": 459.0, "TAHUN": 0, "Shape_Leng": 163.86236701600001, "Shape_Area": 452.15111140699997 }, "geometry": { "type": "MultiPolygon", "coordinates": [ [ [ [ 110.37169745023732, -7.787726313087139 ], [ 110.371696713320461, -7.78774261627414 ], [ 110.371690568543485, -7.787743166903114 ], [ 110.371689935870819, -7.787774373667202 ], [ 110.371684916091994, -7.787773996090616 ], [ 110.371683748447296, -7.787786309965425 ], [ 110.371666641613857, -7.78778543733153 ], [ 110.371657622378905, -7.787973894847769 ], [ 110.371664901729147, -7.787973098658458 ], [ 110.371664699977714, -7.787999617206745 ], [ 110.371614970021199, -7.788000688752069 ], [ 110.371639474983823, -7.787349012730935 ], [ 110.371695631503371, -7.787331559395172 ], [ 110.371690275105934, -7.787654284560062 ], [ 110.371700557130183, -7.787656112490313 ], [ 110.371702999969941, -7.787695791535946 ], [ 110.371696700158481, -7.787695024172215 ], [ 110.37169745023732, -7.787726313087139 ] ] ] ] } },
{ "type": "Feature", "properties": { "OBJECTID": 63, "DESA": "KOTABARU", "NIB": "00214", "TIPEHAK": "Hak Guna Bangunan", "LUAS": 595.0, "TAHUN": 0, "Shape_Leng": 183.09127072000001, "Shape_Area": 592.08061829600001 }, "geometry": { "type": "MultiPolygon", "coordinates": [ [ [ [ 110.371761058790383, -7.787574935437415 ], [ 110.371767329630984, -7.787615191622615 ], [ 110.371825659098064, -7.787989644816551 ], [ 110.371782450921572, -7.787994914693459 ], [ 110.371775411191095, -7.787855957626188 ], [ 110.371754440973731, -7.787726444551246 ], [ 110.37169745023732, -7.787726313087139 ], [ 110.371696700158481, -7.787695024172215 ], [ 110.371702999969941, -7.787695791535946 ], [ 110.371700557130183, -7.787656112490313 ], [ 110.371690275105934, -7.787654284560062 ], [ 110.371695631503371, -7.787331559395172 ], [ 110.371843131924905, -7.787285716480673 ], [ 110.371761058790383, -7.787574935437415 ] ] ] ] } },
{ "type": "Feature", "properties": { "OBJECTID": 64, "DESA": "KOTABARU", "NIB": "00206", "TIPEHAK": "Hak Guna Bangunan", "LUAS": 876.0, "TAHUN": 0, "Shape_Leng": 133.74547471599999, "Shape_Area": 846.41159396800003 }, "geometry": { "type": "MultiPolygon", "coordinates": [ [ [ [ 110.372907412933827, -7.783691277713714 ], [ 110.373110378736996, -7.78369493153155 ], [ 110.373110429380034, -7.783755325091151 ], [ 110.373081627411437, -7.783756138475241 ], [ 110.373073799630575, -7.784105643596789 ], [ 110.372922571970534, -7.784108285880892 ], [ 110.372907412933827, -7.783691277713714 ] ] ] ] } },
{ "type": "Feature", "properties": { "OBJECTID": 65, "DESA": "KOTABARU", "NIB": "00218", "TIPEHAK": "Hak Guna Bangunan", "LUAS": 1153.0, "TAHUN": 0, "Shape_Leng": 150.480116463, "Shape_Area": 1186.6039150500001 }, "geometry": { "type": "MultiPolygon", "coordinates": [ [ [ [ 110.372377696347414, -7.784185859997106 ], [ 110.372317737396102, -7.783975035402336 ], [ 110.372336535423983, -7.783680645272629 ], [ 110.372545518295453, -7.783704430568307 ], [ 110.372523738663062, -7.7839725501117 ], [ 110.372565884598316, -7.784142523768822 ], [ 110.372377696347414, -7.784185859997106 ] ] ] ] } },
{ "type": "Feature", "properties": { "OBJECTID": 66, "DESA": "KOTABARU", "NIB": "00217", "TIPEHAK": "Hak Guna Bangunan", "LUAS": 1159.0, "TAHUN": 0, "Shape_Leng": 138.99696360600001, "Shape_Area": 1203.90529621 }, "geometry": { "type": "MultiPolygon", "coordinates": [ [ [ [ 110.370821235097821, -7.787224891289129 ], [ 110.370536509481099, -7.787368839276066 ], [ 110.370416715322293, -7.787055611822301 ], [ 110.370515193784144, -7.787023012434586 ], [ 110.37071734420536, -7.786956734174583 ], [ 110.370821235097821, -7.787224891289129 ] ] ] ] } },
{ "type": "Feature", "properties": { "OBJECTID": 67, "DESA": "KOTABARU", "NIB": "00546", "TIPEHAK": "Hak Guna Bangunan", "LUAS": 817.0, "TAHUN": 0, "Shape_Leng": 130.37971729899999, "Shape_Area": 819.79035710300002 }, "geometry": { "type": "MultiPolygon", "coordinates": [ [ [ [ 110.374768531716811, -7.783109575753883 ], [ 110.374751941314997, -7.783244881484937 ], [ 110.374782183705165, -7.783279430649102 ], [ 110.374760410131685, -7.783544537378062 ], [ 110.37459080629408, -7.783528980595984 ], [ 110.374631942161983, -7.783106389841865 ], [ 110.374768531716811, -7.783109575753883 ] ] ] ] } },
{ "type": "Feature", "properties": { "OBJECTID": 68, "DESA": "KOTABARU", "NIB": null, "TIPEHAK": "Hak Milik", "LUAS": 932.0, "TAHUN": 0, "Shape_Leng": 126.498982447, "Shape_Area": 930.22775375799995 }, "geometry": { "type": "MultiPolygon", "coordinates": [ [ [ [ 110.372501545585465, -7.788391217140155 ], [ 110.372342176324096, -7.788441830842086 ], [ 110.372315305673695, -7.788450364742406 ], [ 110.372188255529892, -7.788113217154255 ], [ 110.372404305322064, -7.788042536797112 ], [ 110.372501545585465, -7.788391217140155 ] ] ] ] } },
{ "type": "Feature", "properties": { "OBJECTID": 69, "DESA": "KOTABARU", "NIB": null, "TIPEHAK": "Hak Guna Bangunan", "LUAS": 800.0, "TAHUN": 0, "Shape_Leng": 113.19517661499999, "Shape_Area": 800.96613244299999 }, "geometry": { "type": "MultiPolygon", "coordinates": [ [ [ [ 110.376048412054516, -7.783420212092767 ], [ 110.376032815722183, -7.783614035006432 ], [ 110.375932141205652, -7.783669007052537 ], [ 110.37574638735785, -7.783668845393996 ], [ 110.375760119838787, -7.783607355567971 ], [ 110.375761331831328, -7.783434770147645 ], [ 110.37584712413215, -7.783429420128826 ], [ 110.375846920395674, -7.783423862488141 ], [ 110.375847119114937, -7.783422199270763 ], [ 110.376048412054516, -7.783420212092767 ] ] ] ] } },
{ "type": "Feature", "properties": { "OBJECTID": 70, "DESA": "KOTABARU", "NIB": "00310", "TIPEHAK": "Hak Guna Bangunan", "LUAS": 180.0, "TAHUN": 0, "Shape_Leng": 54.094201534, "Shape_Area": 180.987711921 }, "geometry": { "type": "MultiPolygon", "coordinates": [ [ [ [ 110.369611628618642, -7.789363910511304 ], [ 110.369533611418504, -7.789440263224997 ], [ 110.369437870526468, -7.789349886704624 ], [ 110.369512990206502, -7.789267827266463 ], [ 110.369611628618642, -7.789363910511304 ] ] ] ] } },
{ "type": "Feature", "properties": { "OBJECTID": 71, "DESA": "KOTABARU", "NIB": "00547", "TIPEHAK": "Hak Guna Bangunan", "LUAS": 730.0, "TAHUN": 0, "Shape_Leng": 150.29614182, "Shape_Area": 730.67964892199996 }, "geometry": { "type": "MultiPolygon", "coordinates": [ [ [ [ 110.371368435283358, -7.787988026927763 ], [ 110.371255113600697, -7.787967073727787 ], [ 110.3712810507499, -7.787730969404313 ], [ 110.371321267538107, -7.787548216501492 ], [ 110.371332080134692, -7.787550584057347 ], [ 110.371334107325524, -7.787551027465777 ], [ 110.371342736464328, -7.787516814101689 ], [ 110.371318672628831, -7.787464320071509 ], [ 110.371439050051194, -7.78741056077303 ], [ 110.371368435283358, -7.787988026927763 ] ] ] ] } },
{ "type": "Feature", "properties": { "OBJECTID": 72, "DESA": "KOTABARU", "NIB": "00319", "TIPEHAK": "Hak Guna Bangunan", "LUAS": 793.0, "TAHUN": 0, "Shape_Leng": 121.31764003000001, "Shape_Area": 792.99968110299994 }, "geometry": { "type": "MultiPolygon", "coordinates": [ [ [ [ 110.373202710279372, -7.785437033403319 ], [ 110.373062433739108, -7.785442642495621 ], [ 110.373044694877279, -7.785068026378305 ], [ 110.373207636318028, -7.785060619218178 ], [ 110.373245410585312, -7.785435325163047 ], [ 110.373212349417315, -7.785436647357088 ], [ 110.373202710279372, -7.785437033403319 ] ] ] ] } },
{ "type": "Feature", "properties": { "OBJECTID": 73, "DESA": "KOTABARU", "NIB": "00597", "TIPEHAK": "Hak Milik", "LUAS": 910.0, "TAHUN": 0, "Shape_Leng": 145.971113218, "Shape_Area": 909.81137542900001 }, "geometry": { "type": "MultiPolygon", "coordinates": [ [ [ [ 110.372625334745152, -7.788785190695742 ], [ 110.372785571862835, -7.788333028215055 ], [ 110.37291236380095, -7.788322298412597 ], [ 110.372863666925483, -7.78852811398051 ], [ 110.372790779618938, -7.788845972500158 ], [ 110.372625334745152, -7.788785190695742 ] ] ] ] } },
{ "type": "Feature", "properties": { "OBJECTID": 74, "DESA": "KOTABARU", "NIB": "00068", "TIPEHAK": "Hak Guna Bangunan", "LUAS": 878.0, "TAHUN": 0, "Shape_Leng": 114.037458594, "Shape_Area": 836.02569941599995 }, "geometry": { "type": "MultiPolygon", "coordinates": [ [ [ [ 110.371896651837318, -7.786075838644463 ], [ 110.371976065557178, -7.786280799362103 ], [ 110.371723006496893, -7.786371416981373 ], [ 110.371643473565612, -7.786171896972497 ], [ 110.371650510805054, -7.786168461044532 ], [ 110.371638345942614, -7.786131610399188 ], [ 110.371850334511905, -7.786051439328566 ], [ 110.371870083022898, -7.786052261321351 ], [ 110.371881669067051, -7.786058648217359 ], [ 110.371889082173126, -7.786065558178601 ], [ 110.371896651837318, -7.786075838644463 ] ] ] ] } },
{ "type": "Feature", "properties": { "OBJECTID": 75, "DESA": "KOTABARU", "NIB": "00283", "TIPEHAK": "Hak Guna Bangunan", "LUAS": 595.0, "TAHUN": 0, "Shape_Leng": 94.698761191100004, "Shape_Area": 600.50358374899997 }, "geometry": { "type": "MultiPolygon", "coordinates": [ [ [ [ 110.374213236949956, -7.788612878430987 ], [ 110.374217034244822, -7.788805460580504 ], [ 110.374188473809909, -7.788807927344222 ], [ 110.374068341673649, -7.788822542679569 ], [ 110.37396758975818, -7.78881202219905 ], [ 110.373965939334539, -7.788755851825356 ], [ 110.373991359130585, -7.788634796943316 ], [ 110.374015499250049, -7.788616309808504 ], [ 110.374038861565424, -7.788599606436987 ], [ 110.374213236949956, -7.788612878430987 ] ] ] ] } },
{ "type": "Feature", "properties": { "OBJECTID": 76, "DESA": "KOTABARU", "NIB": "00058", "TIPEHAK": "Hak Guna Bangunan", "LUAS": 488.0, "TAHUN": 0, "Shape_Leng": 139.110032663, "Shape_Area": 489.25535656199997 }, "geometry": { "type": "MultiPolygon", "coordinates": [ [ [ [ 110.374078749705646, -7.783600716755157 ], [ 110.374016434960581, -7.784149292343768 ], [ 110.373938770166248, -7.784148526492878 ], [ 110.373978246863402, -7.783850305244627 ], [ 110.374012466812445, -7.783591792442007 ], [ 110.374078749705646, -7.783600716755157 ] ] ] ] } },
{ "type": "Feature", "properties": { "OBJECTID": 77, "DESA": "KOTABARU", "NIB": "00142", "TIPEHAK": "Hak Guna Bangunan", "LUAS": 862.0, "TAHUN": 0, "Shape_Leng": 120.62266865, "Shape_Area": 862.27748594000002 }, "geometry": { "type": "MultiPolygon", "coordinates": [ [ [ [ 110.372725508912851, -7.787302795898233 ], [ 110.373070023303384, -7.787308049709442 ], [ 110.373067518279129, -7.787344365385354 ], [ 110.373064603292775, -7.78741781794939 ], [ 110.373060816678972, -7.787495030127589 ], [ 110.372720136494166, -7.787520150169532 ], [ 110.372709360872648, -7.787428761308441 ], [ 110.372716797890931, -7.787353897934755 ], [ 110.372724201004843, -7.787314345115504 ], [ 110.372725508912851, -7.787302795898233 ] ] ] ] } },
{ "type": "Feature", "properties": { "OBJECTID": 78, "DESA": "KOTABARU", "NIB": "00557", "TIPEHAK": "Hak Guna Bangunan", "LUAS": 401.0, "TAHUN": 0, "Shape_Leng": 86.559657694899997, "Shape_Area": 401.582122712 }, "geometry": { "type": "MultiPolygon", "coordinates": [ [ [ [ 110.375286417559323, -7.783918694219143 ], [ 110.375555852141076, -7.783912035719439 ], [ 110.375556360884275, -7.784036602341536 ], [ 110.375285854076367, -7.78403819235989 ], [ 110.375286545351784, -7.783983348132682 ], [ 110.375286417559323, -7.783918694219143 ] ] ] ] } },
{ "type": "Feature", "properties": { "OBJECTID": 79, "DESA": "KOTABARU", "NIB": "00604", "TIPEHAK": "Hak Guna Bangunan", "LUAS": 3234.0, "TAHUN": 0, "Shape_Leng": 223.505457587, "Shape_Area": 3220.1920742799998 }, "geometry": { "type": "MultiPolygon", "coordinates": [ [ [ [ 110.371907475065441, -7.783913118136126 ], [ 110.371879143330588, -7.784076112642194 ], [ 110.37196630859647, -7.784313373300479 ], [ 110.371587209640296, -7.784437563880578 ], [ 110.371552010051602, -7.784446003609174 ], [ 110.371519380309394, -7.784441536140543 ], [ 110.371461974544872, -7.784417148694088 ], [ 110.37143453546561, -7.784370719666415 ], [ 110.371392145669759, -7.784259808167097 ], [ 110.371388838925242, -7.784135858389819 ], [ 110.371394580170318, -7.784071205011036 ], [ 110.371398483429175, -7.784046786522846 ], [ 110.37143118000148, -7.783842222784292 ], [ 110.371907475065441, -7.783913118136126 ] ] ] ] } },
{ "type": "Feature", "properties": { "OBJECTID": 80, "DESA": "KOTABARU", "NIB": "00556", "TIPEHAK": "Hak Guna Bangunan", "LUAS": 1160.0, "TAHUN": 0, "Shape_Leng": 182.87914943000001, "Shape_Area": 1168.6420553600001 }, "geometry": { "type": "MultiPolygon", "coordinates": [ [ [ [ 110.372058772650988, -7.783934666823325 ], [ 110.372229788909451, -7.783954927119438 ], [ 110.372236750363513, -7.783669287682384 ], [ 110.372336535423983, -7.783680645272629 ], [ 110.372317737396102, -7.783975035402336 ], [ 110.372377696347414, -7.784185859997106 ], [ 110.372139602609295, -7.784258307954966 ], [ 110.372058772650988, -7.783934666823325 ] ] ] ] } },
{ "type": "Feature", "properties": { "OBJECTID": 81, "DESA": "KOTABARU", "NIB": "00555", "TIPEHAK": "Hak Guna Bangunan", "LUAS": 840.0, "TAHUN": 0, "Shape_Leng": 116.65864243599999, "Shape_Area": 832.94034249200001 }, "geometry": { "type": "MultiPolygon", "coordinates": [ [ [ [ 110.37242079445619, -7.787090594447942 ], [ 110.372422865007195, -7.787087018630712 ], [ 110.372436582208792, -7.787077475596369 ], [ 110.372454481019147, -7.78706502331022 ], [ 110.372477839728234, -7.787057974086522 ], [ 110.372508895162284, -7.787054243680554 ], [ 110.372529547692395, -7.787057735662827 ], [ 110.372627515594857, -7.787065044248259 ], [ 110.37265971761002, -7.787063370315391 ], [ 110.372624301801679, -7.787344197378763 ], [ 110.372507483359527, -7.787329322440142 ], [ 110.372497784797076, -7.787304076576514 ], [ 110.372448554465649, -7.787320918090808 ], [ 110.37235071258533, -7.787304875624796 ], [ 110.372388308832512, -7.787146691331304 ], [ 110.37242079445619, -7.787090594447942 ] ] ] ] } },
{ "type": "Feature", "properties": { "OBJECTID": 82, "DESA": "KOTABARU", "NIB": "00536", "TIPEHAK": "Hak Guna Bangunan", "LUAS": 1260.0, "TAHUN": 0, "Shape_Leng": 142.178029076, "Shape_Area": 1234.59735211 }, "geometry": { "type": "MultiPolygon", "coordinates": [ [ [ [ 110.370696142717136, -7.786902955690022 ], [ 110.370494308403963, -7.786965126448596 ], [ 110.37042705264335, -7.786987165869712 ], [ 110.370304037041748, -7.786644710634187 ], [ 110.370560107204327, -7.786557900607562 ], [ 110.370696142717136, -7.786902955690022 ] ] ] ] } },
{ "type": "Feature", "properties": { "OBJECTID": 83, "DESA": "KOTABARU", "NIB": "00235", "TIPEHAK": "Hak Pakai", "LUAS": 464.0, "TAHUN": 0, "Shape_Leng": 97.083861565899994, "Shape_Area": 471.38800543100001 }, "geometry": { "type": "MultiPolygon", "coordinates": [ [ [ [ 110.372501545585465, -7.788391217140155 ], [ 110.372404953049212, -7.788712260151711 ], [ 110.372281489211161, -7.788674381770215 ], [ 110.37231753255584, -7.788550393578175 ], [ 110.372310363837755, -7.788547261744067 ], [ 110.372342176324096, -7.788441830842086 ], [ 110.372501545585465, -7.788391217140155 ] ] ] ] } },
{ "type": "Feature", "properties": { "OBJECTID": 84, "DESA": "KOTABARU", "NIB": "00249", "TIPEHAK": "Hak Pakai", "LUAS": 120.0, "TAHUN": 0, "Shape_Leng": 46.087940608099998, "Shape_Area": 120.15564378800001 }, "geometry": { "type": "MultiPolygon", "coordinates": [ [ [ [ 110.368570461594175, -7.788351091289046 ], [ 110.368630638745941, -7.788323275282808 ], [ 110.368694308457265, -7.788293842649264 ], [ 110.368723680657098, -7.788359730629576 ], [ 110.368599625457918, -7.788417075550712 ], [ 110.368570461594175, -7.788351091289046 ] ] ] ] } },
{ "type": "Feature", "properties": { "OBJECTID": 85, "DESA": "KOTABARU", "NIB": "00247", "TIPEHAK": "Hak Guna Bangunan", "LUAS": 721.0, "TAHUN": 0, "Shape_Leng": 117.180630209, "Shape_Area": 722.36393519000001 }, "geometry": { "type": "MultiPolygon", "coordinates": [ [ [ [ 110.372202766134166, -7.784348429958274 ], [ 110.372361469267702, -7.784303020554534 ], [ 110.372419837909405, -7.784677256629609 ], [ 110.372303616649901, -7.784696524409009 ], [ 110.372265264962195, -7.784702851255649 ], [ 110.372202766134166, -7.784348429958274 ] ] ] ] } },
{ "type": "Feature", "properties": { "OBJECTID": 86, "DESA": "KOTABARU", "NIB": "00232", "TIPEHAK": "Hak Guna Bangunan", "LUAS": 1946.0, "TAHUN": 0, "Shape_Leng": 176.56083726, "Shape_Area": 1944.9801769000001 }, "geometry": { "type": "MultiPolygon", "coordinates": [ [ [ [ 110.373517366273063, -7.784578700169072 ], [ 110.373736823694685, -7.784582838677684 ], [ 110.373724140673644, -7.78496338558989 ], [ 110.373572548977137, -7.784959359573387 ], [ 110.373315242094364, -7.78495418498253 ], [ 110.373306504546861, -7.784622827668795 ], [ 110.373306415452518, -7.784575849682184 ], [ 110.373517366273063, -7.784578700169072 ] ] ] ] } },
{ "type": "Feature", "properties": { "OBJECTID": 87, "DESA": "KOTABARU", "NIB": "00246", "TIPEHAK": "Hak Guna Bangunan", "LUAS": 830.0, "TAHUN": 0, "Shape_Leng": 117.923430814, "Shape_Area": 836.84823860699998 }, "geometry": { "type": "MultiPolygon", "coordinates": [ [ [ [ 110.371769114941159, -7.78685263699245 ], [ 110.371541216138326, -7.786939951334734 ], [ 110.371441487062242, -7.786686675207386 ], [ 110.371611597371299, -7.786621607111296 ], [ 110.371608623263128, -7.786613063188059 ], [ 110.371619644298676, -7.786600927075088 ], [ 110.371643763171576, -7.786588384275172 ], [ 110.371670771745826, -7.786581270629773 ], [ 110.371769114941159, -7.78685263699245 ] ] ] ] } },
{ "type": "Feature", "properties": { "OBJECTID": 88, "DESA": "KOTABARU", "NIB": "00261", "TIPEHAK": "Hak Pakai", "LUAS": 45.0, "TAHUN": 0, "Shape_Leng": 32.173039657700002, "Shape_Area": 45.613767323600001 }, "geometry": { "type": "MultiPolygon", "coordinates": [ [ [ [ 110.368491499964719, -7.787525683806254 ], [ 110.368494833207464, -7.78755147720459 ], [ 110.368405089705931, -7.787564307984018 ], [ 110.368398299681729, -7.787509077542175 ], [ 110.368443800069699, -7.787502617015015 ], [ 110.368447193775992, -7.787530917615866 ], [ 110.368491499964719, -7.787525683806254 ] ] ] ] } },
{ "type": "Feature", "properties": { "OBJECTID": 89, "DESA": "KOTABARU", "NIB": "00233", "TIPEHAK": "Hak Milik", "LUAS": 626.0, "TAHUN": 0, "Shape_Leng": 112.452190938, "Shape_Area": 624.88359589300001 }, "geometry": { "type": "MultiPolygon", "coordinates": [ [ [ [ 110.374941395882672, -7.785568844059733 ], [ 110.374982873912145, -7.785575362687019 ], [ 110.375064959978801, -7.78558900391554 ], [ 110.375065765322404, -7.785589137882276 ], [ 110.37502732583782, -7.785928536571207 ], [ 110.374857651700367, -7.785899659606168 ], [ 110.374870237554404, -7.785810663051415 ], [ 110.374882426280791, -7.785717717809487 ], [ 110.374921268418845, -7.78572273097646 ], [ 110.374941395882672, -7.785568844059733 ] ] ] ] } },
{ "type": "Feature", "properties": { "OBJECTID": 90, "DESA": "KOTABARU", "NIB": "00128", "TIPEHAK": "Hak Guna Bangunan", "LUAS": 594.0, "TAHUN": 0, "Shape_Leng": 110.343925142, "Shape_Area": 596.51610597599995 }, "geometry": { "type": "MultiPolygon", "coordinates": [ [ [ [ 110.370301465558327, -7.786564587317303 ], [ 110.370147217181696, -7.786620496343811 ], [ 110.370097069384997, -7.786491478817346 ], [ 110.370119765270871, -7.786351225502708 ], [ 110.370109019953361, -7.786324763766621 ], [ 110.370087362568526, -7.786260004760526 ], [ 110.370116691880028, -7.786248401658376 ], [ 110.370178237356669, -7.786226180518566 ], [ 110.370301465558327, -7.786564587317303 ] ] ] ] } },
{ "type": "Feature", "properties": { "OBJECTID": 91, "DESA": "KOTABARU", "NIB": "00129", "TIPEHAK": "Hak Guna Bangunan", "LUAS": 15.0, "TAHUN": 0, "Shape_Leng": 15.9753544387, "Shape_Area": 14.919231159000001 }, "geometry": { "type": "MultiPolygon", "coordinates": [ [ [ [ 110.369361502435993, -7.789396347935433 ], [ 110.369329090115784, -7.789428918315606 ], [ 110.369309956426775, -7.789410656710096 ], [ 110.369340673714603, -7.789378249849979 ], [ 110.369361502435993, -7.789396347935433 ] ] ] ] } },
{ "type": "Feature", "properties": { "OBJECTID": 92, "DESA": "KOTABARU", "NIB": "00141", "TIPEHAK": "Hak Guna Bangunan", "LUAS": 960.0, "TAHUN": 0, "Shape_Leng": 130.04820361099999, "Shape_Area": 976.16674361800005 }, "geometry": { "type": "MultiPolygon", "coordinates": [ [ [ [ 110.373434944404437, -7.785057804734482 ], [ 110.373660676376161, -7.785056538639259 ], [ 110.373651613825857, -7.78543160321251 ], [ 110.373504230360211, -7.785432363446708 ], [ 110.373450504255402, -7.785432481346067 ], [ 110.373434944404437, -7.785057804734482 ] ] ] ] } },
{ "type": "Feature", "properties": { "OBJECTID": 93, "DESA": "KOTABARU", "NIB": "00563", "TIPEHAK": "Hak Guna Bangunan", "LUAS": 594.0, "TAHUN": 0, "Shape_Leng": 106.52529732399999, "Shape_Area": 605.38212847900002 }, "geometry": { "type": "MultiPolygon", "coordinates": [ [ [ [ 110.37569507390684, -7.788605694824813 ], [ 110.375700279472895, -7.78860734506911 ], [ 110.375706809007994, -7.788702559136352 ], [ 110.375353300040871, -7.788740078120158 ], [ 110.375431058855582, -7.78852199851649 ], [ 110.37569507390684, -7.788605694824813 ] ] ] ] } },
{ "type": "Feature", "properties": { "OBJECTID": 94, "DESA": "KOTABARU", "NIB": "00113", "TIPEHAK": "Hak Guna Bangunan", "LUAS": 575.0, "TAHUN": 0, "Shape_Leng": 108.14186198, "Shape_Area": 576.70777644199995 }, "geometry": { "type": "MultiPolygon", "coordinates": [ [ [ [ 110.377632287403657, -7.788022624131742 ], [ 110.37755082379843, -7.788020372259423 ], [ 110.377551898966729, -7.788115302781269 ], [ 110.377416363132582, -7.788117332943342 ], [ 110.377415581634338, -7.788132146102604 ], [ 110.377326755503589, -7.788129498021709 ], [ 110.377356504411722, -7.787929648362669 ], [ 110.377590300673219, -7.787930370620749 ], [ 110.377608189373476, -7.787937522804856 ], [ 110.377630677685829, -7.787936581100413 ], [ 110.377632287403657, -7.788022624131742 ] ] ] ] } },
{ "type": "Feature", "properties": { "OBJECTID": 95, "DESA": "KOTABARU", "NIB": "00219", "TIPEHAK": "Hak Pakai", "LUAS": 2565.0, "TAHUN": 0, "Shape_Leng": 220.548460038, "Shape_Area": 2591.37490884 }, "geometry": { "type": "MultiPolygon", "coordinates": [ [ [ [ 110.375461816852521, -7.786111113624044 ], [ 110.375419454983501, -7.786311269591148 ], [ 110.375541022183867, -7.786331055452363 ], [ 110.375464753446138, -7.786495504411963 ], [ 110.375478946543979, -7.786503442835884 ], [ 110.375372562281271, -7.78672434202157 ], [ 110.375342561309566, -7.786722833381527 ], [ 110.375336116079652, -7.786723632429828 ], [ 110.375314988509388, -7.786667730141544 ], [ 110.375038744504138, -7.78654158974207 ], [ 110.375122179024245, -7.786065502067958 ], [ 110.375194642514671, -7.786075233505934 ], [ 110.375461816852521, -7.786111113624044 ] ] ] ] } },
{ "type": "Feature", "properties": { "OBJECTID": 96, "DESA": "KOTABARU", "NIB": "00308", "TIPEHAK": "Hak Milik", "LUAS": 30.0, "TAHUN": 0, "Shape_Leng": 23.455259609399999, "Shape_Area": 31.234900579800001 }, "geometry": { "type": "MultiPolygon", "coordinates": [ [ [ [ 110.368792789362246, -7.788381887282695 ], [ 110.368733321159525, -7.788419370387411 ], [ 110.368712476870854, -7.788387958965955 ], [ 110.368770285345903, -7.788352812986365 ], [ 110.368792789362246, -7.788381887282695 ] ] ] ] } },
{ "type": "Feature", "properties": { "OBJECTID": 97, "DESA": "KOTABARU", "NIB": "00268", "TIPEHAK": "Hak Guna Bangunan", "LUAS": 137.0, "TAHUN": 0, "Shape_Leng": 49.435626883600001, "Shape_Area": 137.53305638 }, "geometry": { "type": "MultiPolygon", "coordinates": [ [ [ [ 110.374880555629971, -7.788600885541425 ], [ 110.37481303978204, -7.78863737155126 ], [ 110.374741404908377, -7.788508980505958 ], [ 110.37480869401557, -7.788472457904991 ], [ 110.374880555629971, -7.788600885541425 ] ] ] ] } },
{ "type": "Feature", "properties": { "OBJECTID": 98, "DESA": "KOTABARU", "NIB": "00269", "TIPEHAK": "Hak Guna Bangunan", "LUAS": 400.0, "TAHUN": 0, "Shape_Leng": 103.256778786, "Shape_Area": 394.28805038000002 }, "geometry": { "type": "MultiPolygon", "coordinates": [ [ [ [ 110.374901416193595, -7.788710707104404 ], [ 110.374903459535403, -7.788734658520302 ], [ 110.37478548099196, -7.788748117669734 ], [ 110.374775122574945, -7.788761921629013 ], [ 110.374781909470627, -7.788805615307215 ], [ 110.374753541855867, -7.788808376476958 ], [ 110.374738352548491, -7.788702664502412 ], [ 110.374662569486091, -7.788551769456791 ], [ 110.374741404908377, -7.788508980505958 ], [ 110.37481303978204, -7.78863737155126 ], [ 110.374880555629971, -7.788600885541425 ], [ 110.374888388467056, -7.788615163728718 ], [ 110.374901416193595, -7.788710707104404 ] ] ] ] } },
{ "type": "Feature", "properties": { "OBJECTID": 99, "DESA": "KOTABARU", "NIB": "00201", "TIPEHAK": "Hak Guna Bangunan", "LUAS": 1686.0, "TAHUN": 0, "Shape_Leng": 180.031905268, "Shape_Area": 1682.69630295 }, "geometry": { "type": "MultiPolygon", "coordinates": [ [ [ [ 110.370590761423074, -7.785562623365266 ], [ 110.370380247672401, -7.785649308196351 ], [ 110.370290864162371, -7.78540620158924 ], [ 110.370079113593988, -7.785232596300398 ], [ 110.370290341144837, -7.785064823123556 ], [ 110.37049593001808, -7.785264160699446 ], [ 110.370590761423074, -7.785562623365266 ] ] ] ] } },
{ "type": "Feature", "properties": { "OBJECTID": 100, "DESA": "KOTABARU", "NIB": "00200", "TIPEHAK": "Hak Guna Bangunan", "LUAS": 1686.0, "TAHUN": 0, "Shape_Leng": 192.149566507, "Shape_Area": 1682.4853792700001 }, "geometry": { "type": "MultiPolygon", "coordinates": [ [ [ [ 110.37071173578515, -7.785172386120593 ], [ 110.370763495953369, -7.785353003409322 ], [ 110.370712666933102, -7.785372252235577 ], [ 110.370749929791174, -7.785498069990955 ], [ 110.370590761423074, -7.785562623365266 ], [ 110.37049593001808, -7.785264160699446 ], [ 110.370290341144837, -7.785064823123556 ], [ 110.37045829300132, -7.784909088488978 ], [ 110.37071173578515, -7.785172386120593 ] ] ] ] } },
{ "type": "Feature", "properties": { "OBJECTID": 101, "DESA": "KOTABARU", "NIB": "00548", "TIPEHAK": "Hak Guna Bangunan", "LUAS": 572.0, "TAHUN": 0, "Shape_Leng": 111.58264688600001, "Shape_Area": 572.95041392200005 }, "geometry": { "type": "MultiPolygon", "coordinates": [ [ [ [ 110.371420638607532, -7.785731831834271 ], [ 110.371391329799323, -7.785752004002966 ], [ 110.371350657917489, -7.785749519675965 ], [ 110.371308024427023, -7.785770873872872 ], [ 110.371286721861182, -7.785715122677668 ], [ 110.371175268619268, -7.785423437837888 ], [ 110.371300266467273, -7.785372744299476 ], [ 110.371399668915174, -7.785681863172949 ], [ 110.371420638607532, -7.785731831834271 ] ] ] ] } },
{ "type": "Feature", "properties": { "OBJECTID": 102, "DESA": "KOTABARU", "NIB": "00204", "TIPEHAK": "Hak Guna Bangunan", "LUAS": 2170.0, "TAHUN": 0, "Shape_Leng": 209.239002957, "Shape_Area": 2139.8106060700002 }, "geometry": { "type": "MultiPolygon", "coordinates": [ [ [ [ 110.369199818996819, -7.786595426853127 ], [ 110.368895641965068, -7.78683845976815 ], [ 110.368644959366236, -7.787031001300542 ], [ 110.368617373194894, -7.787036360907507 ], [ 110.36858414807115, -7.787027274028273 ], [ 110.368572511969646, -7.787007141609047 ], [ 110.368619864674798, -7.786774518855724 ], [ 110.368678587337413, -7.786590416184739 ], [ 110.368751368474932, -7.786442276084334 ], [ 110.368751382917296, -7.7864422453122 ], [ 110.368772554922174, -7.786417584389179 ], [ 110.368793064590051, -7.786413800816758 ], [ 110.368880979763659, -7.786462411793202 ], [ 110.368997480266188, -7.786543549447793 ], [ 110.36910038901641, -7.786587775052393 ], [ 110.369199818996819, -7.786595426853127 ] ] ] ] } },
{ "type": "Feature", "properties": { "OBJECTID": 103, "DESA": "KOTABARU", "NIB": "00576", "TIPEHAK": "Hak Pakai", "LUAS": 3140.0, "TAHUN": 0, "Shape_Leng": 214.16354280499999, "Shape_Area": 3064.9233364500001 }, "geometry": { "type": "MultiPolygon", "coordinates": [ [ [ [ 110.369034251219588, -7.787198548769221 ], [ 110.369208260247888, -7.78740820065358 ], [ 110.369096912733156, -7.78749427385011 ], [ 110.368882400090328, -7.787645474963253 ], [ 110.368662592663966, -7.787628553163174 ], [ 110.368626872857277, -7.787490684568404 ], [ 110.368602529680757, -7.787335428547733 ], [ 110.368609181624493, -7.787210494407723 ], [ 110.368629680414131, -7.787164438057607 ], [ 110.368640780835818, -7.78715469886298 ], [ 110.368662992532663, -7.787135208696254 ], [ 110.368856699613346, -7.786984630839384 ], [ 110.369034251219588, -7.787198548769221 ] ] ] ] } },
{ "type": "Feature", "properties": { "OBJECTID": 104, "DESA": "KOTABARU", "NIB": "00136", "TIPEHAK": "Hak Guna Bangunan", "LUAS": 418.0, "TAHUN": 0, "Shape_Leng": 100.406193555, "Shape_Area": 434.66732449300002 }, "geometry": { "type": "MultiPolygon", "coordinates": [ [ [ [ 110.372018531495172, -7.784760200670332 ], [ 110.372120852434719, -7.785099048588535 ], [ 110.372021504232322, -7.785127702377393 ], [ 110.371924509345874, -7.784788262986383 ], [ 110.371961107480018, -7.784777016450614 ], [ 110.372018531495172, -7.784760200670332 ] ] ] ] } },
{ "type": "Feature", "properties": { "OBJECTID": 105, "DESA": "KOTABARU", "NIB": "00647", "TIPEHAK": "Kosong", "LUAS": 25.0, "TAHUN": 2019, "Shape_Leng": 22.645584489200001, "Shape_Area": 25.778843317900002 }, "geometry": { "type": "MultiPolygon", "coordinates": [ [ [ [ 110.370848328523451, -7.784296660619343 ], [ 110.3708655893969, -7.784311614872076 ], [ 110.370904856018427, -7.784346651250524 ], [ 110.370883958158899, -7.78436566320721 ], [ 110.370840867243956, -7.784328315426834 ], [ 110.370829148368884, -7.784318158287022 ], [ 110.370848328523451, -7.784296660619343 ] ] ] ] } },
{ "type": "Feature", "properties": { "OBJECTID": 106, "DESA": "KOTABARU", "NIB": "00244", "TIPEHAK": "Kosong", "LUAS": 1953.0, "TAHUN": 0, "Shape_Leng": 179.68203644499999, "Shape_Area": 1952.34176591 }, "geometry": { "type": "MultiPolygon", "coordinates": [ [ [ [ 110.373262716439712, -7.783627714980718 ], [ 110.373624421267181, -7.783642497811933 ], [ 110.373603111496365, -7.783798317605926 ], [ 110.373558897085161, -7.784116901050533 ], [ 110.373248834010539, -7.784102682794101 ], [ 110.37326074062662, -7.783697637463367 ], [ 110.373262459526828, -7.783645068752609 ], [ 110.373262716439712, -7.783627714980718 ] ] ] ] } },
{ "type": "Feature", "properties": { "OBJECTID": 107, "DESA": "KOTABARU", "NIB": "00227", "TIPEHAK": "Hak Guna Bangunan", "LUAS": 1897.0, "TAHUN": 0, "Shape_Leng": 199.714235293, "Shape_Area": 1954.36652108 }, "geometry": { "type": "MultiPolygon", "coordinates": [ [ [ [ 110.373537422545482, -7.783100680237964 ], [ 110.373529894212624, -7.783452783365503 ], [ 110.373646351851548, -7.78345768564991 ], [ 110.373624421267181, -7.783642497811933 ], [ 110.373262716439712, -7.783627714980718 ], [ 110.373274470491623, -7.783099887081408 ], [ 110.373537422545482, -7.783100680237964 ] ] ] ] } },
{ "type": "Feature", "properties": { "OBJECTID": 108, "DESA": "KOTABARU", "NIB": "00234", "TIPEHAK": "Hak Guna Bangunan", "LUAS": 887.0, "TAHUN": 0, "Shape_Leng": 118.60342736699999, "Shape_Area": 886.77348208199999 }, "geometry": { "type": "MultiPolygon", "coordinates": [ [ [ [ 110.372562732469959, -7.785760294478306 ], [ 110.372336836217855, -7.785767822799195 ], [ 110.372311262189001, -7.785671591660946 ], [ 110.372292911701749, -7.785619925924266 ], [ 110.372255783501657, -7.785536211763112 ], [ 110.37243574091913, -7.785467715243676 ], [ 110.372548062135422, -7.785463775148992 ], [ 110.372562732469959, -7.785760294478306 ] ] ] ] } },
{ "type": "Feature", "properties": { "OBJECTID": 109, "DESA": "KOTABARU", "NIB": "00260", "TIPEHAK": "Hak Milik", "LUAS": 736.0, "TAHUN": 0, "Shape_Leng": 114.248147249, "Shape_Area": 733.80370151800003 }, "geometry": { "type": "MultiPolygon", "coordinates": [ [ [ [ 110.376035609187525, -7.785635438176209 ], [ 110.376015576677005, -7.785814332108633 ], [ 110.375714134415986, -7.785778781693098 ], [ 110.375679100508037, -7.785774879220097 ], [ 110.375692465675101, -7.785678367224581 ], [ 110.375703784484784, -7.785596632124658 ], [ 110.375703710964217, -7.78559877430456 ], [ 110.376035609187525, -7.785635438176209 ] ] ] ] } },
{ "type": "Feature", "properties": { "OBJECTID": 110, "DESA": "KOTABARU", "NIB": "00228", "TIPEHAK": "Hak Pakai", "LUAS": 45.0, "TAHUN": 0, "Shape_Leng": 32.2176325772, "Shape_Area": 46.2131431611 }, "geometry": { "type": "MultiPolygon", "coordinates": [ [ [ [ 110.368485436680018, -7.787471162573336 ], [ 110.368440667427194, -7.787476497695648 ], [ 110.368443800069699, -7.787502617015015 ], [ 110.368398299681729, -7.787509077542175 ], [ 110.368391669149062, -7.787455131630694 ], [ 110.368481731722525, -7.787442284831582 ], [ 110.368485436680018, -7.787471162573336 ] ] ] ] } },
{ "type": "Feature", "properties": { "OBJECTID": 111, "DESA": "KOTABARU", "NIB": "00240", "TIPEHAK": "Hak Pakai", "LUAS": 30.0, "TAHUN": 0, "Shape_Leng": 22.744410164600001, "Shape_Area": 31.865660183300001 }, "geometry": { "type": "MultiPolygon", "coordinates": [ [ [ [ 110.368632018079154, -7.788033439920988 ], [ 110.368588619346355, -7.788047029341658 ], [ 110.368571823291546, -7.787991937858109 ], [ 110.368614991890098, -7.787978421246632 ], [ 110.368632018079154, -7.788033439920988 ] ] ] ] } },
{ "type": "Feature", "properties": { "OBJECTID": 112, "DESA": "KOTABARU", "NIB": "00251", "TIPEHAK": "Hak Pakai", "LUAS": 120.0, "TAHUN": 0, "Shape_Leng": 72.235129761799996, "Shape_Area": 120.580936487 }, "geometry": { "type": "MultiPolygon", "coordinates": [ [ [ [ 110.368535409737916, -7.786625417833654 ], [ 110.368568155029138, -7.786637047388362 ], [ 110.368526121916489, -7.786775723591924 ], [ 110.368508084712573, -7.786918696188007 ], [ 110.368470930990753, -7.786909038663028 ], [ 110.368494626043727, -7.786770756278402 ], [ 110.368535409737916, -7.786625417833654 ] ] ] ] } },
{ "type": "Feature", "properties": { "OBJECTID": 113, "DESA": "KOTABARU", "NIB": "00229", "TIPEHAK": "Hak Guna Bangunan", "LUAS": 560.0, "TAHUN": 0, "Shape_Leng": 108.61022498299999, "Shape_Area": 585.85260416400001 }, "geometry": { "type": "MultiPolygon", "coordinates": [ [ [ [ 110.37369145272632, -7.783100520336511 ], [ 110.373646351851548, -7.78345768564991 ], [ 110.373529894212624, -7.783452783365503 ], [ 110.373537422545482, -7.783100680237964 ], [ 110.37369145272632, -7.783100520336511 ] ] ] ] } },
{ "type": "Feature", "properties": { "OBJECTID": 114, "DESA": "KOTABARU", "NIB": "00238", "TIPEHAK": "Hak Guna Bangunan", "LUAS": 2434.0, "TAHUN": 0, "Shape_Leng": 194.279352507, "Shape_Area": 2415.8468858199999 }, "geometry": { "type": "MultiPolygon", "coordinates": [ [ [ [ 110.374424572937599, -7.783513732358998 ], [ 110.374287434081268, -7.783632723612063 ], [ 110.374079210403323, -7.783600786332689 ], [ 110.374078749705646, -7.783600716755157 ], [ 110.374012466812445, -7.783591792442007 ], [ 110.374056205475441, -7.783213969159538 ], [ 110.374064820635084, -7.783104433042262 ], [ 110.374459091214916, -7.783100531708127 ], [ 110.374424572937599, -7.783513732358998 ] ] ] ] } },
{ "type": "Feature", "properties": { "OBJECTID": 115, "DESA": "KOTABARU", "NIB": "00241", "TIPEHAK": "Hak Guna Bangunan", "LUAS": 726.0, "TAHUN": 0, "Shape_Leng": 113.88127549399999, "Shape_Area": 726.13563462699994 }, "geometry": { "type": "MultiPolygon", "coordinates": [ [ [ [ 110.375150724052702, -7.784497471119393 ], [ 110.374815096743944, -7.784445395872623 ], [ 110.374842449620587, -7.784261227157732 ], [ 110.375165556881598, -7.784327423667968 ], [ 110.375156281025426, -7.784366560824423 ], [ 110.37516288879074, -7.784369833923583 ], [ 110.375150724052702, -7.784497471119393 ] ] ] ] } },
{ "type": "Feature", "properties": { "OBJECTID": 116, "DESA": "KOTABARU", "NIB": "00107", "TIPEHAK": "Hak Guna Bangunan", "LUAS": 1168.0, "TAHUN": 0, "Shape_Leng": 137.46801775200001, "Shape_Area": 1176.75880596 }, "geometry": { "type": "MultiPolygon", "coordinates": [ [ [ [ 110.369883541205454, -7.787370479754711 ], [ 110.369665187516873, -7.787558109969027 ], [ 110.36945590271074, -7.787309230840346 ], [ 110.369694735554845, -7.7871166453464 ], [ 110.36969641012837, -7.787115357958433 ], [ 110.369700369741366, -7.787113816326022 ], [ 110.369706809469065, -7.787114293188056 ], [ 110.369711374624089, -7.787117551573779 ], [ 110.369715350450292, -7.787122552642463 ], [ 110.369787925343729, -7.78724072362934 ], [ 110.36980676932086, -7.787265817893693 ], [ 110.369862909508598, -7.78734368837751 ], [ 110.369883541205454, -7.787370479754711 ] ] ] ] } },
{ "type": "Feature", "properties": { "OBJECTID": 117, "DESA": "KOTABARU", "NIB": "00252", "TIPEHAK": "Hak Guna Bangunan", "LUAS": 846.0, "TAHUN": 0, "Shape_Leng": 116.848769379, "Shape_Area": 842.66044192100003 }, "geometry": { "type": "MultiPolygon", "coordinates": [ [ [ [ 110.373889738204241, -7.785743564886057 ], [ 110.373881662112481, -7.785435919604083 ], [ 110.374043680998412, -7.785451397281574 ], [ 110.374125185354359, -7.785460839928958 ], [ 110.374118566622144, -7.785737072230066 ], [ 110.373889738204241, -7.785743564886057 ] ] ] ] } },
{ "type": "Feature", "properties": { "OBJECTID": 118, "DESA": "KOTABARU", "NIB": "00237", "TIPEHAK": "Hak Guna Bangunan", "LUAS": 1082.0, "TAHUN": 0, "Shape_Leng": 133.04092623400001, "Shape_Area": 1080.67250414 }, "geometry": { "type": "MultiPolygon", "coordinates": [ [ [ [ 110.372914607303443, -7.788234539307547 ], [ 110.37291236380095, -7.788322298412597 ], [ 110.372785571862835, -7.788333028215055 ], [ 110.372688307068842, -7.788341427673184 ], [ 110.372626464091255, -7.787993912363169 ], [ 110.372909058182145, -7.787978905992933 ], [ 110.372914607303443, -7.788234539307547 ] ] ] ] } },
{ "type": "Feature", "properties": { "OBJECTID": 119, "DESA": "KOTABARU", "NIB": "00250", "TIPEHAK": "Hak Pakai", "LUAS": 60.0, "TAHUN": 0, "Shape_Leng": 32.233617767799998, "Shape_Area": 60.765985237000002 }, "geometry": { "type": "MultiPolygon", "coordinates": [ [ [ [ 110.368570503020479, -7.787780554847624 ], [ 110.368481571582763, -7.787802524465543 ], [ 110.368470147746493, -7.78774812452659 ], [ 110.368492778267708, -7.787743127711622 ], [ 110.368518988274403, -7.787737339627355 ], [ 110.368538974506478, -7.787732927814742 ], [ 110.36855942742686, -7.78772841106295 ], [ 110.368570503020479, -7.787780554847624 ] ] ] ] } },
{ "type": "Feature", "properties": { "OBJECTID": 120, "DESA": "KOTABARU", "NIB": "00132", "TIPEHAK": "Hak Guna Bangunan", "LUAS": 490.0, "TAHUN": 0, "Shape_Leng": 116.94330003499999, "Shape_Area": 489.78495316300001 }, "geometry": { "type": "MultiPolygon", "coordinates": [ [ [ [ 110.373136550187724, -7.784630425604115 ], [ 110.373093960970678, -7.784632328901312 ], [ 110.373044026109696, -7.784633630657414 ], [ 110.373027122203041, -7.78419716791006 ], [ 110.373118067397655, -7.7841933349955 ], [ 110.373136550187724, -7.784630425604115 ] ] ] ] } },
{ "type": "Feature", "properties": { "OBJECTID": 121, "DESA": "KOTABARU", "NIB": "00226", "TIPEHAK": "Hak Guna Bangunan", "LUAS": 1220.0, "TAHUN": 0, "Shape_Leng": 145.71364768000001, "Shape_Area": 1219.9689678699999 }, "geometry": { "type": "MultiPolygon", "coordinates": [ [ [ [ 110.370532132708973, -7.786472165595057 ], [ 110.370301465558327, -7.786564587317303 ], [ 110.370178237356669, -7.786226180518566 ], [ 110.370159926373447, -7.786181251719389 ], [ 110.370308232156049, -7.786121131420899 ], [ 110.370385061876462, -7.786091333400007 ], [ 110.370445488826419, -7.78622914114012 ], [ 110.370435465350695, -7.786232646472975 ], [ 110.370532132708973, -7.786472165595057 ] ] ] ] } },
{ "type": "Feature", "properties": { "OBJECTID": 122, "DESA": "KOTABARU", "NIB": "00230", "TIPEHAK": "Kosong", "LUAS": 30.0, "TAHUN": 0, "Shape_Leng": 22.298905082600001, "Shape_Area": 30.784345282899999 }, "geometry": { "type": "MultiPolygon", "coordinates": [ [ [ [ 110.369235491696031, -7.789281426763408 ], [ 110.369204951440764, -7.789315271822862 ], [ 110.369164549291298, -7.789277127237138 ], [ 110.36919549808745, -7.789243555312898 ], [ 110.369235491696031, -7.789281426763408 ] ] ] ] } },
{ "type": "Feature", "properties": { "OBJECTID": 123, "DESA": "KOTABARU", "NIB": "00243", "TIPEHAK": "Hak Guna Bangunan", "LUAS": 430.0, "TAHUN": 0, "Shape_Leng": 84.105606663000003, "Shape_Area": 423.36073319299999 }, "geometry": { "type": "MultiPolygon", "coordinates": [ [ [ [ 110.3743571771776, -7.788624747438528 ], [ 110.37451445688454, -7.788611938821369 ], [ 110.374514034884342, -7.788839460363938 ], [ 110.374367518735255, -7.788853305594843 ], [ 110.3743571771776, -7.788624747438528 ] ] ] ] } },
{ "type": "Feature", "properties": { "OBJECTID": 124, "DESA": "KOTABARU", "NIB": "00231", "TIPEHAK": "Hak Guna Bangunan", "LUAS": 1203.0, "TAHUN": 0, "Shape_Leng": 142.74020053500001, "Shape_Area": 1210.59069914 }, "geometry": { "type": "MultiPolygon", "coordinates": [ [ [ [ 110.372841074857263, -7.784212200547113 ], [ 110.372875344897324, -7.784602376374696 ], [ 110.37263507465488, -7.784643883148321 ], [ 110.37258241243272, -7.784252764975021 ], [ 110.372841074857263, -7.784212200547113 ] ] ] ] } },
{ "type": "Feature", "properties": { "OBJECTID": 125, "DESA": "KOTABARU", "NIB": "00194", "TIPEHAK": "Hak Guna Bangunan", "LUAS": 597.0, "TAHUN": 0, "Shape_Leng": 146.38689141099999, "Shape_Area": 601.27165446900005 }, "geometry": { "type": "MultiPolygon", "coordinates": [ [ [ [ 110.372305758864982, -7.785432566362578 ], [ 110.372360291109104, -7.785412356716322 ], [ 110.37236437106597, -7.78542123562252 ], [ 110.372421421948388, -7.785399755823486 ], [ 110.37243574091913, -7.785467715243676 ], [ 110.372255783501657, -7.785536211763112 ], [ 110.371950132874503, -7.785653656507633 ], [ 110.371906296655126, -7.785540069853317 ], [ 110.372084539220339, -7.785468683589223 ], [ 110.372097302689511, -7.785496439533952 ], [ 110.372129289924246, -7.785483460987309 ], [ 110.372135187331978, -7.785497461116669 ], [ 110.372262359339302, -7.785449077564004 ], [ 110.372269087028442, -7.785463870767702 ], [ 110.372311580773868, -7.785447319835888 ], [ 110.372305758864982, -7.785432566362578 ] ] ] ] } },
{ "type": "Feature", "properties": { "OBJECTID": 126, "DESA": "KOTABARU", "NIB": "00195", "TIPEHAK": "Hak Guna Bangunan", "LUAS": 16.0, "TAHUN": 0, "Shape_Leng": 20.1239022006, "Shape_Area": 15.332908978800001 }, "geometry": { "type": "MultiPolygon", "coordinates": [ [ [ [ 110.372305758864982, -7.785432566362578 ], [ 110.372302274406962, -7.78542449548222 ], [ 110.372327682100263, -7.785415760264603 ], [ 110.37232011203298, -7.785393008291686 ], [ 110.372349368425773, -7.785381282227744 ], [ 110.372360291109104, -7.785412356716322 ], [ 110.372305758864982, -7.785432566362578 ] ] ] ] } },
{ "type": "Feature", "properties": { "OBJECTID": 127, "DESA": "KOTABARU", "NIB": "00163", "TIPEHAK": "Hak Pakai", "LUAS": 2142.0, "TAHUN": 0, "Shape_Leng": 181.20391138, "Shape_Area": 2166.8980378800002 }, "geometry": { "type": "MultiPolygon", "coordinates": [ [ [ [ 110.371360308331717, -7.784772828871345 ], [ 110.371118820147416, -7.784867440506696 ], [ 110.371003928297071, -7.784914600437055 ], [ 110.37076596930784, -7.784649052301427 ], [ 110.370765991027071, -7.784649033268814 ], [ 110.370854383742042, -7.784572906875292 ], [ 110.371028899346868, -7.784422608142146 ], [ 110.371153446902994, -7.784405986456401 ], [ 110.371203724735736, -7.784441253359186 ], [ 110.371360308331717, -7.784772828871345 ] ] ] ] } },
{ "type": "Feature", "properties": { "OBJECTID": 128, "DESA": "KOTABARU", "NIB": "00205", "TIPEHAK": "Hak Guna Bangunan", "LUAS": 1025.0, "TAHUN": 0, "Shape_Leng": 128.339885643, "Shape_Area": 1016.07575782 }, "geometry": { "type": "MultiPolygon", "coordinates": [ [ [ [ 110.372021504232322, -7.785127702377393 ], [ 110.371839041526769, -7.785173201226055 ], [ 110.371789601708244, -7.785160962456525 ], [ 110.371682370063326, -7.784863420773624 ], [ 110.371860528253364, -7.784807905175644 ], [ 110.371924509345874, -7.784788262986383 ], [ 110.372021504232322, -7.785127702377393 ] ] ] ] } },
{ "type": "Feature", "properties": { "OBJECTID": 129, "DESA": "KOTABARU", "NIB": "00208", "TIPEHAK": "Hak Guna Bangunan", "LUAS": 855.0, "TAHUN": 0, "Shape_Leng": 119.67881606, "Shape_Area": 855.30753944599996 }, "geometry": { "type": "MultiPolygon", "coordinates": [ [ [ [ 110.375528375383539, -7.785326706356376 ], [ 110.375487382561673, -7.785651347595322 ], [ 110.375351518169566, -7.785633638298443 ], [ 110.375273507720806, -7.785620645157568 ], [ 110.375322156642497, -7.785293216772888 ], [ 110.375528375383539, -7.785326706356376 ] ] ] ] } },
{ "type": "Feature", "properties": { "OBJECTID": 130, "DESA": "KOTABARU", "NIB": "00282", "TIPEHAK": "Hak Milik", "LUAS": 851.0, "TAHUN": 0, "Shape_Leng": 118.69832202000001, "Shape_Area": 852.58077275100004 }, "geometry": { "type": "MultiPolygon", "coordinates": [ [ [ [ 110.3729804286193, -7.785447499555803 ], [ 110.373062433739108, -7.785442642495621 ], [ 110.373202710279372, -7.785437033403319 ], [ 110.373219592894657, -7.785755306566641 ], [ 110.373001985433703, -7.785762221404989 ], [ 110.3729804286193, -7.785447499555803 ] ] ] ] } },
{ "type": "Feature", "properties": { "OBJECTID": 131, "DESA": "KOTABARU", "NIB": "00212", "TIPEHAK": "Hak Guna Bangunan", "LUAS": 620.0, "TAHUN": 0, "Shape_Leng": 99.9793272788, "Shape_Area": 626.154206789 }, "geometry": { "type": "MultiPolygon", "coordinates": [ [ [ [ 110.374753541855867, -7.788808376476958 ], [ 110.374514034884342, -7.788839460363938 ], [ 110.37451445688454, -7.788611938821369 ], [ 110.374573659343312, -7.788594788049147 ], [ 110.374662569486091, -7.788551769456791 ], [ 110.374738352548491, -7.788702664502412 ], [ 110.374753541855867, -7.788808376476958 ] ] ] ] } },
{ "type": "Feature", "properties": { "OBJECTID": 132, "DESA": "KOTABARU", "NIB": "00215", "TIPEHAK": "Hak Guna Bangunan", "LUAS": 423.0, "TAHUN": 0, "Shape_Leng": 95.533587142200005, "Shape_Area": 421.29151505800002 }, "geometry": { "type": "MultiPolygon", "coordinates": [ [ [ [ 110.375703784484784, -7.785596632124658 ], [ 110.375692465675101, -7.785678367224581 ], [ 110.375586670162804, -7.785663039936607 ], [ 110.375631146503437, -7.78534165834504 ], [ 110.375735935144633, -7.785353708209913 ], [ 110.375735764651424, -7.785354993417182 ], [ 110.37573558595372, -7.785356256940799 ], [ 110.37571844652048, -7.785477183554359 ], [ 110.375718240367632, -7.785478759984698 ], [ 110.375703784484784, -7.785596632124658 ] ] ] ] } },
{ "type": "Feature", "properties": { "OBJECTID": 133, "DESA": "KOTABARU", "NIB": "00582", "TIPEHAK": "Hak Milik", "LUAS": 591.0, "TAHUN": 0, "Shape_Leng": 152.70551998299999, "Shape_Area": 622.76828876800005 }, "geometry": { "type": "MultiPolygon", "coordinates": [ [ [ [ 110.371457858511036, -7.787995731277642 ], [ 110.371368435283358, -7.787988026927763 ], [ 110.371439050051194, -7.78741056077303 ], [ 110.371521687894855, -7.7873852733594 ], [ 110.371488896860413, -7.787751641496559 ], [ 110.371479698726404, -7.787750490381177 ], [ 110.371479690757553, -7.787750582625097 ], [ 110.371457858511036, -7.787995731277642 ] ] ] ] } },
{ "type": "Feature", "properties": { "OBJECTID": 134, "DESA": "KOTABARU", "NIB": "00095", "TIPEHAK": "Hak Guna Bangunan", "LUAS": 552.0, "TAHUN": 0, "Shape_Leng": 109.838940708, "Shape_Area": 558.49597614200002 }, "geometry": { "type": "MultiPolygon", "coordinates": [ [ [ [ 110.371420638607532, -7.785731831834271 ], [ 110.371489237908094, -7.785880140160898 ], [ 110.37151856457092, -7.785866852464739 ], [ 110.371592690733905, -7.786029698757766 ], [ 110.371459659607311, -7.786087124340946 ], [ 110.371308024427023, -7.785770873872872 ], [ 110.371350657917489, -7.785749519675965 ], [ 110.371391329799323, -7.785752004002966 ], [ 110.371420638607532, -7.785731831834271 ] ] ] ] } },
{ "type": "Feature", "properties": { "OBJECTID": 135, "DESA": "KOTABARU", "NIB": "00109", "TIPEHAK": "Hak Guna Bangunan", "LUAS": 1153.0, "TAHUN": 0, "Shape_Leng": 159.68001988399999, "Shape_Area": 1154.28609054 }, "geometry": { "type": "MultiPolygon", "coordinates": [ [ [ [ 110.37294346188564, -7.783087777717026 ], [ 110.372933883380313, -7.783639324449052 ], [ 110.372909781404189, -7.783639778225572 ], [ 110.372764176024745, -7.783631601062244 ], [ 110.372770155717745, -7.783081889085722 ], [ 110.37294346188564, -7.783087777717026 ] ] ] ] } },
{ "type": "Feature", "properties": { "OBJECTID": 136, "DESA": "KOTABARU", "NIB": "00106", "TIPEHAK": "Hak Guna Bangunan", "LUAS": 560.0, "TAHUN": 0, "Shape_Leng": 113.551029861, "Shape_Area": 558.15741848499999 }, "geometry": { "type": "MultiPolygon", "coordinates": [ [ [ [ 110.371456458437677, -7.784976090747731 ], [ 110.371083967500411, -7.785128204193782 ], [ 110.371043333480017, -7.78501977739146 ], [ 110.37141219598432, -7.784871990769406 ], [ 110.371456458437677, -7.784976090747731 ] ] ] ] } },
{ "type": "Feature", "properties": { "OBJECTID": 137, "DESA": "KOTABARU", "NIB": "00110", "TIPEHAK": "Hak Guna Bangunan", "LUAS": 120.0, "TAHUN": 0, "Shape_Leng": 43.781522314199997, "Shape_Area": 118.678965058 }, "geometry": { "type": "MultiPolygon", "coordinates": [ [ [ [ 110.369046508656098, -7.78901704871704 ], [ 110.36912544776817, -7.788942385943803 ], [ 110.369187663542021, -7.789005412577881 ], [ 110.369110098160661, -7.789081495744388 ], [ 110.369046508656098, -7.78901704871704 ] ] ] ] } },
{ "type": "Feature", "properties": { "OBJECTID": 138, "DESA": "KOTABARU", "NIB": "00111", "TIPEHAK": "Hak Guna Bangunan", "LUAS": 653.0, "TAHUN": 0, "Shape_Leng": 105.153351792, "Shape_Area": 650.76799014400001 }, "geometry": { "type": "MultiPolygon", "coordinates": [ [ [ [ 110.372087217360345, -7.786572747634869 ], [ 110.372127892110313, -7.786676100781039 ], [ 110.372127265031295, -7.786703862562043 ], [ 110.372120790314057, -7.78671539708986 ], [ 110.372114123531844, -7.786722175060551 ], [ 110.371921776180372, -7.786795670037513 ], [ 110.37187161722899, -7.786670292177663 ], [ 110.37184175767544, -7.786680184854426 ], [ 110.371796411655694, -7.786566507271115 ], [ 110.371867572320809, -7.786544614234438 ], [ 110.372087217360345, -7.786572747634869 ] ] ] ] } },
{ "type": "Feature", "properties": { "OBJECTID": 139, "DESA": "KOTABARU", "NIB": "00099", "TIPEHAK": "Hak Guna Bangunan", "LUAS": 525.0, "TAHUN": 0, "Shape_Leng": 92.015358395199996, "Shape_Area": 525.71945059400002 }, "geometry": { "type": "MultiPolygon", "coordinates": [ [ [ [ 110.375670377293901, -7.785277552486719 ], [ 110.375703226993849, -7.785056042888407 ], [ 110.375823408890412, -7.78507163160201 ], [ 110.375850126308649, -7.785075025006674 ], [ 110.375894257840073, -7.785080630260806 ], [ 110.375860637830229, -7.785302674022322 ], [ 110.375670377293901, -7.785277552486719 ] ] ] ] } },
{ "type": "Feature", "properties": { "OBJECTID": 140, "DESA": "KOTABARU", "NIB": "00114", "TIPEHAK": "Hak Guna Bangunan", "LUAS": 670.0, "TAHUN": 0, "Shape_Leng": 108.884738846, "Shape_Area": 640.61843271199996 }, "geometry": { "type": "MultiPolygon", "coordinates": [ [ [ [ 110.371439050051194, -7.78741056077303 ], [ 110.371320567586579, -7.787128723588064 ], [ 110.371484746067708, -7.787060547347832 ], [ 110.371533289323907, -7.787174926374909 ], [ 110.371516260120231, -7.787182212998924 ], [ 110.371594324888534, -7.787363045479624 ], [ 110.371521687894855, -7.7873852733594 ], [ 110.371439050051194, -7.78741056077303 ] ] ] ] } },
{ "type": "Feature", "properties": { "OBJECTID": 141, "DESA": "KOTABARU", "NIB": "00119", "TIPEHAK": "Hak Guna Bangunan", "LUAS": 1400.0, "TAHUN": 0, "Shape_Leng": 152.045883011, "Shape_Area": 1374.74033506 }, "geometry": { "type": "MultiPolygon", "coordinates": [ [ [ [ 110.372157759878945, -7.787548672844534 ], [ 110.371767329630984, -7.787615191622615 ], [ 110.371761058790383, -7.787574935437415 ], [ 110.371843131924905, -7.787285716480673 ], [ 110.372173151556296, -7.787243221539208 ], [ 110.372160022441307, -7.787352130395123 ], [ 110.372153957790474, -7.78745322696953 ], [ 110.372153918668772, -7.787499187108121 ], [ 110.372157759878945, -7.787548672844534 ] ] ] ] } },
{ "type": "Feature", "properties": { "OBJECTID": 142, "DESA": "KOTABARU", "NIB": "00125", "TIPEHAK": "Hak Guna Bangunan", "LUAS": 1183.0, "TAHUN": 0, "Shape_Leng": 160.186824143, "Shape_Area": 1169.10883868 }, "geometry": { "type": "MultiPolygon", "coordinates": [ [ [ [ 110.372770155717745, -7.783081889085722 ], [ 110.372764176024745, -7.783631601062244 ], [ 110.372603159506198, -7.783633595158714 ], [ 110.372602923148179, -7.783628024920302 ], [ 110.372575882211848, -7.783626843616243 ], [ 110.372610219710097, -7.783081952298091 ], [ 110.372770155717745, -7.783081889085722 ] ] ] ] } },
{ "type": "Feature", "properties": { "OBJECTID": 143, "DESA": "KOTABARU", "NIB": "00312", "TIPEHAK": "Hak Pakai", "LUAS": 9.0, "TAHUN": 0, "Shape_Leng": 13.7053906912, "Shape_Area": 9.0052038800300007 }, "geometry": { "type": "MultiPolygon", "coordinates": [ [ [ [ 110.372305758864982, -7.785432566362578 ], [ 110.372311580773868, -7.785447319835888 ], [ 110.372269087028442, -7.785463870767702 ], [ 110.372262359339302, -7.785449077564004 ], [ 110.372305758864982, -7.785432566362578 ] ] ] ] } },
{ "type": "Feature", "properties": { "OBJECTID": 144, "DESA": "KOTABARU", "NIB": "00314", "TIPEHAK": "Hak Pakai", "LUAS": 8.0, "TAHUN": 0, "Shape_Leng": 16.166452951899998, "Shape_Area": 8.2456618419499996 }, "geometry": { "type": "MultiPolygon", "coordinates": [ [ [ [ 110.372360291109104, -7.785412356716322 ], [ 110.372418982155693, -7.785387864393952 ], [ 110.372421421948388, -7.785399755823486 ], [ 110.37236437106597, -7.78542123562252 ], [ 110.372360291109104, -7.785412356716322 ] ] ] ] } },
{ "type": "Feature", "properties": { "OBJECTID": 145, "DESA": "KOTABARU", "NIB": "00279", "TIPEHAK": "Hak Guna Bangunan", "LUAS": 1138.0, "TAHUN": 0, "Shape_Leng": 136.52148859499999, "Shape_Area": 1138.3619918500001 }, "geometry": { "type": "MultiPolygon", "coordinates": [ [ [ [ 110.376048412054516, -7.783420212092767 ], [ 110.375847119114937, -7.783422199270763 ], [ 110.375846920395674, -7.783423862488141 ], [ 110.37584712413215, -7.783429420128826 ], [ 110.375761331831328, -7.783434770147645 ], [ 110.375763578093782, -7.783114908878241 ], [ 110.37584935815353, -7.783112427889002 ], [ 110.376070142778545, -7.783106043174048 ], [ 110.37606929000448, -7.783120177438281 ], [ 110.376060162816657, -7.783271473747005 ], [ 110.376048412054516, -7.783420212092767 ] ] ] ] } },
{ "type": "Feature", "properties": { "OBJECTID": 146, "DESA": "KOTABARU", "NIB": "00520", "TIPEHAK": "Hak Milik", "LUAS": 855.0, "TAHUN": 0, "Shape_Leng": 117.748936077, "Shape_Area": 855.45150823899996 }, "geometry": { "type": "MultiPolygon", "coordinates": [ [ [ [ 110.373113361653026, -7.787983513464169 ], [ 110.373130628087196, -7.787992720545414 ], [ 110.373146016920202, -7.7880076143357 ], [ 110.373154069565658, -7.788021685050471 ], [ 110.373182818432966, -7.788097972132998 ], [ 110.373208233262375, -7.788190244948709 ], [ 110.373230305687983, -7.788240618092433 ], [ 110.373186128368019, -7.788239766926142 ], [ 110.372914607303443, -7.788234539307547 ], [ 110.372909058182145, -7.787978905992933 ], [ 110.373072260786302, -7.787975799463736 ], [ 110.373092043802671, -7.787977043575732 ], [ 110.373113361653026, -7.787983513464169 ] ] ] ] } },
{ "type": "Feature", "properties": { "OBJECTID": 147, "DESA": "KOTABARU", "NIB": "00313", "TIPEHAK": "Hak Pakai", "LUAS": 1903.0, "TAHUN": 0, "Shape_Leng": 194.37783196399999, "Shape_Area": 1883.0348245600001 }, "geometry": { "type": "MultiPolygon", "coordinates": [ [ [ [ 110.372418982155693, -7.785387864393952 ], [ 110.372360291109104, -7.785412356716322 ], [ 110.372349368425773, -7.785381282227744 ], [ 110.37232011203298, -7.785393008291686 ], [ 110.372327682100263, -7.785415760264603 ], [ 110.372302274406962, -7.78542449548222 ], [ 110.372305758864982, -7.785432566362578 ], [ 110.372262359339302, -7.785449077564004 ], [ 110.372135187331978, -7.785497461116669 ], [ 110.372129289924246, -7.785483460987309 ], [ 110.372097302689511, -7.785496439533952 ], [ 110.372084539220339, -7.785468683589223 ], [ 110.371906296655126, -7.785540069853317 ], [ 110.371808679813213, -7.785294070897222 ], [ 110.371808647050074, -7.785287430580328 ], [ 110.371808617389604, -7.785281414149376 ], [ 110.37205088834736, -7.785206264134811 ], [ 110.372083390434369, -7.785196754822679 ], [ 110.372254634154302, -7.78515577639596 ], [ 110.372364460350525, -7.785129495298667 ], [ 110.372418982155693, -7.785387864393952 ] ] ] ] } },
{ "type": "Feature", "properties": { "OBJECTID": 148, "DESA": "KOTABARU", "NIB": "00056", "TIPEHAK": "Hak Guna Bangunan", "LUAS": 1076.0, "TAHUN": 0, "Shape_Leng": 142.151929513, "Shape_Area": 1040.14164269 }, "geometry": { "type": "MultiPolygon", "coordinates": [ [ [ [ 110.372744572900302, -7.784119096511986 ], [ 110.372717953434957, -7.783882098472653 ], [ 110.372764176024745, -7.783631601062244 ], [ 110.372909781404189, -7.783639778225572 ], [ 110.372907412933827, -7.783691277713714 ], [ 110.372922571970534, -7.784108285880892 ], [ 110.372744572900302, -7.784119096511986 ] ] ] ] } },
{ "type": "Feature", "properties": { "OBJECTID": 149, "DESA": "KOTABARU", "NIB": "00286", "TIPEHAK": "Hak Milik", "LUAS": 30.0, "TAHUN": 0, "Shape_Leng": 22.0227525703, "Shape_Area": 30.0001279351 }, "geometry": { "type": "MultiPolygon", "coordinates": [ [ [ [ 110.368491499964719, -7.787525683806254 ], [ 110.368447193775992, -7.787530917615866 ], [ 110.368443800069699, -7.787502617015015 ], [ 110.368440667427194, -7.787476497695648 ], [ 110.368485436680018, -7.787471162573336 ], [ 110.368491499964719, -7.787525683806254 ] ] ] ] } },
{ "type": "Feature", "properties": { "OBJECTID": 150, "DESA": "KOTABARU", "NIB": "00589", "TIPEHAK": "Hak Milik", "LUAS": 30.0, "TAHUN": 0, "Shape_Leng": 23.394484039400002, "Shape_Area": 30.881200005 }, "geometry": { "type": "MultiPolygon", "coordinates": [ [ [ [ 110.368694308457265, -7.788293842649264 ], [ 110.368630638745941, -7.788323275282808 ], [ 110.368616525277844, -7.78828839876057 ], [ 110.368679951166982, -7.788261635805079 ], [ 110.368694308457265, -7.788293842649264 ] ] ] ] } },
{ "type": "Feature", "properties": { "OBJECTID": 151, "DESA": "KOTABARU", "NIB": "00063", "TIPEHAK": "Hak Milik", "LUAS": 780.0, "TAHUN": 0, "Shape_Leng": 118.881664109, "Shape_Area": 794.36979648299996 }, "geometry": { "type": "MultiPolygon", "coordinates": [ [ [ [ 110.372265264962195, -7.784702851255649 ], [ 110.372303616649901, -7.784696524409009 ], [ 110.372381447700022, -7.785039331436121 ], [ 110.372211645431989, -7.78507630860758 ], [ 110.372113136878696, -7.78473360011757 ], [ 110.372265264962195, -7.784702851255649 ] ] ] ] } },
{ "type": "Feature", "properties": { "OBJECTID": 152, "DESA": "KOTABARU", "NIB": "00601", "TIPEHAK": "Hak Milik", "LUAS": 60.0, "TAHUN": 0, "Shape_Leng": 34.186221904699998, "Shape_Area": 60.48716372 }, "geometry": { "type": "MultiPolygon", "coordinates": [ [ [ [ 110.369479095411322, -7.789237447224385 ], [ 110.369405721062009, -7.789318675740941 ], [ 110.369402230137084, -7.789315376270856 ], [ 110.369371663873764, -7.789286483117782 ], [ 110.369447281075921, -7.789207397462519 ], [ 110.369479095411322, -7.789237447224385 ] ] ] ] } },
{ "type": "Feature", "properties": { "OBJECTID": 153, "DESA": "KOTABARU", "NIB": "00608", "TIPEHAK": "Hak Milik", "LUAS": 120.0, "TAHUN": 0, "Shape_Leng": 44.004738487099999, "Shape_Area": 120.016174197 }, "geometry": { "type": "MultiPolygon", "coordinates": [ [ [ [ 110.369257544440885, -7.789179093892221 ], [ 110.369330240673762, -7.789098315270482 ], [ 110.369398380590596, -7.789157956176052 ], [ 110.369325715131907, -7.789238707620072 ], [ 110.369257544440885, -7.789179093892221 ] ] ] ] } },
{ "type": "Feature", "properties": { "OBJECTID": 154, "DESA": "KOTABARU", "NIB": "00602", "TIPEHAK": "Hak Milik", "LUAS": 60.0, "TAHUN": 0, "Shape_Leng": 34.2119435169, "Shape_Area": 60.311449638200003 }, "geometry": { "type": "MultiPolygon", "coordinates": [ [ [ [ 110.369447281075921, -7.789207397462519 ], [ 110.369371663873764, -7.789286483117782 ], [ 110.369339064165771, -7.78925499458019 ], [ 110.36941576799498, -7.789175712300394 ], [ 110.369446299896353, -7.789206410289005 ], [ 110.369447281075921, -7.789207397462519 ] ] ] ] } },
{ "type": "Feature", "properties": { "OBJECTID": 155, "DESA": "KOTABARU", "NIB": "00609", "TIPEHAK": "Hak Milik", "LUAS": 60.0, "TAHUN": 0, "Shape_Leng": 34.355736905000001, "Shape_Area": 60.781084634400003 }, "geometry": { "type": "MultiPolygon", "coordinates": [ [ [ [ 110.369512990206502, -7.789267827266463 ], [ 110.369437870526468, -7.789349886704624 ], [ 110.369405721062009, -7.789318675740941 ], [ 110.369479095411322, -7.789237447224385 ], [ 110.369512990206502, -7.789267827266463 ] ] ] ] } },
{ "type": "Feature", "properties": { "OBJECTID": 156, "DESA": "KOTABARU", "NIB": "00603", "TIPEHAK": "Hak Milik", "LUAS": 120.0, "TAHUN": 0, "Shape_Leng": 46.722073139300001, "Shape_Area": 122.04045274800001 }, "geometry": { "type": "MultiPolygon", "coordinates": [ [ [ [ 110.36874595573687, -7.788579983303681 ], [ 110.368865549629135, -7.788505536546471 ], [ 110.3688997536876, -7.788567254416582 ], [ 110.368782708086712, -7.788642488938279 ], [ 110.36874595573687, -7.788579983303681 ] ] ] ] } },
{ "type": "Feature", "properties": { "OBJECTID": 157, "DESA": "KOTABARU", "NIB": "00081", "TIPEHAK": "Hak Milik", "LUAS": 1009.0, "TAHUN": 0, "Shape_Leng": 131.680097988, "Shape_Area": 1006.31432677 }, "geometry": { "type": "MultiPolygon", "coordinates": [ [ [ [ 110.374190735440692, -7.784232314921284 ], [ 110.374167782581026, -7.784604880883681 ], [ 110.37395339436199, -7.78459173273786 ], [ 110.373968548264344, -7.784211461043698 ], [ 110.374190735440692, -7.784232314921284 ] ] ] ] } },
{ "type": "Feature", "properties": { "OBJECTID": 158, "DESA": "KOTABARU", "NIB": "00137", "TIPEHAK": "Hak Guna Bangunan", "LUAS": 423.0, "TAHUN": 0, "Shape_Leng": 99.742875468400001, "Shape_Area": 416.70822725 }, "geometry": { "type": "MultiPolygon", "coordinates": [ [ [ [ 110.372018531495172, -7.784760200670332 ], [ 110.372053719528935, -7.784748358451618 ], [ 110.372113136878696, -7.78473360011757 ], [ 110.372211645431989, -7.78507630860758 ], [ 110.372120852434719, -7.785099048588535 ], [ 110.372018531495172, -7.784760200670332 ] ] ] ] } },
{ "type": "Feature", "properties": { "OBJECTID": 159, "DESA": "KOTABARU", "NIB": "00262", "TIPEHAK": "Hak Pakai", "LUAS": 30.0, "TAHUN": 0, "Shape_Leng": 22.2154368514, "Shape_Area": 29.408640390399999 }, "geometry": { "type": "MultiPolygon", "coordinates": [ [ [ [ 110.36842493812216, -7.787360028335608 ], [ 110.368423836273436, -7.787350189361959 ], [ 110.368420491000691, -7.787320311749514 ], [ 110.368482673862516, -7.787317789165548 ], [ 110.368484813949991, -7.787356763613457 ], [ 110.36842493812216, -7.787360028335608 ] ] ] ] } },
{ "type": "Feature", "properties": { "OBJECTID": 160, "DESA": "KOTABARU", "NIB": "00216", "TIPEHAK": "Hak Pakai", "LUAS": 6761.0, "TAHUN": 0, "Shape_Leng": 329.32816911700002, "Shape_Area": 6761.9941032899997 }, "geometry": { "type": "MultiPolygon", "coordinates": [ [ [ [ 110.371376615243747, -7.786518454352097 ], [ 110.371441487062242, -7.786686675207386 ], [ 110.371541216138326, -7.786939951334734 ], [ 110.370821235097821, -7.787224891289129 ], [ 110.37071734420536, -7.786956734174583 ], [ 110.370696142717136, -7.786902955690022 ], [ 110.370560107204327, -7.786557900607562 ], [ 110.37128060824017, -7.78627274763885 ], [ 110.37128065625096, -7.786272728552166 ], [ 110.371376615243747, -7.786518454352097 ] ] ] ] } },
{ "type": "Feature", "properties": { "OBJECTID": 161, "DESA": "KOTABARU", "NIB": "00264", "TIPEHAK": "Hak Guna Bangunan", "LUAS": 18340.0, "TAHUN": 0, "Shape_Leng": 665.727699143, "Shape_Area": 18397.622347199998 }, "geometry": { "type": "MultiPolygon", "coordinates": [ [ [ [ 110.378902737608399, -7.784890566775116 ], [ 110.37881334440425, -7.785412595412776 ], [ 110.378685078550546, -7.786222278646656 ], [ 110.378638513031831, -7.786521910721124 ], [ 110.378535974086816, -7.787181709090094 ], [ 110.378407022959124, -7.787271935967403 ], [ 110.377902890283664, -7.787186822613464 ], [ 110.3779080358089, -7.787150928264281 ], [ 110.378000610472924, -7.786505133875641 ], [ 110.378011419506095, -7.786436117255199 ], [ 110.378260802963368, -7.78488283307647 ], [ 110.378390152273582, -7.784895315166721 ], [ 110.378397512100491, -7.784846128249418 ], [ 110.378410203170944, -7.784848951970217 ], [ 110.378414024478246, -7.78483196065009 ], [ 110.378902737608399, -7.784890566775116 ] ] ] ] } },
{ "type": "Feature", "properties": { "OBJECTID": 162, "DESA": "KOTABARU", "NIB": "00189", "TIPEHAK": "Hak Guna Bangunan", "LUAS": 793.0, "TAHUN": 0, "Shape_Leng": 116.354783168, "Shape_Area": 822.90191900399998 }, "geometry": { "type": "MultiPolygon", "coordinates": [ [ [ [ 110.371122379312567, -7.787203006036721 ], [ 110.371320567586579, -7.787128723588064 ], [ 110.371439050051194, -7.78741056077303 ], [ 110.371318672628831, -7.787464320071509 ], [ 110.37124271150266, -7.78749334521913 ], [ 110.371234683459733, -7.787496413364596 ], [ 110.371122379312567, -7.787203006036721 ] ] ] ] } },
{ "type": "Feature", "properties": { "OBJECTID": 163, "DESA": "KOTABARU", "NIB": "00569", "TIPEHAK": "Hak Pakai", "LUAS": 7795.0, "TAHUN": 0, "Shape_Leng": 355.31016022799997, "Shape_Area": 7814.52963499 }, "geometry": { "type": "MultiPolygon", "coordinates": [ [ [ [ 110.371540959710856, -7.78306545552157 ], [ 110.372287772636483, -7.783078429094259 ], [ 110.372236750363513, -7.783669287682384 ], [ 110.372229788909451, -7.783954927119438 ], [ 110.372058772650988, -7.783934666823325 ], [ 110.371907475065441, -7.783913118136126 ], [ 110.37143118000148, -7.783842222784292 ], [ 110.371540908937689, -7.783065453817516 ], [ 110.371540959710856, -7.78306545552157 ] ] ] ] } },
{ "type": "Feature", "properties": { "OBJECTID": 164, "DESA": "KOTABARU", "NIB": "00132", "TIPEHAK": "Hak Guna Bangunan", "LUAS": 945.0, "TAHUN": 0, "Shape_Leng": 127.0793575, "Shape_Area": 945.96932937700001 }, "geometry": { "type": "MultiPolygon", "coordinates": [ [ [ [ 110.371989297771549, -7.784399987389037 ], [ 110.372202766134166, -7.784348429958274 ], [ 110.372265264962195, -7.784702851255649 ], [ 110.372113136878696, -7.78473360011757 ], [ 110.372053719528935, -7.784748358451618 ], [ 110.371989297771549, -7.784399987389037 ] ] ] ] } },
{ "type": "Feature", "properties": { "OBJECTID": 165, "DESA": "KOTABARU", "NIB": "00270", "TIPEHAK": "Hak Guna Bangunan", "LUAS": 1028.0, "TAHUN": 0, "Shape_Leng": 132.01525223799999, "Shape_Area": 1017.70237696 }, "geometry": { "type": "MultiPolygon", "coordinates": [ [ [ [ 110.373517366273063, -7.784578700169072 ], [ 110.373511723428479, -7.784205591787836 ], [ 110.373737503692567, -7.784206416092245 ], [ 110.373736831369044, -7.784582604476327 ], [ 110.373736823694685, -7.784582838677684 ], [ 110.373517366273063, -7.784578700169072 ] ] ] ] } },
{ "type": "Feature", "properties": { "OBJECTID": 166, "DESA": "KOTABARU", "NIB": "00272", "TIPEHAK": "Hak Guna Bangunan", "LUAS": 180.0, "TAHUN": 0, "Shape_Leng": 54.163856694300001, "Shape_Area": 180.439589351 }, "geometry": { "type": "MultiPolygon", "coordinates": [ [ [ [ 110.368864194610524, -7.78877892005694 ], [ 110.368980124392351, -7.788703784546759 ], [ 110.369038791068462, -7.788791614149555 ], [ 110.368924568003891, -7.788869182072272 ], [ 110.368864194610524, -7.78877892005694 ] ] ] ] } },
{ "type": "Feature", "properties": { "OBJECTID": 167, "DESA": "KOTABARU", "NIB": "00275", "TIPEHAK": "Hak Milik", "LUAS": 1010.0, "TAHUN": 0, "Shape_Leng": 129.75016313, "Shape_Area": 1011.7280485 }, "geometry": { "type": "MultiPolygon", "coordinates": [ [ [ [ 110.374489056203984, -7.785152664724365 ], [ 110.374438706777113, -7.785497601731184 ], [ 110.374216171854229, -7.785468511593945 ], [ 110.374265300254095, -7.785105195808239 ], [ 110.374456906305554, -7.785129105410025 ], [ 110.374457752379612, -7.78512920764736 ], [ 110.374460275414521, -7.785129622893604 ], [ 110.374461940698282, -7.785129988369696 ], [ 110.374463588904703, -7.785130425312076 ], [ 110.374464405355226, -7.785130669568495 ], [ 110.374465216403649, -7.785130931919878 ], [ 110.374466022046192, -7.785131210557828 ], [ 110.37446682138004, -7.785131507292629 ], [ 110.374467613494801, -7.785131820317753 ], [ 110.374468399298991, -7.785132150535499 ], [ 110.374469177884109, -7.785132497043585 ], [ 110.374469949250155, -7.785132859841998 ], [ 110.374470712492425, -7.785133239836795 ], [ 110.374477160642115, -7.785137357789454 ], [ 110.374481565092609, -7.785141373261779 ], [ 110.374489056203984, -7.785152664724365 ] ] ] ] } },
{ "type": "Feature", "properties": { "OBJECTID": 168, "DESA": "KOTABARU", "NIB": "00221", "TIPEHAK": "Hak Guna Bangunan", "LUAS": 868.0, "TAHUN": 0, "Shape_Leng": 129.23425494700001, "Shape_Area": 857.26203903500004 }, "geometry": { "type": "MultiPolygon", "coordinates": [ [ [ [ 110.373073799630575, -7.784105643596789 ], [ 110.373081627411437, -7.783756138475241 ], [ 110.373110429380034, -7.783755325091151 ], [ 110.373110378736996, -7.78369493153155 ], [ 110.37326074062662, -7.783697637463367 ], [ 110.373248834010539, -7.784102682794101 ], [ 110.373073799630575, -7.784105643596789 ] ] ] ] } },
{ "type": "Feature", "properties": { "OBJECTID": 169, "DESA": "KOTABARU", "NIB": "00127", "TIPEHAK": "Hak Guna Bangunan", "LUAS": 532.0, "TAHUN": 0, "Shape_Leng": 109.50762769400001, "Shape_Area": 532.28391422300001 }, "geometry": { "type": "MultiPolygon", "coordinates": [ [ [ [ 110.374934157194531, -7.78525267334201 ], [ 110.37499243580163, -7.785240114141589 ], [ 110.375113267817554, -7.785260526475213 ], [ 110.375064959978801, -7.78558900391554 ], [ 110.374982873912145, -7.785575362687019 ], [ 110.37498504622296, -7.785557921785403 ], [ 110.374966854621064, -7.785555464658649 ], [ 110.374971890019381, -7.78551836977889 ], [ 110.374961662556927, -7.785503487101331 ], [ 110.374982611437176, -7.785357053543898 ], [ 110.374926833681513, -7.785350598777016 ], [ 110.374934157194531, -7.78525267334201 ] ] ] ] } },
{ "type": "Feature", "properties": { "OBJECTID": 170, "DESA": "KOTABARU", "NIB": "00224", "TIPEHAK": "Hak Guna Bangunan", "LUAS": 955.0, "TAHUN": 0, "Shape_Leng": 136.604801748, "Shape_Area": 955.152753362 }, "geometry": { "type": "MultiPolygon", "coordinates": [ [ [ [ 110.375283799725352, -7.784327467188827 ], [ 110.375283823375099, -7.784351974332396 ], [ 110.375283826318551, -7.784355140803151 ], [ 110.375165556881598, -7.784327423667968 ], [ 110.374842449620587, -7.784261227157732 ], [ 110.374873154612374, -7.784085568103442 ], [ 110.375285559293104, -7.784167905495253 ], [ 110.375285377459264, -7.784184262685492 ], [ 110.375283799725352, -7.784327467188827 ] ] ] ] } },
{ "type": "Feature", "properties": { "OBJECTID": 171, "DESA": "KOTABARU", "NIB": "00222", "TIPEHAK": "Hak Guna Bangunan", "LUAS": 419.0, "TAHUN": 0, "Shape_Leng": 83.423169754, "Shape_Area": 418.98230435900001 }, "geometry": { "type": "MultiPolygon", "coordinates": [ [ [ [ 110.375663473789132, -7.78505103438104 ], [ 110.375517600921285, -7.785030382749091 ], [ 110.375547093311766, -7.784812692153592 ], [ 110.375706549500535, -7.784827111177716 ], [ 110.375663473789132, -7.78505103438104 ] ] ] ] } },
{ "type": "Feature", "properties": { "OBJECTID": 172, "DESA": "KOTABARU", "NIB": "00267", "TIPEHAK": "Hak Guna Bangunan", "LUAS": 2195.0, "TAHUN": 0, "Shape_Leng": 194.10167902699999, "Shape_Area": 2206.90757162 }, "geometry": { "type": "MultiPolygon", "coordinates": [ [ [ [ 110.373274470491623, -7.783099887081408 ], [ 110.373262716439712, -7.783627714980718 ], [ 110.373262459526828, -7.783645068752609 ], [ 110.372933883380313, -7.783639324449052 ], [ 110.37294346188564, -7.783087777717026 ], [ 110.373274470491623, -7.783099887081408 ] ] ] ] } },
{ "type": "Feature", "properties": { "OBJECTID": 173, "DESA": "KOTABARU", "NIB": "00277", "TIPEHAK": "Hak Milik", "LUAS": 40266.0, "TAHUN": 0, "Shape_Leng": 860.317105352, "Shape_Area": 40266.149281099999 }, "geometry": { "type": "MultiPolygon", "coordinates": [ [ [ [ 110.378260802963368, -7.78488283307647 ], [ 110.378011419506095, -7.786436117255199 ], [ 110.377725819372586, -7.786389067686901 ], [ 110.376050566631577, -7.786113084913256 ], [ 110.376037060428601, -7.786103683916711 ], [ 110.376032211659805, -7.786087419405356 ], [ 110.376237625244755, -7.784873392004778 ], [ 110.376627163788598, -7.784888652628408 ], [ 110.376639106008355, -7.784842184190069 ], [ 110.376671638423531, -7.784715605298853 ], [ 110.376730672567732, -7.784359100139509 ], [ 110.377664696664809, -7.784417381944188 ], [ 110.377628716780919, -7.784882562006326 ], [ 110.378260802963368, -7.78488283307647 ] ] ] ] } },
{ "type": "Feature", "properties": { "OBJECTID": 174, "DESA": "KOTABARU", "NIB": "00271", "TIPEHAK": "Hak Guna Bangunan", "LUAS": 1042.0, "TAHUN": 0, "Shape_Leng": 134.55590144000001, "Shape_Area": 1047.31361234 }, "geometry": { "type": "MultiPolygon", "coordinates": [ [ [ [ 110.372608338517679, -7.78464895642377 ], [ 110.3724774576946, -7.784668322226217 ], [ 110.372419837909405, -7.784677256629609 ], [ 110.372361469267702, -7.784303020554534 ], [ 110.37258241243272, -7.784252764975021 ], [ 110.37263507465488, -7.784643883148321 ], [ 110.372608338517679, -7.78464895642377 ] ] ] ] } },
{ "type": "Feature", "properties": { "OBJECTID": 175, "DESA": "KOTABARU", "NIB": "00220", "TIPEHAK": "Hak Guna Bangunan", "LUAS": 1096.0, "TAHUN": 0, "Shape_Leng": 138.638075173, "Shape_Area": 1106.5308847199999 }, "geometry": { "type": "MultiPolygon", "coordinates": [ [ [ [ 110.370010974135113, -7.78754745257066 ], [ 110.369705033492934, -7.787807113271525 ], [ 110.369570698705502, -7.787639443283418 ], [ 110.369665187516873, -7.787558109969027 ], [ 110.369883541205454, -7.787370479754711 ], [ 110.370000476506604, -7.787492093252794 ], [ 110.370012012465196, -7.787517697999489 ], [ 110.370010974135113, -7.78754745257066 ] ] ] ] } },
{ "type": "Feature", "properties": { "OBJECTID": 176, "DESA": "KOTABARU", "NIB": "00265", "TIPEHAK": "Hak Guna Bangunan", "LUAS": 827.0, "TAHUN": 0, "Shape_Leng": 122.03024302599999, "Shape_Area": 824.36743560699995 }, "geometry": { "type": "MultiPolygon", "coordinates": [ [ [ [ 110.374043680998412, -7.785451397281574 ], [ 110.374074993976322, -7.785080261702382 ], [ 110.374265300254095, -7.785105195808239 ], [ 110.374216171854229, -7.785468511593945 ], [ 110.374125185354359, -7.785460839928958 ], [ 110.374043680998412, -7.785451397281574 ] ] ] ] } },
{ "type": "Feature", "properties": { "OBJECTID": 177, "DESA": "KOTABARU", "NIB": "00285", "TIPEHAK": "Hak Guna Bangunan", "LUAS": 1900.0, "TAHUN": 0, "Shape_Leng": 183.584965353, "Shape_Area": 1900.5516286699999 }, "geometry": { "type": "MultiPolygon", "coordinates": [ [ [ [ 110.375763578093782, -7.783114908878241 ], [ 110.375761331831328, -7.783434770147645 ], [ 110.375760119838787, -7.783607355567971 ], [ 110.37574638735785, -7.783668845393996 ], [ 110.3755901245285, -7.78366921502059 ], [ 110.375574860201581, -7.783631265990573 ], [ 110.375553488362399, -7.783609167375681 ], [ 110.375453048491437, -7.783607734493371 ], [ 110.375462400126708, -7.783474061298554 ], [ 110.375487485775906, -7.783107493900081 ], [ 110.375521997427896, -7.783108419990834 ], [ 110.375763578093782, -7.783114908878241 ] ] ] ] } },
{ "type": "Feature", "properties": { "OBJECTID": 178, "DESA": "KOTABARU", "NIB": "00274", "TIPEHAK": "Hak Guna Bangunan", "LUAS": 209.0, "TAHUN": 0, "Shape_Leng": 69.351472648699996, "Shape_Area": 209.16553909199999 }, "geometry": { "type": "MultiPolygon", "coordinates": [ [ [ [ 110.375647745036289, -7.786013063530841 ], [ 110.375679100508037, -7.785774879220097 ], [ 110.375714134415986, -7.785778781693098 ], [ 110.375712615499495, -7.78579782528024 ], [ 110.375739582413303, -7.785841890482788 ], [ 110.375733319754815, -7.785930613577328 ], [ 110.375743299427484, -7.785932241306397 ], [ 110.375729208242291, -7.786030141830119 ], [ 110.375647745036289, -7.786013063530841 ] ] ] ] } },
{ "type": "Feature", "properties": { "OBJECTID": 179, "DESA": "KOTABARU", "NIB": "00153", "TIPEHAK": "Hak Guna Bangunan", "LUAS": 1144.0, "TAHUN": 0, "Shape_Leng": 138.99707209900001, "Shape_Area": 1177.58460218 }, "geometry": { "type": "MultiPolygon", "coordinates": [ [ [ [ 110.371520261706806, -7.785122229839842 ], [ 110.371524213682775, -7.785177119724731 ], [ 110.371479154925666, -7.785229990001824 ], [ 110.371165977416368, -7.785350422633214 ], [ 110.371083967500411, -7.785128204193782 ], [ 110.371456458437677, -7.784976090747731 ], [ 110.371520261706806, -7.785122229839842 ] ] ] ] } },
{ "type": "Feature", "properties": { "OBJECTID": 180, "DESA": "KOTABARU", "NIB": "00160", "TIPEHAK": "Hak Guna Bangunan", "LUAS": 907.0, "TAHUN": 0, "Shape_Leng": 120.499984727, "Shape_Area": 907.42241642600004 }, "geometry": { "type": "MultiPolygon", "coordinates": [ [ [ [ 110.369317274267743, -7.787114186082942 ], [ 110.369416526190193, -7.78723373739763 ], [ 110.369208260247888, -7.78740820065358 ], [ 110.369034251219588, -7.787198548769221 ], [ 110.369240755878906, -7.787022018611224 ], [ 110.369317274267743, -7.787114186082942 ] ] ] ] } },
{ "type": "Feature", "properties": { "OBJECTID": 181, "DESA": "KOTABARU", "NIB": "00156", "TIPEHAK": "Hak Guna Bangunan", "LUAS": 677.0, "TAHUN": 0, "Shape_Leng": 105.362701364, "Shape_Area": 680.15455772600001 }, "geometry": { "type": "MultiPolygon", "coordinates": [ [ [ [ 110.369532949473438, -7.787595155617948 ], [ 110.369375119662692, -7.787729422726875 ], [ 110.369200708474395, -7.787516543795593 ], [ 110.369359818362653, -7.787390169534579 ], [ 110.369532949473438, -7.787595155617948 ] ] ] ] } },
{ "type": "Feature", "properties": { "OBJECTID": 182, "DESA": "KOTABARU", "NIB": "00158", "TIPEHAK": "Hak Guna Bangunan", "LUAS": 168.0, "TAHUN": 0, "Shape_Leng": 88.265771395599998, "Shape_Area": 169.030758217 }, "geometry": { "type": "MultiPolygon", "coordinates": [ [ [ [ 110.372532347542631, -7.78838017323907 ], [ 110.372501545585465, -7.788391217140155 ], [ 110.372404305322064, -7.788042536797112 ], [ 110.372447017294334, -7.788030998214544 ], [ 110.372532347542631, -7.78838017323907 ] ] ] ] } },
{ "type": "Feature", "properties": { "OBJECTID": 183, "DESA": "KOTABARU", "NIB": "00159", "TIPEHAK": "Hak Guna Bangunan", "LUAS": 745.0, "TAHUN": 0, "Shape_Leng": 116.724268944, "Shape_Area": 746.66122278 }, "geometry": { "type": "MultiPolygon", "coordinates": [ [ [ [ 110.372688307068842, -7.788341427673184 ], [ 110.372628845729196, -7.788356182612257 ], [ 110.372532347542631, -7.78838017323907 ], [ 110.372447017294334, -7.788030998214544 ], [ 110.372626464091255, -7.787993912363169 ], [ 110.372688307068842, -7.788341427673184 ] ] ] ] } },
{ "type": "Feature", "properties": { "OBJECTID": 184, "DESA": "KOTABARU", "NIB": "00084", "TIPEHAK": "Hak Guna Bangunan", "LUAS": 980.0, "TAHUN": 0, "Shape_Leng": 130.88438969800001, "Shape_Area": 980.00154735499996 }, "geometry": { "type": "MultiPolygon", "coordinates": [ [ [ [ 110.37275584662703, -7.785458283177552 ], [ 110.372629937273317, -7.78546137603171 ], [ 110.372585918428342, -7.785089535546701 ], [ 110.372808292074538, -7.785068831270363 ], [ 110.37282848925139, -7.785456498885863 ], [ 110.37275584662703, -7.785458283177552 ] ] ] ] } },
{ "type": "Feature", "properties": { "OBJECTID": 185, "DESA": "KOTABARU", "NIB": "00162", "TIPEHAK": "Hak Guna Bangunan", "LUAS": 720.0, "TAHUN": 0, "Shape_Leng": 128.99159700499999, "Shape_Area": 718.45617127399998 }, "geometry": { "type": "MultiPolygon", "coordinates": [ [ [ [ 110.370841317695877, -7.788876021022617 ], [ 110.371117049694348, -7.78924679605493 ], [ 110.370945587459758, -7.789266682573822 ], [ 110.370933595825164, -7.789198732788003 ], [ 110.370835412322961, -7.789112312946229 ], [ 110.370723049423262, -7.788964437159231 ], [ 110.370841317695877, -7.788876021022617 ] ] ] ] } },
{ "type": "Feature", "properties": { "OBJECTID": 186, "DESA": "KOTABARU", "NIB": "00199", "TIPEHAK": "Hak Guna Bangunan", "LUAS": 497.0, "TAHUN": 0, "Shape_Leng": 100.836713231, "Shape_Area": 493.71498636799998 }, "geometry": { "type": "MultiPolygon", "coordinates": [ [ [ [ 110.371796411655694, -7.786566507271115 ], [ 110.37184175767544, -7.786680184854426 ], [ 110.37187161722899, -7.786670292177663 ], [ 110.371921776180372, -7.786795670037513 ], [ 110.371769114941159, -7.78685263699245 ], [ 110.371670771745826, -7.786581270629773 ], [ 110.371666582511594, -7.78656996418684 ], [ 110.371733122149408, -7.786546290372363 ], [ 110.371746416808563, -7.786551189979155 ], [ 110.371756647596555, -7.786582191761982 ], [ 110.371796411655694, -7.786566507271115 ] ] ] ] } },
{ "type": "Feature", "properties": { "OBJECTID": 187, "DESA": "KOTABARU", "NIB": "00181", "TIPEHAK": "Hak Guna Bangunan", "LUAS": 301.0, "TAHUN": 0, "Shape_Leng": 89.236582610599996, "Shape_Area": 294.93636546200003 }, "geometry": { "type": "MultiPolygon", "coordinates": [ [ [ [ 110.372938697759196, -7.788544122797645 ], [ 110.372857057065261, -7.788868504102127 ], [ 110.372790779618938, -7.788845972500158 ], [ 110.372863666925483, -7.78852811398051 ], [ 110.372938697759196, -7.788544122797645 ] ] ] ] } },
{ "type": "Feature", "properties": { "OBJECTID": 188, "DESA": "KOTABARU", "NIB": "00543", "TIPEHAK": "Hak Guna Bangunan", "LUAS": 7515.0, "TAHUN": 0, "Shape_Leng": 380.10237112099998, "Shape_Area": 7477.60885272 }, "geometry": { "type": "MultiPolygon", "coordinates": [ [ [ [ 110.375089672510853, -7.786075048693514 ], [ 110.375006237952661, -7.786551136365302 ], [ 110.375282481957129, -7.786677276786305 ], [ 110.375301594980726, -7.786727908185931 ], [ 110.37533265999727, -7.786798279617116 ], [ 110.375175371157368, -7.787133546464545 ], [ 110.374860128293065, -7.786951954688083 ], [ 110.374457055562743, -7.78678579298411 ], [ 110.374428482692608, -7.786756397889503 ], [ 110.374539168684393, -7.786018391275317 ], [ 110.374588520616939, -7.785989487383053 ], [ 110.375089672510853, -7.786075048693514 ] ] ] ] } },
{ "type": "Feature", "properties": { "OBJECTID": 189, "DESA": "KOTABARU", "NIB": "00565", "TIPEHAK": "Hak Guna Bangunan", "LUAS": 1178.0, "TAHUN": 0, "Shape_Leng": 156.17564974800001, "Shape_Area": 1179.27465689 }, "geometry": { "type": "MultiPolygon", "coordinates": [ [ [ [ 110.372575882211848, -7.783626843616243 ], [ 110.372602923148179, -7.783628024920302 ], [ 110.372603159506198, -7.783633595158714 ], [ 110.372764176024745, -7.783631601062244 ], [ 110.372717953434957, -7.783882098472653 ], [ 110.372744572900302, -7.784119096511986 ], [ 110.372565884598316, -7.784142523768822 ], [ 110.372523738663062, -7.7839725501117 ], [ 110.372545518295453, -7.783704430568307 ], [ 110.372566847501389, -7.783706857845686 ], [ 110.372575882211848, -7.783626843616243 ] ] ] ] } },
{ "type": "Feature", "properties": { "OBJECTID": 190, "DESA": "KOTABARU", "NIB": "00278", "TIPEHAK": "Hak Guna Bangunan", "LUAS": 862.0, "TAHUN": 0, "Shape_Leng": 119.240308008, "Shape_Area": 864.3183022 }, "geometry": { "type": "MultiPolygon", "coordinates": [ [ [ [ 110.37275584662703, -7.785458283177552 ], [ 110.37282848925139, -7.785456498885863 ], [ 110.3729804286193, -7.785447499555803 ], [ 110.373001985433703, -7.785762221404989 ], [ 110.372770296729911, -7.785765283420935 ], [ 110.372756382437657, -7.78546967850477 ], [ 110.37275584662703, -7.785458283177552 ] ] ] ] } },
{ "type": "Feature", "properties": { "OBJECTID": 191, "DESA": "KOTABARU", "NIB": "00544", "TIPEHAK": "Hak Guna Bangunan", "LUAS": 425.0, "TAHUN": 0, "Shape_Leng": 90.839850638000001, "Shape_Area": 428.41548661000002 }, "geometry": { "type": "MultiPolygon", "coordinates": [ [ [ [ 110.377595912242157, -7.787820431164741 ], [ 110.377593451960394, -7.787852354175308 ], [ 110.377631330122099, -7.787856277706354 ], [ 110.377630677685829, -7.787936581100413 ], [ 110.377608189373476, -7.787937522804856 ], [ 110.377590300673219, -7.787930370620749 ], [ 110.377356504411722, -7.787929648362669 ], [ 110.377366217325161, -7.787785616959669 ], [ 110.377597507414976, -7.787799736371752 ], [ 110.377595912242157, -7.787820431164741 ] ] ] ] } },
{ "type": "Feature", "properties": { "OBJECTID": 192, "DESA": "KOTABARU", "NIB": "00180", "TIPEHAK": "Hak Milik", "LUAS": 530.0, "TAHUN": 0, "Shape_Leng": 100.27120109400001, "Shape_Area": 511.41898884800003 }, "geometry": { "type": "MultiPolygon", "coordinates": [ [ [ [ 110.378274648332777, -7.787937564864224 ], [ 110.378274157750312, -7.787948395365818 ], [ 110.378305066050089, -7.787965881659777 ], [ 110.378325325363562, -7.787986438944135 ], [ 110.378338082388183, -7.788008256841511 ], [ 110.378059549818602, -7.788105229569556 ], [ 110.377992916663871, -7.787888386348824 ], [ 110.378274648332777, -7.787937564864224 ] ] ] ] } },
{ "type": "Feature", "properties": { "OBJECTID": 193, "DESA": "KOTABARU", "NIB": "00133", "TIPEHAK": "Hak Guna Bangunan", "LUAS": 436.0, "TAHUN": 0, "Shape_Leng": 94.874184329000002, "Shape_Area": 435.698375118 }, "geometry": { "type": "MultiPolygon", "coordinates": [ [ [ [ 110.370877009018699, -7.787593296402211 ], [ 110.371023333372662, -7.787584127478421 ], [ 110.370936770898794, -7.787889981842612 ], [ 110.370812306160985, -7.787836137018858 ], [ 110.370887935637583, -7.78764867831306 ], [ 110.370877009018699, -7.787593296402211 ] ] ] ] } },
{ "type": "Feature", "properties": { "OBJECTID": 194, "DESA": "KOTABARU", "NIB": "00167", "TIPEHAK": "Hak Pakai", "LUAS": 3520.0, "TAHUN": 0, "Shape_Leng": 237.69125957399999, "Shape_Area": 3520.0168347499998 }, "geometry": { "type": "MultiPolygon", "coordinates": [ [ [ [ 110.37459080629408, -7.783528980595984 ], [ 110.374760410131685, -7.783544537378062 ], [ 110.3747310866231, -7.783711818962027 ], [ 110.374684365587797, -7.783984133811402 ], [ 110.37464964529191, -7.784197017648402 ], [ 110.374637784018461, -7.784205670805287 ], [ 110.374595610777234, -7.784201345321518 ], [ 110.374218163540462, -7.784162627522985 ], [ 110.374287434081268, -7.783632723612063 ], [ 110.374424572937599, -7.783513732358998 ], [ 110.37459080629408, -7.783528980595984 ] ] ] ] } },
{ "type": "Feature", "properties": { "OBJECTID": 195, "DESA": "KOTABARU", "NIB": "00169", "TIPEHAK": "Hak Guna Bangunan", "LUAS": 910.0, "TAHUN": 0, "Shape_Leng": 125.888609948, "Shape_Area": 915.93918905199996 }, "geometry": { "type": "MultiPolygon", "coordinates": [ [ [ [ 110.372364460350525, -7.785129495298667 ], [ 110.372585918428342, -7.785089535546701 ], [ 110.372629937273317, -7.78546137603171 ], [ 110.372548062135422, -7.785463775148992 ], [ 110.37243574091913, -7.785467715243676 ], [ 110.372421421948388, -7.785399755823486 ], [ 110.372418982155693, -7.785387864393952 ], [ 110.372364460350525, -7.785129495298667 ] ] ] ] } },
{ "type": "Feature", "properties": { "OBJECTID": 196, "DESA": "KOTABARU", "NIB": "00170", "TIPEHAK": "Hak Guna Bangunan", "LUAS": 760.0, "TAHUN": 0, "Shape_Leng": 130.93704674599999, "Shape_Area": 764.94242813599999 }, "geometry": { "type": "MultiPolygon", "coordinates": [ [ [ [ 110.372625334745152, -7.788785190695742 ], [ 110.37249211627163, -7.788737065367664 ], [ 110.372628845729196, -7.788356182612257 ], [ 110.372688307068842, -7.788341427673184 ], [ 110.372785571862835, -7.788333028215055 ], [ 110.372625334745152, -7.788785190695742 ] ] ] ] } },
{ "type": "Feature", "properties": { "OBJECTID": 197, "DESA": "KOTABARU", "NIB": "00497", "TIPEHAK": "Hak Milik", "LUAS": 894.0, "TAHUN": 0, "Shape_Leng": 120.85127311, "Shape_Area": 895.67545298000005 }, "geometry": { "type": "MultiPolygon", "coordinates": [ [ [ [ 110.373889738204241, -7.785743564886057 ], [ 110.373652545140004, -7.785750361281778 ], [ 110.373651613825857, -7.78543160321251 ], [ 110.373847613319796, -7.785433139758539 ], [ 110.373881662112481, -7.785435919604083 ], [ 110.373889738204241, -7.785743564886057 ] ] ] ] } },
{ "type": "Feature", "properties": { "OBJECTID": 198, "DESA": "KOTABARU", "NIB": "00289", "TIPEHAK": "Hak Milik", "LUAS": 1754.0, "TAHUN": 0, "Shape_Leng": 166.643456082, "Shape_Area": 1754.8798100399999 }, "geometry": { "type": "MultiPolygon", "coordinates": [ [ [ [ 110.372178643693417, -7.787910310123888 ], [ 110.371825659098064, -7.787989644816551 ], [ 110.371767329630984, -7.787615191622615 ], [ 110.372157759878945, -7.787548672844534 ], [ 110.372199092973659, -7.787877321119399 ], [ 110.372193823009155, -7.787897563248014 ], [ 110.372178643693417, -7.787910310123888 ] ] ] ] } },
{ "type": "Feature", "properties": { "OBJECTID": 199, "DESA": "KOTABARU", "NIB": "00496", "TIPEHAK": "Hak Milik", "LUAS": 477.0, "TAHUN": 0, "Shape_Leng": 102.677967638, "Shape_Area": 476.54409651399999 }, "geometry": { "type": "MultiPolygon", "coordinates": [ [ [ [ 110.371051306767114, -7.787926860880051 ], [ 110.370995529763448, -7.787913912623905 ], [ 110.370936770898794, -7.787889981842612 ], [ 110.371023333372662, -7.787584127478421 ], [ 110.371035319455203, -7.787572610573619 ], [ 110.371110483909021, -7.787544124187113 ], [ 110.371125287858618, -7.787580503764181 ], [ 110.371051306767114, -7.787926860880051 ] ] ] ] } },
{ "type": "Feature", "properties": { "OBJECTID": 200, "DESA": "KOTABARU", "NIB": "00174", "TIPEHAK": "Hak Guna Bangunan", "LUAS": 9981.0, "TAHUN": 0, "Shape_Leng": 417.50540170300002, "Shape_Area": 10036.8833319 }, "geometry": { "type": "MultiPolygon", "coordinates": [ [ [ [ 110.377713675518677, -7.786461885571908 ], [ 110.378000610472924, -7.786505133875641 ], [ 110.3779080358089, -7.787150928264281 ], [ 110.376647573239538, -7.786990630240625 ], [ 110.376628634363755, -7.786938810454748 ], [ 110.376639283191111, -7.786883765728703 ], [ 110.376859012357983, -7.786333070729842 ], [ 110.377713675518677, -7.786461885571908 ] ] ] ] } },
{ "type": "Feature", "properties": { "OBJECTID": 201, "DESA": "KOTABARU", "NIB": "00175", "TIPEHAK": "Hak Guna Bangunan", "LUAS": 380.0, "TAHUN": 0, "Shape_Leng": 87.7756888782, "Shape_Area": 362.38612142300002 }, "geometry": { "type": "MultiPolygon", "coordinates": [ [ [ [ 110.374901416193595, -7.788710707104404 ], [ 110.374888388467056, -7.788615163728718 ], [ 110.374880555629971, -7.788600885541425 ], [ 110.37480869401557, -7.788472457904991 ], [ 110.374884897628505, -7.78842229706829 ], [ 110.374904789338629, -7.788472856344336 ], [ 110.374914595099384, -7.788490696588211 ], [ 110.374934217588404, -7.788506757918428 ], [ 110.374958391329173, -7.7885158575296 ], [ 110.374980857574101, -7.788521295074011 ], [ 110.375016629373476, -7.788695851232705 ], [ 110.374901416193595, -7.788710707104404 ] ] ] ] } },
{ "type": "Feature", "properties": { "OBJECTID": 202, "DESA": "KOTABARU", "NIB": "00179", "TIPEHAK": "Hak Guna Bangunan", "LUAS": 2783.0, "TAHUN": 0, "Shape_Leng": 214.33150910500001, "Shape_Area": 2797.2281093800002 }, "geometry": { "type": "MultiPolygon", "coordinates": [ [ [ [ 110.373920741251396, -7.788626469366141 ], [ 110.373880917918001, -7.78885679740849 ], [ 110.373865984973961, -7.788900915649768 ], [ 110.373844536672706, -7.788915954973296 ], [ 110.373319103899249, -7.788963766472972 ], [ 110.373440461072363, -7.788413102663465 ], [ 110.37356750160302, -7.788466354530583 ], [ 110.373598365896783, -7.788478848331439 ], [ 110.373715633531091, -7.788525267425586 ], [ 110.373754955469764, -7.788536815176952 ], [ 110.373890311148855, -7.788569768791556 ], [ 110.373909697146317, -7.788594657374324 ], [ 110.373920741251396, -7.788626469366141 ] ] ] ] } },
{ "type": "Feature", "properties": { "OBJECTID": 203, "DESA": "KOTABARU", "NIB": "00177", "TIPEHAK": "Hak Guna Bangunan", "LUAS": 549.0, "TAHUN": 0, "Shape_Leng": 94.242319527999996, "Shape_Area": 562.44655192799996 }, "geometry": { "type": "MultiPolygon", "coordinates": [ [ [ [ 110.373067617869424, -7.788571628619194 ], [ 110.372938697759196, -7.788544122797645 ], [ 110.372863666925483, -7.78852811398051 ], [ 110.37291236380095, -7.788322298412597 ], [ 110.372925772463219, -7.788314354605489 ], [ 110.373121087494468, -7.788361649353061 ], [ 110.373067617869424, -7.788571628619194 ] ] ] ] } },
{ "type": "Feature", "properties": { "OBJECTID": 204, "DESA": "KOTABARU", "NIB": null, "TIPEHAK": "Hak Milik", "LUAS": 764.0, "TAHUN": 0, "Shape_Leng": 114.281370598, "Shape_Area": 764.77473456799999 }, "geometry": { "type": "MultiPolygon", "coordinates": [ [ [ [ 110.370753787668477, -7.785946573842583 ], [ 110.370724466153831, -7.785957980759101 ], [ 110.370574898190611, -7.786018388602916 ], [ 110.370446133637188, -7.785720542643165 ], [ 110.370629125384966, -7.785650469136481 ], [ 110.370753787668477, -7.785946573842583 ] ] ] ] } },
{ "type": "Feature", "properties": { "OBJECTID": 205, "DESA": "KOTABARU", "NIB": "00526", "TIPEHAK": "Hak Milik", "LUAS": 410.0, "TAHUN": 0, "Shape_Leng": 81.626401187, "Shape_Area": 410.21393070800002 }, "geometry": { "type": "MultiPolygon", "coordinates": [ [ [ [ 110.375200943633047, -7.784987374803348 ], [ 110.375283312547694, -7.784999317347307 ], [ 110.37535845992717, -7.785010612913324 ], [ 110.375328432646171, -7.785218306970778 ], [ 110.37516584842578, -7.785188985974067 ], [ 110.375200943633047, -7.784987374803348 ] ] ] ] } },
{ "type": "Feature", "properties": { "OBJECTID": 206, "DESA": "KOTABARU", "NIB": "00578", "TIPEHAK": "Hak Milik", "LUAS": 193.0, "TAHUN": 0, "Shape_Leng": 62.374196866200002, "Shape_Area": 193.10053306899999 }, "geometry": { "type": "MultiPolygon", "coordinates": [ [ [ [ 110.375283312547694, -7.784999317347307 ], [ 110.375200943633047, -7.784987374803348 ], [ 110.375235276193209, -7.78478655546838 ], [ 110.375306198184774, -7.784794515165996 ], [ 110.375283312547694, -7.784999317347307 ] ] ] ] } },
{ "type": "Feature", "properties": { "OBJECTID": 207, "DESA": "KOTABARU", "NIB": "00579", "TIPEHAK": "Hak Milik", "LUAS": 622.0, "TAHUN": 0, "Shape_Leng": 99.804052137799999, "Shape_Area": 622.04078838400005 }, "geometry": { "type": "MultiPolygon", "coordinates": [ [ [ [ 110.375283312547694, -7.784999317347307 ], [ 110.375306198184774, -7.784794515165996 ], [ 110.375547093311766, -7.784812692153592 ], [ 110.375517600921285, -7.785030382749091 ], [ 110.375438512860256, -7.785020557423763 ], [ 110.37535845992717, -7.785010612913324 ], [ 110.375283312547694, -7.784999317347307 ] ] ] ] } },
{ "type": "Feature", "properties": { "OBJECTID": 208, "DESA": "KOTABARU", "NIB": "00580", "TIPEHAK": "Hak Milik", "LUAS": 8405.0, "TAHUN": 0, "Shape_Leng": 378.87202708699999, "Shape_Area": 8440.7636351300007 }, "geometry": { "type": "MultiPolygon", "coordinates": [ [ [ [ 110.370259044534819, -7.789108965813368 ], [ 110.369841634647997, -7.78937297234483 ], [ 110.36974427085913, -7.789330050324911 ], [ 110.369550780898564, -7.789155430994511 ], [ 110.369090269003564, -7.788637432439329 ], [ 110.369104991839691, -7.788515326353766 ], [ 110.369339228604161, -7.788345432968113 ], [ 110.369556045143142, -7.78816172659897 ], [ 110.370259044534819, -7.789108965813368 ] ] ] ] } },
{ "type": "Feature", "properties": { "OBJECTID": 209, "DESA": "KOTABARU", "NIB": "00581", "TIPEHAK": "Hak Milik", "LUAS": 1823.0, "TAHUN": 0, "Shape_Leng": 177.48728181000001, "Shape_Area": 1823.0202567599999 }, "geometry": { "type": "MultiPolygon", "coordinates": [ [ [ [ 110.369497730807879, -7.786618343103948 ], [ 110.369610390374746, -7.786849955073254 ], [ 110.369472563660551, -7.786919280051798 ], [ 110.369364932490541, -7.787005339350145 ], [ 110.369397054264567, -7.78704960060307 ], [ 110.369317274267743, -7.787114186082942 ], [ 110.369240755878906, -7.787022018611224 ], [ 110.369240338703051, -7.787021513118856 ], [ 110.369062315535288, -7.786806220062729 ], [ 110.369299457074163, -7.786620906162685 ], [ 110.369482551829861, -7.78661280892847 ], [ 110.369497730807879, -7.786618343103948 ] ] ] ] } },
{ "type": "Feature", "properties": { "OBJECTID": 210, "DESA": "KOTABARU", "NIB": "00583", "TIPEHAK": "Hak Milik", "LUAS": 482.0, "TAHUN": 0, "Shape_Leng": 92.300483343699995, "Shape_Area": 482.55679026299998 }, "geometry": { "type": "MultiPolygon", "coordinates": [ [ [ [ 110.375283799725352, -7.784327467188827 ], [ 110.375285377459264, -7.784184262685492 ], [ 110.37555742442683, -7.784180367407633 ], [ 110.375558141664925, -7.78432675895808 ], [ 110.375283799725352, -7.784327467188827 ] ] ] ] } },
{ "type": "Feature", "properties": { "OBJECTID": 211, "DESA": "KOTABARU", "NIB": "00600", "TIPEHAK": "Hak Milik", "LUAS": 30.0, "TAHUN": 0, "Shape_Leng": 22.065279909400001, "Shape_Area": 30.2909948217 }, "geometry": { "type": "MultiPolygon", "coordinates": [ [ [ [ 110.368634886447381, -7.788201039662855 ], [ 110.368590115099352, -7.788215955635699 ], [ 110.368576195514095, -7.788163846615464 ], [ 110.368619146419604, -7.788151150550314 ], [ 110.368620683210167, -7.788150750460889 ], [ 110.368634886447381, -7.788201039662855 ] ] ] ] } },
{ "type": "Feature", "properties": { "OBJECTID": 212, "DESA": "KOTABARU", "NIB": "00090", "TIPEHAK": "Hak Milik", "LUAS": 370.0, "TAHUN": 0, "Shape_Leng": 81.572641297399997, "Shape_Area": 370.82587033700003 }, "geometry": { "type": "MultiPolygon", "coordinates": [ [ [ [ 110.375082834158363, -7.783539488785059 ], [ 110.375099138181781, -7.783414339518079 ], [ 110.375178996661177, -7.783422471610097 ], [ 110.375179371285697, -7.783423004309832 ], [ 110.375179764916865, -7.783423521599143 ], [ 110.375180177556558, -7.783424024382126 ], [ 110.375180609202914, -7.783424511754687 ], [ 110.375181058040837, -7.783424982816294 ], [ 110.375181524973172, -7.783425435756784 ], [ 110.375182008188645, -7.783425871484025 ], [ 110.375182507685352, -7.783426289093862 ], [ 110.375183021648212, -7.783426687685846 ], [ 110.375184093875262, -7.783427426005942 ], [ 110.3751846503244, -7.783427764833656 ], [ 110.375185218516151, -7.783428082840727 ], [ 110.375185798448655, -7.783428379122996 ], [ 110.375186389215301, -7.783428653682329 ], [ 110.375186989907618, -7.783428905616379 ], [ 110.375187598714305, -7.783429135833109 ], [ 110.375188216538206, -7.783429342522275 ], [ 110.37518884156799, -7.783429526591795 ], [ 110.375189472895173, -7.783429687139349 ], [ 110.375190110517892, -7.78342982326077 ], [ 110.375190751718236, -7.783429935865818 ], [ 110.375191397402816, -7.783430024952657 ], [ 110.375192045756535, -7.783430089620849 ], [ 110.375192695872798, -7.783430129872216 ], [ 110.375193347753495, -7.783430146610984 ], [ 110.375193998676949, -7.783430138938554 ], [ 110.375194649547893, -7.783430105948902 ], [ 110.375195299463485, -7.783430049452247 ], [ 110.375195945702032, -7.783429968550009 ], [ 110.375196588265425, -7.783429864146414 ], [ 110.375197227151787, -7.783429735337219 ], [ 110.375197860549804, -7.783429583030401 ], [ 110.375198488459489, -7.783429407225926 ], [ 110.375199108160999, -7.783429207929423 ], [ 110.375199720562875, -7.783428986043205 ], [ 110.375200324758467, -7.783428741569137 ], [ 110.375200918028014, -7.783428474512848 ], [ 110.375202074514362, -7.783427875360498 ], [ 110.375202635011377, -7.783427543270067 ], [ 110.375203181868173, -7.783427191315595 ], [ 110.375203715989457, -7.783426818590972 ], [ 110.375204235563942, -7.783426426004192 ], [ 110.375204740595365, -7.783426015363576 ], [ 110.37520522926863, -7.783425585768706 ], [ 110.375205701585671, -7.783425138123765 ], [ 110.375206156639834, -7.783424672430631 ], [ 110.375206594436776, -7.783424191401857 ], [ 110.375230120141751, -7.783425657378835 ], [ 110.375229300519521, -7.78343874181013 ], [ 110.375320025418162, -7.783445076525588 ], [ 110.375320932369988, -7.783571533904094 ], [ 110.37528100900704, -7.783573147990914 ], [ 110.375280479827481, -7.783578087774242 ], [ 110.375082834158363, -7.783539488785059 ] ] ] ] } },
{ "type": "Feature", "properties": { "OBJECTID": 213, "DESA": "KOTABARU", "NIB": "00089", "TIPEHAK": "Hak Milik", "LUAS": 177.0, "TAHUN": 0, "Shape_Leng": 53.483894805600002, "Shape_Area": 177.694455323 }, "geometry": { "type": "MultiPolygon", "coordinates": [ [ [ [ 110.375099138181781, -7.783414339518079 ], [ 110.375082834158363, -7.783539488785059 ], [ 110.374971422502739, -7.783516584896166 ], [ 110.374989437633275, -7.783392026153603 ], [ 110.375100005585395, -7.783407680169703 ], [ 110.375099138181781, -7.783414339518079 ] ] ] ] } },
{ "type": "Feature", "properties": { "OBJECTID": 214, "DESA": "KOTABARU", "NIB": "00055", "TIPEHAK": "Hak Wakaf", "LUAS": 1025.0, "TAHUN": 0, "Shape_Leng": 135.589027999, "Shape_Area": 1036.8771582500001 }, "geometry": { "type": "MultiPolygon", "coordinates": [ [ [ [ 110.370116691880028, -7.786248401658376 ], [ 110.370087362568526, -7.786260004760526 ], [ 110.369794145603208, -7.786234089105572 ], [ 110.369696334680185, -7.786225444024783 ], [ 110.369708689304645, -7.786056749765658 ], [ 110.369716559315705, -7.786034205674645 ], [ 110.369774781100318, -7.78599128993113 ], [ 110.369923052009483, -7.785933599404055 ], [ 110.36997083601662, -7.786064752998088 ], [ 110.370090164213508, -7.786177935439317 ], [ 110.370116691880028, -7.786248401658376 ] ] ] ] } },
{ "type": "Feature", "properties": { "OBJECTID": 215, "DESA": "KOTABARU", "NIB": "00198", "TIPEHAK": "Hak Milik", "LUAS": 170.0, "TAHUN": 0, "Shape_Leng": 69.233869825400006, "Shape_Area": 170.07016608199999 }, "geometry": { "type": "MultiPolygon", "coordinates": [ [ [ [ 110.37396758975818, -7.78881202219905 ], [ 110.374068341673649, -7.788822542679569 ], [ 110.374188473809909, -7.788807927344222 ], [ 110.374217034244822, -7.788805460580504 ], [ 110.374218927661033, -7.788860749766189 ], [ 110.373967205981955, -7.78888055344234 ], [ 110.37396758975818, -7.78881202219905 ] ] ] ] } },
{ "type": "Feature", "properties": { "OBJECTID": 216, "DESA": "KOTABARU", "NIB": "00566", "TIPEHAK": "Hak Pakai", "LUAS": 1741.0, "TAHUN": 0, "Shape_Leng": 167.268429086, "Shape_Area": 1743.5272304699999 }, "geometry": { "type": "MultiPolygon", "coordinates": [ [ [ [ 110.371003928297071, -7.784914600437055 ], [ 110.370896667407379, -7.785009231022359 ], [ 110.37071173578515, -7.785172386120593 ], [ 110.37045829300132, -7.784909088488978 ], [ 110.37076596930784, -7.784649052301427 ], [ 110.371003928297071, -7.784914600437055 ] ] ] ] } },
{ "type": "Feature", "properties": { "OBJECTID": 217, "DESA": "KOTABARU", "NIB": "00281", "TIPEHAK": "Hak Pakai", "LUAS": 5262.0, "TAHUN": 0, "Shape_Leng": 291.92798329099998, "Shape_Area": 5267.0511176199998 }, "geometry": { "type": "MultiPolygon", "coordinates": [ [ [ [ 110.369375119662692, -7.787729422726875 ], [ 110.36955024360924, -7.78794317174447 ], [ 110.369393824866606, -7.788070641877108 ], [ 110.369228049174183, -7.788205730883781 ], [ 110.369025721207393, -7.788370606530349 ], [ 110.368907096836494, -7.788417034940371 ], [ 110.368870596386714, -7.788381296508568 ], [ 110.368825129464881, -7.788302842513114 ], [ 110.36877654408184, -7.788184477522686 ], [ 110.368745658986867, -7.788095381123789 ], [ 110.368720721583713, -7.788012151591254 ], [ 110.368691894776958, -7.787913495462181 ], [ 110.368665308604875, -7.787822505906182 ], [ 110.368702618977125, -7.787773938519992 ], [ 110.368817127970871, -7.787755171531644 ], [ 110.36891814659333, -7.787738614884481 ], [ 110.369052384185593, -7.787633115248614 ], [ 110.369200708474395, -7.787516543795593 ], [ 110.369375119662692, -7.787729422726875 ] ] ] ] } },
{ "type": "Feature", "properties": { "OBJECTID": 218, "DESA": "KOTABARU", "NIB": "00571", "TIPEHAK": "Hak Pakai", "LUAS": 15.0, "TAHUN": 0, "Shape_Leng": 15.8016562424, "Shape_Area": 14.3734925131 }, "geometry": { "type": "MultiPolygon", "coordinates": [ [ [ [ 110.369320302106971, -7.789357600099655 ], [ 110.369289143049613, -7.789391205919018 ], [ 110.369270449429706, -7.789373557355224 ], [ 110.369301562269058, -7.789339960673929 ], [ 110.369320302106971, -7.789357600099655 ] ] ] ] } },
{ "type": "Feature", "properties": { "OBJECTID": 219, "DESA": "KOTABARU", "NIB": "00550", "TIPEHAK": "Hak Guna Bangunan", "LUAS": 120.0, "TAHUN": 0, "Shape_Leng": 44.081572271500001, "Shape_Area": 120.40528565300001 }, "geometry": { "type": "MultiPolygon", "coordinates": [ [ [ [ 110.369330240673762, -7.789098315270482 ], [ 110.369257544440885, -7.789179093892221 ], [ 110.369256725154898, -7.789178356847419 ], [ 110.369189831758305, -7.789118233235099 ], [ 110.369200645100989, -7.789106433957172 ], [ 110.36926369969855, -7.789037627634817 ], [ 110.369330240673762, -7.789098315270482 ] ] ] ] } },
{ "type": "Feature", "properties": { "OBJECTID": 220, "DESA": "KOTABARU", "NIB": "00549", "TIPEHAK": "Hak Guna Bangunan", "LUAS": 970.0, "TAHUN": 0, "Shape_Leng": 123.50508436, "Shape_Area": 972.21464358000003 }, "geometry": { "type": "MultiPolygon", "coordinates": [ [ [ [ 110.371950132874503, -7.785653656507633 ], [ 110.372255783501657, -7.785536211763112 ], [ 110.372292911701749, -7.785619925924266 ], [ 110.372311262189001, -7.785671591660946 ], [ 110.372336836217855, -7.785767822799195 ], [ 110.372080315643274, -7.785863466881128 ], [ 110.372050472900668, -7.785866990405488 ], [ 110.372025040555485, -7.785851101808619 ], [ 110.371950132874503, -7.785653656507633 ] ] ] ] } },
{ "type": "Feature", "properties": { "OBJECTID": 221, "DESA": "KOTABARU", "NIB": "00553", "TIPEHAK": "Hak Guna Bangunan", "LUAS": 365.0, "TAHUN": 0, "Shape_Leng": 101.669500598, "Shape_Area": 364.44938107600001 }, "geometry": { "type": "MultiPolygon", "coordinates": [ [ [ [ 110.372315305673695, -7.788450364742406 ], [ 110.372282818819187, -7.788464721436916 ], [ 110.372232541455844, -7.788486941418256 ], [ 110.3722020080791, -7.788420528083325 ], [ 110.372221264387235, -7.788412135540233 ], [ 110.372108943310053, -7.788145203351069 ], [ 110.372188255529892, -7.788113217154255 ], [ 110.372315305673695, -7.788450364742406 ] ] ] ] } },
{ "type": "Feature", "properties": { "OBJECTID": 222, "DESA": "KOTABARU", "NIB": "00065", "TIPEHAK": "Hak Guna Bangunan", "LUAS": 200.0, "TAHUN": 0, "Shape_Leng": 68.711969744800001, "Shape_Area": 200.121837637 }, "geometry": { "type": "MultiPolygon", "coordinates": [ [ [ [ 110.372904826471995, -7.784982094216855 ], [ 110.372664360863411, -7.785009024055279 ], [ 110.372655030092716, -7.784943291349205 ], [ 110.372899392286996, -7.784914187960939 ], [ 110.372904826471995, -7.784982094216855 ] ] ] ] } },
{ "type": "Feature", "properties": { "OBJECTID": 223, "DESA": "KOTABARU", "NIB": "00064", "TIPEHAK": "Hak Guna Bangunan", "LUAS": 967.0, "TAHUN": 0, "Shape_Leng": 124.589773919, "Shape_Area": 964.12453301899995 }, "geometry": { "type": "MultiPolygon", "coordinates": [ [ [ [ 110.372899392286996, -7.784914187960939 ], [ 110.372655030092716, -7.784943291349205 ], [ 110.372608338517679, -7.78464895642377 ], [ 110.37263507465488, -7.784643883148321 ], [ 110.372875344897324, -7.784602376374696 ], [ 110.372879209826678, -7.78464009400322 ], [ 110.372899392286996, -7.784914187960939 ] ] ] ] } },
{ "type": "Feature", "properties": { "OBJECTID": 224, "DESA": "KOTABARU", "NIB": "00280", "TIPEHAK": "Hak Guna Bangunan", "LUAS": 925.0, "TAHUN": 0, "Shape_Leng": 134.59980663799999, "Shape_Area": 929.82296022100002 }, "geometry": { "type": "MultiPolygon", "coordinates": [ [ [ [ 110.373027122203041, -7.78419716791006 ], [ 110.373044026109696, -7.784633630657414 ], [ 110.372879209826678, -7.78464009400322 ], [ 110.372875344897324, -7.784602376374696 ], [ 110.372841074857263, -7.784212200547113 ], [ 110.373027122203041, -7.78419716791006 ] ] ] ] } },
{ "type": "Feature", "properties": { "OBJECTID": 225, "DESA": "KOTABARU", "NIB": "00053", "TIPEHAK": "Hak Guna Bangunan", "LUAS": 1116.0, "TAHUN": 0, "Shape_Leng": 140.25340140099999, "Shape_Area": 1112.7770061599999 }, "geometry": { "type": "MultiPolygon", "coordinates": [ [ [ [ 110.370147217181696, -7.786620496343811 ], [ 110.369850510703046, -7.78673185604037 ], [ 110.369811304431167, -7.786693633085693 ], [ 110.369794653742119, -7.786660270002345 ], [ 110.369782132686822, -7.786632195204209 ], [ 110.369771155063177, -7.786601667782711 ], [ 110.369749165661744, -7.786531082822742 ], [ 110.370109019953361, -7.786324763766621 ], [ 110.370119765270871, -7.786351225502708 ], [ 110.370097069384997, -7.786491478817346 ], [ 110.370147217181696, -7.786620496343811 ] ] ] ] } },
{ "type": "Feature", "properties": { "OBJECTID": 226, "DESA": "KOTABARU", "NIB": "00560", "TIPEHAK": "Hak Guna Bangunan", "LUAS": 137.0, "TAHUN": 0, "Shape_Leng": 67.211219177499999, "Shape_Area": 137.91458317199999 }, "geometry": { "type": "MultiPolygon", "coordinates": [ [ [ [ 110.371378640574378, -7.78481398347378 ], [ 110.371161456901802, -7.784899504180435 ], [ 110.371154782632573, -7.784884653879768 ], [ 110.371131099852335, -7.784894095273904 ], [ 110.371118820147416, -7.784867440506696 ], [ 110.371360308331717, -7.784772828871345 ], [ 110.371378640574378, -7.78481398347378 ] ] ] ] } },
{ "type": "Feature", "properties": { "OBJECTID": 227, "DESA": "KOTABARU", "NIB": "00035", "TIPEHAK": "Hak Guna Bangunan", "LUAS": 728.0, "TAHUN": 0, "Shape_Leng": 133.386503527, "Shape_Area": 728.40044065799998 }, "geometry": { "type": "MultiPolygon", "coordinates": [ [ [ [ 110.371165977416368, -7.785350422633214 ], [ 110.371041009986996, -7.785398292279229 ], [ 110.370974687059046, -7.785217317954189 ], [ 110.370951501284992, -7.785223787145083 ], [ 110.370934057324902, -7.785180775296141 ], [ 110.370960271175122, -7.785171240101755 ], [ 110.370896667407379, -7.785009231022359 ], [ 110.371003928297071, -7.784914600437055 ], [ 110.371043333480017, -7.78501977739146 ], [ 110.371083967500411, -7.785128204193782 ], [ 110.371165977416368, -7.785350422633214 ] ] ] ] } },
{ "type": "Feature", "properties": { "OBJECTID": 228, "DESA": "KOTABARU", "NIB": "00135", "TIPEHAK": "Hak Guna Bangunan", "LUAS": 2000.0, "TAHUN": 0, "Shape_Leng": 184.70330409, "Shape_Area": 2008.2484259600001 }, "geometry": { "type": "MultiPolygon", "coordinates": [ [ [ [ 110.370213203745351, -7.785688940891795 ], [ 110.369688683075225, -7.785899728994695 ], [ 110.369649074099499, -7.785825759599596 ], [ 110.36964778181931, -7.785810192963843 ], [ 110.369653121057368, -7.785761936124466 ], [ 110.369655744836194, -7.785738220110424 ], [ 110.369682391509031, -7.785674748129992 ], [ 110.369736694245248, -7.785593704318304 ], [ 110.369967570610655, -7.785344864501277 ], [ 110.370157391408384, -7.785549725748277 ], [ 110.370159544803712, -7.785555098560036 ], [ 110.370213203745351, -7.785688940891795 ] ] ] ] } },
{ "type": "Feature", "properties": { "OBJECTID": 229, "DESA": "KOTABARU", "NIB": "00532", "TIPEHAK": "Hak Guna Bangunan", "LUAS": 8565.0, "TAHUN": 0, "Shape_Leng": 396.40959257899999, "Shape_Area": 8562.0868218899996 }, "geometry": { "type": "MultiPolygon", "coordinates": [ [ [ [ 110.376330975212895, -7.784854923613908 ], [ 110.376236894542473, -7.784857689529825 ], [ 110.376206844975385, -7.784802603214464 ], [ 110.376141876024278, -7.784797399098873 ], [ 110.376127970757906, -7.784805797919933 ], [ 110.37595790768053, -7.784786313986176 ], [ 110.375661680662475, -7.784752372988943 ], [ 110.375635039490177, -7.784729796098747 ], [ 110.37564730323146, -7.783782478905245 ], [ 110.375678184033774, -7.783751972850841 ], [ 110.376096508270777, -7.78376126214319 ], [ 110.37610636412488, -7.783751749590063 ], [ 110.376131740220814, -7.783665466303805 ], [ 110.376277770357291, -7.783669964080834 ], [ 110.376330975212895, -7.784854923613908 ] ] ] ] } },
{ "type": "Feature", "properties": { "OBJECTID": 230, "DESA": "KOTABARU", "NIB": "00533", "TIPEHAK": "Hak Guna Bangunan", "LUAS": 53370.0, "TAHUN": 0, "Shape_Leng": 1123.3794253000001, "Shape_Area": 53344.843175800001 }, "geometry": { "type": "MultiPolygon", "coordinates": [ [ [ [ 110.379138501927983, -7.783137037057134 ], [ 110.379140442218443, -7.783354667077526 ], [ 110.379032089850824, -7.784108690535471 ], [ 110.379004759991815, -7.78415594499769 ], [ 110.378997818380142, -7.784155623025534 ], [ 110.378895392451497, -7.784842770232827 ], [ 110.378905613167319, -7.784845659638861 ], [ 110.378902737608399, -7.784890566775116 ], [ 110.378414024478246, -7.78483196065009 ], [ 110.378410203170944, -7.784848951970217 ], [ 110.378397512100491, -7.784846128249418 ], [ 110.378390152273582, -7.784895315166721 ], [ 110.378260802963368, -7.78488283307647 ], [ 110.377628716780919, -7.784882562006326 ], [ 110.377664696664809, -7.784417381944188 ], [ 110.376730672567732, -7.784359100139509 ], [ 110.376671638423531, -7.784715605298853 ], [ 110.376639106008355, -7.784842184190069 ], [ 110.376330975212895, -7.784854923613908 ], [ 110.376277770357291, -7.783669964080834 ], [ 110.376131740220814, -7.783665466303805 ], [ 110.376142953833465, -7.78363833369177 ], [ 110.376181648072517, -7.78311426795277 ], [ 110.37642021548497, -7.783116106106291 ], [ 110.379138501927983, -7.783137037057134 ] ] ] ] } },
{ "type": "Feature", "properties": { "OBJECTID": 231, "DESA": "KOTABARU", "NIB": "00187", "TIPEHAK": "Hak Guna Bangunan", "LUAS": 451.0, "TAHUN": 0, "Shape_Leng": 96.204902669099994, "Shape_Area": 439.99399587200003 }, "geometry": { "type": "MultiPolygon", "coordinates": [ [ [ [ 110.370574898190611, -7.786018388602916 ], [ 110.370532411724881, -7.786034582203049 ], [ 110.370473024882173, -7.7860572185031 ], [ 110.37034020448003, -7.785762572629067 ], [ 110.370446133637188, -7.785720542643165 ], [ 110.370574898190611, -7.786018388602916 ] ] ] ] } },
{ "type": "Feature", "properties": { "OBJECTID": 232, "DESA": "KOTABARU", "NIB": "00164", "TIPEHAK": "Hak Guna Bangunan", "LUAS": 321.0, "TAHUN": 0, "Shape_Leng": 80.331677958900002, "Shape_Area": 334.56652199400003 }, "geometry": { "type": "MultiPolygon", "coordinates": [ [ [ [ 110.377595912242157, -7.787820431164741 ], [ 110.377757806256056, -7.787829055610587 ], [ 110.377760790281243, -7.787847962379675 ], [ 110.377781817315736, -7.788005634938318 ], [ 110.377632287403657, -7.788022624131742 ], [ 110.377630677685829, -7.787936581100413 ], [ 110.377631330122099, -7.787856277706354 ], [ 110.377593451960394, -7.787852354175308 ], [ 110.377595912242157, -7.787820431164741 ] ] ] ] } },
{ "type": "Feature", "properties": { "OBJECTID": 233, "DESA": "KOTABARU", "NIB": "00165", "TIPEHAK": "Hak Guna Bangunan", "LUAS": 240.0, "TAHUN": 0, "Shape_Leng": 75.888965361800004, "Shape_Area": 240.5158082 }, "geometry": { "type": "MultiPolygon", "coordinates": [ [ [ [ 110.375285854076367, -7.78403819235989 ], [ 110.375556360884275, -7.784036602341536 ], [ 110.375557306040349, -7.784108035994736 ], [ 110.375285702152794, -7.784112226023477 ], [ 110.375285854076367, -7.78403819235989 ] ] ] ] } },
{ "type": "Feature", "properties": { "OBJECTID": 234, "DESA": "KOTABARU", "NIB": "00225", "TIPEHAK": "Hak Guna Bangunan", "LUAS": 550.0, "TAHUN": 0, "Shape_Leng": 114.59502463299999, "Shape_Area": 545.14885347999996 }, "geometry": { "type": "MultiPolygon", "coordinates": [ [ [ [ 110.373230305687983, -7.788240618092433 ], [ 110.373248677204543, -7.788267729495327 ], [ 110.373263952622565, -7.788287388601305 ], [ 110.373284146668453, -7.78831154948825 ], [ 110.373304049515468, -7.788332122238656 ], [ 110.373339482303493, -7.788359105355546 ], [ 110.373326570613798, -7.788403447274968 ], [ 110.373148517193798, -7.788368292007844 ], [ 110.373121087494468, -7.788361649353061 ], [ 110.372925772463219, -7.788314354605489 ], [ 110.37291236380095, -7.788322298412597 ], [ 110.372914607303443, -7.788234539307547 ], [ 110.373186128368019, -7.788239766926142 ], [ 110.373230305687983, -7.788240618092433 ] ] ] ] } },
{ "type": "Feature", "properties": { "OBJECTID": 235, "DESA": "KOTABARU", "NIB": "00040", "TIPEHAK": "Hak Guna Bangunan", "LUAS": 427.0, "TAHUN": 0, "Shape_Leng": 99.738478842299997, "Shape_Area": 454.84045877300002 }, "geometry": { "type": "MultiPolygon", "coordinates": [ [ [ [ 110.371035319455203, -7.787572610573619 ], [ 110.371023333372662, -7.787584127478421 ], [ 110.370877009018699, -7.787593296402211 ], [ 110.370873695284189, -7.787548923663721 ], [ 110.37086460139939, -7.787533278124322 ], [ 110.370903620914845, -7.787506891410637 ], [ 110.370864412999879, -7.787448197672051 ], [ 110.370820578475033, -7.787332778102845 ], [ 110.370930188955569, -7.787277661264372 ], [ 110.371035319455203, -7.787572610573619 ] ] ] ] } },
{ "type": "Feature", "properties": { "OBJECTID": 236, "DESA": "KOTABARU", "NIB": "00559", "TIPEHAK": "Hak Guna Bangunan", "LUAS": 397.0, "TAHUN": 0, "Shape_Leng": 110.987419493, "Shape_Area": 395.88691987200002 }, "geometry": { "type": "MultiPolygon", "coordinates": [ [ [ [ 110.37141219598432, -7.784871990769406 ], [ 110.371043333480017, -7.78501977739146 ], [ 110.371003928297071, -7.784914600437055 ], [ 110.371118820147416, -7.784867440506696 ], [ 110.371131099852335, -7.784894095273904 ], [ 110.371154782632573, -7.784884653879768 ], [ 110.371161456901802, -7.784899504180435 ], [ 110.371378640574378, -7.78481398347378 ], [ 110.37141219598432, -7.784871990769406 ] ] ] ] } },
{ "type": "Feature", "properties": { "OBJECTID": 237, "DESA": "KOTABARU", "NIB": "00558", "TIPEHAK": "Hak Guna Bangunan", "LUAS": 338.0, "TAHUN": 0, "Shape_Leng": 86.069861428400003, "Shape_Area": 337.69147876300002 }, "geometry": { "type": "MultiPolygon", "coordinates": [ [ [ [ 110.372716797890931, -7.787353897934755 ], [ 110.372624301801679, -7.787344197378763 ], [ 110.37265971761002, -7.787063370315391 ], [ 110.372671756353384, -7.787061559757629 ], [ 110.372754229398296, -7.787049155377857 ], [ 110.372725508912851, -7.787302795898233 ], [ 110.372724201004843, -7.787314345115504 ], [ 110.372716797890931, -7.787353897934755 ] ] ] ] } },
{ "type": "Feature", "properties": { "OBJECTID": 238, "DESA": "KOTABARU", "NIB": "00030", "TIPEHAK": "Hak Guna Bangunan", "LUAS": 664.0, "TAHUN": 0, "Shape_Leng": 103.09673297800001, "Shape_Area": 664.05898702000002 }, "geometry": { "type": "MultiPolygon", "coordinates": [ [ [ [ 110.376130318640961, -7.785103820672679 ], [ 110.376095932713184, -7.785327628289457 ], [ 110.375860637830229, -7.785302674022322 ], [ 110.375894257840073, -7.785080630260806 ], [ 110.375895795821549, -7.785071644852731 ], [ 110.376130318640961, -7.785103820672679 ] ] ] ] } },
{ "type": "Feature", "properties": { "OBJECTID": 239, "DESA": "KOTABARU", "NIB": "00029", "TIPEHAK": "Hak Guna Bangunan", "LUAS": 832.0, "TAHUN": 0, "Shape_Leng": 116.952947795, "Shape_Area": 832.818141814 }, "geometry": { "type": "MultiPolygon", "coordinates": [ [ [ [ 110.37614665691531, -7.784893606873065 ], [ 110.376130318640961, -7.785103820672679 ], [ 110.375895795821549, -7.785071644852731 ], [ 110.375894257840073, -7.785080630260806 ], [ 110.375850126308649, -7.785075025006674 ], [ 110.375823408890412, -7.78507163160201 ], [ 110.375855535040444, -7.784846631509616 ], [ 110.376126374887122, -7.78486940832453 ], [ 110.376139169121373, -7.784881310881192 ], [ 110.37614665691531, -7.784893606873065 ] ] ] ] } },
{ "type": "Feature", "properties": { "OBJECTID": 240, "DESA": "KOTABARU", "NIB": "00193", "TIPEHAK": "Hak Guna Bangunan", "LUAS": 450.0, "TAHUN": 0, "Shape_Leng": 111.045449362, "Shape_Area": 458.88924010800002 }, "geometry": { "type": "MultiPolygon", "coordinates": [ [ [ [ 110.374286267368063, -7.784612250836927 ], [ 110.374285077909903, -7.784627563958655 ], [ 110.374271857507054, -7.784626977266642 ], [ 110.374271626138352, -7.784637386792781 ], [ 110.374254806730946, -7.784636902459587 ], [ 110.374253863522995, -7.784657736065244 ], [ 110.374272290857576, -7.784684279490912 ], [ 110.374222055488104, -7.784992029585963 ], [ 110.374137519651867, -7.784983954003843 ], [ 110.374167782581026, -7.784604880883681 ], [ 110.374286267368063, -7.784612250836927 ] ] ] ] } },
{ "type": "Feature", "properties": { "OBJECTID": 241, "DESA": "KOTABARU", "NIB": "00052", "TIPEHAK": "Hak Guna Bangunan", "LUAS": 30.0, "TAHUN": 0, "Shape_Leng": 22.490624926599999, "Shape_Area": 29.992330432700001 }, "geometry": { "type": "MultiPolygon", "coordinates": [ [ [ [ 110.368517033510784, -7.787621521104166 ], [ 110.368455382791367, -7.787630209200276 ], [ 110.368449365337668, -7.787591337635619 ], [ 110.368461139710689, -7.787589679639804 ], [ 110.368511516357515, -7.787582579797392 ], [ 110.368517033510784, -7.787621521104166 ] ] ] ] } },
{ "type": "Feature", "properties": { "OBJECTID": 242, "DESA": "KOTABARU", "NIB": "00173", "TIPEHAK": "Hak Guna Bangunan", "LUAS": 1033.0, "TAHUN": 0, "Shape_Leng": 133.094429332, "Shape_Area": 1033.3211758800001 }, "geometry": { "type": "MultiPolygon", "coordinates": [ [ [ [ 110.373736831369044, -7.784582604476327 ], [ 110.373737503692567, -7.784206416092245 ], [ 110.373968548264344, -7.784211461043698 ], [ 110.37395339436199, -7.78459173273786 ], [ 110.373736831369044, -7.784582604476327 ] ] ] ] } },
{ "type": "Feature", "properties": { "OBJECTID": 243, "DESA": "KOTABARU", "NIB": "00152", "TIPEHAK": "Hak Guna Bangunan", "LUAS": 955.0, "TAHUN": 0, "Shape_Leng": 123.16441798, "Shape_Area": 954.90240192399995 }, "geometry": { "type": "MultiPolygon", "coordinates": [ [ [ [ 110.374438706777113, -7.785497601731184 ], [ 110.37440319423672, -7.785712376953455 ], [ 110.374395807403232, -7.785730836780478 ], [ 110.374389865211683, -7.785740315010535 ], [ 110.374377339036769, -7.785746630393457 ], [ 110.374364325934366, -7.785750720661497 ], [ 110.374223655777797, -7.785734409748549 ], [ 110.374194390306428, -7.78573517354352 ], [ 110.374118566622144, -7.785737072230066 ], [ 110.374125185354359, -7.785460839928958 ], [ 110.374216171854229, -7.785468511593945 ], [ 110.374438706777113, -7.785497601731184 ] ] ] ] } },
{ "type": "Feature", "properties": { "OBJECTID": 244, "DESA": "KOTABARU", "NIB": "00166", "TIPEHAK": "Hak Guna Bangunan", "LUAS": 239.0, "TAHUN": 0, "Shape_Leng": 75.939277112699997, "Shape_Area": 239.309927684 }, "geometry": { "type": "MultiPolygon", "coordinates": [ [ [ [ 110.375285702152794, -7.784112226023477 ], [ 110.375557306040349, -7.784108035994736 ], [ 110.37555742442683, -7.784180367407633 ], [ 110.375285377459264, -7.784184262685492 ], [ 110.375285559293104, -7.784167905495253 ], [ 110.375285702152794, -7.784112226023477 ] ] ] ] } },
{ "type": "Feature", "properties": { "OBJECTID": 245, "DESA": "KOTABARU", "NIB": "00183", "TIPEHAK": "Hak Guna Bangunan", "LUAS": 504.0, "TAHUN": 0, "Shape_Leng": 113.306752968, "Shape_Area": 504.90532979400001 }, "geometry": { "type": "MultiPolygon", "coordinates": [ [ [ [ 110.375235276193209, -7.78478655546838 ], [ 110.375200943633047, -7.784987374803348 ], [ 110.37516584842578, -7.785188985974067 ], [ 110.375054585850876, -7.7851678007162 ], [ 110.375084503888758, -7.784996096403197 ], [ 110.375107753688766, -7.784982518112726 ], [ 110.375141065897907, -7.784777540703238 ], [ 110.375235276193209, -7.78478655546838 ] ] ] ] } },
{ "type": "Feature", "properties": { "OBJECTID": 246, "DESA": "KOTABARU", "NIB": "00184", "TIPEHAK": "Hak Guna Bangunan", "LUAS": 1476.0, "TAHUN": 0, "Shape_Leng": 157.39497095199999, "Shape_Area": 1479.6886185200001 }, "geometry": { "type": "MultiPolygon", "coordinates": [ [ [ [ 110.374596078822634, -7.784640066938993 ], [ 110.374531309321171, -7.785011371870989 ], [ 110.374515274453174, -7.785025045565095 ], [ 110.374222055488104, -7.784992029585963 ], [ 110.374272290857576, -7.784684279490912 ], [ 110.374253863522995, -7.784657736065244 ], [ 110.374254806730946, -7.784636902459587 ], [ 110.374271626138352, -7.784637386792781 ], [ 110.374271857507054, -7.784626977266642 ], [ 110.374285077909903, -7.784627563958655 ], [ 110.374286267368063, -7.784612250836927 ], [ 110.374596078822634, -7.784640066938993 ] ] ] ] } },
{ "type": "Feature", "properties": { "OBJECTID": 247, "DESA": "KOTABARU", "NIB": "00577", "TIPEHAK": "Hak Pakai", "LUAS": 429.0, "TAHUN": 0, "Shape_Leng": 106.47036952099999, "Shape_Area": 432.27110676000001 }, "geometry": { "type": "MultiPolygon", "coordinates": [ [ [ [ 110.372310363837755, -7.788547261744067 ], [ 110.372272104195318, -7.788674059298475 ], [ 110.371968341774902, -7.788582881703292 ], [ 110.372011607642719, -7.788587068622213 ], [ 110.372098245465921, -7.788546357285836 ], [ 110.372232541455844, -7.788486941418256 ], [ 110.372282818819187, -7.788464721436916 ], [ 110.372315305673695, -7.788450364742406 ], [ 110.372342176324096, -7.788441830842086 ], [ 110.372310363837755, -7.788547261744067 ] ] ] ] } },
{ "type": "Feature", "properties": { "OBJECTID": 248, "DESA": "KOTABARU", "NIB": "00185", "TIPEHAK": "Hak Guna Bangunan", "LUAS": 568.0, "TAHUN": 0, "Shape_Leng": 130.292645529, "Shape_Area": 576.91677319500002 }, "geometry": { "type": "MultiPolygon", "coordinates": [ [ [ [ 110.371217949809846, -7.789235093680645 ], [ 110.371117049694348, -7.78924679605493 ], [ 110.370841317695877, -7.788876021022617 ], [ 110.370928057998938, -7.788815480770378 ], [ 110.371217949809846, -7.789235093680645 ] ] ] ] } },
{ "type": "Feature", "properties": { "OBJECTID": 249, "DESA": "KOTABARU", "NIB": "00186", "TIPEHAK": "Hak Guna Bangunan", "LUAS": 1030.0, "TAHUN": 0, "Shape_Leng": 142.161064971, "Shape_Area": 1069.21405787 }, "geometry": { "type": "MultiPolygon", "coordinates": [ [ [ [ 110.371041009986996, -7.785398292279229 ], [ 110.370798786020842, -7.7854796860008 ], [ 110.370763495953369, -7.785353003409322 ], [ 110.37071173578515, -7.785172386120593 ], [ 110.370896667407379, -7.785009231022359 ], [ 110.370960271175122, -7.785171240101755 ], [ 110.370934057324902, -7.785180775296141 ], [ 110.370951501284992, -7.785223787145083 ], [ 110.370974687059046, -7.785217317954189 ], [ 110.371041009986996, -7.785398292279229 ] ] ] ] } },
{ "type": "Feature", "properties": { "OBJECTID": 250, "DESA": "KOTABARU", "NIB": "00284", "TIPEHAK": "Hak Milik", "LUAS": 1034.0, "TAHUN": 0, "Shape_Leng": 136.860650252, "Shape_Area": 1034.9698794799999 }, "geometry": { "type": "MultiPolygon", "coordinates": [ [ [ [ 110.371459659607311, -7.786087124340946 ], [ 110.371260214799747, -7.786166881553342 ], [ 110.371097671086204, -7.785790324824041 ], [ 110.371286721861182, -7.785715122677668 ], [ 110.371308024427023, -7.785770873872872 ], [ 110.371459659607311, -7.786087124340946 ] ] ] ] } },
{ "type": "Feature", "properties": { "OBJECTID": 251, "DESA": "KOTABARU", "NIB": null, "TIPEHAK": "Hak Milik", "LUAS": 996.0, "TAHUN": 0, "Shape_Leng": 126.971463599, "Shape_Area": 995.8020729 }, "geometry": { "type": "MultiPolygon", "coordinates": [ [ [ [ 110.371175268619268, -7.785423437837888 ], [ 110.371286721861182, -7.785715122677668 ], [ 110.371097671086204, -7.785790324824041 ], [ 110.371052473994297, -7.785808313436001 ], [ 110.370927743204732, -7.785510716153984 ], [ 110.371175268619268, -7.785423437837888 ] ] ] ] } },
{ "type": "Feature", "properties": { "OBJECTID": 252, "DESA": "KOTABARU", "NIB": "00304", "TIPEHAK": "Hak Milik", "LUAS": 863.0, "TAHUN": 0, "Shape_Leng": 115.30575423000001, "Shape_Area": 863.56028559200001 }, "geometry": { "type": "MultiPolygon", "coordinates": [ [ [ [ 110.375290671296753, -7.784718737129739 ], [ 110.375289992732064, -7.78469799638951 ], [ 110.375283936009367, -7.784468307311283 ], [ 110.375557195773311, -7.784467703478154 ], [ 110.375562027552448, -7.784697262149101 ], [ 110.375551450529414, -7.784717945652034 ], [ 110.375533567253584, -7.784731672022408 ], [ 110.375516145519754, -7.784738012007963 ], [ 110.375290671296753, -7.784718737129739 ] ] ] ] } },
{ "type": "Feature", "properties": { "OBJECTID": 253, "DESA": "KOTABARU", "NIB": null, "TIPEHAK": "Hak Milik", "LUAS": 1463.0, "TAHUN": 0, "Shape_Leng": 159.097163443, "Shape_Area": 1463.54564327 }, "geometry": { "type": "MultiPolygon", "coordinates": [ [ [ [ 110.370877009018699, -7.787593296402211 ], [ 110.370887935637583, -7.78764867831306 ], [ 110.370812306160985, -7.787836137018858 ], [ 110.370478127187624, -7.787639278192876 ], [ 110.370462132961478, -7.787621809493889 ], [ 110.370469059120978, -7.787599681449609 ], [ 110.370477275849069, -7.787589635281015 ], [ 110.370495615627107, -7.787567211639048 ], [ 110.370655094380993, -7.787437908401134 ], [ 110.370820578475033, -7.787332778102845 ], [ 110.370864412999879, -7.787448197672051 ], [ 110.370903620914845, -7.787506891410637 ], [ 110.37086460139939, -7.787533278124322 ], [ 110.370873695284189, -7.787548923663721 ], [ 110.370877009018699, -7.787593296402211 ] ] ] ] } },
{ "type": "Feature", "properties": { "OBJECTID": 254, "DESA": "KOTABARU", "NIB": "00524", "TIPEHAK": "Hak Milik", "LUAS": 523.0, "TAHUN": 0, "Shape_Leng": 91.869882396799994, "Shape_Area": 523.13631865399998 }, "geometry": { "type": "MultiPolygon", "coordinates": [ [ [ [ 110.375703226993849, -7.785056042888407 ], [ 110.375670377293901, -7.785277552486719 ], [ 110.375477009013068, -7.785252034009993 ], [ 110.375489302833898, -7.785184892347474 ], [ 110.375517600921285, -7.785030382749091 ], [ 110.375663473789132, -7.78505103438104 ], [ 110.375683376237049, -7.785053542198592 ], [ 110.375703226993849, -7.785056042888407 ] ] ] ] } },
{ "type": "Feature", "properties": { "OBJECTID": 255, "DESA": "KOTABARU", "NIB": "00518", "TIPEHAK": "Hak Milik", "LUAS": 877.0, "TAHUN": 0, "Shape_Leng": 119.064925759, "Shape_Area": 877.47145086299997 }, "geometry": { "type": "MultiPolygon", "coordinates": [ [ [ [ 110.374815096743944, -7.784445395872623 ], [ 110.375150724052702, -7.784497471119393 ], [ 110.375132832698739, -7.784703963779033 ], [ 110.374850623800185, -7.784671408333453 ], [ 110.374815935145165, -7.784638966082813 ], [ 110.374793442567579, -7.784586189635949 ], [ 110.374815096743944, -7.784445395872623 ] ] ] ] } },
{ "type": "Feature", "properties": { "OBJECTID": 256, "DESA": "KOTABARU", "NIB": null, "TIPEHAK": "Hak Milik", "LUAS": 802.0, "TAHUN": 0, "Shape_Leng": 158.54673042799999, "Shape_Area": 802.32163075100004 }, "geometry": { "type": "MultiPolygon", "coordinates": [ [ [ [ 110.373440461072363, -7.788413102663465 ], [ 110.373319103899249, -7.788963766472972 ], [ 110.373207291097842, -7.788986869254433 ], [ 110.373326570613798, -7.788403447274968 ], [ 110.373339482303493, -7.788359105355546 ], [ 110.373440461072363, -7.788413102663465 ] ] ] ] } },
{ "type": "Feature", "properties": { "OBJECTID": 257, "DESA": "KOTABARU", "NIB": "00525", "TIPEHAK": "Hak Milik", "LUAS": 2605.0, "TAHUN": 0, "Shape_Leng": 223.72562952499999, "Shape_Area": 2604.2185330100001 }, "geometry": { "type": "MultiPolygon", "coordinates": [ [ [ [ 110.370494308403963, -7.786965126448596 ], [ 110.370515193784144, -7.787023012434586 ], [ 110.370416715322293, -7.787055611822301 ], [ 110.370181685812412, -7.787136454344926 ], [ 110.370071039018399, -7.787310224824527 ], [ 110.370011746237026, -7.787244523129102 ], [ 110.369855208229779, -7.787019502474148 ], [ 110.369870730040716, -7.786950373169422 ], [ 110.369985366418092, -7.786823426280597 ], [ 110.370054798857325, -7.786774094849632 ], [ 110.370186411603186, -7.786696465691574 ], [ 110.37022446435968, -7.78667828566612 ], [ 110.370304037041748, -7.786644710634187 ], [ 110.37042705264335, -7.786987165869712 ], [ 110.370494308403963, -7.786965126448596 ] ] ] ] } },
{ "type": "Feature", "properties": { "OBJECTID": 258, "DESA": "KOTABARU", "NIB": "00584", "TIPEHAK": "Hak Milik", "LUAS": 30.0, "TAHUN": 0, "Shape_Leng": 22.096089748499999, "Shape_Area": 30.2597456743 }, "geometry": { "type": "MultiPolygon", "coordinates": [ [ [ [ 110.369133477778362, -7.789257332178654 ], [ 110.369093896176153, -7.789220090998646 ], [ 110.369124171911736, -7.789186346854523 ], [ 110.369164247682846, -7.789223619569404 ], [ 110.369133477778362, -7.789257332178654 ] ] ] ] } },
{ "type": "Feature", "properties": { "OBJECTID": 259, "DESA": "KOTABARU", "NIB": "00191", "TIPEHAK": "Hak Milik", "LUAS": 1396.0, "TAHUN": 0, "Shape_Leng": 178.25169722000001, "Shape_Area": 1482.3095347399999 }, "geometry": { "type": "MultiPolygon", "coordinates": [ [ [ [ 110.373326570613798, -7.788403447274968 ], [ 110.373207291097842, -7.788986869254433 ], [ 110.373014835793498, -7.788922775145144 ], [ 110.373003629918387, -7.788918330615529 ], [ 110.373090624254147, -7.78857653620172 ], [ 110.373067617869424, -7.788571628619194 ], [ 110.373121087494468, -7.788361649353061 ], [ 110.373148517193798, -7.788368292007844 ], [ 110.373326570613798, -7.788403447274968 ] ] ] ] } },
{ "type": "Feature", "properties": { "OBJECTID": 260, "DESA": "KOTABARU", "NIB": "00190", "TIPEHAK": "Hak Milik", "LUAS": 870.0, "TAHUN": 0, "Shape_Leng": 121.690695769, "Shape_Area": 870.87646202600001 }, "geometry": { "type": "MultiPolygon", "coordinates": [ [ [ [ 110.375273507720806, -7.785620645157568 ], [ 110.375234949208263, -7.785944107727535 ], [ 110.375233070785242, -7.785959867131659 ], [ 110.37502732583782, -7.785928536571207 ], [ 110.375065765322404, -7.785589137882276 ], [ 110.375273507720806, -7.785620645157568 ] ] ] ] } },
{ "type": "Feature", "properties": { "OBJECTID": 261, "DESA": "KOTABARU", "NIB": "00741", "TIPEHAK": "Hak Pakai", "LUAS": 273.0, "TAHUN": 0, "Shape_Leng": 80.399289657200001, "Shape_Area": 273.00416736800003 }, "geometry": { "type": "MultiPolygon", "coordinates": [ [ [ [ 110.368490372649475, -7.787078239252711 ], [ 110.368499066901421, -7.787157850054689 ], [ 110.368212235539616, -7.787175134355119 ], [ 110.368206596140439, -7.787098814875887 ], [ 110.368490372649475, -7.787078239252711 ] ] ] ] } },
{ "type": "Feature", "properties": { "OBJECTID": 262, "DESA": "KOTABARU", "NIB": "00572", "TIPEHAK": "Hak Pakai", "LUAS": 30.0, "TAHUN": 0, "Shape_Leng": 22.0791066321, "Shape_Area": 30.042295902 }, "geometry": { "type": "MultiPolygon", "coordinates": [ [ [ [ 110.369204951440764, -7.789315271822862 ], [ 110.369175133006536, -7.789348315190328 ], [ 110.369134876864578, -7.789309312224036 ], [ 110.369139104022054, -7.789304726534996 ], [ 110.36914185307829, -7.789301745201294 ], [ 110.369156058787496, -7.789286334857494 ], [ 110.369164549291298, -7.789277127237138 ], [ 110.369204951440764, -7.789315271822862 ] ] ] ] } },
{ "type": "Feature", "properties": { "OBJECTID": 263, "DESA": "KOTABARU", "NIB": "00573", "TIPEHAK": "Hak Pakai", "LUAS": 15.0, "TAHUN": 0, "Shape_Leng": 16.152818623400002, "Shape_Area": 15.154401991 }, "geometry": { "type": "MultiPolygon", "coordinates": [ [ [ [ 110.369329090115784, -7.789428918315606 ], [ 110.369321334547777, -7.789437086419182 ], [ 110.369297166822236, -7.789462545595675 ], [ 110.369277587485612, -7.789443602237665 ], [ 110.369309956426775, -7.789410656710096 ], [ 110.369329090115784, -7.789428918315606 ] ] ] ] } },
{ "type": "Feature", "properties": { "OBJECTID": 264, "DESA": "KOTABARU", "NIB": "00574", "TIPEHAK": "Hak Pakai", "LUAS": 731.0, "TAHUN": 0, "Shape_Leng": 114.41897938, "Shape_Area": 731.54408829800002 }, "geometry": { "type": "MultiPolygon", "coordinates": [ [ [ [ 110.375286026868636, -7.783612393088888 ], [ 110.375286496179598, -7.783752081493509 ], [ 110.375286860650874, -7.783786611795829 ], [ 110.374936128924233, -7.783729242067682 ], [ 110.3749659914982, -7.783550896588442 ], [ 110.375286026868636, -7.783612393088888 ] ] ] ] } },
{ "type": "Feature", "properties": { "OBJECTID": 265, "DESA": "KOTABARU", "NIB": "00575", "TIPEHAK": "Hak Pakai", "LUAS": 713.0, "TAHUN": 0, "Shape_Leng": 109.56720384499999, "Shape_Area": 707.59896556399997 }, "geometry": { "type": "MultiPolygon", "coordinates": [ [ [ [ 110.373978246863402, -7.783850305244627 ], [ 110.373938770166248, -7.784148526492878 ], [ 110.373747148858826, -7.784133664878387 ], [ 110.373792978090719, -7.783825297273581 ], [ 110.373978246863402, -7.783850305244627 ] ] ] ] } },
{ "type": "Feature", "properties": { "OBJECTID": 266, "DESA": "KOTABARU", "NIB": "00542", "TIPEHAK": "Hak Guna Bangunan", "LUAS": 893.0, "TAHUN": 0, "Shape_Leng": 121.709544619, "Shape_Area": 925.44327809100002 }, "geometry": { "type": "MultiPolygon", "coordinates": [ [ [ [ 110.369240755878906, -7.787022018611224 ], [ 110.369034251219588, -7.787198548769221 ], [ 110.368856699613346, -7.786984630839384 ], [ 110.369062315535288, -7.786806220062729 ], [ 110.369240338703051, -7.787021513118856 ], [ 110.369240755878906, -7.787022018611224 ] ] ] ] } },
{ "type": "Feature", "properties": { "OBJECTID": 267, "DESA": "KOTABARU", "NIB": "00791", "TIPEHAK": "Kosong", "LUAS": 1139.0, "TAHUN": 2022, "Shape_Leng": 127.43815925600001, "Shape_Area": 1023.65842347 }, "geometry": { "type": "MultiPolygon", "coordinates": [ [ [ [ 110.373083237520177, -7.787116435194338 ], [ 110.373070023303384, -7.787308049709442 ], [ 110.372725508912851, -7.787302795898233 ], [ 110.372754229398296, -7.787049155377857 ], [ 110.373052321499571, -7.787060945340245 ], [ 110.37307637280901, -7.787098107808724 ], [ 110.373083237520177, -7.787116435194338 ] ] ] ] } },
{ "type": "Feature", "properties": { "OBJECTID": 268, "DESA": "KOTABARU", "NIB": "00750", "TIPEHAK": "Hak Guna Bangunan", "LUAS": 60.0, "TAHUN": 0, "Shape_Leng": 38.400315982800002, "Shape_Area": 60.235495847499998 }, "geometry": { "type": "MultiPolygon", "coordinates": [ [ [ [ 110.368940379287366, -7.788644362938704 ], [ 110.368824448603945, -7.788719497534883 ], [ 110.368804576055553, -7.788689784914708 ], [ 110.368920505827063, -7.788614649422062 ], [ 110.368940379287366, -7.788644362938704 ] ] ] ] } },
{ "type": "Feature", "properties": { "OBJECTID": 269, "DESA": "KOTABARU", "NIB": "00751", "TIPEHAK": "Hak Guna Bangunan", "LUAS": 60.0, "TAHUN": 0, "Shape_Leng": 38.399982768900003, "Shape_Area": 60.232935001900003 }, "geometry": { "type": "MultiPolygon", "coordinates": [ [ [ [ 110.368960251838402, -7.788674073743368 ], [ 110.368844322059999, -7.788749209247711 ], [ 110.368824448603945, -7.788719497534883 ], [ 110.368940379287366, -7.788644362938704 ], [ 110.368960251838402, -7.788674073743368 ] ] ] ] } },
{ "type": "Feature", "properties": { "OBJECTID": 270, "DESA": "KOTABARU", "NIB": "00752", "TIPEHAK": "Hak Guna Bangunan", "LUAS": 60.0, "TAHUN": 0, "Shape_Leng": 38.3998144981, "Shape_Area": 60.231825363799999 }, "geometry": { "type": "MultiPolygon", "coordinates": [ [ [ [ 110.368980124392351, -7.788703784546759 ], [ 110.368864194610524, -7.78877892005694 ], [ 110.368844322059999, -7.788749209247711 ], [ 110.368960251838402, -7.788674073743368 ], [ 110.368980124392351, -7.788703784546759 ] ] ] ] } },
{ "type": "Feature", "properties": { "OBJECTID": 271, "DESA": "KOTABARU", "NIB": "00197", "TIPEHAK": "Hak Guna Bangunan", "LUAS": 206.0, "TAHUN": 0, "Shape_Leng": 65.671325042800007, "Shape_Area": 206.54790295399999 }, "geometry": { "type": "MultiPolygon", "coordinates": [ [ [ [ 110.375517600921285, -7.785030382749091 ], [ 110.375489302833898, -7.785184892347474 ], [ 110.375477009013068, -7.785252034009993 ], [ 110.37540489305843, -7.785232334087121 ], [ 110.375438512860256, -7.785020557423763 ], [ 110.375517600921285, -7.785030382749091 ] ] ] ] } },
{ "type": "Feature", "properties": { "OBJECTID": 272, "DESA": "KOTABARU", "NIB": "00196", "TIPEHAK": "Hak Guna Bangunan", "LUAS": 204.0, "TAHUN": 0, "Shape_Leng": 64.394684888900002, "Shape_Area": 204.87744350200001 }, "geometry": { "type": "MultiPolygon", "coordinates": [ [ [ [ 110.375438512860256, -7.785020557423763 ], [ 110.37540489305843, -7.785232334087121 ], [ 110.375328432646171, -7.785218306970778 ], [ 110.37535845992717, -7.785010612913324 ], [ 110.375438512860256, -7.785020557423763 ] ] ] ] } },
{ "type": "Feature", "properties": { "OBJECTID": 273, "DESA": "KOTABARU", "NIB": "00705", "TIPEHAK": "Hak Guna Bangunan", "LUAS": 1091.0, "TAHUN": 0, "Shape_Leng": 142.73106545799999, "Shape_Area": 1089.33643239 }, "geometry": { "type": "MultiPolygon", "coordinates": [ [ [ [ 110.374934157194531, -7.78525267334201 ], [ 110.374926833681513, -7.785350598777016 ], [ 110.374982611437176, -7.785357053543898 ], [ 110.374961662556927, -7.785503487101331 ], [ 110.374971890019381, -7.78551836977889 ], [ 110.374966854621064, -7.785555464658649 ], [ 110.37498504622296, -7.785557921785403 ], [ 110.374982873912145, -7.785575362687019 ], [ 110.374941395882672, -7.785568844059733 ], [ 110.374726437585366, -7.785537648979901 ], [ 110.374628463617213, -7.785521987939698 ], [ 110.374661970928656, -7.785273256333801 ], [ 110.374663500628117, -7.785267259295948 ], [ 110.374666585541121, -7.785261011302027 ], [ 110.374672336412232, -7.785254149288713 ], [ 110.374679668299876, -7.785252047292959 ], [ 110.374685897001953, -7.785251767709193 ], [ 110.374687133894412, -7.785251904403381 ], [ 110.374697539572239, -7.785253055676116 ], [ 110.374733103646861, -7.785259944589779 ], [ 110.374767674232217, -7.785269528230708 ], [ 110.37479647543357, -7.785274422880937 ], [ 110.374799450146156, -7.785274928516579 ], [ 110.374887578416192, -7.785267465257905 ], [ 110.374934157194531, -7.78525267334201 ] ] ] ] } },
{ "type": "Feature", "properties": { "OBJECTID": 274, "DESA": "KOTABARU", "NIB": "00302", "TIPEHAK": "Hak Milik", "LUAS": 2990.0, "TAHUN": 0, "Shape_Leng": 216.280552422, "Shape_Area": 3002.7624711899998 }, "geometry": { "type": "MultiPolygon", "coordinates": [ [ [ [ 110.371520600289159, -7.78919474582491 ], [ 110.371217949809846, -7.789235093680645 ], [ 110.370928057998938, -7.788815480770378 ], [ 110.371271371112641, -7.788573498904008 ], [ 110.371571472259916, -7.789000488668449 ], [ 110.371520600289159, -7.78919474582491 ] ] ] ] } },
{ "type": "Feature", "properties": { "OBJECTID": 275, "DESA": "KOTABARU", "NIB": "00303", "TIPEHAK": "Hak Guna Bangunan", "LUAS": 801.0, "TAHUN": 0, "Shape_Leng": 126.882488724, "Shape_Area": 802.99815807599998 }, "geometry": { "type": "MultiPolygon", "coordinates": [ [ [ [ 110.370685649813538, -7.786409901471634 ], [ 110.370532132708973, -7.786472165595057 ], [ 110.370435465350695, -7.786232646472975 ], [ 110.370445488826419, -7.78622914114012 ], [ 110.370385061876462, -7.786091333400007 ], [ 110.370473024882173, -7.7860572185031 ], [ 110.370532411724881, -7.786034582203049 ], [ 110.370685649813538, -7.786409901471634 ] ] ] ] } },
{ "type": "Feature", "properties": { "OBJECTID": 276, "DESA": "KOTABARU", "NIB": "00305", "TIPEHAK": "Hak Guna Bangunan", "LUAS": 869.0, "TAHUN": 0, "Shape_Leng": 130.30372023699999, "Shape_Area": 869.18148435399996 }, "geometry": { "type": "MultiPolygon", "coordinates": [ [ [ [ 110.374631942161983, -7.783106389841865 ], [ 110.37459080629408, -7.783528980595984 ], [ 110.374424572937599, -7.783513732358998 ], [ 110.374459091214916, -7.783100531708127 ], [ 110.374631399979876, -7.783106372875992 ], [ 110.374631942161983, -7.783106389841865 ] ] ] ] } },
{ "type": "Feature", "properties": { "OBJECTID": 277, "DESA": "KOTABARU", "NIB": "00292", "TIPEHAK": "Hak Milik", "LUAS": 1840.0, "TAHUN": 0, "Shape_Leng": 176.69586167700001, "Shape_Area": 1840.486039 }, "geometry": { "type": "MultiPolygon", "coordinates": [ [ [ [ 110.375487485775906, -7.783107493900081 ], [ 110.375462400126708, -7.783474061298554 ], [ 110.375343207474089, -7.783466183138117 ], [ 110.375339180339012, -7.783465739353422 ], [ 110.375340130205018, -7.783446828046692 ], [ 110.375320025418162, -7.783445076525588 ], [ 110.375229300519521, -7.78343874181013 ], [ 110.375230120141751, -7.783425657378835 ], [ 110.375206594436776, -7.783424191401857 ], [ 110.375206156639834, -7.783424672430631 ], [ 110.375205701585671, -7.783425138123765 ], [ 110.37520522926863, -7.783425585768706 ], [ 110.375204740595365, -7.783426015363576 ], [ 110.375204235563942, -7.783426426004192 ], [ 110.375203715989457, -7.783426818590972 ], [ 110.375203181868173, -7.783427191315595 ], [ 110.375202635011377, -7.783427543270067 ], [ 110.375202074514362, -7.783427875360498 ], [ 110.375200918028014, -7.783428474512848 ], [ 110.375200324758467, -7.783428741569137 ], [ 110.375199720562875, -7.783428986043205 ], [ 110.375199108160999, -7.783429207929423 ], [ 110.375198488459489, -7.783429407225926 ], [ 110.375197860549804, -7.783429583030401 ], [ 110.375197227151787, -7.783429735337219 ], [ 110.375196588265425, -7.783429864146414 ], [ 110.375195945702032, -7.783429968550009 ], [ 110.375195299463485, -7.783430049452247 ], [ 110.375194649547893, -7.783430105948902 ], [ 110.375193998676949, -7.783430138938554 ], [ 110.375193347753495, -7.783430146610984 ], [ 110.375192695872798, -7.783430129872216 ], [ 110.375192045756535, -7.783430089620849 ], [ 110.375191397402816, -7.783430024952657 ], [ 110.375190751718236, -7.783429935865818 ], [ 110.375190110517892, -7.78342982326077 ], [ 110.375189472895173, -7.783429687139349 ], [ 110.37518884156799, -7.783429526591795 ], [ 110.375188216538206, -7.783429342522275 ], [ 110.375187598714305, -7.783429135833109 ], [ 110.375186989907618, -7.783428905616379 ], [ 110.375186389215301, -7.783428653682329 ], [ 110.375185798448655, -7.783428379122996 ], [ 110.375185218516151, -7.783428082840727 ], [ 110.3751846503244, -7.783427764833656 ], [ 110.375184093875262, -7.783427426005942 ], [ 110.375183021648212, -7.783426687685846 ], [ 110.375182507685352, -7.783426289093862 ], [ 110.375182008188645, -7.783425871484025 ], [ 110.375181524973172, -7.783425435756784 ], [ 110.375181058040837, -7.783424982816294 ], [ 110.375180609202914, -7.783424511754687 ], [ 110.375180177556558, -7.783424024382126 ], [ 110.375179764916865, -7.783423521599143 ], [ 110.375179371285697, -7.783423004309832 ], [ 110.375178996661177, -7.783422471610097 ], [ 110.375099138181781, -7.783414339518079 ], [ 110.375100005585395, -7.783407680169703 ], [ 110.374989437633275, -7.783392026153603 ], [ 110.375024678420303, -7.783188466155839 ], [ 110.37508787510599, -7.783103808385023 ], [ 110.375437959987991, -7.783107037326127 ], [ 110.375487485775906, -7.783107493900081 ] ] ] ] } },
{ "type": "Feature", "properties": { "OBJECTID": 278, "DESA": "KOTABARU", "NIB": "00293", "TIPEHAK": "Hak Milik", "LUAS": 15565.0, "TAHUN": 0, "Shape_Leng": 512.49758191900003, "Shape_Area": 15639.5397173 }, "geometry": { "type": "MultiPolygon", "coordinates": [ [ [ [ 110.37578098463166, -7.786169907784633 ], [ 110.376512846579573, -7.786510724815048 ], [ 110.376536961483751, -7.786529075241432 ], [ 110.376577941041745, -7.78659232635983 ], [ 110.376589959449603, -7.786642253521138 ], [ 110.376585944562407, -7.786700494407717 ], [ 110.376572683958045, -7.786737298871169 ], [ 110.37649717740328, -7.786887916806711 ], [ 110.376323812456064, -7.787237938344516 ], [ 110.376218981362285, -7.787449590051599 ], [ 110.37620866474407, -7.787467328989408 ], [ 110.37619619404046, -7.78748333181205 ], [ 110.376181238877933, -7.787496985256682 ], [ 110.376164078236457, -7.787507729956675 ], [ 110.376145917174895, -7.787516522767575 ], [ 110.376109082743724, -7.787524037666302 ], [ 110.376088949686348, -7.787523173273031 ], [ 110.37591297091133, -7.787494150701467 ], [ 110.375880005118034, -7.787487765601458 ], [ 110.375718457359113, -7.787458544951624 ], [ 110.375547267213378, -7.787377504180685 ], [ 110.375517452934119, -7.787362447681875 ], [ 110.37550234113985, -7.787354815872268 ], [ 110.375220242682531, -7.78716535368996 ], [ 110.375192886964967, -7.787145838949763 ], [ 110.375175371157368, -7.787133546464545 ], [ 110.37533265999727, -7.786798279617116 ], [ 110.375301594980726, -7.786727908185931 ], [ 110.375336116079652, -7.786723632429828 ], [ 110.375342561309566, -7.786722833381527 ], [ 110.375372562281271, -7.78672434202157 ], [ 110.375478946543979, -7.786503442835884 ], [ 110.375464753446138, -7.786495504411963 ], [ 110.375541022183867, -7.786331055452363 ], [ 110.375419454983501, -7.786311269591148 ], [ 110.375461816852521, -7.786111113624044 ], [ 110.37578098463166, -7.786169907784633 ] ] ] ] } },
{ "type": "Feature", "properties": { "OBJECTID": 279, "DESA": "KOTABARU", "NIB": "00294", "TIPEHAK": "Hak Milik", "LUAS": 23798.0, "TAHUN": 0, "Shape_Leng": 654.90835231100004, "Shape_Area": 23797.5973419 }, "geometry": { "type": "MultiPolygon", "coordinates": [ [ [ [ 110.374335026201479, -7.785812367343373 ], [ 110.374351097988693, -7.785824359042017 ], [ 110.374361463057667, -7.785838714308408 ], [ 110.374364934575723, -7.785851456245102 ], [ 110.374242964293742, -7.786579672024804 ], [ 110.374214470988051, -7.786654688219929 ], [ 110.374187528593509, -7.786690640159063 ], [ 110.374159923833489, -7.78671321143359 ], [ 110.374133735340521, -7.78671923308864 ], [ 110.373854283367123, -7.78670217741257 ], [ 110.373797166547803, -7.786701933451792 ], [ 110.37350725208826, -7.786711030234597 ], [ 110.373450324823366, -7.786714764278434 ], [ 110.373267960386059, -7.78673656925993 ], [ 110.373209959976734, -7.786747448594176 ], [ 110.372997348604059, -7.786810120105597 ], [ 110.372852249199468, -7.786852890526521 ], [ 110.372579433906736, -7.786888625135039 ], [ 110.372523845364242, -7.786882138938535 ], [ 110.372471492541436, -7.786862083203045 ], [ 110.37242900301159, -7.786832965249473 ], [ 110.372389655555409, -7.786788831245991 ], [ 110.372077663901408, -7.785986279646615 ], [ 110.372084069377109, -7.785971076957004 ], [ 110.372094827480225, -7.785956316506984 ], [ 110.372350734890404, -7.785855244001766 ], [ 110.374199716353587, -7.78579103615292 ], [ 110.374335026201479, -7.785812367343373 ] ] ] ] } },
{ "type": "Feature", "properties": { "OBJECTID": 280, "DESA": "KOTABARU", "NIB": "00297", "TIPEHAK": "Hak Milik", "LUAS": 3935.0, "TAHUN": 0, "Shape_Leng": 453.70371762000002, "Shape_Area": 3951.1861547899998 }, "geometry": { "type": "MultiPolygon", "coordinates": [ [ [ [ 110.37043993962088, -7.789671106615482 ], [ 110.37057776752043, -7.78965823265872 ], [ 110.370583340096587, -7.789684385812018 ], [ 110.3714623554973, -7.789483205070609 ], [ 110.371459389300767, -7.789664019662399 ], [ 110.37145881680533, -7.789698901840901 ], [ 110.370270757247894, -7.789778806033278 ], [ 110.370271191595577, -7.78982759172083 ], [ 110.370234213277428, -7.78983057733946 ], [ 110.36993466657691, -7.789854766385469 ], [ 110.369915833923017, -7.789850604164815 ], [ 110.369735192888896, -7.789606450627889 ], [ 110.369889926252185, -7.789554806617297 ], [ 110.370137828730918, -7.789384103500837 ], [ 110.370385824322042, -7.789700803814006 ], [ 110.37043993962088, -7.789671106615482 ] ] ] ] } },
{ "type": "Feature", "properties": { "OBJECTID": 281, "DESA": "KOTABARU", "NIB": "00296", "TIPEHAK": "Hak Milik", "LUAS": 25164.0, "TAHUN": 0, "Shape_Leng": 706.36027038999998, "Shape_Area": 25162.155270899999 }, "geometry": { "type": "MultiPolygon", "coordinates": [ [ [ [ 110.377044563370347, -7.78711881999877 ], [ 110.376992346471681, -7.787598839758262 ], [ 110.377267028019133, -7.787630545616363 ], [ 110.377187850325384, -7.788327457767378 ], [ 110.377183095909302, -7.788351790326711 ], [ 110.377164470590898, -7.788376241103814 ], [ 110.377144558152764, -7.788392105639244 ], [ 110.377116744876204, -7.788401566770411 ], [ 110.376181860868741, -7.788495275517166 ], [ 110.376068988037105, -7.788495418389633 ], [ 110.375850898754905, -7.788471727171877 ], [ 110.375724743062307, -7.788449563886318 ], [ 110.3755992970801, -7.788419894312634 ], [ 110.375157079850496, -7.7882585956847 ], [ 110.37513202445966, -7.788242733651944 ], [ 110.375115213191449, -7.788223961187644 ], [ 110.375100821990941, -7.78819180170183 ], [ 110.375096952314365, -7.788161971391619 ], [ 110.375097069270083, -7.788130957403449 ], [ 110.375101448217123, -7.788100386712487 ], [ 110.375110995386137, -7.788070076609813 ], [ 110.375123458896212, -7.78804708443261 ], [ 110.375421290616629, -7.787527916968985 ], [ 110.375438755068544, -7.787511967147227 ], [ 110.375457222604496, -7.787498818245032 ], [ 110.375482674756555, -7.787487463300058 ], [ 110.375509315631575, -7.78748098852912 ], [ 110.375535786260727, -7.787479848833865 ], [ 110.375561817103971, -7.787485220218917 ], [ 110.375785806358522, -7.787556188631148 ], [ 110.375894101272522, -7.787578207992085 ], [ 110.376126808230069, -7.787612357641275 ], [ 110.376188458918918, -7.787612953580287 ], [ 110.376192639074588, -7.787617646732114 ], [ 110.376235421004012, -7.78756918411056 ], [ 110.37645741698411, -7.787117262857199 ], [ 110.376471602190804, -7.787093905414983 ], [ 110.376489335368589, -7.787076417876388 ], [ 110.376512425403988, -7.787062716862941 ], [ 110.37653888246578, -7.787055066964084 ], [ 110.376567167582721, -7.787054556389636 ], [ 110.377044563370347, -7.78711881999877 ] ] ] ] } },
{ "type": "Feature", "properties": { "OBJECTID": 282, "DESA": "KOTABARU", "NIB": "00298", "TIPEHAK": "Hak Milik", "LUAS": 4176.0, "TAHUN": 0, "Shape_Leng": 316.84945567400001, "Shape_Area": 4160.4647816699999 }, "geometry": { "type": "MultiPolygon", "coordinates": [ [ [ [ 110.3714623554973, -7.789483205070609 ], [ 110.370583340096587, -7.789684385812018 ], [ 110.37057776752043, -7.78965823265872 ], [ 110.37043993962088, -7.789671106615482 ], [ 110.370314016871319, -7.789474694424243 ], [ 110.370664951618465, -7.789348038735672 ], [ 110.370651664148838, -7.789329978576585 ], [ 110.370837687216081, -7.789279196764428 ], [ 110.370945587459758, -7.789266682573822 ], [ 110.371117049694348, -7.78924679605493 ], [ 110.371217949809846, -7.789235093680645 ], [ 110.371520600289159, -7.78919474582491 ], [ 110.3714623554973, -7.789483205070609 ] ] ] ] } },
{ "type": "Feature", "properties": { "OBJECTID": 283, "DESA": "KOTABARU", "NIB": "00299", "TIPEHAK": "Hak Milik", "LUAS": 1479.0, "TAHUN": 0, "Shape_Leng": 175.94992829899999, "Shape_Area": 1479.1499982600001 }, "geometry": { "type": "MultiPolygon", "coordinates": [ [ [ [ 110.372980716707374, -7.788996523446584 ], [ 110.37296245444405, -7.789097060116194 ], [ 110.372425850615201, -7.789190327362354 ], [ 110.372371109174679, -7.789179765148907 ], [ 110.372400835510248, -7.789138716967351 ], [ 110.372423185079683, -7.789124565579572 ], [ 110.372424141775852, -7.789118975707252 ], [ 110.372470847788776, -7.788846034376773 ], [ 110.372980716707374, -7.788996523446584 ] ] ] ] } },
{ "type": "Feature", "properties": { "OBJECTID": 284, "DESA": "KOTABARU", "NIB": "00295", "TIPEHAK": "Hak Milik", "LUAS": 30460.0, "TAHUN": 0, "Shape_Leng": 639.53133621100005, "Shape_Area": 30469.066667800002 }, "geometry": { "type": "MultiPolygon", "coordinates": [ [ [ [ 110.373748804681412, -7.786886710561519 ], [ 110.373839207714411, -7.78689616925425 ], [ 110.373870590943156, -7.786900139071977 ], [ 110.374225698159705, -7.78693752589365 ], [ 110.374307933561951, -7.786955290949381 ], [ 110.374560813580885, -7.787033833666135 ], [ 110.374689301544933, -7.787081359619503 ], [ 110.374739203969909, -7.787104067593345 ], [ 110.374823602434788, -7.787148856156653 ], [ 110.374958449870959, -7.787234618887935 ], [ 110.37504345634305, -7.787301946722328 ], [ 110.375088035504447, -7.787344897812772 ], [ 110.375131759164091, -7.787425577124054 ], [ 110.37513861363027, -7.787537651902057 ], [ 110.375119699960862, -7.787608869755425 ], [ 110.375030602247293, -7.78780472961899 ], [ 110.374828650730919, -7.788197792235404 ], [ 110.374803885997338, -7.788241176692527 ], [ 110.374751256176182, -7.788317151440827 ], [ 110.374707050031859, -7.788360089557313 ], [ 110.374662476404069, -7.788394143847987 ], [ 110.374588051720778, -7.788436525838578 ], [ 110.374545409078692, -7.788457429197825 ], [ 110.374487274118465, -7.788481329356153 ], [ 110.374442988851186, -7.788493132699737 ], [ 110.374373326672625, -7.788503218883402 ], [ 110.37434803919308, -7.788503530546461 ], [ 110.374299881937318, -7.788505791796614 ], [ 110.374037242585857, -7.788492568016259 ], [ 110.373935894013968, -7.788472772652898 ], [ 110.373791836785969, -7.788437233820224 ], [ 110.373680501285065, -7.788403139303372 ], [ 110.373594917236119, -7.788373437594334 ], [ 110.373561309547597, -7.788361821086154 ], [ 110.373494728038466, -7.788337781120618 ], [ 110.373453267239569, -7.788317827866583 ], [ 110.373415014929648, -7.788296117482992 ], [ 110.373364438766828, -7.788256761876368 ], [ 110.373315678851554, -7.788209669877025 ], [ 110.373289096846378, -7.78817194933549 ], [ 110.373271888187261, -7.788125856563274 ], [ 110.37325427777823, -7.78796369538831 ], [ 110.373232617858093, -7.787856401646839 ], [ 110.373207268354335, -7.78749226096682 ], [ 110.373205827331702, -7.787432952599942 ], [ 110.373211872832684, -7.787287704414027 ], [ 110.373238871784494, -7.787151600558587 ], [ 110.37326412926231, -7.787079482677086 ], [ 110.373288665006953, -7.787026158994106 ], [ 110.3733025001942, -7.787000490342795 ], [ 110.373322709004668, -7.786974025532829 ], [ 110.373334457200826, -7.786965880790874 ], [ 110.373367871984641, -7.786946571672219 ], [ 110.373403448186451, -7.786929920942095 ], [ 110.373550677613295, -7.786902248654162 ], [ 110.373662518870361, -7.786890968084071 ], [ 110.373699356964238, -7.786888278155986 ], [ 110.373735245169996, -7.786887016091862 ], [ 110.373748804681412, -7.786886710561519 ] ] ] ] } },
{ "type": "Feature", "properties": { "OBJECTID": 285, "DESA": "KOTABARU", "NIB": "00616", "TIPEHAK": "Kosong", "LUAS": 13.0, "TAHUN": 2019, "Shape_Leng": 15.6168790563, "Shape_Area": 13.427068783 }, "geometry": { "type": "MultiPolygon", "coordinates": [ [ [ [ 110.371336164458015, -7.783102110840732 ], [ 110.371333347731152, -7.783125857090694 ], [ 110.371283713868351, -7.783120504053773 ], [ 110.371293157657703, -7.783097981126091 ], [ 110.371336164458015, -7.783102110840732 ] ] ] ] } },
{ "type": "Feature", "properties": { "OBJECTID": 286, "DESA": "KOTABARU", "NIB": "00617", "TIPEHAK": "Kosong", "LUAS": 41.0, "TAHUN": 2019, "Shape_Leng": 26.017624598299999, "Shape_Area": 41.595830343199999 }, "geometry": { "type": "MultiPolygon", "coordinates": [ [ [ [ 110.371333347731152, -7.783125857090694 ], [ 110.371326312259157, -7.783193344154643 ], [ 110.37127397296814, -7.783184419691429 ], [ 110.371283713868351, -7.783120504053773 ], [ 110.371333347731152, -7.783125857090694 ] ] ] ] } },
{ "type": "Feature", "properties": { "OBJECTID": 287, "DESA": "KOTABARU", "NIB": "00618", "TIPEHAK": "Kosong", "LUAS": 36.0, "TAHUN": 2019, "Shape_Leng": 25.302976678699999, "Shape_Area": 36.429944572499998 }, "geometry": { "type": "MultiPolygon", "coordinates": [ [ [ [ 110.37127397296814, -7.783184419691429 ], [ 110.371326312259157, -7.783193344154643 ], [ 110.371321804266515, -7.783234430855202 ], [ 110.371255675049156, -7.783221744344088 ], [ 110.371246772324511, -7.783220036527773 ], [ 110.371256743251848, -7.783180584235773 ], [ 110.37127397296814, -7.783184419691429 ] ] ] ] } },
{ "type": "Feature", "properties": { "OBJECTID": 288, "DESA": "KOTABARU", "NIB": "00619", "TIPEHAK": "Kosong", "LUAS": 22.0, "TAHUN": 2019, "Shape_Leng": 21.343219829700001, "Shape_Area": 22.780726795700001 }, "geometry": { "type": "MultiPolygon", "coordinates": [ [ [ [ 110.371321804266515, -7.783234430855202 ], [ 110.371318269166821, -7.783261961719885 ], [ 110.371249076827354, -7.783246780505378 ], [ 110.371247682748461, -7.783246474135137 ], [ 110.371255675049156, -7.783221744344088 ], [ 110.371321804266515, -7.783234430855202 ] ] ] ] } },
{ "type": "Feature", "properties": { "OBJECTID": 289, "DESA": "KOTABARU", "NIB": "00620", "TIPEHAK": "Kosong", "LUAS": 48.0, "TAHUN": 2019, "Shape_Leng": 29.1501447425, "Shape_Area": 48.418001246899998 }, "geometry": { "type": "MultiPolygon", "coordinates": [ [ [ [ 110.371247682748461, -7.783246474135137 ], [ 110.371249076827354, -7.783246780505378 ], [ 110.371318269166821, -7.783261961719885 ], [ 110.371312736491831, -7.783306452999581 ], [ 110.371255231076333, -7.783296507464579 ], [ 110.371222078560166, -7.783288645795751 ], [ 110.371241375568928, -7.783244740191123 ], [ 110.371247682748461, -7.783246474135137 ] ] ] ] } },
{ "type": "Feature", "properties": { "OBJECTID": 290, "DESA": "KOTABARU", "NIB": "00621", "TIPEHAK": "Kosong", "LUAS": 27.0, "TAHUN": 2019, "Shape_Leng": 21.463603999299998, "Shape_Area": 27.624218284600001 }, "geometry": { "type": "MultiPolygon", "coordinates": [ [ [ [ 110.371312736491831, -7.783306452999581 ], [ 110.371307560132095, -7.783344808604909 ], [ 110.371249994432318, -7.783335087433214 ], [ 110.371255231076333, -7.783296507464579 ], [ 110.371312736491831, -7.783306452999581 ] ] ] ] } },
{ "type": "Feature", "properties": { "OBJECTID": 291, "DESA": "KOTABARU", "NIB": "00622", "TIPEHAK": "Kosong", "LUAS": 18.0, "TAHUN": 2019, "Shape_Leng": 18.184422115099999, "Shape_Area": 18.469939848500001 }, "geometry": { "type": "MultiPolygon", "coordinates": [ [ [ [ 110.371306903200193, -7.783350687202034 ], [ 110.371303861246687, -7.783376879753768 ], [ 110.371248895310686, -7.783372250172156 ], [ 110.37125158764006, -7.783351042244687 ], [ 110.371252945204091, -7.783343763423474 ], [ 110.371306903200193, -7.783350687202034 ] ] ] ] } },
{ "type": "Feature", "properties": { "OBJECTID": 292, "DESA": "KOTABARU", "NIB": "00623", "TIPEHAK": "Kosong", "LUAS": 43.0, "TAHUN": 2019, "Shape_Leng": 30.3413820673, "Shape_Area": 43.576738886299999 }, "geometry": { "type": "MultiPolygon", "coordinates": [ [ [ [ 110.371215555458818, -7.783422945264459 ], [ 110.371210116658617, -7.783399189749562 ], [ 110.371244408149266, -7.783400598573418 ], [ 110.371248895310686, -7.783372250172156 ], [ 110.371303861246687, -7.783376879753768 ], [ 110.371297211348647, -7.783426938629767 ], [ 110.371215555458818, -7.783422945264459 ] ] ] ] } },
{ "type": "Feature", "properties": { "OBJECTID": 293, "DESA": "KOTABARU", "NIB": "00624", "TIPEHAK": "Kosong", "LUAS": 32.0, "TAHUN": 2019, "Shape_Leng": 24.9601478071, "Shape_Area": 32.913302389800002 }, "geometry": { "type": "MultiPolygon", "coordinates": [ [ [ [ 110.371217500462834, -7.783456918091055 ], [ 110.371215555458818, -7.783422945264459 ], [ 110.371297211348647, -7.783426938629767 ], [ 110.371292692863975, -7.783461629097843 ], [ 110.371217500462834, -7.783456918091055 ] ] ] ] } },
{ "type": "Feature", "properties": { "OBJECTID": 294, "DESA": "KOTABARU", "NIB": "00625", "TIPEHAK": "Kosong", "LUAS": 25.0, "TAHUN": 2019, "Shape_Leng": 22.316854089, "Shape_Area": 25.071657523500001 }, "geometry": { "type": "MultiPolygon", "coordinates": [ [ [ [ 110.371292692863975, -7.783461629097843 ], [ 110.371289091855644, -7.783491488392084 ], [ 110.371219762698374, -7.78348382762254 ], [ 110.371217500462834, -7.783456918091055 ], [ 110.371292692863975, -7.783461629097843 ] ] ] ] } },
{ "type": "Feature", "properties": { "OBJECTID": 295, "DESA": "KOTABARU", "NIB": "00626", "TIPEHAK": "Kosong", "LUAS": 44.0, "TAHUN": 2019, "Shape_Leng": 26.917971174400002, "Shape_Area": 44.519126268400001 }, "geometry": { "type": "MultiPolygon", "coordinates": [ [ [ [ 110.371289091855644, -7.783491488392084 ], [ 110.3712826736663, -7.783543558619078 ], [ 110.371241983677137, -7.783539665564342 ], [ 110.371214910818679, -7.783537074602753 ], [ 110.371219762698374, -7.78348382762254 ], [ 110.371289091855644, -7.783491488392084 ] ] ] ] } },
{ "type": "Feature", "properties": { "OBJECTID": 296, "DESA": "KOTABARU", "NIB": "00627", "TIPEHAK": "Kosong", "LUAS": 18.0, "TAHUN": 2019, "Shape_Leng": 17.258459383999998, "Shape_Area": 18.594527706699999 }, "geometry": { "type": "MultiPolygon", "coordinates": [ [ [ [ 110.3712826736663, -7.783543558619078 ], [ 110.371277661771089, -7.783581216754424 ], [ 110.371238213619876, -7.783577225304437 ], [ 110.371241983677137, -7.783539665564342 ], [ 110.3712826736663, -7.783543558619078 ] ] ] ] } },
{ "type": "Feature", "properties": { "OBJECTID": 297, "DESA": "KOTABARU", "NIB": "00628", "TIPEHAK": "Kosong", "LUAS": 18.0, "TAHUN": 2019, "Shape_Leng": 17.478554103499999, "Shape_Area": 18.879910184 }, "geometry": { "type": "MultiPolygon", "coordinates": [ [ [ [ 110.371277661771089, -7.783581216754424 ], [ 110.371272135997771, -7.783616760136153 ], [ 110.371228333890627, -7.783612112143964 ], [ 110.371235507753894, -7.78357695146711 ], [ 110.371238213619876, -7.783577225304437 ], [ 110.371277661771089, -7.783581216754424 ] ] ] ] } },
{ "type": "Feature", "properties": { "OBJECTID": 298, "DESA": "KOTABARU", "NIB": "00629", "TIPEHAK": "Kosong", "LUAS": 50.0, "TAHUN": 2019, "Shape_Leng": 30.297387411500001, "Shape_Area": 50.027378759299999 }, "geometry": { "type": "MultiPolygon", "coordinates": [ [ [ [ 110.371228333890627, -7.783612112143964 ], [ 110.371272135997771, -7.783616760136153 ], [ 110.371265052247921, -7.783670093077954 ], [ 110.371179603991578, -7.78365424450229 ], [ 110.371186776275806, -7.78361612169615 ], [ 110.371187039927335, -7.78361472236966 ], [ 110.371213069021096, -7.783619816471355 ], [ 110.37121481167614, -7.783610676936353 ], [ 110.371228333890627, -7.783612112143964 ] ] ] ] } },
{ "type": "Feature", "properties": { "OBJECTID": 299, "DESA": "KOTABARU", "NIB": "00630", "TIPEHAK": "Kosong", "LUAS": 47.0, "TAHUN": 2019, "Shape_Leng": 28.683472364299998, "Shape_Area": 47.367757688899999 }, "geometry": { "type": "MultiPolygon", "coordinates": [ [ [ [ 110.37126422775529, -7.783676049779724 ], [ 110.371260048690971, -7.783719691954905 ], [ 110.371182068037257, -7.783712151128305 ], [ 110.371179866024562, -7.783660403319762 ], [ 110.37126422775529, -7.783676049779724 ] ] ] ] } },
{ "type": "Feature", "properties": { "OBJECTID": 300, "DESA": "KOTABARU", "NIB": "00631", "TIPEHAK": "Kosong", "LUAS": 42.0, "TAHUN": 2019, "Shape_Leng": 26.850211167800001, "Shape_Area": 42.605097449799999 }, "geometry": { "type": "MultiPolygon", "coordinates": [ [ [ [ 110.371260048690971, -7.783719691954905 ], [ 110.371253879248869, -7.783767098752862 ], [ 110.371184052840547, -7.783758811494624 ], [ 110.371182068037257, -7.783712151128305 ], [ 110.371260048690971, -7.783719691954905 ] ] ] ] } },
{ "type": "Feature", "properties": { "OBJECTID": 301, "DESA": "KOTABARU", "NIB": "00632", "TIPEHAK": "Kosong", "LUAS": 40.0, "TAHUN": 2019, "Shape_Leng": 25.834653065400001, "Shape_Area": 40.2770599957 }, "geometry": { "type": "MultiPolygon", "coordinates": [ [ [ [ 110.371253879248869, -7.783767098752862 ], [ 110.37124834900041, -7.783811451685779 ], [ 110.371193267939177, -7.783806417261618 ], [ 110.371173567342879, -7.783800650101386 ], [ 110.371184052840547, -7.783758811494624 ], [ 110.371253879248869, -7.783767098752862 ] ] ] ] } },
{ "type": "Feature", "properties": { "OBJECTID": 302, "DESA": "KOTABARU", "NIB": "00633", "TIPEHAK": "Kosong", "LUAS": 30.0, "TAHUN": 2019, "Shape_Leng": 22.2284523967, "Shape_Area": 30.569181680900002 }, "geometry": { "type": "MultiPolygon", "coordinates": [ [ [ [ 110.371187726920382, -7.783848630898378 ], [ 110.371193267939177, -7.783806417261618 ], [ 110.37124834900041, -7.783811451685779 ], [ 110.371241372371898, -7.783859587112061 ], [ 110.371187726920382, -7.783848630898378 ] ] ] ] } },
{ "type": "Feature", "properties": { "OBJECTID": 303, "DESA": "KOTABARU", "NIB": "00634", "TIPEHAK": "Kosong", "LUAS": 41.0, "TAHUN": 2019, "Shape_Leng": 25.689677992899998, "Shape_Area": 41.1342054367 }, "geometry": { "type": "MultiPolygon", "coordinates": [ [ [ [ 110.371187726920382, -7.783848630898378 ], [ 110.371241372371898, -7.783859587112061 ], [ 110.371235584252531, -7.783915163405004 ], [ 110.371173727815602, -7.783906461931814 ], [ 110.371187726920382, -7.783848630898378 ] ] ] ] } },
{ "type": "Feature", "properties": { "OBJECTID": 304, "DESA": "KOTABARU", "NIB": "00635", "TIPEHAK": "Kosong", "LUAS": 19.0, "TAHUN": 2019, "Shape_Leng": 19.603895588299999, "Shape_Area": 19.848466763200001 }, "geometry": { "type": "MultiPolygon", "coordinates": [ [ [ [ 110.371169927105925, -7.783932253676316 ], [ 110.371173727815602, -7.783906461931814 ], [ 110.371235584252531, -7.783915163405004 ], [ 110.371232773843175, -7.783940654732096 ], [ 110.371169927105925, -7.783932253676316 ] ] ] ] } },
{ "type": "Feature", "properties": { "OBJECTID": 305, "DESA": "KOTABARU", "NIB": "00636", "TIPEHAK": "Kosong", "LUAS": 22.0, "TAHUN": 2019, "Shape_Leng": 22.125136208299999, "Shape_Area": 22.978848102899999 }, "geometry": { "type": "MultiPolygon", "coordinates": [ [ [ [ 110.371232773843175, -7.783940654732096 ], [ 110.371229590508548, -7.78396731232863 ], [ 110.371153473830219, -7.783953647197509 ], [ 110.371160941097969, -7.783931052378398 ], [ 110.371169927105925, -7.783932253676316 ], [ 110.371232773843175, -7.783940654732096 ] ] ] ] } },
{ "type": "Feature", "properties": { "OBJECTID": 306, "DESA": "KOTABARU", "NIB": "00637", "TIPEHAK": "Kosong", "LUAS": 25.0, "TAHUN": 2019, "Shape_Leng": 23.356462077700002, "Shape_Area": 25.434672419599998 }, "geometry": { "type": "MultiPolygon", "coordinates": [ [ [ [ 110.371229590508548, -7.78396731232863 ], [ 110.37122532105785, -7.783992650227555 ], [ 110.37114495962841, -7.783979408838769 ], [ 110.371153473830219, -7.783953647197509 ], [ 110.371229590508548, -7.78396731232863 ] ] ] ] } },
{ "type": "Feature", "properties": { "OBJECTID": 307, "DESA": "KOTABARU", "NIB": "00638", "TIPEHAK": "Kosong", "LUAS": 29.0, "TAHUN": 2019, "Shape_Leng": 26.303716939200001, "Shape_Area": 29.0577373986 }, "geometry": { "type": "MultiPolygon", "coordinates": [ [ [ [ 110.37122532105785, -7.783992650227555 ], [ 110.371217450661163, -7.78402592980755 ], [ 110.371166507594808, -7.784005228990903 ], [ 110.371162249029467, -7.784016961490874 ], [ 110.371136509573148, -7.78400462421622 ], [ 110.37114495962841, -7.783979408838769 ], [ 110.37122532105785, -7.783992650227555 ] ] ] ] } },
{ "type": "Feature", "properties": { "OBJECTID": 308, "DESA": "KOTABARU", "NIB": "00639", "TIPEHAK": "Kosong", "LUAS": 25.0, "TAHUN": 2019, "Shape_Leng": 20.297120814100001, "Shape_Area": 25.108688585399999 }, "geometry": { "type": "MultiPolygon", "coordinates": [ [ [ [ 110.371162249029467, -7.784016961490874 ], [ 110.371166507594808, -7.784005228990903 ], [ 110.371217450661163, -7.78402592980755 ], [ 110.371199140063993, -7.78406283855859 ], [ 110.371153918512974, -7.784039917047374 ], [ 110.371162249029467, -7.784016961490874 ] ] ] ] } },
{ "type": "Feature", "properties": { "OBJECTID": 309, "DESA": "KOTABARU", "NIB": "00640", "TIPEHAK": "Kosong", "LUAS": 40.0, "TAHUN": 2019, "Shape_Leng": 25.922453191500001, "Shape_Area": 40.1423611548 }, "geometry": { "type": "MultiPolygon", "coordinates": [ [ [ [ 110.371192600767998, -7.784074707755652 ], [ 110.371170520874514, -7.784101255879171 ], [ 110.37115662180139, -7.78411796857801 ], [ 110.371109870736007, -7.784068230062065 ], [ 110.371132434079058, -7.784036523437519 ], [ 110.371192600767998, -7.784074707755652 ] ] ] ] } },
{ "type": "Feature", "properties": { "OBJECTID": 310, "DESA": "KOTABARU", "NIB": "00641", "TIPEHAK": "Kosong", "LUAS": 37.0, "TAHUN": 2019, "Shape_Leng": 24.8060935719, "Shape_Area": 37.052502967599999 }, "geometry": { "type": "MultiPolygon", "coordinates": [ [ [ [ 110.371109870736007, -7.784068230062065 ], [ 110.37115662180139, -7.78411796857801 ], [ 110.371122906905399, -7.784149076024597 ], [ 110.371081830846975, -7.784104447192875 ], [ 110.371078765996387, -7.784101116114972 ], [ 110.371109870736007, -7.784068230062065 ] ] ] ] } },
{ "type": "Feature", "properties": { "OBJECTID": 311, "DESA": "KOTABARU", "NIB": "00642", "TIPEHAK": "Kosong", "LUAS": 27.0, "TAHUN": 2019, "Shape_Leng": 21.370851785199999, "Shape_Area": 27.219282301300002 }, "geometry": { "type": "MultiPolygon", "coordinates": [ [ [ [ 110.371056657108426, -7.784134263086027 ], [ 110.371081830846975, -7.784104447192875 ], [ 110.371122906905399, -7.784149076024597 ], [ 110.371095423853944, -7.784174845883157 ], [ 110.371056657108426, -7.784134263086027 ] ] ] ] } },
{ "type": "Feature", "properties": { "OBJECTID": 312, "DESA": "KOTABARU", "NIB": "00643", "TIPEHAK": "Kosong", "LUAS": 33.0, "TAHUN": 2019, "Shape_Leng": 23.279868474699999, "Shape_Area": 33.093176129600003 }, "geometry": { "type": "MultiPolygon", "coordinates": [ [ [ [ 110.371021932032278, -7.784157801800729 ], [ 110.37104771260033, -7.784128574196146 ], [ 110.371056657108426, -7.784134263086027 ], [ 110.371095423853944, -7.784174845883157 ], [ 110.371061477549432, -7.784203653536665 ], [ 110.371021932032278, -7.784157801800729 ] ] ] ] } },
{ "type": "Feature", "properties": { "OBJECTID": 313, "DESA": "KOTABARU", "NIB": "00644", "TIPEHAK": "Kosong", "LUAS": 130.0, "TAHUN": 2019, "Shape_Leng": 45.2920667327, "Shape_Area": 130.029038071 }, "geometry": { "type": "MultiPolygon", "coordinates": [ [ [ [ 110.370957752009758, -7.78414298821256 ], [ 110.370974942583786, -7.78414189771863 ], [ 110.370988510394668, -7.784127645107388 ], [ 110.371021932032278, -7.784157801800729 ], [ 110.371061477549432, -7.784203653536665 ], [ 110.370990320972297, -7.784271719861652 ], [ 110.370920195495685, -7.784199410963793 ], [ 110.370937779917426, -7.784180938379509 ], [ 110.370957752009758, -7.78414298821256 ] ] ] ] } },
{ "type": "Feature", "properties": { "OBJECTID": 314, "DESA": "KOTABARU", "NIB": "00645", "TIPEHAK": "Kosong", "LUAS": 136.0, "TAHUN": 2019, "Shape_Leng": 46.8286072649, "Shape_Area": 136.88486424600001 }, "geometry": { "type": "MultiPolygon", "coordinates": [ [ [ [ 110.370920195495685, -7.784199410963793 ], [ 110.370990320972297, -7.784271719861652 ], [ 110.370923964882479, -7.78432926779974 ], [ 110.370885936756764, -7.784295585167895 ], [ 110.370855637057545, -7.784268747672012 ], [ 110.370839119850444, -7.784252596549832 ], [ 110.370894989830632, -7.78418171072028 ], [ 110.370920195495685, -7.784199410963793 ] ] ] ] } },
{ "type": "Feature", "properties": { "OBJECTID": 315, "DESA": "KOTABARU", "NIB": "00646", "TIPEHAK": "Kosong", "LUAS": 16.0, "TAHUN": 2019, "Shape_Leng": 17.134402659500001, "Shape_Area": 16.145520834100001 }, "geometry": { "type": "MultiPolygon", "coordinates": [ [ [ [ 110.370923964882479, -7.78432926779974 ], [ 110.370904856018427, -7.784346651250524 ], [ 110.3708655893969, -7.784311614872076 ], [ 110.370885936756764, -7.784295585167895 ], [ 110.370923964882479, -7.78432926779974 ] ] ] ] } },
{ "type": "Feature", "properties": { "OBJECTID": 316, "DESA": "KOTABARU", "NIB": "00648", "TIPEHAK": "Kosong", "LUAS": 28.0, "TAHUN": 2019, "Shape_Leng": 21.754187953599999, "Shape_Area": 28.8279427704 }, "geometry": { "type": "MultiPolygon", "coordinates": [ [ [ [ 110.370840867243956, -7.784328315426834 ], [ 110.370883958158899, -7.78436566320721 ], [ 110.370854971083745, -7.784394976053167 ], [ 110.370827785061721, -7.784372287829012 ], [ 110.370811601501487, -7.784358781686923 ], [ 110.370840867243956, -7.784328315426834 ] ] ] ] } },
{ "type": "Feature", "properties": { "OBJECTID": 317, "DESA": "KOTABARU", "NIB": "00649", "TIPEHAK": "Kosong", "LUAS": 22.0, "TAHUN": 2019, "Shape_Leng": 19.188218167300001, "Shape_Area": 22.179966113100001 }, "geometry": { "type": "MultiPolygon", "coordinates": [ [ [ [ 110.370827785061721, -7.784372287829012 ], [ 110.370854971083745, -7.784394976053167 ], [ 110.370816100976228, -7.784431248864046 ], [ 110.370791248199083, -7.784405315222577 ], [ 110.370827785061721, -7.784372287829012 ] ] ] ] } },
{ "type": "Feature", "properties": { "OBJECTID": 318, "DESA": "KOTABARU", "NIB": "00650", "TIPEHAK": "Kosong", "LUAS": 33.0, "TAHUN": 2019, "Shape_Leng": 23.304256962699998, "Shape_Area": 33.145361255799997 }, "geometry": { "type": "MultiPolygon", "coordinates": [ [ [ [ 110.370791248199083, -7.784405315222577 ], [ 110.370816100976228, -7.784431248864046 ], [ 110.370781827933939, -7.78446297590189 ], [ 110.370757295760939, -7.784435123808879 ], [ 110.370743158591779, -7.784419072683083 ], [ 110.370754556030533, -7.784407465678632 ], [ 110.370774777028458, -7.784386872781146 ], [ 110.370791248199083, -7.784405315222577 ] ] ] ] } },
{ "type": "Feature", "properties": { "OBJECTID": 319, "DESA": "KOTABARU", "NIB": "00651", "TIPEHAK": "Kosong", "LUAS": 26.0, "TAHUN": 2019, "Shape_Leng": 22.642682803300001, "Shape_Area": 26.675972825900001 }, "geometry": { "type": "MultiPolygon", "coordinates": [ [ [ [ 110.370781827933939, -7.78446297590189 ], [ 110.370769346591814, -7.784473896138268 ], [ 110.370742558577547, -7.784497331735703 ], [ 110.370705730321419, -7.784469131453493 ], [ 110.370711691104432, -7.784461157804851 ], [ 110.370719535654985, -7.784467164522755 ], [ 110.370757295760939, -7.784435123808879 ], [ 110.370781827933939, -7.78446297590189 ] ] ] ] } },
{ "type": "Feature", "properties": { "OBJECTID": 320, "DESA": "KOTABARU", "NIB": "00652", "TIPEHAK": "Kosong", "LUAS": 31.0, "TAHUN": 2019, "Shape_Leng": 27.143188475300001, "Shape_Area": 31.484937390399999 }, "geometry": { "type": "MultiPolygon", "coordinates": [ [ [ [ 110.370811601501487, -7.784358781686923 ], [ 110.370827785061721, -7.784372287829012 ], [ 110.370791248199083, -7.784405315222577 ], [ 110.370774777028458, -7.784386872781146 ], [ 110.370754556030533, -7.784407465678632 ], [ 110.370747203576371, -7.784382479864257 ], [ 110.370774642417587, -7.784344058660609 ], [ 110.370803614258449, -7.784367095856885 ], [ 110.370811601501487, -7.784358781686923 ] ] ] ] } },
{ "type": "Feature", "properties": { "OBJECTID": 321, "DESA": "KOTABARU", "NIB": "00656", "TIPEHAK": "Kosong", "LUAS": 19.0, "TAHUN": 2019, "Shape_Leng": 19.523292212200001, "Shape_Area": 19.7589000583 }, "geometry": { "type": "MultiPolygon", "coordinates": [ [ [ [ 110.370885936756764, -7.784295585167895 ], [ 110.3708655893969, -7.784311614872076 ], [ 110.370848328523451, -7.784296660619343 ], [ 110.370820849490983, -7.784277835703905 ], [ 110.370839119850444, -7.784252596549832 ], [ 110.370855637057545, -7.784268747672012 ], [ 110.370885936756764, -7.784295585167895 ] ] ] ] } },
{ "type": "Feature", "properties": { "OBJECTID": 322, "DESA": "KOTABARU", "NIB": "00653", "TIPEHAK": "Kosong", "LUAS": 22.0, "TAHUN": 2019, "Shape_Leng": 19.986819108199999, "Shape_Area": 22.017743921499999 }, "geometry": { "type": "MultiPolygon", "coordinates": [ [ [ [ 110.370829148368884, -7.784318158287022 ], [ 110.370840867243956, -7.784328315426834 ], [ 110.370811601501487, -7.784358781686923 ], [ 110.370803614258449, -7.784367095856885 ], [ 110.370774642417587, -7.784344058660609 ], [ 110.370794484076384, -7.784314939106376 ], [ 110.370817897857137, -7.78432583808541 ], [ 110.370818023697197, -7.784325751928781 ], [ 110.370829148368884, -7.784318158287022 ] ] ] ] } },
{ "type": "Feature", "properties": { "OBJECTID": 323, "DESA": "KOTABARU", "NIB": "00654", "TIPEHAK": "Kosong", "LUAS": 6.0, "TAHUN": 2019, "Shape_Leng": 10.558211511, "Shape_Area": 6.4565304547000002 }, "geometry": { "type": "MultiPolygon", "coordinates": [ [ [ [ 110.370829148368884, -7.784318158287022 ], [ 110.370818023697197, -7.784325751928781 ], [ 110.370817897857137, -7.78432583808541 ], [ 110.370794484076384, -7.784314939106376 ], [ 110.370809129746107, -7.784294486954531 ], [ 110.370829148368884, -7.784318158287022 ] ] ] ] } },
{ "type": "Feature", "properties": { "OBJECTID": 324, "DESA": "KOTABARU", "NIB": "00655", "TIPEHAK": "Kosong", "LUAS": 9.0, "TAHUN": 2019, "Shape_Leng": 12.5345166186, "Shape_Area": 9.5308044121200002 }, "geometry": { "type": "MultiPolygon", "coordinates": [ [ [ [ 110.370848328523451, -7.784296660619343 ], [ 110.370829148368884, -7.784318158287022 ], [ 110.370809129746107, -7.784294486954531 ], [ 110.370820849490983, -7.784277835703905 ], [ 110.370848328523451, -7.784296660619343 ] ] ] ] } },
{ "type": "Feature", "properties": { "OBJECTID": 325, "DESA": "KOTABARU", "NIB": "00657", "TIPEHAK": "Kosong", "LUAS": 13.0, "TAHUN": 2019, "Shape_Leng": 14.9393604464, "Shape_Area": 13.0070831281 }, "geometry": { "type": "MultiPolygon", "coordinates": [ [ [ [ 110.370937779917426, -7.784180938379509 ], [ 110.370920195495685, -7.784199410963793 ], [ 110.370894989830632, -7.78418171072028 ], [ 110.370887447741879, -7.784176414079075 ], [ 110.370901336934111, -7.78415534772348 ], [ 110.370937779917426, -7.784180938379509 ] ] ] ] } },
{ "type": "Feature", "properties": { "OBJECTID": 326, "DESA": "KOTABARU", "NIB": "00658", "TIPEHAK": "Kosong", "LUAS": 39.0, "TAHUN": 2019, "Shape_Leng": 26.641291096300002, "Shape_Area": 39.838591361 }, "geometry": { "type": "MultiPolygon", "coordinates": [ [ [ [ 110.370975658796397, -7.784108961054391 ], [ 110.370957752009758, -7.78414298821256 ], [ 110.370937779917426, -7.784180938379509 ], [ 110.370901336934111, -7.78415534772348 ], [ 110.370942508002656, -7.784090107104606 ], [ 110.370975658796397, -7.784108961054391 ] ] ] ] } },
{ "type": "Feature", "properties": { "OBJECTID": 327, "DESA": "KOTABARU", "NIB": "00659", "TIPEHAK": "Kosong", "LUAS": 33.0, "TAHUN": 2019, "Shape_Leng": 29.9019624634, "Shape_Area": 33.927635790499998 }, "geometry": { "type": "MultiPolygon", "coordinates": [ [ [ [ 110.370995142131676, -7.784064379641708 ], [ 110.371022270021641, -7.784062431456942 ], [ 110.370988510394668, -7.784127645107388 ], [ 110.370974942583786, -7.78414189771863 ], [ 110.370957752009758, -7.78414298821256 ], [ 110.370975658796397, -7.784108961054391 ], [ 110.370979761459012, -7.784102511165458 ], [ 110.37095789897063, -7.784085944245864 ], [ 110.370966065553134, -7.784057352295719 ], [ 110.370995142131676, -7.784064379641708 ] ] ] ] } },
{ "type": "Feature", "properties": { "OBJECTID": 328, "DESA": "KOTABARU", "NIB": "00660", "TIPEHAK": "Kosong", "LUAS": 86.0, "TAHUN": 2019, "Shape_Leng": 49.446286179499999, "Shape_Area": 86.814251407900002 }, "geometry": { "type": "MultiPolygon", "coordinates": [ [ [ [ 110.371099578686469, -7.784004862822493 ], [ 110.371074842948985, -7.784045267712918 ], [ 110.371058874407808, -7.784071351183763 ], [ 110.371078765996387, -7.784101116114972 ], [ 110.371081830846975, -7.784104447192875 ], [ 110.371056657108426, -7.784134263086027 ], [ 110.37104771260033, -7.784128574196146 ], [ 110.371021932032278, -7.784157801800729 ], [ 110.370988510394668, -7.784127645107388 ], [ 110.371022270021641, -7.784062431456942 ], [ 110.371033287535269, -7.784037631257487 ], [ 110.371052481514539, -7.784043038691028 ], [ 110.37107496881832, -7.783998652741233 ], [ 110.371099578686469, -7.784004862822493 ] ] ] ] } },
{ "type": "Feature", "properties": { "OBJECTID": 329, "DESA": "KOTABARU", "NIB": "00661", "TIPEHAK": "Kosong", "LUAS": 7.0, "TAHUN": 2019, "Shape_Leng": 12.000051260599999, "Shape_Area": 7.9455721167500002 }, "geometry": { "type": "MultiPolygon", "coordinates": [ [ [ [ 110.371022270021641, -7.784062431456942 ], [ 110.370995142131676, -7.784064379641708 ], [ 110.371006159645162, -7.784039578538579 ], [ 110.371033287535269, -7.784037631257487 ], [ 110.371022270021641, -7.784062431456942 ] ] ] ] } },
{ "type": "Feature", "properties": { "OBJECTID": 330, "DESA": "KOTABARU", "NIB": "00662", "TIPEHAK": "Kosong", "LUAS": 40.0, "TAHUN": 2019, "Shape_Leng": 26.9110426194, "Shape_Area": 40.254819069699998 }, "geometry": { "type": "MultiPolygon", "coordinates": [ [ [ [ 110.371099578686469, -7.784004862822493 ], [ 110.371132434079058, -7.784036523437519 ], [ 110.371109870736007, -7.784068230062065 ], [ 110.371078765996387, -7.784101116114972 ], [ 110.371058874407808, -7.784071351183763 ], [ 110.371074842948985, -7.784045267712918 ], [ 110.371099578686469, -7.784004862822493 ] ] ] ] } },
{ "type": "Feature", "properties": { "OBJECTID": 331, "DESA": "KOTABARU", "NIB": "00663", "TIPEHAK": "Kosong", "LUAS": 43.0, "TAHUN": 2019, "Shape_Leng": 30.482836155699999, "Shape_Area": 43.282832887700003 }, "geometry": { "type": "MultiPolygon", "coordinates": [ [ [ [ 110.37105601943523, -7.783968125448701 ], [ 110.371051895008364, -7.7839776451146 ], [ 110.371041988161139, -7.784021363250648 ], [ 110.371015007890222, -7.7840276250332 ], [ 110.37100693103919, -7.784024148726465 ], [ 110.370971180881298, -7.78404167576058 ], [ 110.371016989672441, -7.783959097677433 ], [ 110.371022011772396, -7.783949204545402 ], [ 110.37105601943523, -7.783968125448701 ] ] ] ] } },
{ "type": "Feature", "properties": { "OBJECTID": 332, "DESA": "KOTABARU", "NIB": "00664", "TIPEHAK": "Kosong", "LUAS": 23.0, "TAHUN": 2019, "Shape_Leng": 19.8729506494, "Shape_Area": 23.908545291700001 }, "geometry": { "type": "MultiPolygon", "coordinates": [ [ [ [ 110.371077399516338, -7.78391878499259 ], [ 110.37105601943523, -7.783968125448701 ], [ 110.371022011772396, -7.783949204545402 ], [ 110.371045358842352, -7.783903210986554 ], [ 110.371077399516338, -7.78391878499259 ] ] ] ] } },
{ "type": "Feature", "properties": { "OBJECTID": 333, "DESA": "KOTABARU", "NIB": "00665", "TIPEHAK": "Kosong", "LUAS": 42.0, "TAHUN": 2019, "Shape_Leng": 27.2313677422, "Shape_Area": 42.6095319446 }, "geometry": { "type": "MultiPolygon", "coordinates": [ [ [ [ 110.371051895008364, -7.7839776451146 ], [ 110.37105601943523, -7.783968125448701 ], [ 110.371077399516338, -7.78391878499259 ], [ 110.371078946063889, -7.783915215683166 ], [ 110.371128627806641, -7.783931417130889 ], [ 110.371106099365818, -7.783991001729989 ], [ 110.371074377347142, -7.783978716522875 ], [ 110.371071367079963, -7.783985574672077 ], [ 110.371051895008364, -7.7839776451146 ] ] ] ] } },
{ "type": "Feature", "properties": { "OBJECTID": 334, "DESA": "KOTABARU", "NIB": "00666", "TIPEHAK": "Kosong", "LUAS": 22.0, "TAHUN": 2019, "Shape_Leng": 19.442050632899999, "Shape_Area": 22.371774410299999 }, "geometry": { "type": "MultiPolygon", "coordinates": [ [ [ [ 110.371099293000185, -7.783868258085722 ], [ 110.371078946063889, -7.783915215683166 ], [ 110.371077399516338, -7.78391878499259 ], [ 110.371045358842352, -7.783903210986554 ], [ 110.371069313578786, -7.783856019932918 ], [ 110.371099293000185, -7.783868258085722 ] ] ] ] } },
{ "type": "Feature", "properties": { "OBJECTID": 335, "DESA": "KOTABARU", "NIB": "00667", "TIPEHAK": "Kosong", "LUAS": 31.0, "TAHUN": 2019, "Shape_Leng": 22.3714389467, "Shape_Area": 31.1962042137 }, "geometry": { "type": "MultiPolygon", "coordinates": [ [ [ [ 110.371128627806641, -7.783931417130889 ], [ 110.371078946063889, -7.783915215683166 ], [ 110.371099293000185, -7.783868258085722 ], [ 110.37114408792344, -7.78388127686688 ], [ 110.371129131845365, -7.783930084220867 ], [ 110.371128627806641, -7.783931417130889 ] ] ] ] } },
{ "type": "Feature", "properties": { "OBJECTID": 336, "DESA": "KOTABARU", "NIB": "00668", "TIPEHAK": "Kosong", "LUAS": 81.0, "TAHUN": 2019, "Shape_Leng": 37.607666115800001, "Shape_Area": 81.418564510099998 }, "geometry": { "type": "MultiPolygon", "coordinates": [ [ [ [ 110.371128017300322, -7.783767029955031 ], [ 110.371150668874577, -7.783776743279696 ], [ 110.37114408792344, -7.78388127686688 ], [ 110.371099293000185, -7.783868258085722 ], [ 110.371069313578786, -7.783856019932918 ], [ 110.371094637269636, -7.783787747543429 ], [ 110.371098370232744, -7.783759439571914 ], [ 110.371128017300322, -7.783767029955031 ] ] ] ] } },
{ "type": "Feature", "properties": { "OBJECTID": 337, "DESA": "KOTABARU", "NIB": "00669", "TIPEHAK": "Kosong", "LUAS": 13.0, "TAHUN": 2019, "Shape_Leng": 15.783345670899999, "Shape_Area": 13.5825422397 }, "geometry": { "type": "MultiPolygon", "coordinates": [ [ [ [ 110.371128017300322, -7.783767029955031 ], [ 110.371134218785755, -7.783723719081206 ], [ 110.371157238193817, -7.783725850000637 ], [ 110.371150668874577, -7.783776743279696 ], [ 110.371128017300322, -7.783767029955031 ] ] ] ] } },
{ "type": "Feature", "properties": { "OBJECTID": 338, "DESA": "KOTABARU", "NIB": "00670", "TIPEHAK": "Kosong", "LUAS": 32.0, "TAHUN": 2019, "Shape_Leng": 26.630960783799999, "Shape_Area": 32.174179128500001 }, "geometry": { "type": "MultiPolygon", "coordinates": [ [ [ [ 110.371143249532437, -7.783699609242364 ], [ 110.3711601603503, -7.783702226504555 ], [ 110.371157238193817, -7.783725850000637 ], [ 110.371134218785755, -7.783723719081206 ], [ 110.371128017300322, -7.783767029955031 ], [ 110.371098370232744, -7.783759439571914 ], [ 110.371106997430971, -7.783694000851063 ], [ 110.371143249532437, -7.783699609242364 ] ] ] ] } },
{ "type": "Feature", "properties": { "OBJECTID": 339, "DESA": "KOTABARU", "NIB": "00671", "TIPEHAK": "Kosong", "LUAS": 18.0, "TAHUN": 2019, "Shape_Leng": 17.441805519599999, "Shape_Area": 18.914106410399999 }, "geometry": { "type": "MultiPolygon", "coordinates": [ [ [ [ 110.371146413214717, -7.783656845314492 ], [ 110.371143249532437, -7.783699609242364 ], [ 110.371106997430971, -7.783694000851063 ], [ 110.37110704849114, -7.783655062622626 ], [ 110.371136452350243, -7.783656393784384 ], [ 110.371146413214717, -7.783656845314492 ] ] ] ] } },
{ "type": "Feature", "properties": { "OBJECTID": 340, "DESA": "KOTABARU", "NIB": "00672", "TIPEHAK": "Kosong", "LUAS": 9.0, "TAHUN": 2019, "Shape_Leng": 13.418374673100001, "Shape_Area": 9.0809756042899998 }, "geometry": { "type": "MultiPolygon", "coordinates": [ [ [ [ 110.371143249532437, -7.783699609242364 ], [ 110.371146413214717, -7.783656845314492 ], [ 110.37114784033875, -7.783656909293581 ], [ 110.371163434297458, -7.783657981283819 ], [ 110.3711601603503, -7.783702226504555 ], [ 110.371143249532437, -7.783699609242364 ] ] ] ] } },
{ "type": "Feature", "properties": { "OBJECTID": 341, "DESA": "KOTABARU", "NIB": "00673", "TIPEHAK": "Kosong", "LUAS": 66.0, "TAHUN": 2019, "Shape_Leng": 38.314645270900002, "Shape_Area": 66.926686975699994 }, "geometry": { "type": "MultiPolygon", "coordinates": [ [ [ [ 110.371169770899087, -7.783571220995465 ], [ 110.371170579592317, -7.78359668861397 ], [ 110.371163326783858, -7.783596692660172 ], [ 110.371159882752423, -7.783616523238646 ], [ 110.371158031855657, -7.783629442518312 ], [ 110.371155776283629, -7.78364220168298 ], [ 110.371138336366897, -7.78363931696199 ], [ 110.371136452350243, -7.783656393784384 ], [ 110.37110704849114, -7.783655062622626 ], [ 110.37110717278469, -7.783560700891639 ], [ 110.371118632232935, -7.783554113827092 ], [ 110.371144906310136, -7.783553160194412 ], [ 110.371144227441832, -7.783540073409757 ], [ 110.371160030144111, -7.783539500246679 ], [ 110.371160308324505, -7.783552601417081 ], [ 110.371160704887203, -7.783571225148918 ], [ 110.371169770899087, -7.783571220995465 ] ] ] ] } },
{ "type": "Feature", "properties": { "OBJECTID": 342, "DESA": "KOTABARU", "NIB": "00674", "TIPEHAK": "Kosong", "LUAS": 12.0, "TAHUN": 2019, "Shape_Leng": 15.3606870809, "Shape_Area": 12.171271390299999 }, "geometry": { "type": "MultiPolygon", "coordinates": [ [ [ [ 110.371118632232935, -7.783554113827092 ], [ 110.37110717278469, -7.783560700891639 ], [ 110.371091889155053, -7.783527703954914 ], [ 110.371088374858843, -7.783517455826614 ], [ 110.37108701515092, -7.783513159186087 ], [ 110.371112901309147, -7.783506989164508 ], [ 110.371118632232935, -7.783554113827092 ] ] ] ] } },
{ "type": "Feature", "properties": { "OBJECTID": 343, "DESA": "KOTABARU", "NIB": "00678", "TIPEHAK": "Kosong", "LUAS": 43.0, "TAHUN": 2019, "Shape_Leng": 37.659549649299997, "Shape_Area": 43.177232546699997 }, "geometry": { "type": "MultiPolygon", "coordinates": [ [ [ [ 110.371188288667327, -7.783336527964645 ], [ 110.371198753614252, -7.783481877935339 ], [ 110.37117435213294, -7.78348480971361 ], [ 110.371164469521531, -7.783338721628945 ], [ 110.371188288667327, -7.783336527964645 ] ] ] ] } },
{ "type": "Feature", "properties": { "OBJECTID": 344, "DESA": "KOTABARU", "NIB": "00675", "TIPEHAK": "Kosong", "LUAS": 24.0, "TAHUN": 2019, "Shape_Leng": 20.659287133300001, "Shape_Area": 24.1918957848 }, "geometry": { "type": "MultiPolygon", "coordinates": [ [ [ [ 110.371118632232935, -7.783554113827092 ], [ 110.371112901309147, -7.783506989164508 ], [ 110.37112225740286, -7.783505653445858 ], [ 110.371157773032181, -7.783500581226199 ], [ 110.371159533021199, -7.7835160817913 ], [ 110.371159969930673, -7.783536682908156 ], [ 110.371160030144111, -7.783539500246679 ], [ 110.371144227441832, -7.783540073409757 ], [ 110.371144906310136, -7.783553160194412 ], [ 110.371118632232935, -7.783554113827092 ] ] ] ] } },
{ "type": "Feature", "properties": { "OBJECTID": 345, "DESA": "KOTABARU", "NIB": "00676", "TIPEHAK": "Kosong", "LUAS": 11.0, "TAHUN": 2019, "Shape_Leng": 16.040091139800001, "Shape_Area": 11.594175999699999 }, "geometry": { "type": "MultiPolygon", "coordinates": [ [ [ [ 110.371169770899087, -7.783571220995465 ], [ 110.371160704887203, -7.783571225148918 ], [ 110.371160308324505, -7.783552601417081 ], [ 110.371160030144111, -7.783539500246679 ], [ 110.371159969930673, -7.783536682908156 ], [ 110.371159533021199, -7.7835160817913 ], [ 110.371175727699594, -7.783515666056265 ], [ 110.371178836909081, -7.783571215937639 ], [ 110.371169770899087, -7.783571220995465 ] ] ] ] } },
{ "type": "Feature", "properties": { "OBJECTID": 346, "DESA": "KOTABARU", "NIB": "00677", "TIPEHAK": "Kosong", "LUAS": 65.0, "TAHUN": 2019, "Shape_Leng": 42.009519044100003, "Shape_Area": 65.176241227399998 }, "geometry": { "type": "MultiPolygon", "coordinates": [ [ [ [ 110.371241983677137, -7.783539665564342 ], [ 110.371238213619876, -7.783577225304437 ], [ 110.371235507753894, -7.78357695146711 ], [ 110.371228333890627, -7.783612112143964 ], [ 110.37121481167614, -7.783610676936353 ], [ 110.371213069021096, -7.783619816471355 ], [ 110.371187039927335, -7.78361472236966 ], [ 110.371186776275806, -7.78361612169615 ], [ 110.371192054754189, -7.783547307270813 ], [ 110.371175980469516, -7.783490556125972 ], [ 110.371219762698374, -7.78348382762254 ], [ 110.371214910818679, -7.783537074602753 ], [ 110.371241983677137, -7.783539665564342 ] ] ] ] } },
{ "type": "Feature", "properties": { "OBJECTID": 347, "DESA": "KOTABARU", "NIB": "00679", "TIPEHAK": "Kosong", "LUAS": 13.0, "TAHUN": 2019, "Shape_Leng": 14.9998169074, "Shape_Area": 13.7206719959 }, "geometry": { "type": "MultiPolygon", "coordinates": [ [ [ [ 110.371119183154661, -7.783463958425111 ], [ 110.371160039161197, -7.783455613817343 ], [ 110.371162287678857, -7.783488175481768 ], [ 110.371129469216584, -7.78349062543071 ], [ 110.371119183154661, -7.783463958425111 ] ] ] ] } },
{ "type": "Feature", "properties": { "OBJECTID": 348, "DESA": "KOTABARU", "NIB": "00680", "TIPEHAK": "Kosong", "LUAS": 30.0, "TAHUN": 2019, "Shape_Leng": 22.222748630600002, "Shape_Area": 30.232111094 }, "geometry": { "type": "MultiPolygon", "coordinates": [ [ [ [ 110.371160039161197, -7.783455613817343 ], [ 110.371119183154661, -7.783463958425111 ], [ 110.371110439443385, -7.783404465178005 ], [ 110.371156402626667, -7.783402410492224 ], [ 110.371160039161197, -7.783455613817343 ] ] ] ] } },
{ "type": "Feature", "properties": { "OBJECTID": 349, "DESA": "KOTABARU", "NIB": "00681", "TIPEHAK": "Kosong", "LUAS": 27.0, "TAHUN": 2019, "Shape_Leng": 21.293283821799999, "Shape_Area": 27.9113645935 }, "geometry": { "type": "MultiPolygon", "coordinates": [ [ [ [ 110.371156402626667, -7.783402410492224 ], [ 110.371110439443385, -7.783404465178005 ], [ 110.371110044848834, -7.78335166479262 ], [ 110.371149400943438, -7.783348403922118 ], [ 110.371156402626667, -7.783402410492224 ] ] ] ] } },
{ "type": "Feature", "properties": { "OBJECTID": 350, "DESA": "KOTABARU", "NIB": "00682", "TIPEHAK": "Kosong", "LUAS": 33.0, "TAHUN": 2019, "Shape_Leng": 24.403929860800002, "Shape_Area": 33.3041477911 }, "geometry": { "type": "MultiPolygon", "coordinates": [ [ [ [ 110.37112225740286, -7.783505653445858 ], [ 110.371112901309147, -7.783506989164508 ], [ 110.37108701515092, -7.783513159186087 ], [ 110.371068863547762, -7.783455819151553 ], [ 110.37106622901247, -7.783443986880207 ], [ 110.371102583986229, -7.783433565550484 ], [ 110.37112225740286, -7.783505653445858 ] ] ] ] } },
{ "type": "Feature", "properties": { "OBJECTID": 351, "DESA": "KOTABARU", "NIB": "00683", "TIPEHAK": "Kosong", "LUAS": 31.0, "TAHUN": 2019, "Shape_Leng": 22.726125668000002, "Shape_Area": 31.493882423500001 }, "geometry": { "type": "MultiPolygon", "coordinates": [ [ [ [ 110.371047015806809, -7.783357674191074 ], [ 110.371100004440592, -7.783346494446162 ], [ 110.371096980378582, -7.783405510034793 ], [ 110.371058735351127, -7.783410323829631 ], [ 110.371047015806809, -7.783357674191074 ] ] ] ] } },
{ "type": "Feature", "properties": { "OBJECTID": 352, "DESA": "KOTABARU", "NIB": "00684", "TIPEHAK": "Kosong", "LUAS": 26.0, "TAHUN": 2019, "Shape_Leng": 20.878800030899999, "Shape_Area": 26.563077095000001 }, "geometry": { "type": "MultiPolygon", "coordinates": [ [ [ [ 110.37125158764006, -7.783351042244687 ], [ 110.371248895310686, -7.783372250172156 ], [ 110.371244408149266, -7.783400598573418 ], [ 110.371210116658617, -7.783399189749562 ], [ 110.37120298496896, -7.783344132777034 ], [ 110.37125158764006, -7.783351042244687 ] ] ] ] } },
{ "type": "Feature", "properties": { "OBJECTID": 353, "DESA": "KOTABARU", "NIB": "00685", "TIPEHAK": "Kosong", "LUAS": 35.0, "TAHUN": 2019, "Shape_Leng": 23.551973816299999, "Shape_Area": 35.118108319199997 }, "geometry": { "type": "MultiPolygon", "coordinates": [ [ [ [ 110.371222078560166, -7.783288645795751 ], [ 110.371255231076333, -7.783296507464579 ], [ 110.371249994432318, -7.783335087433214 ], [ 110.371196466954132, -7.783332057117688 ], [ 110.371183766457605, -7.783323755594853 ], [ 110.371188564523266, -7.783286155767075 ], [ 110.371222078560166, -7.783288645795751 ] ] ] ] } },
{ "type": "Feature", "properties": { "OBJECTID": 354, "DESA": "KOTABARU", "NIB": "00686", "TIPEHAK": "Kosong", "LUAS": 27.0, "TAHUN": 2019, "Shape_Leng": 21.505829453400001, "Shape_Area": 27.578524908599999 }, "geometry": { "type": "MultiPolygon", "coordinates": [ [ [ [ 110.371147092310068, -7.783289798938826 ], [ 110.371142436754681, -7.783342852923333 ], [ 110.371107630171153, -7.783344885599074 ], [ 110.371103442944815, -7.783282709297729 ], [ 110.371147092310068, -7.783289798938826 ] ] ] ] } },
{ "type": "Feature", "properties": { "OBJECTID": 355, "DESA": "KOTABARU", "NIB": "00687", "TIPEHAK": "Kosong", "LUAS": 54.0, "TAHUN": 2019, "Shape_Leng": 29.549615643900001, "Shape_Area": 54.297273451499997 }, "geometry": { "type": "MultiPolygon", "coordinates": [ [ [ [ 110.371107630171153, -7.783344885599074 ], [ 110.371100004440592, -7.783346494446162 ], [ 110.371047015806809, -7.783357674191074 ], [ 110.371031549907471, -7.7832882007105 ], [ 110.371103442944815, -7.783282709297729 ], [ 110.371107630171153, -7.783344885599074 ] ] ] ] } },
{ "type": "Feature", "properties": { "OBJECTID": 356, "DESA": "KOTABARU", "NIB": "00688", "TIPEHAK": "Kosong", "LUAS": 20.0, "TAHUN": 2019, "Shape_Leng": 21.491543896500001, "Shape_Area": 20.410821933299999 }, "geometry": { "type": "MultiPolygon", "coordinates": [ [ [ [ 110.371049811027291, -7.783261145049444 ], [ 110.371027509896763, -7.783263953151538 ], [ 110.371021091912652, -7.783189661638658 ], [ 110.371021120511983, -7.783188583783057 ], [ 110.371043154412604, -7.783187200332904 ], [ 110.371049811027291, -7.783261145049444 ] ] ] ] } },
{ "type": "Feature", "properties": { "OBJECTID": 357, "DESA": "KOTABARU", "NIB": "00689", "TIPEHAK": "Kosong", "LUAS": 29.0, "TAHUN": 2019, "Shape_Leng": 24.415803177699999, "Shape_Area": 29.9359588847 }, "geometry": { "type": "MultiPolygon", "coordinates": [ [ [ [ 110.371087020133984, -7.783198969634936 ], [ 110.371092953222401, -7.78323643530514 ], [ 110.371071446698721, -7.78323813052556 ], [ 110.371071646850879, -7.783241543439376 ], [ 110.371071056381908, -7.783258538036582 ], [ 110.371049811027291, -7.783261145049444 ], [ 110.371043154412604, -7.783187200332904 ], [ 110.371087020133984, -7.783198969634936 ] ] ] ] } },
{ "type": "Feature", "properties": { "OBJECTID": 358, "DESA": "KOTABARU", "NIB": "00690", "TIPEHAK": "Kosong", "LUAS": 5.0, "TAHUN": 2019, "Shape_Leng": 9.9174408955899995, "Shape_Area": 5.3124522949699999 }, "geometry": { "type": "MultiPolygon", "coordinates": [ [ [ [ 110.37110165005717, -7.783254785201335 ], [ 110.371071056381908, -7.783258538036582 ], [ 110.371071646850879, -7.783241543439376 ], [ 110.371101975086503, -7.783243154816308 ], [ 110.37110165005717, -7.783254785201335 ] ] ] ] } },
{ "type": "Feature", "properties": { "OBJECTID": 359, "DESA": "KOTABARU", "NIB": "00691", "TIPEHAK": "Kosong", "LUAS": 22.0, "TAHUN": 2019, "Shape_Leng": 18.680190505100001, "Shape_Area": 22.514247467499999 }, "geometry": { "type": "MultiPolygon", "coordinates": [ [ [ [ 110.371149787976762, -7.783190729223722 ], [ 110.371159358409997, -7.783204071717598 ], [ 110.371149655264659, -7.783237982569839 ], [ 110.371127045616831, -7.783234509888769 ], [ 110.371104131177532, -7.783210314655881 ], [ 110.371142401486097, -7.783180431179742 ], [ 110.371149787976762, -7.783190729223722 ] ] ] ] } },
{ "type": "Feature", "properties": { "OBJECTID": 360, "DESA": "KOTABARU", "NIB": "00692", "TIPEHAK": "Kosong", "LUAS": 14.0, "TAHUN": 2019, "Shape_Leng": 16.4618995252, "Shape_Area": 14.858672713600001 }, "geometry": { "type": "MultiPolygon", "coordinates": [ [ [ [ 110.371142401486097, -7.783180431179742 ], [ 110.371104131177532, -7.783210314655881 ], [ 110.371083917793285, -7.783188893360813 ], [ 110.371128233352636, -7.783165174007055 ], [ 110.37113732683413, -7.783174965814931 ], [ 110.371142401486097, -7.783180431179742 ] ] ] ] } },
{ "type": "Feature", "properties": { "OBJECTID": 361, "DESA": "KOTABARU", "NIB": "00693", "TIPEHAK": "Kosong", "LUAS": 13.0, "TAHUN": 2019, "Shape_Leng": 16.010829621700001, "Shape_Area": 13.0747235949 }, "geometry": { "type": "MultiPolygon", "coordinates": [ [ [ [ 110.371128233352636, -7.783165174007055 ], [ 110.371083917793285, -7.783188893360813 ], [ 110.371068446338398, -7.7831724977721 ], [ 110.371113590011348, -7.783149405132821 ], [ 110.37112500592977, -7.783161698591767 ], [ 110.371128233352636, -7.783165174007055 ] ] ] ] } },
{ "type": "Feature", "properties": { "OBJECTID": 362, "DESA": "KOTABARU", "NIB": "00694", "TIPEHAK": "Kosong", "LUAS": 58.0, "TAHUN": 2019, "Shape_Leng": 30.142055058, "Shape_Area": 58.504849625200002 }, "geometry": { "type": "MultiPolygon", "coordinates": [ [ [ [ 110.371066129217482, -7.783096600131658 ], [ 110.371079461011306, -7.7831098833649 ], [ 110.371109107767779, -7.78314544945582 ], [ 110.371113590011348, -7.783149405132821 ], [ 110.371068446338398, -7.7831724977721 ], [ 110.371048048715423, -7.783167666064188 ], [ 110.371022023952918, -7.783154115936292 ], [ 110.371022279453356, -7.783144376359345 ], [ 110.371033265356942, -7.783094611484545 ], [ 110.371049807346822, -7.783084143140154 ], [ 110.371066129217482, -7.783096600131658 ] ] ] ] } },
{ "type": "Feature", "properties": { "OBJECTID": 363, "DESA": "KOTABARU", "NIB": "00698", "TIPEHAK": "Kosong", "LUAS": 29.0, "TAHUN": 2019, "Shape_Leng": 24.5221362148, "Shape_Area": 29.301493086099999 }, "geometry": { "type": "MultiPolygon", "coordinates": [ [ [ [ 110.371198376617684, -7.783093817596306 ], [ 110.371197020258066, -7.783128463593812 ], [ 110.371219366199938, -7.783137263408285 ], [ 110.37120616979189, -7.783158376269211 ], [ 110.371150196987529, -7.783122734049861 ], [ 110.371156121980761, -7.783093486641685 ], [ 110.371198376617684, -7.783093817596306 ] ] ] ] } },
{ "type": "Feature", "properties": { "OBJECTID": 364, "DESA": "KOTABARU", "NIB": "00695", "TIPEHAK": "Kosong", "LUAS": 44.0, "TAHUN": 2019, "Shape_Leng": 31.522287462800001, "Shape_Area": 44.99787837 }, "geometry": { "type": "MultiPolygon", "coordinates": [ [ [ [ 110.371149787976762, -7.783190729223722 ], [ 110.371142401486097, -7.783180431179742 ], [ 110.37113732683413, -7.783174965814931 ], [ 110.371128233352636, -7.783165174007055 ], [ 110.37112500592977, -7.783161698591767 ], [ 110.371113590011348, -7.783149405132821 ], [ 110.371132633556996, -7.783118855872921 ], [ 110.371200333168389, -7.783183000362613 ], [ 110.371180592021943, -7.783226075925403 ], [ 110.371152783593317, -7.783186438105612 ], [ 110.371149787976762, -7.783190729223722 ] ] ] ] } },
{ "type": "Feature", "properties": { "OBJECTID": 365, "DESA": "KOTABARU", "NIB": "00696", "TIPEHAK": "Kosong", "LUAS": 15.0, "TAHUN": 2019, "Shape_Leng": 18.808019228100001, "Shape_Area": 15.4113310127 }, "geometry": { "type": "MultiPolygon", "coordinates": [ [ [ [ 110.371132633556996, -7.783118855872921 ], [ 110.371113590011348, -7.783149405132821 ], [ 110.371109107767779, -7.78314544945582 ], [ 110.371079461011306, -7.7831098833649 ], [ 110.37110800273166, -7.783109056188526 ], [ 110.3711450188501, -7.783107982845776 ], [ 110.371132633556996, -7.783118855872921 ] ] ] ] } },
{ "type": "Feature", "properties": { "OBJECTID": 366, "DESA": "KOTABARU", "NIB": "00697", "TIPEHAK": "Kosong", "LUAS": 25.0, "TAHUN": 2019, "Shape_Leng": 21.770992122199999, "Shape_Area": 25.109596647299998 }, "geometry": { "type": "MultiPolygon", "coordinates": [ [ [ [ 110.3711450188501, -7.783107982845776 ], [ 110.37110800273166, -7.783109056188526 ], [ 110.371079461011306, -7.7831098833649 ], [ 110.371066129217482, -7.783096600131658 ], [ 110.371076082091776, -7.78308616159264 ], [ 110.371091704619602, -7.783080003609865 ], [ 110.371144657762912, -7.783079315275829 ], [ 110.3711450188501, -7.783107982845776 ] ] ] ] } },
{ "type": "Feature", "properties": { "OBJECTID": 367, "DESA": "KOTABARU", "NIB": "00699", "TIPEHAK": "Kosong", "LUAS": 11.0, "TAHUN": 2019, "Shape_Leng": 14.3147638057, "Shape_Area": 11.9748624088 }, "geometry": { "type": "MultiPolygon", "coordinates": [ [ [ [ 110.371225573273918, -7.783094030282934 ], [ 110.371219366199938, -7.783137263408285 ], [ 110.371197020258066, -7.783128463593812 ], [ 110.371198376617684, -7.783093817596306 ], [ 110.371225573273918, -7.783094030282934 ] ] ] ] } },
{ "type": "Feature", "properties": { "OBJECTID": 368, "DESA": "KOTABARU", "NIB": "00369", "TIPEHAK": "Kosong", "LUAS": 40.0, "TAHUN": 2017, "Shape_Leng": 28.740094353, "Shape_Area": 40.212034550699997 }, "geometry": { "type": "MultiPolygon", "coordinates": [ [ [ [ 110.368370198309449, -7.787490120839943 ], [ 110.368375067108119, -7.78752020239222 ], [ 110.368302810156194, -7.787536033609629 ], [ 110.368295123659948, -7.787478675627352 ], [ 110.368330333108645, -7.787470015492741 ], [ 110.368335207526755, -7.787495783132054 ], [ 110.368370198309449, -7.787490120839943 ] ] ] ] } },
{ "type": "Feature", "properties": { "OBJECTID": 369, "DESA": "KOTABARU", "NIB": "00315", "TIPEHAK": "Hak Pakai", "LUAS": 30.0, "TAHUN": 0, "Shape_Leng": 21.510861965499998, "Shape_Area": 28.705937644199999 }, "geometry": { "type": "MultiPolygon", "coordinates": [ [ [ [ 110.369021602753847, -7.788917057237568 ], [ 110.36898255254539, -7.788951990291312 ], [ 110.368954093702996, -7.788918010316477 ], [ 110.368992663273644, -7.788882133369828 ], [ 110.369021602753847, -7.788917057237568 ] ] ] ] } },
{ "type": "Feature", "properties": { "OBJECTID": 370, "DESA": "KOTABARU", "NIB": "00311", "TIPEHAK": "Hak Milik", "LUAS": 228.0, "TAHUN": 0, "Shape_Leng": 76.390283142399994, "Shape_Area": 225.165436086 }, "geometry": { "type": "MultiPolygon", "coordinates": [ [ [ [ 110.372428338150726, -7.7888278951816 ], [ 110.372470847788776, -7.788846034376773 ], [ 110.372424141775852, -7.789118975707252 ], [ 110.372340440832929, -7.789094609126696 ], [ 110.372428338150726, -7.7888278951816 ] ] ] ] } },
{ "type": "Feature", "properties": { "OBJECTID": 371, "DESA": "KOTABARU", "NIB": "00317", "TIPEHAK": "Hak Guna Bangunan", "LUAS": 526.0, "TAHUN": 0, "Shape_Leng": 107.02206464299999, "Shape_Area": 530.88017910200006 }, "geometry": { "type": "MultiPolygon", "coordinates": [ [ [ [ 110.371961107480018, -7.784777016450614 ], [ 110.371924509345874, -7.784788262986383 ], [ 110.371860528253364, -7.784807905175644 ], [ 110.371737523580293, -7.784467367243356 ], [ 110.371863475508235, -7.78442270980638 ], [ 110.371961107480018, -7.784777016450614 ] ] ] ] } },
{ "type": "Feature", "properties": { "OBJECTID": 372, "DESA": "KOTABARU", "NIB": "00318", "TIPEHAK": "Hak Guna Bangunan", "LUAS": 499.0, "TAHUN": 0, "Shape_Leng": 105.34451375800001, "Shape_Area": 499.04775864499999 }, "geometry": { "type": "MultiPolygon", "coordinates": [ [ [ [ 110.371989297771549, -7.784399987389037 ], [ 110.372053719528935, -7.784748358451618 ], [ 110.372018531495172, -7.784760200670332 ], [ 110.371961107480018, -7.784777016450614 ], [ 110.371863475508235, -7.78442270980638 ], [ 110.371988128785233, -7.784393665875434 ], [ 110.371989297771549, -7.784399987389037 ] ] ] ] } },
{ "type": "Feature", "properties": { "OBJECTID": 373, "DESA": "KOTABARU", "NIB": "00783", "TIPEHAK": "Hak Pakai", "LUAS": 13289.0, "TAHUN": 0, "Shape_Leng": 1460.03714337, "Shape_Area": 13891.755070900001 }, "geometry": { "type": "MultiPolygon", "coordinates": [ [ [ [ 110.374133735340521, -7.78671923308864 ], [ 110.374428482692608, -7.786756397889503 ], [ 110.374457055562743, -7.78678579298411 ], [ 110.374860128293065, -7.786951954688083 ], [ 110.375175371157368, -7.787133546464545 ], [ 110.375192886964967, -7.787145838949763 ], [ 110.375220242682531, -7.78716535368996 ], [ 110.37550234113985, -7.787354815872268 ], [ 110.375517452934119, -7.787362447681875 ], [ 110.375421290616629, -7.787527916968985 ], [ 110.375123458896212, -7.78804708443261 ], [ 110.375110995386137, -7.788070076609813 ], [ 110.375101448217123, -7.788100386712487 ], [ 110.375097069270083, -7.788130957403449 ], [ 110.375096952314365, -7.788161971391619 ], [ 110.375100821990941, -7.78819180170183 ], [ 110.375115213191449, -7.788223961187644 ], [ 110.37513202445966, -7.788242733651944 ], [ 110.375157079850496, -7.7882585956847 ], [ 110.375018496885531, -7.788375584780031 ], [ 110.374884897628505, -7.78842229706829 ], [ 110.37480869401557, -7.788472457904991 ], [ 110.374741404908377, -7.788508980505958 ], [ 110.374662569486091, -7.788551769456791 ], [ 110.374573659343312, -7.788594788049147 ], [ 110.37451445688454, -7.788611938821369 ], [ 110.3743571771776, -7.788624747438528 ], [ 110.374213236949956, -7.788612878430987 ], [ 110.374038861565424, -7.788599606436987 ], [ 110.374015499250049, -7.788616309808504 ], [ 110.373991359130585, -7.788634796943316 ], [ 110.373920741251396, -7.788626469366141 ], [ 110.373909697146317, -7.788594657374324 ], [ 110.373890311148855, -7.788569768791556 ], [ 110.373754955469764, -7.788536815176952 ], [ 110.373715633531091, -7.788525267425586 ], [ 110.373598365896783, -7.788478848331439 ], [ 110.37356750160302, -7.788466354530583 ], [ 110.373440461072363, -7.788413102663465 ], [ 110.373339482303493, -7.788359105355546 ], [ 110.373304049515468, -7.788332122238656 ], [ 110.373284146668453, -7.78831154948825 ], [ 110.373263952622565, -7.788287388601305 ], [ 110.373248677204543, -7.788267729495327 ], [ 110.373230305687983, -7.788240618092433 ], [ 110.373208233262375, -7.788190244948709 ], [ 110.373182818432966, -7.788097972132998 ], [ 110.373154069565658, -7.788021685050471 ], [ 110.373146016920202, -7.7880076143357 ], [ 110.373130628087196, -7.787992720545414 ], [ 110.373113361653026, -7.787983513464169 ], [ 110.373125635921781, -7.787985101261079 ], [ 110.373117363459997, -7.787974331296662 ], [ 110.37308479742569, -7.787776146278232 ], [ 110.373080780520155, -7.787776722383187 ], [ 110.373066431141751, -7.787776504186828 ], [ 110.373089053876981, -7.78776603407792 ], [ 110.373098644903678, -7.787755522088664 ], [ 110.373102615223445, -7.787742955598032 ], [ 110.373072051061797, -7.787583323883381 ], [ 110.373067681399746, -7.787513358416657 ], [ 110.373064603292775, -7.78741781794939 ], [ 110.373067518279129, -7.787344365385354 ], [ 110.373070023303384, -7.787308049709442 ], [ 110.373083237520177, -7.787116435194338 ], [ 110.372997348604059, -7.786810120105597 ], [ 110.373209959976734, -7.786747448594176 ], [ 110.373267960386059, -7.78673656925993 ], [ 110.373450324823366, -7.786714764278434 ], [ 110.37350725208826, -7.786711030234597 ], [ 110.373797166547803, -7.786701933451792 ], [ 110.373854283367123, -7.78670217741257 ], [ 110.374133735340521, -7.78671923308864 ] ], [ [ 110.373748804681412, -7.786886710561519 ], [ 110.373735245169996, -7.786887016091862 ], [ 110.373699356964238, -7.786888278155986 ], [ 110.373662518870361, -7.786890968084071 ], [ 110.373550677613295, -7.786902248654162 ], [ 110.373403448186451, -7.786929920942095 ], [ 110.373367871984641, -7.786946571672219 ], [ 110.373334457200826, -7.786965880790874 ], [ 110.373322709004668, -7.786974025532829 ], [ 110.3733025001942, -7.787000490342795 ], [ 110.373288665006953, -7.787026158994106 ], [ 110.37326412926231, -7.787079482677086 ], [ 110.373238871784494, -7.787151600558587 ], [ 110.373211872832684, -7.787287704414027 ], [ 110.373205827331702, -7.787432952599942 ], [ 110.373207268354335, -7.78749226096682 ], [ 110.373232617858093, -7.787856401646839 ], [ 110.37325427777823, -7.78796369538831 ], [ 110.373271888187261, -7.788125856563274 ], [ 110.373289096846378, -7.78817194933549 ], [ 110.373315678851554, -7.788209669877025 ], [ 110.373364438766828, -7.788256761876368 ], [ 110.373415014929648, -7.788296117482992 ], [ 110.373453267239569, -7.788317827866583 ], [ 110.373494728038466, -7.788337781120618 ], [ 110.373561309547597, -7.788361821086154 ], [ 110.373594917236119, -7.788373437594334 ], [ 110.373680501285065, -7.788403139303372 ], [ 110.373791836785969, -7.788437233820224 ], [ 110.373935894013968, -7.788472772652898 ], [ 110.374037242585857, -7.788492568016259 ], [ 110.374299881937318, -7.788505791796614 ], [ 110.37434803919308, -7.788503530546461 ], [ 110.374373326672625, -7.788503218883402 ], [ 110.374442988851186, -7.788493132699737 ], [ 110.374487274118465, -7.788481329356153 ], [ 110.374545409078692, -7.788457429197825 ], [ 110.374588051720778, -7.788436525838578 ], [ 110.374662476404069, -7.788394143847987 ], [ 110.374707050031859, -7.788360089557313 ], [ 110.374751256176182, -7.788317151440827 ], [ 110.374803885997338, -7.788241176692527 ], [ 110.374828650730919, -7.788197792235404 ], [ 110.375030602247293, -7.78780472961899 ], [ 110.375119699960862, -7.787608869755425 ], [ 110.37513861363027, -7.787537651902057 ], [ 110.375131759164091, -7.787425577124054 ], [ 110.375088035504447, -7.787344897812772 ], [ 110.37504345634305, -7.787301946722328 ], [ 110.374958449870959, -7.787234618887935 ], [ 110.374823602434788, -7.787148856156653 ], [ 110.374739203969909, -7.787104067593345 ], [ 110.374689301544933, -7.787081359619503 ], [ 110.374560813580885, -7.787033833666135 ], [ 110.374307933561951, -7.786955290949381 ], [ 110.374225698159705, -7.78693752589365 ], [ 110.373870590943156, -7.786900139071977 ], [ 110.373839207714411, -7.78689616925425 ], [ 110.373748804681412, -7.786886710561519 ] ] ] ] } },
{ "type": "Feature", "properties": { "OBJECTID": 374, "DESA": "KOTABARU", "NIB": "00784", "TIPEHAK": "Hak Pakai", "LUAS": 3045.0, "TAHUN": 0, "Shape_Leng": 713.77576665699996, "Shape_Area": 3287.5552469899999 }, "geometry": { "type": "MultiPolygon", "coordinates": [ [ [ [ 110.373558897085161, -7.784116901050533 ], [ 110.373747148858826, -7.784133664878387 ], [ 110.373938770166248, -7.784148526492878 ], [ 110.374016434960581, -7.784149292343768 ], [ 110.374218163540462, -7.784162627522985 ], [ 110.374595610777234, -7.784201345321518 ], [ 110.374571384545902, -7.784265632634826 ], [ 110.374190735440692, -7.784232314921284 ], [ 110.373968548264344, -7.784211461043698 ], [ 110.373737503692567, -7.784206416092245 ], [ 110.373511723428479, -7.784205591787836 ], [ 110.3733039193731, -7.784199121649287 ], [ 110.373118067397655, -7.7841933349955 ], [ 110.373027122203041, -7.78419716791006 ], [ 110.372841074857263, -7.784212200547113 ], [ 110.37258241243272, -7.784252764975021 ], [ 110.372361469267702, -7.784303020554534 ], [ 110.372202766134166, -7.784348429958274 ], [ 110.371989297771549, -7.784399987389037 ], [ 110.371988128785233, -7.784393665875434 ], [ 110.371863475508235, -7.78442270980638 ], [ 110.371737523580293, -7.784467367243356 ], [ 110.371562057455932, -7.784529581826761 ], [ 110.371461974544872, -7.784417148694088 ], [ 110.371519380309394, -7.784441536140543 ], [ 110.371552010051602, -7.784446003609174 ], [ 110.371587209640296, -7.784437563880578 ], [ 110.37196630859647, -7.784313373300479 ], [ 110.372139602609295, -7.784258307954966 ], [ 110.372377696347414, -7.784185859997106 ], [ 110.372565884598316, -7.784142523768822 ], [ 110.372744572900302, -7.784119096511986 ], [ 110.372922571970534, -7.784108285880892 ], [ 110.373073799630575, -7.784105643596789 ], [ 110.373248834010539, -7.784102682794101 ], [ 110.373558897085161, -7.784116901050533 ] ] ] ] } },
{ "type": "Feature", "properties": { "OBJECTID": 375, "DESA": "KOTABARU", "NIB": "00778", "TIPEHAK": "Hak Pakai", "LUAS": 8449.0, "TAHUN": 0, "Shape_Leng": 891.08324720899998, "Shape_Area": 8450.8330643400004 }, "geometry": { "type": "MultiPolygon", "coordinates": [ [ [ [ 110.369653121057368, -7.785761936124466 ], [ 110.36964778181931, -7.785810192963843 ], [ 110.369649074099499, -7.785825759599596 ], [ 110.369688683075225, -7.785899728994695 ], [ 110.369708689304645, -7.786056749765658 ], [ 110.369696334680185, -7.786225444024783 ], [ 110.369695626089708, -7.786264316701067 ], [ 110.36971745397922, -7.78643244896495 ], [ 110.369745893948803, -7.786532956690871 ], [ 110.369749165661744, -7.786531082822742 ], [ 110.369771155063177, -7.786601667782711 ], [ 110.369782132686822, -7.786632195204209 ], [ 110.369794653742119, -7.786660270002345 ], [ 110.369811304431167, -7.786693633085693 ], [ 110.369850510703046, -7.78673185604037 ], [ 110.369770115366308, -7.786757813052933 ], [ 110.369855208229779, -7.787019502474148 ], [ 110.370011746237026, -7.787244523129102 ], [ 110.370071039018399, -7.787310224824527 ], [ 110.370096302688069, -7.78733530228201 ], [ 110.370153023241343, -7.787394755849745 ], [ 110.370212905328742, -7.787434520466298 ], [ 110.370301693666946, -7.787484323750315 ], [ 110.370341910534449, -7.787499952429386 ], [ 110.370372621602215, -7.787491427951247 ], [ 110.370477275849069, -7.787589635281015 ], [ 110.370469059120978, -7.787599681449609 ], [ 110.370462132961478, -7.787621809493889 ], [ 110.370478127187624, -7.787639278192876 ], [ 110.370812306160985, -7.787836137018858 ], [ 110.370936770898794, -7.787889981842612 ], [ 110.370995529763448, -7.787913912623905 ], [ 110.371051306767114, -7.787926860880051 ], [ 110.371255113600697, -7.787967073727787 ], [ 110.371368435283358, -7.787988026927763 ], [ 110.371457858511036, -7.787995731277642 ], [ 110.371614970021199, -7.788000688752069 ], [ 110.371664699977714, -7.787999617206745 ], [ 110.371782450921572, -7.787994914693459 ], [ 110.371825659098064, -7.787989644816551 ], [ 110.371362563439916, -7.788324212964535 ], [ 110.371379326586734, -7.788295204586651 ], [ 110.371386707478223, -7.788256239547349 ], [ 110.371378104435351, -7.788217537029284 ], [ 110.371353588685338, -7.788182413459837 ], [ 110.371311012664407, -7.788157983814002 ], [ 110.371259124309304, -7.788150848790664 ], [ 110.371194153666437, -7.788141139287024 ], [ 110.371154089697157, -7.788134174350862 ], [ 110.371117846996228, -7.788128037935699 ], [ 110.371082790397182, -7.788120707355277 ], [ 110.371047465827388, -7.788112685615689 ], [ 110.371016388391297, -7.788104936350105 ], [ 110.370980791874388, -7.788096053468636 ], [ 110.370945607799669, -7.788086260119656 ], [ 110.370911033545227, -7.788074111903329 ], [ 110.370864801754792, -7.788056978409657 ], [ 110.370815544378118, -7.788038857418845 ], [ 110.370778705192478, -7.788024845783096 ], [ 110.370734139034269, -7.788006480959951 ], [ 110.370717004880703, -7.788000286271137 ], [ 110.370719355061084, -7.787993818280267 ], [ 110.370674990296976, -7.787961901008312 ], [ 110.370654105864759, -7.787955007845272 ], [ 110.370613319510738, -7.787936266334706 ], [ 110.370571239163027, -7.787914323925154 ], [ 110.370492618529696, -7.787861972617123 ], [ 110.370465759074008, -7.787849146650808 ], [ 110.370381168664139, -7.787793834593781 ], [ 110.370319165619193, -7.787753033638169 ], [ 110.370275379966557, -7.787725380202803 ], [ 110.370251491227734, -7.787707594958894 ], [ 110.370006266582962, -7.787480891089499 ], [ 110.369926061628377, -7.787374624126675 ], [ 110.369892070161228, -7.787338624746101 ], [ 110.369855766474586, -7.787277833541384 ], [ 110.369812701912664, -7.787228327862326 ], [ 110.369751432516267, -7.787122501227848 ], [ 110.369626041318696, -7.786847827054455 ], [ 110.369550465014129, -7.786630403575829 ], [ 110.369496139694377, -7.786477618791041 ], [ 110.369486485622275, -7.78642372522167 ], [ 110.369483212810067, -7.786379331572732 ], [ 110.369481478786156, -7.786309564037744 ], [ 110.369474764857159, -7.786151886675764 ], [ 110.369472942579989, -7.786039305817009 ], [ 110.369474235294689, -7.785895004026399 ], [ 110.369466919551357, -7.785755869261126 ], [ 110.369653121057368, -7.785761936124466 ] ] ] ] } },
{ "type": "Feature", "properties": { "OBJECTID": 376, "DESA": "KOTABARU", "NIB": "00777", "TIPEHAK": "Hak Pakai", "LUAS": 3345.0, "TAHUN": 0, "Shape_Leng": 390.91554083, "Shape_Area": 3266.3984813500001 }, "geometry": { "type": "MultiPolygon", "coordinates": [ [ [ [ 110.370235538921449, -7.787721857879329 ], [ 110.370219701018129, -7.787714238213306 ], [ 110.370201434785983, -7.787709488011552 ], [ 110.370179544021738, -7.787707861094511 ], [ 110.370153702034443, -7.787708767694837 ], [ 110.37013920688895, -7.787709966567072 ], [ 110.370119387834649, -7.787714540864652 ], [ 110.370100838143472, -7.787723561180967 ], [ 110.37006455491246, -7.787750048906934 ], [ 110.370003392591343, -7.787802092234148 ], [ 110.369818886698027, -7.787960513676958 ], [ 110.369556045143142, -7.78816172659897 ], [ 110.369339228604161, -7.788345432968113 ], [ 110.369104991839691, -7.788515326353766 ], [ 110.369090269003564, -7.788637432439329 ], [ 110.368907096836494, -7.788417034940371 ], [ 110.369025721207393, -7.788370606530349 ], [ 110.369228049174183, -7.788205730883781 ], [ 110.369393824866606, -7.788070641877108 ], [ 110.36955024360924, -7.78794317174447 ], [ 110.369705033492934, -7.787807113271525 ], [ 110.370010974135113, -7.78754745257066 ], [ 110.370031149197089, -7.787530436769476 ], [ 110.370235538921449, -7.787721857879329 ] ] ] ] } },
{ "type": "Feature", "properties": { "OBJECTID": 377, "DESA": "KOTABARU", "NIB": "00773", "TIPEHAK": "Hak Pakai", "LUAS": 4781.0, "TAHUN": 0, "Shape_Leng": 1024.043189, "Shape_Area": 4708.1300976399998 }, "geometry": { "type": "MultiPolygon", "coordinates": [ [ [ [ 110.369415017404236, -7.785726940257301 ], [ 110.369206295096674, -7.785915867840107 ], [ 110.369043491838625, -7.786075974133228 ], [ 110.368875975001075, -7.78625940463585 ], [ 110.368773405436713, -7.786394754500637 ], [ 110.368751382917296, -7.7864422453122 ], [ 110.368751368474932, -7.786442276084334 ], [ 110.368678587337413, -7.786590416184739 ], [ 110.368619864674798, -7.786774518855724 ], [ 110.368572511969646, -7.787007141609047 ], [ 110.36858414807115, -7.787027274028273 ], [ 110.368602524524292, -7.787181072062451 ], [ 110.368609181624493, -7.787210494407723 ], [ 110.368602529680757, -7.787335428547733 ], [ 110.368626872857277, -7.787490684568404 ], [ 110.368662592663966, -7.787628553163174 ], [ 110.368665308604875, -7.787822505906182 ], [ 110.368691894776958, -7.787913495462181 ], [ 110.368720721583713, -7.788012151591254 ], [ 110.368745658986867, -7.788095381123789 ], [ 110.36877654408184, -7.788184477522686 ], [ 110.368825129464881, -7.788302842513114 ], [ 110.368870596386714, -7.788381296508568 ], [ 110.368907096836494, -7.788417034940371 ], [ 110.369090269003564, -7.788637432439329 ], [ 110.369550780898564, -7.789155430994511 ], [ 110.36974427085913, -7.789330050324911 ], [ 110.369841634647997, -7.78937297234483 ], [ 110.369533611418504, -7.789440263224997 ], [ 110.369611628618642, -7.789363910511304 ], [ 110.36962296832894, -7.789352811796439 ], [ 110.369242790512331, -7.788993243031408 ], [ 110.369062513770714, -7.788795692245808 ], [ 110.368926178583308, -7.788587411659611 ], [ 110.368744922153425, -7.788264470219157 ], [ 110.36864438293712, -7.788020910508179 ], [ 110.368614052951642, -7.787913876492864 ], [ 110.368537768650611, -7.787498288736288 ], [ 110.368501120829094, -7.787191527015705 ], [ 110.368510359272932, -7.787077993962667 ], [ 110.368538801787949, -7.786851894819205 ], [ 110.36856611059109, -7.786718468681388 ], [ 110.368585529846982, -7.786646122437999 ], [ 110.368660935330581, -7.78645072478031 ], [ 110.368666132133058, -7.786438458709232 ], [ 110.368691833769034, -7.786377806171919 ], [ 110.368781404354152, -7.786243750636562 ], [ 110.368868421973261, -7.786137467163425 ], [ 110.36890891498787, -7.786083470810602 ], [ 110.369110395434745, -7.78588349359363 ], [ 110.36923073074928, -7.785774147087003 ], [ 110.369360591790269, -7.785660875816657 ], [ 110.369415017404236, -7.785726940257301 ] ] ] ] } },
{ "type": "Feature", "properties": { "OBJECTID": 378, "DESA": "KOTABARU", "NIB": "00776", "TIPEHAK": "Hak Pakai", "LUAS": 1371.0, "TAHUN": 0, "Shape_Leng": 309.36899296299998, "Shape_Area": 1422.70817012 }, "geometry": { "type": "MultiPolygon", "coordinates": [ [ [ [ 110.36969641012837, -7.787115357958433 ], [ 110.369694735554845, -7.7871166453464 ], [ 110.36945590271074, -7.787309230840346 ], [ 110.369359818362653, -7.787390169534579 ], [ 110.369200708474395, -7.787516543795593 ], [ 110.369052384185593, -7.787633115248614 ], [ 110.36891814659333, -7.787738614884481 ], [ 110.368817127970871, -7.787755171531644 ], [ 110.368702618977125, -7.787773938519992 ], [ 110.368665308604875, -7.787822505906182 ], [ 110.368662592663966, -7.787628553163174 ], [ 110.368882400090328, -7.787645474963253 ], [ 110.369096912733156, -7.78749427385011 ], [ 110.369208260247888, -7.78740820065358 ], [ 110.369416526190193, -7.78723373739763 ], [ 110.369663882518253, -7.787014998769336 ], [ 110.36969641012837, -7.787115357958433 ] ] ] ] } },
{ "type": "Feature", "properties": { "OBJECTID": 379, "DESA": "KOTABARU", "NIB": "00781", "TIPEHAK": "Hak Pakai", "LUAS": 2555.0, "TAHUN": 0, "Shape_Leng": 472.54670932499999, "Shape_Area": 2441.66049815 }, "geometry": { "type": "MultiPolygon", "coordinates": [ [ [ [ 110.372214078722479, -7.786986834291358 ], [ 110.372018900538933, -7.786873842909243 ], [ 110.371985227908155, -7.78687502884062 ], [ 110.371710644479109, -7.786973873691919 ], [ 110.371484746067708, -7.787060547347832 ], [ 110.371320567586579, -7.787128723588064 ], [ 110.371122379312567, -7.787203006036721 ], [ 110.371082844671278, -7.787217878037488 ], [ 110.370930188955569, -7.787277661264372 ], [ 110.370820578475033, -7.787332778102845 ], [ 110.370655094380993, -7.787437908401134 ], [ 110.370495615627107, -7.787567211639048 ], [ 110.370477275849069, -7.787589635281015 ], [ 110.370372621602215, -7.787491427951247 ], [ 110.370400238364383, -7.787483761572767 ], [ 110.370419503687998, -7.7874709503072 ], [ 110.370449976169525, -7.787444348803445 ], [ 110.370536509481099, -7.787368839276066 ], [ 110.370821235097821, -7.787224891289129 ], [ 110.371541216138326, -7.786939951334734 ], [ 110.371769114941159, -7.78685263699245 ], [ 110.371921776180372, -7.786795670037513 ], [ 110.372114123531844, -7.786722175060551 ], [ 110.372214078722479, -7.786986834291358 ] ] ] ] } },
{ "type": "Feature", "properties": { "OBJECTID": 380, "DESA": "KOTABARU", "NIB": "00779", "TIPEHAK": "Hak Pakai", "LUAS": 2011.0, "TAHUN": 0, "Shape_Leng": 254.44055393100001, "Shape_Area": 1841.02445883 }, "geometry": { "type": "MultiPolygon", "coordinates": [ [ [ [ 110.372436582208792, -7.787077475596369 ], [ 110.372422865007195, -7.787087018630712 ], [ 110.37242079445619, -7.787090594447942 ], [ 110.372406902529576, -7.787100259003067 ], [ 110.372372345446877, -7.787159932608746 ], [ 110.372334750099526, -7.787318116899661 ], [ 110.372318668940153, -7.787484359382345 ], [ 110.372333454565336, -7.78759641706298 ], [ 110.372352616117823, -7.787741638715802 ], [ 110.372355394922096, -7.787762694330843 ], [ 110.372365026502536, -7.787819103295542 ], [ 110.37236936173332, -7.787829532361334 ], [ 110.372377188037063, -7.787841137829679 ], [ 110.372386963801347, -7.787850671400117 ], [ 110.372401801132554, -7.787861060769564 ], [ 110.372412238640464, -7.78786573385235 ], [ 110.372426339717563, -7.787867755539431 ], [ 110.372386719487508, -7.787874562451014 ], [ 110.372178643693417, -7.787910310123888 ], [ 110.372193823009155, -7.787897563248014 ], [ 110.372199092973659, -7.787877321119399 ], [ 110.372157759878945, -7.787548672844534 ], [ 110.372153918668772, -7.787499187108121 ], [ 110.372153957790474, -7.78745322696953 ], [ 110.372160022441307, -7.787352130395123 ], [ 110.372173151556296, -7.787243221539208 ], [ 110.37223949748703, -7.787017596847303 ], [ 110.372214078722479, -7.786986834291358 ], [ 110.372436582208792, -7.787077475596369 ] ] ] ] } },
{ "type": "Feature", "properties": { "OBJECTID": 381, "DESA": "KOTABARU", "NIB": "00774", "TIPEHAK": "Hak Pakai", "LUAS": 10401.0, "TAHUN": 0, "Shape_Leng": 1082.8632381499999, "Shape_Area": 9995.2772776799993 }, "geometry": { "type": "MultiPolygon", "coordinates": [ [ [ [ 110.373113361653026, -7.787983513464169 ], [ 110.373092043802671, -7.787977043575732 ], [ 110.373072260786302, -7.787975799463736 ], [ 110.372909058182145, -7.787978905992933 ], [ 110.372626464091255, -7.787993912363169 ], [ 110.372447017294334, -7.788030998214544 ], [ 110.372404305322064, -7.788042536797112 ], [ 110.372188255529892, -7.788113217154255 ], [ 110.372108943310053, -7.788145203351069 ], [ 110.371935918099425, -7.788217014827945 ], [ 110.371705328089845, -7.788332091740219 ], [ 110.371543295652486, -7.788407098484491 ], [ 110.371271371112641, -7.788573498904008 ], [ 110.370928057998938, -7.788815480770378 ], [ 110.370841317695877, -7.788876021022617 ], [ 110.370723049423262, -7.788964437159231 ], [ 110.370644833469584, -7.789014209024866 ], [ 110.370556447940487, -7.789075803277469 ], [ 110.370194533520589, -7.789332988849814 ], [ 110.370137828730918, -7.789384103500837 ], [ 110.369889926252185, -7.789554806617297 ], [ 110.369735192888896, -7.789606450627889 ], [ 110.369671382995477, -7.789587315040215 ], [ 110.369394945873225, -7.789622424120805 ], [ 110.369179229590884, -7.789724968841949 ], [ 110.369155221112791, -7.789744569424981 ], [ 110.369134643998365, -7.789772000508152 ], [ 110.369112511995965, -7.789813924458965 ], [ 110.369100042531969, -7.789855765301417 ], [ 110.368926859924599, -7.789826783881747 ], [ 110.368927965016809, -7.789652568185003 ], [ 110.369084713764963, -7.789576654517917 ], [ 110.369133352264697, -7.789553099131195 ], [ 110.369151943795103, -7.789544095036711 ], [ 110.369189035969043, -7.789524219875037 ], [ 110.369270007979637, -7.789498904612927 ], [ 110.36950066927588, -7.789464301843139 ], [ 110.36951145830183, -7.789453461050987 ], [ 110.369533611418504, -7.789440263224997 ], [ 110.369841634647997, -7.78937297234483 ], [ 110.370259044534819, -7.789108965813368 ], [ 110.370331647307935, -7.789058120507746 ], [ 110.370391519650354, -7.789013549299238 ], [ 110.370497134409021, -7.788935672272139 ], [ 110.370936507841847, -7.788626857134037 ], [ 110.371248403905838, -7.788407659475284 ], [ 110.371284770497297, -7.788382042215997 ], [ 110.371329199907379, -7.788350876535937 ], [ 110.371329237932613, -7.788350851140406 ], [ 110.3713451405673, -7.788340200528718 ], [ 110.371362563439916, -7.788324212964535 ], [ 110.371825659098064, -7.787989644816551 ], [ 110.372178643693417, -7.787910310123888 ], [ 110.372386719487508, -7.787874562451014 ], [ 110.372426339717563, -7.787867755539431 ], [ 110.372437977267566, -7.787867019990903 ], [ 110.372446548724284, -7.787865001375052 ], [ 110.372470238940267, -7.787859532895886 ], [ 110.372501543591312, -7.787850905774369 ], [ 110.372559154904977, -7.787836796643854 ], [ 110.372629047100062, -7.787822218268771 ], [ 110.37275405134713, -7.787800677175843 ], [ 110.372833997161649, -7.787794531356158 ], [ 110.372914322415838, -7.787791683230517 ], [ 110.373066431141751, -7.787776504186828 ], [ 110.373080780520155, -7.787776722383187 ], [ 110.37308479742569, -7.787776146278232 ], [ 110.373117363459997, -7.787974331296662 ], [ 110.373125635921781, -7.787985101261079 ], [ 110.373113361653026, -7.787983513464169 ] ] ] ] } },
{ "type": "Feature", "properties": { "OBJECTID": 382, "DESA": "KOTABARU", "NIB": "00775", "TIPEHAK": "Hak Pakai", "LUAS": 1068.0, "TAHUN": 0, "Shape_Leng": 283.14526768600001, "Shape_Area": 1301.24747069 }, "geometry": { "type": "MultiPolygon", "coordinates": [ [ [ [ 110.369497730807879, -7.786618343103948 ], [ 110.369482551829861, -7.78661280892847 ], [ 110.369299457074163, -7.786620906162685 ], [ 110.369062315535288, -7.786806220062729 ], [ 110.368856699613346, -7.786984630839384 ], [ 110.368662992532663, -7.787135208696254 ], [ 110.368640780835818, -7.78715469886298 ], [ 110.368629680414131, -7.787164438057607 ], [ 110.368609181624493, -7.787210494407723 ], [ 110.368602524524292, -7.787181072062451 ], [ 110.36858414807115, -7.787027274028273 ], [ 110.368617373194894, -7.787036360907507 ], [ 110.368644959366236, -7.787031001300542 ], [ 110.368895641965068, -7.78683845976815 ], [ 110.369199818996819, -7.786595426853127 ], [ 110.369198996752488, -7.786580494898628 ], [ 110.369230921227654, -7.786495184914084 ], [ 110.369264285021657, -7.786498550636944 ], [ 110.369338666544252, -7.786500170353881 ], [ 110.369382609389348, -7.786498617271283 ], [ 110.369427801655917, -7.786492722403547 ], [ 110.369472536759247, -7.786481438578628 ], [ 110.369478211751172, -7.786477736932672 ], [ 110.369497730807879, -7.786618343103948 ] ] ] ] } },
{ "type": "Feature", "properties": { "OBJECTID": 383, "DESA": "KOTABARU", "NIB": "00780", "TIPEHAK": "Hak Pakai", "LUAS": 2130.0, "TAHUN": 0, "Shape_Leng": 555.24728153599995, "Shape_Area": 2219.2664449200001 }, "geometry": { "type": "MultiPolygon", "coordinates": [ [ [ [ 110.371968341774902, -7.788582881703292 ], [ 110.372272104195318, -7.788674059298475 ], [ 110.372281489211161, -7.788674381770215 ], [ 110.372404953049212, -7.788712260151711 ], [ 110.37249211627163, -7.788737065367664 ], [ 110.372625334745152, -7.788785190695742 ], [ 110.372790779618938, -7.788845972500158 ], [ 110.372857057065261, -7.788868504102127 ], [ 110.373003629918387, -7.788918330615529 ], [ 110.373014835793498, -7.788922775145144 ], [ 110.373207291097842, -7.788986869254433 ], [ 110.373319103899249, -7.788963766472972 ], [ 110.373844536672706, -7.788915954973296 ], [ 110.373824505261879, -7.788963294507253 ], [ 110.373802371242121, -7.788965059004292 ], [ 110.373526071792668, -7.788994351041257 ], [ 110.373371444314031, -7.789011823992957 ], [ 110.373242008736312, -7.78902660113508 ], [ 110.373128268948378, -7.789009668469148 ], [ 110.373092005234184, -7.789020132325751 ], [ 110.372980716707374, -7.788996523446584 ], [ 110.372470847788776, -7.788846034376773 ], [ 110.372428338150726, -7.7888278951816 ], [ 110.371837871548607, -7.788624727511948 ], [ 110.37178121473859, -7.788596733624843 ], [ 110.371749500759336, -7.788581064104791 ], [ 110.371737386120898, -7.78855671472512 ], [ 110.371603242073206, -7.788429174943189 ], [ 110.371559921986972, -7.788413224558032 ], [ 110.371543295652486, -7.788407098484491 ], [ 110.371705328089845, -7.788332091740219 ], [ 110.371674528779863, -7.788368547884273 ], [ 110.371708340837046, -7.788438688835963 ], [ 110.371755083005468, -7.788486023892561 ], [ 110.371801622162153, -7.788515848785379 ], [ 110.371968341774902, -7.788582881703292 ] ] ] ] } },
{ "type": "Feature", "properties": { "OBJECTID": 384, "DESA": "KOTABARU", "NIB": "00330", "TIPEHAK": "Kosong", "LUAS": 29.0, "TAHUN": 0, "Shape_Leng": 21.749985326899999, "Shape_Area": 29.1294160936 }, "geometry": { "type": "MultiPolygon", "coordinates": [ [ [ [ 110.369104671195984, -7.789472479586396 ], [ 110.369145652984542, -7.789498014931428 ], [ 110.369109949263489, -7.789537006386346 ], [ 110.369072935171801, -7.78951384002378 ], [ 110.369104671195984, -7.789472479586396 ] ] ] ] } },
{ "type": "Feature", "properties": { "OBJECTID": 385, "DESA": "KOTABARU", "NIB": "00382", "TIPEHAK": "Hak Milik", "LUAS": 6806.0, "TAHUN": 2017, "Shape_Leng": 357.99566825400001, "Shape_Area": 6806.3660479500004 }, "geometry": { "type": "MultiPolygon", "coordinates": [ [ [ [ 110.378529034823558, -7.787389247756015 ], [ 110.378492497738463, -7.787794468444798 ], [ 110.378482147837204, -7.787875386875248 ], [ 110.377363642241022, -7.78772402884219 ], [ 110.377463264557804, -7.787203582274482 ], [ 110.377764816996944, -7.787274577155544 ], [ 110.378003294896146, -7.787298085976427 ], [ 110.378356323402002, -7.787352795135222 ], [ 110.378355650468734, -7.78736704837435 ], [ 110.378529034823558, -7.787389247756015 ] ] ] ] } },
{ "type": "Feature", "properties": { "OBJECTID": 386, "DESA": "KOTABARU", "NIB": "00322", "TIPEHAK": "Hak Guna Bangunan", "LUAS": 839.0, "TAHUN": 0, "Shape_Leng": 119.61955187, "Shape_Area": 839.09754658700001 }, "geometry": { "type": "MultiPolygon", "coordinates": [ [ [ [ 110.375692465675101, -7.785678367224581 ], [ 110.375679100508037, -7.785774879220097 ], [ 110.375647745036289, -7.786013063530841 ], [ 110.375449022365501, -7.785986849058763 ], [ 110.375450606540795, -7.785975216989215 ], [ 110.375487382561673, -7.785651347595322 ], [ 110.375586670162804, -7.785663039936607 ], [ 110.375692465675101, -7.785678367224581 ] ] ] ] } },
{ "type": "Feature", "properties": { "OBJECTID": 387, "DESA": "KOTABARU", "NIB": "00320", "TIPEHAK": "Kosong", "LUAS": 15.0, "TAHUN": 0, "Shape_Leng": 17.0000241937, "Shape_Area": 14.999992903300001 }, "geometry": { "type": "MultiPolygon", "coordinates": [ [ [ [ 110.369125226357056, -7.789458152104132 ], [ 110.369177750288642, -7.789472266435148 ], [ 110.36917185333084, -7.789494092164713 ], [ 110.36911932939843, -7.789479978737426 ], [ 110.369125226357056, -7.789458152104132 ] ] ] ] } },
{ "type": "Feature", "properties": { "OBJECTID": 388, "DESA": "KOTABARU", "NIB": "00321", "TIPEHAK": "Hak Milik", "LUAS": 1541.0, "TAHUN": 0, "Shape_Leng": 161.75089665499999, "Shape_Area": 1541.42240857 }, "geometry": { "type": "MultiPolygon", "coordinates": [ [ [ [ 110.377191675083424, -7.787145849324761 ], [ 110.377210225994233, -7.787151898856232 ], [ 110.377234160369582, -7.787159703131669 ], [ 110.377247399785034, -7.787171573074834 ], [ 110.377261590904823, -7.787189867129427 ], [ 110.377283814290024, -7.787227198566829 ], [ 110.377293093792616, -7.787245241472315 ], [ 110.377290827252565, -7.78727225161682 ], [ 110.377287132669466, -7.787303555099742 ], [ 110.377304818824072, -7.787305750043537 ], [ 110.377267028019133, -7.787630545616363 ], [ 110.376992346471681, -7.787598839758262 ], [ 110.377044563370347, -7.78711881999877 ], [ 110.377069748097412, -7.787123205665958 ], [ 110.377070059870221, -7.787126208741656 ], [ 110.377138803869883, -7.787137310131528 ], [ 110.377191675083424, -7.787145849324761 ] ] ] ] } },
{ "type": "Feature", "properties": { "OBJECTID": 389, "DESA": "KOTABARU", "NIB": "00770", "TIPEHAK": "Hak Pakai", "LUAS": 9821.0, "TAHUN": 0, "Shape_Leng": 1130.1517006199999, "Shape_Area": 12294.227446299999 }, "geometry": { "type": "MultiPolygon", "coordinates": [ [ [ [ 110.371540908937689, -7.783065453817516 ], [ 110.37143118000148, -7.783842222784292 ], [ 110.371398483429175, -7.784046786522846 ], [ 110.371394580170318, -7.784071205011036 ], [ 110.371388838925242, -7.784135858389819 ], [ 110.371392145669759, -7.784259808167097 ], [ 110.37143453546561, -7.784370719666415 ], [ 110.371461974544872, -7.784417148694088 ], [ 110.371562057455932, -7.784529581826761 ], [ 110.371682370063326, -7.784863420773624 ], [ 110.371789601708244, -7.785160962456525 ], [ 110.371808617389604, -7.785281414149376 ], [ 110.371808647050074, -7.785287430580328 ], [ 110.371808679813213, -7.785294070897222 ], [ 110.371906296655126, -7.785540069853317 ], [ 110.371950132874503, -7.785653656507633 ], [ 110.372025040555485, -7.785851101808619 ], [ 110.372077663901408, -7.785986279646615 ], [ 110.372389655555409, -7.786788831245991 ], [ 110.37242900301159, -7.786832965249473 ], [ 110.372471492541436, -7.786862083203045 ], [ 110.372523845364242, -7.786882138938535 ], [ 110.372579433906736, -7.786888625135039 ], [ 110.372852249199468, -7.786852890526521 ], [ 110.372997348604059, -7.786810120105597 ], [ 110.373083237520177, -7.787116435194338 ], [ 110.37307637280901, -7.787098107808724 ], [ 110.373052321499571, -7.787060945340245 ], [ 110.372754229398296, -7.787049155377857 ], [ 110.372671756353384, -7.787061559757629 ], [ 110.37265971761002, -7.787063370315391 ], [ 110.372627515594857, -7.787065044248259 ], [ 110.372529547692395, -7.787057735662827 ], [ 110.372508895162284, -7.787054243680554 ], [ 110.372477839728234, -7.787057974086522 ], [ 110.372454481019147, -7.78706502331022 ], [ 110.372436582208792, -7.787077475596369 ], [ 110.372214078722479, -7.786986834291358 ], [ 110.372114123531844, -7.786722175060551 ], [ 110.372120790314057, -7.78671539708986 ], [ 110.372127265031295, -7.786703862562043 ], [ 110.372127892110313, -7.786676100781039 ], [ 110.372087217360345, -7.786572747634869 ], [ 110.371976065557178, -7.786280799362103 ], [ 110.371896651837318, -7.786075838644463 ], [ 110.371847375018461, -7.785896459720052 ], [ 110.37184899022381, -7.785884439691102 ], [ 110.371849224510783, -7.785870151171838 ], [ 110.371841679490586, -7.785842404382344 ], [ 110.371833594332941, -7.785819139877329 ], [ 110.371728740440872, -7.785586947424412 ], [ 110.371633585962513, -7.785361099600045 ], [ 110.371605810518417, -7.785297596527599 ], [ 110.371520261706806, -7.785122229839842 ], [ 110.371456458437677, -7.784976090747731 ], [ 110.37141219598432, -7.784871990769406 ], [ 110.371378640574378, -7.78481398347378 ], [ 110.371360308331717, -7.784772828871345 ], [ 110.371203724735736, -7.784441253359186 ], [ 110.371153446902994, -7.784405986456401 ], [ 110.371159984635497, -7.784289308757701 ], [ 110.371170520874514, -7.784101255879171 ], [ 110.371192600767998, -7.784074707755652 ], [ 110.371199140063993, -7.78406283855859 ], [ 110.371217450661163, -7.78402592980755 ], [ 110.37122532105785, -7.783992650227555 ], [ 110.371229590508548, -7.78396731232863 ], [ 110.371232773843175, -7.783940654732096 ], [ 110.371235584252531, -7.783915163405004 ], [ 110.371241372371898, -7.783859587112061 ], [ 110.37124834900041, -7.783811451685779 ], [ 110.371253879248869, -7.783767098752862 ], [ 110.371260048690971, -7.783719691954905 ], [ 110.37126422775529, -7.783676049779724 ], [ 110.371265052247921, -7.783670093077954 ], [ 110.371272135997771, -7.783616760136153 ], [ 110.371277661771089, -7.783581216754424 ], [ 110.3712826736663, -7.783543558619078 ], [ 110.371289091855644, -7.783491488392084 ], [ 110.371292692863975, -7.783461629097843 ], [ 110.371297211348647, -7.783426938629767 ], [ 110.371303861246687, -7.783376879753768 ], [ 110.371306903200193, -7.783350687202034 ], [ 110.371307560132095, -7.783344808604909 ], [ 110.371312736491831, -7.783306452999581 ], [ 110.371318269166821, -7.783261961719885 ], [ 110.371321804266515, -7.783234430855202 ], [ 110.371326312259157, -7.783193344154643 ], [ 110.371333347731152, -7.783125857090694 ], [ 110.371336164458015, -7.783102110840732 ], [ 110.371331673136055, -7.783063907106183 ], [ 110.371540908937689, -7.783065453817516 ] ] ] ] } },
{ "type": "Feature", "properties": { "OBJECTID": 390, "DESA": "KOTABARU", "NIB": "00362", "TIPEHAK": "Kosong", "LUAS": 36.0, "TAHUN": 0, "Shape_Leng": 27.317553592500001, "Shape_Area": 36.351820632500001 }, "geometry": { "type": "MultiPolygon", "coordinates": [ [ [ [ 110.369301562269058, -7.789339960673929 ], [ 110.369270449429706, -7.789373557355224 ], [ 110.369239605244942, -7.78940686052551 ], [ 110.369214925203934, -7.789386112910947 ], [ 110.369244843080921, -7.789352931899669 ], [ 110.369275468306668, -7.789318965501391 ], [ 110.369301562269058, -7.789339960673929 ] ] ] ] } },
{ "type": "Feature", "properties": { "OBJECTID": 391, "DESA": "KOTABARU", "NIB": "00352", "TIPEHAK": "Kosong", "LUAS": 78.0, "TAHUN": 0, "Shape_Leng": 37.912418494400001, "Shape_Area": 78.451813272300001 }, "geometry": { "type": "MultiPolygon", "coordinates": [ [ [ [ 110.36861185990675, -7.788524752450492 ], [ 110.368542299713155, -7.788550139129809 ], [ 110.368532657874155, -7.788553657205902 ], [ 110.368529447187981, -7.788548197037298 ], [ 110.368502390623078, -7.788502179350721 ], [ 110.368535951641519, -7.788480177592713 ], [ 110.368525158189129, -7.788465985803452 ], [ 110.368558568473915, -7.788440790745395 ], [ 110.368609968012052, -7.788521772492431 ], [ 110.36861185990675, -7.788524752450492 ] ] ] ] } },
{ "type": "Feature", "properties": { "OBJECTID": 392, "DESA": "KOTABARU", "NIB": "00353", "TIPEHAK": "Kosong", "LUAS": 57.0, "TAHUN": 0, "Shape_Leng": 32.3881033734, "Shape_Area": 57.302921340200001 }, "geometry": { "type": "MultiPolygon", "coordinates": [ [ [ [ 110.368558568473915, -7.788440790745395 ], [ 110.368525158189129, -7.788465985803452 ], [ 110.368535951641519, -7.788480177592713 ], [ 110.368502390623078, -7.788502179350721 ], [ 110.368494640030619, -7.788488996734278 ], [ 110.368465702913824, -7.788439779343694 ], [ 110.368494016590077, -7.788420924983177 ], [ 110.368522327547581, -7.788402072434987 ], [ 110.368558568473915, -7.788440790745395 ] ] ] ] } },
{ "type": "Feature", "properties": { "OBJECTID": 393, "DESA": "KOTABARU", "NIB": "00355", "TIPEHAK": "Kosong", "LUAS": 43.0, "TAHUN": 0, "Shape_Leng": 26.969741596, "Shape_Area": 43.977191901799998 }, "geometry": { "type": "MultiPolygon", "coordinates": [ [ [ [ 110.368465816881596, -7.788253021786073 ], [ 110.368527121897031, -7.788239310694239 ], [ 110.368533844956985, -7.788237805906322 ], [ 110.368534420161197, -7.788240646604492 ], [ 110.368544155673519, -7.788288768572857 ], [ 110.368512679951593, -7.78829804135801 ], [ 110.368512133471029, -7.788295941134542 ], [ 110.368479995909979, -7.788305208944085 ], [ 110.368469755143153, -7.788267516059671 ], [ 110.368465816881596, -7.788253021786073 ] ] ] ] } },
{ "type": "Feature", "properties": { "OBJECTID": 394, "DESA": "KOTABARU", "NIB": "00356", "TIPEHAK": "Kosong", "LUAS": 69.0, "TAHUN": 0, "Shape_Leng": 33.529869761699999, "Shape_Area": 69.995066131399994 }, "geometry": { "type": "MultiPolygon", "coordinates": [ [ [ [ 110.368533844956985, -7.788237805906322 ], [ 110.368527121897031, -7.788239310694239 ], [ 110.368465816881596, -7.788253021786073 ], [ 110.368452458654929, -7.788256008574863 ], [ 110.368442832694399, -7.788184039207929 ], [ 110.368463222478269, -7.788179229629392 ], [ 110.368515177863543, -7.788166972648123 ], [ 110.368533844956985, -7.788237805906322 ] ] ] ] } },
{ "type": "Feature", "properties": { "OBJECTID": 395, "DESA": "KOTABARU", "NIB": "00357", "TIPEHAK": "Kosong", "LUAS": 67.0, "TAHUN": 0, "Shape_Leng": 35.318239013199999, "Shape_Area": 67.936890192199996 }, "geometry": { "type": "MultiPolygon", "coordinates": [ [ [ [ 110.368515177863543, -7.788166972648123 ], [ 110.368463222478269, -7.788179229629392 ], [ 110.368450469138736, -7.788122876647243 ], [ 110.368439549353198, -7.788074631418156 ], [ 110.368479025369609, -7.788063333134278 ], [ 110.368487043253268, -7.788061037238912 ], [ 110.368515177863543, -7.788166972648123 ] ] ] ] } },
{ "type": "Feature", "properties": { "OBJECTID": 396, "DESA": "KOTABARU", "NIB": "00358", "TIPEHAK": "Kosong", "LUAS": 55.0, "TAHUN": 0, "Shape_Leng": 30.079933402399998, "Shape_Area": 55.955364036299997 }, "geometry": { "type": "MultiPolygon", "coordinates": [ [ [ [ 110.368487043253268, -7.788061037238912 ], [ 110.368479025369609, -7.788063333134278 ], [ 110.368439549353198, -7.788074631418156 ], [ 110.368412622518463, -7.788082337856219 ], [ 110.368395936013428, -7.788019679856772 ], [ 110.368404963313353, -7.788017557308531 ], [ 110.368462114747629, -7.788004111528696 ], [ 110.368487043253268, -7.788061037238912 ] ] ] ] } },
{ "type": "Feature", "properties": { "OBJECTID": 397, "DESA": "KOTABARU", "NIB": "00359", "TIPEHAK": "Kosong", "LUAS": 69.0, "TAHUN": 0, "Shape_Leng": 33.600629603199998, "Shape_Area": 69.759740979900002 }, "geometry": { "type": "MultiPolygon", "coordinates": [ [ [ [ 110.368462114747629, -7.788004111528696 ], [ 110.368404963313353, -7.788017557308531 ], [ 110.368386316664697, -7.787928019873865 ], [ 110.368402598311448, -7.787924401398439 ], [ 110.368447285610301, -7.787914466816081 ], [ 110.368463413141711, -7.787984804360617 ], [ 110.368462114747629, -7.788004111528696 ] ] ] ] } },
{ "type": "Feature", "properties": { "OBJECTID": 398, "DESA": "KOTABARU", "NIB": "00360", "TIPEHAK": "Kosong", "LUAS": 35.0, "TAHUN": 0, "Shape_Leng": 24.2057407243, "Shape_Area": 35.927784182300002 }, "geometry": { "type": "MultiPolygon", "coordinates": [ [ [ [ 110.368447285610301, -7.787914466816081 ], [ 110.368402598311448, -7.787924401398439 ], [ 110.368389503813589, -7.787863064298009 ], [ 110.368437740807011, -7.787853722829737 ], [ 110.368447285610301, -7.787914466816081 ] ] ] ] } },
{ "type": "Feature", "properties": { "OBJECTID": 399, "DESA": "KOTABARU", "NIB": "00361", "TIPEHAK": "Kosong", "LUAS": 157.0, "TAHUN": 0, "Shape_Leng": 51.308030873699998, "Shape_Area": 157.058617123 }, "geometry": { "type": "MultiPolygon", "coordinates": [ [ [ [ 110.368437740807011, -7.787853722829737 ], [ 110.368389503813589, -7.787863064298009 ], [ 110.368352569572608, -7.787870216163995 ], [ 110.36831418800115, -7.787738500592358 ], [ 110.368407859943517, -7.787713368380329 ], [ 110.368437740807011, -7.787853722829737 ] ] ] ] } },
{ "type": "Feature", "properties": { "OBJECTID": 400, "DESA": "KOTABARU", "NIB": "00324", "TIPEHAK": "Hak Guna Bangunan", "LUAS": 1086.0, "TAHUN": 0, "Shape_Leng": 149.787448165, "Shape_Area": 1075.5146647 }, "geometry": { "type": "MultiPolygon", "coordinates": [ [ [ [ 110.371141952204255, -7.787532198337431 ], [ 110.371234897670519, -7.787496973523279 ], [ 110.371234683459733, -7.787496413364596 ], [ 110.37124271150266, -7.78749334521913 ], [ 110.371318672628831, -7.787464320071509 ], [ 110.371342736464328, -7.787516814101689 ], [ 110.371334107325524, -7.787551027465777 ], [ 110.371332080134692, -7.787550584057347 ], [ 110.371321267538107, -7.787548216501492 ], [ 110.3712810507499, -7.787730969404313 ], [ 110.371255113600697, -7.787967073727787 ], [ 110.371051306767114, -7.787926860880051 ], [ 110.371125287858618, -7.787580503764181 ], [ 110.371110483909021, -7.787544124187113 ], [ 110.371141952204255, -7.787532198337431 ] ] ] ] } },
{ "type": "Feature", "properties": { "OBJECTID": 401, "DESA": "KOTABARU", "NIB": "00332", "TIPEHAK": "Kosong", "LUAS": 9.0, "TAHUN": 0, "Shape_Leng": 12.739707925299999, "Shape_Area": 9.5523085531900005 }, "geometry": { "type": "MultiPolygon", "coordinates": [ [ [ [ 110.369181143027603, -7.789439375816014 ], [ 110.369190765127911, -7.789428916280751 ], [ 110.369204677682234, -7.789413790452659 ], [ 110.36922599910713, -7.789429891078423 ], [ 110.369210602005623, -7.789447452228618 ], [ 110.369181143027603, -7.789439375816014 ] ] ] ] } },
{ "type": "Feature", "properties": { "OBJECTID": 402, "DESA": "KOTABARU", "NIB": "00333", "TIPEHAK": "Kosong", "LUAS": 23.0, "TAHUN": 0, "Shape_Leng": 19.750029649799998, "Shape_Area": 23.1700438576 }, "geometry": { "type": "MultiPolygon", "coordinates": [ [ [ [ 110.369204677682234, -7.789413790452659 ], [ 110.369190765127911, -7.789428916280751 ], [ 110.369181143027603, -7.789439375816014 ], [ 110.369141499016649, -7.789410572692655 ], [ 110.369137322332321, -7.789407538650619 ], [ 110.369161454604836, -7.789381150045607 ], [ 110.369204677682234, -7.789413790452659 ] ] ] ] } },
{ "type": "Feature", "properties": { "OBJECTID": 403, "DESA": "KOTABARU", "NIB": "00334", "TIPEHAK": "Kosong", "LUAS": 24.0, "TAHUN": 0, "Shape_Leng": 22.0097963013, "Shape_Area": 24.7312526955 }, "geometry": { "type": "MultiPolygon", "coordinates": [ [ [ [ 110.369161454604836, -7.789381150045607 ], [ 110.369137322332321, -7.789407538650619 ], [ 110.369141499016649, -7.789410572692655 ], [ 110.369134110855072, -7.789422810713029 ], [ 110.369109788426385, -7.789401378789281 ], [ 110.369116293388174, -7.789393022469103 ], [ 110.369101970487947, -7.789381932986962 ], [ 110.369102749022318, -7.789380933162383 ], [ 110.369124375255169, -7.789353149104264 ], [ 110.369161454604836, -7.789381150045607 ] ] ] ] } },
{ "type": "Feature", "properties": { "OBJECTID": 404, "DESA": "KOTABARU", "NIB": "00335", "TIPEHAK": "Kosong", "LUAS": 53.0, "TAHUN": 0, "Shape_Leng": 35.6602071135, "Shape_Area": 53.657865489599999 }, "geometry": { "type": "MultiPolygon", "coordinates": [ [ [ [ 110.369124375255169, -7.789353149104264 ], [ 110.369102749022318, -7.789380933162383 ], [ 110.369101970487947, -7.789381932986962 ], [ 110.369116293388174, -7.789393022469103 ], [ 110.369109788426385, -7.789401378789281 ], [ 110.369021602451809, -7.789318042084388 ], [ 110.369050064807894, -7.789290816367317 ], [ 110.369124375255169, -7.789353149104264 ] ] ] ] } },
{ "type": "Feature", "properties": { "OBJECTID": 405, "DESA": "KOTABARU", "NIB": "00336", "TIPEHAK": "Kosong", "LUAS": 28.0, "TAHUN": 0, "Shape_Leng": 21.3697185286, "Shape_Area": 28.438851654400001 }, "geometry": { "type": "MultiPolygon", "coordinates": [ [ [ [ 110.368981901591766, -7.789278801969021 ], [ 110.369013927743893, -7.789248885305277 ], [ 110.369048142875968, -7.789286902443033 ], [ 110.369024121215986, -7.789309336782494 ], [ 110.369014724109164, -7.789318112246947 ], [ 110.368980710778459, -7.789279913854295 ], [ 110.368981901591766, -7.789278801969021 ] ] ] ] } },
{ "type": "Feature", "properties": { "OBJECTID": 406, "DESA": "KOTABARU", "NIB": "00337", "TIPEHAK": "Kosong", "LUAS": 27.0, "TAHUN": 0, "Shape_Leng": 21.424583908100001, "Shape_Area": 27.8923834675 }, "geometry": { "type": "MultiPolygon", "coordinates": [ [ [ [ 110.369013927743893, -7.789248885305277 ], [ 110.368981901591766, -7.789278801969021 ], [ 110.368946945901882, -7.789233815021126 ], [ 110.368975185706645, -7.78920901932988 ], [ 110.369013927743893, -7.789248885305277 ] ] ] ] } },
{ "type": "Feature", "properties": { "OBJECTID": 407, "DESA": "KOTABARU", "NIB": "00338", "TIPEHAK": "Kosong", "LUAS": 20.0, "TAHUN": 0, "Shape_Leng": 18.710018489399999, "Shape_Area": 20.903309438899999 }, "geometry": { "type": "MultiPolygon", "coordinates": [ [ [ [ 110.368975185706645, -7.78920901932988 ], [ 110.368946945901882, -7.789233815021126 ], [ 110.368916543104675, -7.789193601912999 ], [ 110.368942548380289, -7.789173338999651 ], [ 110.368947888216866, -7.789180756896093 ], [ 110.368975185706645, -7.78920901932988 ] ] ] ] } },
{ "type": "Feature", "properties": { "OBJECTID": 408, "DESA": "KOTABARU", "NIB": "00339", "TIPEHAK": "Kosong", "LUAS": 32.0, "TAHUN": 0, "Shape_Leng": 24.420116365399998, "Shape_Area": 32.838634938399998 }, "geometry": { "type": "MultiPolygon", "coordinates": [ [ [ [ 110.368942548380289, -7.789173338999651 ], [ 110.368916543104675, -7.789193601912999 ], [ 110.368903754988864, -7.789203566105951 ], [ 110.36888759295563, -7.789182541503948 ], [ 110.368898553150203, -7.789170727464562 ], [ 110.368898008639604, -7.789169584777582 ], [ 110.368885178885662, -7.789142629076429 ], [ 110.36892118643047, -7.789121288659676 ], [ 110.368942548380289, -7.789173338999651 ] ] ] ] } },
{ "type": "Feature", "properties": { "OBJECTID": 409, "DESA": "KOTABARU", "NIB": "00340", "TIPEHAK": "Kosong", "LUAS": 98.0, "TAHUN": 0, "Shape_Leng": 41.4748912389, "Shape_Area": 98.965858901800004 }, "geometry": { "type": "MultiPolygon", "coordinates": [ [ [ [ 110.368988180427905, -7.788973360187735 ], [ 110.369040718409551, -7.789025110612195 ], [ 110.369008091142746, -7.78905544443705 ], [ 110.368941710025112, -7.789111444237197 ], [ 110.368920187276004, -7.789038117678063 ], [ 110.368988180427905, -7.788973360187735 ] ] ] ] } },
{ "type": "Feature", "properties": { "OBJECTID": 410, "DESA": "KOTABARU", "NIB": "00341", "TIPEHAK": "Kosong", "LUAS": 16.0, "TAHUN": 0, "Shape_Leng": 16.481341732600001, "Shape_Area": 16.679196748199999 }, "geometry": { "type": "MultiPolygon", "coordinates": [ [ [ [ 110.368895759962314, -7.789114024963903 ], [ 110.368881768572521, -7.789083421419471 ], [ 110.368920673794761, -7.789066549006569 ], [ 110.36892183775133, -7.78906604298536 ], [ 110.368931503948019, -7.78909677384426 ], [ 110.368895759962314, -7.789114024963903 ] ] ] ] } },
{ "type": "Feature", "properties": { "OBJECTID": 411, "DESA": "KOTABARU", "NIB": "00342", "TIPEHAK": "Kosong", "LUAS": 29.0, "TAHUN": 0, "Shape_Leng": 21.6731828074, "Shape_Area": 29.183231193400001 }, "geometry": { "type": "MultiPolygon", "coordinates": [ [ [ [ 110.36892183775133, -7.78906604298536 ], [ 110.368920673794761, -7.789066549006569 ], [ 110.368881768572521, -7.789083421419471 ], [ 110.36886258385691, -7.789041262996449 ], [ 110.36886047276333, -7.789036623392308 ], [ 110.368904257386319, -7.789016234521583 ], [ 110.36892183775133, -7.78906604298536 ] ] ] ] } },
{ "type": "Feature", "properties": { "OBJECTID": 412, "DESA": "KOTABARU", "NIB": "00343", "TIPEHAK": "Kosong", "LUAS": 30.0, "TAHUN": 0, "Shape_Leng": 24.5802206983, "Shape_Area": 30.367567977 }, "geometry": { "type": "MultiPolygon", "coordinates": [ [ [ [ 110.368881768572521, -7.789083421419471 ], [ 110.368895759962314, -7.789114024963903 ], [ 110.368869237040613, -7.789126823923976 ], [ 110.368861474734103, -7.789111488459299 ], [ 110.368832960738104, -7.789055146106065 ], [ 110.36886258385691, -7.789041262996449 ], [ 110.368881768572521, -7.789083421419471 ] ] ] ] } },
{ "type": "Feature", "properties": { "OBJECTID": 413, "DESA": "KOTABARU", "NIB": "00344", "TIPEHAK": "Kosong", "LUAS": 53.0, "TAHUN": 0, "Shape_Leng": 34.090066265200001, "Shape_Area": 53.363948113299998 }, "geometry": { "type": "MultiPolygon", "coordinates": [ [ [ [ 110.368832960738104, -7.789055146106065 ], [ 110.368861474734103, -7.789111488459299 ], [ 110.368837189483401, -7.789137116935797 ], [ 110.368774447204288, -7.789032836648233 ], [ 110.368812085254007, -7.789013897146409 ], [ 110.368832960738104, -7.789055146106065 ] ] ] ] } },
{ "type": "Feature", "properties": { "OBJECTID": 414, "DESA": "KOTABARU", "NIB": "00345", "TIPEHAK": "Kosong", "LUAS": 105.0, "TAHUN": 0, "Shape_Leng": 40.4327794764, "Shape_Area": 105.29599887400001 }, "geometry": { "type": "MultiPolygon", "coordinates": [ [ [ [ 110.368904257386319, -7.789016234521583 ], [ 110.36886047276333, -7.789036623392308 ], [ 110.368841825279858, -7.789045305694716 ], [ 110.368804369205094, -7.78898273098659 ], [ 110.368843092065745, -7.788954358533466 ], [ 110.368889266907672, -7.788920522138979 ], [ 110.368917926285775, -7.788964706421605 ], [ 110.368929834767911, -7.788995109887678 ], [ 110.368917839693182, -7.789008910750912 ], [ 110.368904257386319, -7.789016234521583 ] ] ] ] } },
{ "type": "Feature", "properties": { "OBJECTID": 415, "DESA": "KOTABARU", "NIB": "00346", "TIPEHAK": "Kosong", "LUAS": 21.0, "TAHUN": 0, "Shape_Leng": 19.410464651800002, "Shape_Area": 21.2344177879 }, "geometry": { "type": "MultiPolygon", "coordinates": [ [ [ [ 110.368889266907672, -7.788920522138979 ], [ 110.368843092065745, -7.788954358533466 ], [ 110.368826022829424, -7.788929521903988 ], [ 110.368872770326703, -7.788895088474903 ], [ 110.368889266907672, -7.788920522138979 ] ] ] ] } },
{ "type": "Feature", "properties": { "OBJECTID": 416, "DESA": "KOTABARU", "NIB": "00347", "TIPEHAK": "Kosong", "LUAS": 15.0, "TAHUN": 0, "Shape_Leng": 16.536933626300002, "Shape_Area": 15.2981210686 }, "geometry": { "type": "MultiPolygon", "coordinates": [ [ [ [ 110.368843092065745, -7.788954358533466 ], [ 110.368804369205094, -7.78898273098659 ], [ 110.368791324272308, -7.788965737208756 ], [ 110.368826022829424, -7.788929521903988 ], [ 110.368843092065745, -7.788954358533466 ] ] ] ] } },
{ "type": "Feature", "properties": { "OBJECTID": 417, "DESA": "KOTABARU", "NIB": "00348", "TIPEHAK": "Kosong", "LUAS": 81.0, "TAHUN": 0, "Shape_Leng": 36.16810164, "Shape_Area": 81.617305677399997 }, "geometry": { "type": "MultiPolygon", "coordinates": [ [ [ [ 110.368754216599115, -7.788872043097617 ], [ 110.368814547873257, -7.788823961081245 ], [ 110.368869027720621, -7.788889319262108 ], [ 110.368806350366171, -7.788939276869074 ], [ 110.368754216599115, -7.788872043097617 ] ] ] ] } },
{ "type": "Feature", "properties": { "OBJECTID": 418, "DESA": "KOTABARU", "NIB": "00349", "TIPEHAK": "Kosong", "LUAS": 119.0, "TAHUN": 0, "Shape_Leng": 44.708522427699997, "Shape_Area": 119.57410669399999 }, "geometry": { "type": "MultiPolygon", "coordinates": [ [ [ [ 110.368814547873257, -7.788823961081245 ], [ 110.368754216599115, -7.788872043097617 ], [ 110.368701342893786, -7.788803852390322 ], [ 110.368680231595548, -7.788776625214789 ], [ 110.368736362410104, -7.788730247178665 ], [ 110.36874522940785, -7.788722920419318 ], [ 110.368814547873257, -7.788823961081245 ] ] ] ] } },
{ "type": "Feature", "properties": { "OBJECTID": 419, "DESA": "KOTABARU", "NIB": "00350", "TIPEHAK": "Kosong", "LUAS": 26.0, "TAHUN": 0, "Shape_Leng": 22.339442102, "Shape_Area": 26.270754721799999 }, "geometry": { "type": "MultiPolygon", "coordinates": [ [ [ [ 110.368613136592415, -7.788604490558614 ], [ 110.36863830877266, -7.788593076895045 ], [ 110.368667551227674, -7.788657588057956 ], [ 110.368636653476685, -7.788670614781242 ], [ 110.368613136592415, -7.788604490558614 ] ] ] ] } },
{ "type": "Feature", "properties": { "OBJECTID": 420, "DESA": "KOTABARU", "NIB": "00351", "TIPEHAK": "Kosong", "LUAS": 68.0, "TAHUN": 0, "Shape_Leng": 33.223522711500003, "Shape_Area": 68.907992474899999 }, "geometry": { "type": "MultiPolygon", "coordinates": [ [ [ [ 110.36863830877266, -7.788593076895045 ], [ 110.368613136592415, -7.788604490558614 ], [ 110.368570385275149, -7.788623874529893 ], [ 110.368542299713155, -7.788550139129809 ], [ 110.36861185990675, -7.788524752450492 ], [ 110.36863830877266, -7.788593076895045 ] ] ] ] } },
{ "type": "Feature", "properties": { "OBJECTID": 421, "DESA": "KOTABARU", "NIB": "00363", "TIPEHAK": "Kosong", "LUAS": 98.0, "TAHUN": 2017, "Shape_Leng": 54.558679446299998, "Shape_Area": 98.730845492699999 }, "geometry": { "type": "MultiPolygon", "coordinates": [ [ [ [ 110.368472010235521, -7.787277254362095 ], [ 110.368431953063578, -7.787280144838372 ], [ 110.368389904330499, -7.787283163264611 ], [ 110.368392729243467, -7.787322304491064 ], [ 110.368375548787427, -7.787323536832401 ], [ 110.368340646024095, -7.787327909564733 ], [ 110.368278325093243, -7.787334268899625 ], [ 110.368282340694023, -7.787293867684449 ], [ 110.368323279209349, -7.787267256639796 ], [ 110.368403052643046, -7.787260583060262 ], [ 110.368428349067841, -7.787258466973068 ], [ 110.368468641873406, -7.787255095888457 ], [ 110.368472010235521, -7.787277254362095 ] ] ] ] } },
{ "type": "Feature", "properties": { "OBJECTID": 422, "DESA": "KOTABARU", "NIB": "00364", "TIPEHAK": "Kosong", "LUAS": 44.0, "TAHUN": 2017, "Shape_Leng": 28.809833057, "Shape_Area": 44.445184270600002 }, "geometry": { "type": "MultiPolygon", "coordinates": [ [ [ [ 110.368344838785617, -7.787367382541492 ], [ 110.368284869746304, -7.787375134942375 ], [ 110.368261133734592, -7.787378201749156 ], [ 110.368247300134684, -7.787337433819108 ], [ 110.368278325093243, -7.787334268899625 ], [ 110.368340646024095, -7.787327909564733 ], [ 110.368344838785617, -7.787367382541492 ] ] ] ] } },
{ "type": "Feature", "properties": { "OBJECTID": 423, "DESA": "KOTABARU", "NIB": "00365", "TIPEHAK": "Kosong", "LUAS": 32.0, "TAHUN": 2017, "Shape_Leng": 23.0738844286, "Shape_Area": 32.486347330199997 }, "geometry": { "type": "MultiPolygon", "coordinates": [ [ [ [ 110.368353942880319, -7.78741004449144 ], [ 110.368295615822277, -7.787419613670749 ], [ 110.368284869746304, -7.787375134942375 ], [ 110.368344838785617, -7.787367382541492 ], [ 110.368353942880319, -7.78741004449144 ] ] ] ] } },
{ "type": "Feature", "properties": { "OBJECTID": 424, "DESA": "KOTABARU", "NIB": "00366", "TIPEHAK": "Kosong", "LUAS": 35.0, "TAHUN": 2017, "Shape_Leng": 27.370654062300002, "Shape_Area": 35.2716967518 }, "geometry": { "type": "MultiPolygon", "coordinates": [ [ [ [ 110.368360757426785, -7.787440645586273 ], [ 110.368326063643053, -7.787447447455584 ], [ 110.368330333108645, -7.787470015492741 ], [ 110.368295123659948, -7.787478675627352 ], [ 110.368295615822277, -7.787419613670749 ], [ 110.368353942880319, -7.78741004449144 ], [ 110.368357610694233, -7.78740944202023 ], [ 110.368360757426785, -7.787440645586273 ] ] ] ] } },
{ "type": "Feature", "properties": { "OBJECTID": 425, "DESA": "KOTABARU", "NIB": "00367", "TIPEHAK": "Kosong", "LUAS": 16.0, "TAHUN": 2017, "Shape_Leng": 23.3801784001, "Shape_Area": 16.8421189552 }, "geometry": { "type": "MultiPolygon", "coordinates": [ [ [ [ 110.368364418846056, -7.787459831380149 ], [ 110.368343978709561, -7.787463947537951 ], [ 110.368347791911205, -7.787481996451191 ], [ 110.368367876803703, -7.787477951547775 ], [ 110.368370198309449, -7.787490120839943 ], [ 110.368335207526755, -7.787495783132054 ], [ 110.368330333108645, -7.787470015492741 ], [ 110.368326063643053, -7.787447447455584 ], [ 110.368360757426785, -7.787440645586273 ], [ 110.368364418846056, -7.787459831380149 ] ] ] ] } },
{ "type": "Feature", "properties": { "OBJECTID": 426, "DESA": "KOTABARU", "NIB": "00368", "TIPEHAK": "Kosong", "LUAS": 4.0, "TAHUN": 2017, "Shape_Leng": 8.6401365002099997, "Shape_Area": 4.6511075389699998 }, "geometry": { "type": "MultiPolygon", "coordinates": [ [ [ [ 110.368367876803703, -7.787477951547775 ], [ 110.368347791911205, -7.787481996451191 ], [ 110.368343978709561, -7.787463947537951 ], [ 110.368364418846056, -7.787459831380149 ], [ 110.368367876803703, -7.787477951547775 ] ] ] ] } },
{ "type": "Feature", "properties": { "OBJECTID": 427, "DESA": "KOTABARU", "NIB": "00370", "TIPEHAK": "Kosong", "LUAS": 22.0, "TAHUN": 2017, "Shape_Leng": 21.499940976200001, "Shape_Area": 22.714589173699999 }, "geometry": { "type": "MultiPolygon", "coordinates": [ [ [ [ 110.368372426153684, -7.78754838063035 ], [ 110.368307324403062, -7.787561681729358 ], [ 110.368302810156194, -7.787536033609629 ], [ 110.368375067108119, -7.78752020239222 ], [ 110.368372426153684, -7.78754838063035 ] ] ] ] } },
{ "type": "Feature", "properties": { "OBJECTID": 428, "DESA": "KOTABARU", "NIB": "00371", "TIPEHAK": "Kosong", "LUAS": 53.0, "TAHUN": 2017, "Shape_Leng": 30.1900942095, "Shape_Area": 53.027486289099997 }, "geometry": { "type": "MultiPolygon", "coordinates": [ [ [ [ 110.368385828456212, -7.78760114626279 ], [ 110.368299855594998, -7.787611364319234 ], [ 110.368288938806472, -7.787565437425196 ], [ 110.368307324403062, -7.787561681729358 ], [ 110.368372426153684, -7.78754838063035 ], [ 110.368385828456212, -7.78760114626279 ] ] ] ] } },
{ "type": "Feature", "properties": { "OBJECTID": 429, "DESA": "KOTABARU", "NIB": "00372", "TIPEHAK": "Kosong", "LUAS": 73.0, "TAHUN": 2017, "Shape_Leng": 36.619913392500003, "Shape_Area": 73.331155197900003 }, "geometry": { "type": "MultiPolygon", "coordinates": [ [ [ [ 110.368398147610137, -7.787653151878788 ], [ 110.368290457110987, -7.787667014010667 ], [ 110.368285214656765, -7.787667687521075 ], [ 110.368276449891951, -7.787614143822721 ], [ 110.368299855594998, -7.787611364319234 ], [ 110.368385828456212, -7.78760114626279 ], [ 110.368398147610137, -7.787653151878788 ] ] ] ] } },
{ "type": "Feature", "properties": { "OBJECTID": 430, "DESA": "KOTABARU", "NIB": "00373", "TIPEHAK": "Kosong", "LUAS": 40.0, "TAHUN": 2017, "Shape_Leng": 30.562048796900001, "Shape_Area": 40.699649766999997 }, "geometry": { "type": "MultiPolygon", "coordinates": [ [ [ [ 110.368401800781257, -7.787682857967769 ], [ 110.368296896686857, -7.787698672875204 ], [ 110.368290457110987, -7.787667014010667 ], [ 110.368398147610137, -7.787653151878788 ], [ 110.368401800781257, -7.787682857967769 ] ] ] ] } },
{ "type": "Feature", "properties": { "OBJECTID": 431, "DESA": "KOTABARU", "NIB": "00375", "TIPEHAK": "Kosong", "LUAS": 21.0, "TAHUN": 2017, "Shape_Leng": 18.439718048100001, "Shape_Area": 21.121526055899999 }, "geometry": { "type": "MultiPolygon", "coordinates": [ [ [ [ 110.36842493812216, -7.787360028335608 ], [ 110.368382387338258, -7.78736227289743 ], [ 110.368375548787427, -7.787323536832401 ], [ 110.368392729243467, -7.787322304491064 ], [ 110.368420491000691, -7.787320311749514 ], [ 110.368423836273436, -7.787350189361959 ], [ 110.36842493812216, -7.787360028335608 ] ] ] ] } },
{ "type": "Feature", "properties": { "OBJECTID": 432, "DESA": "KOTABARU", "NIB": "00376", "TIPEHAK": "Kosong", "LUAS": 20.0, "TAHUN": 2017, "Shape_Leng": 18.2500608213, "Shape_Area": 20.755162587000001 }, "geometry": { "type": "MultiPolygon", "coordinates": [ [ [ [ 110.368429426787003, -7.787400106513392 ], [ 110.368389534637259, -7.78740389270365 ], [ 110.368382387338258, -7.78736227289743 ], [ 110.36842493812216, -7.787360028335608 ], [ 110.368429426787003, -7.787400106513392 ] ] ] ] } },
{ "type": "Feature", "properties": { "OBJECTID": 433, "DESA": "KOTABARU", "NIB": "00377", "TIPEHAK": "Kosong", "LUAS": 19.0, "TAHUN": 2017, "Shape_Leng": 17.679749862000001, "Shape_Area": 19.488833378799999 }, "geometry": { "type": "MultiPolygon", "coordinates": [ [ [ [ 110.368389534637259, -7.78740389270365 ], [ 110.368429426787003, -7.787400106513392 ], [ 110.368433886317433, -7.787441004853189 ], [ 110.368396528696891, -7.787444620385455 ], [ 110.368389534637259, -7.78740389270365 ] ] ] ] } },
{ "type": "Feature", "properties": { "OBJECTID": 434, "DESA": "KOTABARU", "NIB": "00378", "TIPEHAK": "Kosong", "LUAS": 25.0, "TAHUN": 2017, "Shape_Leng": 22.969891930500001, "Shape_Area": 25.6281364574 }, "geometry": { "type": "MultiPolygon", "coordinates": [ [ [ [ 110.368449604614923, -7.787699596105822 ], [ 110.368525819468715, -7.787688860918673 ], [ 110.368530884296476, -7.787715511559801 ], [ 110.368455575378007, -7.787726800970835 ], [ 110.368449604614923, -7.787699596105822 ] ] ] ] } },
{ "type": "Feature", "properties": { "OBJECTID": 435, "DESA": "KOTABARU", "NIB": "00423", "TIPEHAK": "Kosong", "LUAS": 6.0, "TAHUN": 0, "Shape_Leng": 11.7597400174, "Shape_Area": 6.5698025984899999 }, "geometry": { "type": "MultiPolygon", "coordinates": [ [ [ [ 110.369267050910196, -7.789464318997815 ], [ 110.369277018221553, -7.789473544824673 ], [ 110.369250011084347, -7.789502575956371 ], [ 110.369240041959529, -7.789493350132631 ], [ 110.369267050910196, -7.789464318997815 ] ] ] ] } },
{ "type": "Feature", "properties": { "OBJECTID": 436, "DESA": "KOTABARU", "NIB": "00401", "TIPEHAK": "Kosong", "LUAS": 36.0, "TAHUN": 2017, "Shape_Leng": 25.530013166100002, "Shape_Area": 36.393852813599999 }, "geometry": { "type": "MultiPolygon", "coordinates": [ [ [ [ 110.368389630924739, -7.786965918854002 ], [ 110.368320378992308, -7.786962140112085 ], [ 110.368310421481553, -7.786961596289269 ], [ 110.368312784703633, -7.786922697609071 ], [ 110.368386031154643, -7.786926477213353 ], [ 110.368389630924739, -7.786965918854002 ] ] ] ] } },
{ "type": "Feature", "properties": { "OBJECTID": 437, "DESA": "KOTABARU", "NIB": "00756", "TIPEHAK": "Kosong", "LUAS": 1341.0, "TAHUN": 2022, "Shape_Leng": 194.09271477600001, "Shape_Area": 284.73893680499998 }, "geometry": { "type": "MultiPolygon", "coordinates": [ [ [ [ 110.375336116079652, -7.786723632429828 ], [ 110.375301594980726, -7.786727908185931 ], [ 110.375282481957129, -7.786677276786305 ], [ 110.375006237952661, -7.786551136365302 ], [ 110.375089672510853, -7.786075048693514 ], [ 110.375122179024245, -7.786065502067958 ], [ 110.375038744504138, -7.78654158974207 ], [ 110.375314988509388, -7.786667730141544 ], [ 110.375336116079652, -7.786723632429828 ] ] ] ] } },
{ "type": "Feature", "properties": { "OBJECTID": 438, "DESA": "KOTABARU", "NIB": "00771", "TIPEHAK": "Hak Pakai", "LUAS": 3224.0, "TAHUN": 0, "Shape_Leng": 744.48671272000001, "Shape_Area": 3873.68141229 }, "geometry": { "type": "MultiPolygon", "coordinates": [ [ [ [ 110.374857651700367, -7.785899659606168 ], [ 110.37502732583782, -7.785928536571207 ], [ 110.375233070785242, -7.785959867131659 ], [ 110.375449022365501, -7.785986849058763 ], [ 110.375647745036289, -7.786013063530841 ], [ 110.375729208242291, -7.786030141830119 ], [ 110.375919070723427, -7.786061618775967 ], [ 110.376050566631577, -7.786113084913256 ], [ 110.377725819372586, -7.786389067686901 ], [ 110.377713675518677, -7.786461885571908 ], [ 110.376859012357983, -7.786333070729842 ], [ 110.376748947123232, -7.7862962129574 ], [ 110.376147549542239, -7.786199305268807 ], [ 110.37578098463166, -7.786169907784633 ], [ 110.375461816852521, -7.786111113624044 ], [ 110.375194642514671, -7.786075233505934 ], [ 110.375122179024245, -7.786065502067958 ], [ 110.375089672510853, -7.786075048693514 ], [ 110.374588520616939, -7.785989487383053 ], [ 110.374539168684393, -7.786018391275317 ], [ 110.374585448130063, -7.78579623824808 ], [ 110.374641732388397, -7.785869414980737 ], [ 110.374857651700367, -7.785899659606168 ] ] ] ] } },
{ "type": "Feature", "properties": { "OBJECTID": 439, "DESA": "KOTABARU", "NIB": "00755", "TIPEHAK": "Kosong", "LUAS": 537.0, "TAHUN": 2022, "Shape_Leng": 95.243858225099999, "Shape_Area": 532.95906430399998 }, "geometry": { "type": "MultiPolygon", "coordinates": [ [ [ [ 110.375553731151271, -7.783752806648201 ], [ 110.375555852141076, -7.783912035719439 ], [ 110.375286417559323, -7.783918694219143 ], [ 110.375286860650874, -7.783786611795829 ], [ 110.375286496179598, -7.783752081493509 ], [ 110.375553731151271, -7.783752806648201 ] ] ] ] } },
{ "type": "Feature", "properties": { "OBJECTID": 440, "DESA": "KOTABARU", "NIB": "00761", "TIPEHAK": "Hak Pakai", "LUAS": 1488.0, "TAHUN": 0, "Shape_Leng": 329.36761235, "Shape_Area": 1862.1368291799999 }, "geometry": { "type": "MultiPolygon", "coordinates": [ [ [ [ 110.377164470590898, -7.788376241103814 ], [ 110.377183095909302, -7.788351790326711 ], [ 110.377187850325384, -7.788327457767378 ], [ 110.377267028019133, -7.787630545616363 ], [ 110.377304818824072, -7.787305750043537 ], [ 110.377287132669466, -7.787303555099742 ], [ 110.377290827252565, -7.78727225161682 ], [ 110.377293093792616, -7.787245241472315 ], [ 110.377283814290024, -7.787227198566829 ], [ 110.377261590904823, -7.787189867129427 ], [ 110.377247399785034, -7.787171573074834 ], [ 110.377234160369582, -7.787159703131669 ], [ 110.377210225994233, -7.787151898856232 ], [ 110.377191675083424, -7.787145849324761 ], [ 110.377463264557804, -7.787203582274482 ], [ 110.377363642241022, -7.78772402884219 ], [ 110.377365271811897, -7.787762997882285 ], [ 110.377366217325161, -7.787785616959669 ], [ 110.377356504411722, -7.787929648362669 ], [ 110.377326755503589, -7.788129498021709 ], [ 110.37731950976486, -7.788255806708036 ], [ 110.377389594817473, -7.788322233570478 ], [ 110.377164470590898, -7.788376241103814 ] ] ] ] } },
{ "type": "Feature", "properties": { "OBJECTID": 441, "DESA": "KOTABARU", "NIB": "00759", "TIPEHAK": "Hak Pakai", "LUAS": 3156.0, "TAHUN": 0, "Shape_Leng": 716.67696423899997, "Shape_Area": 3269.4840281199999 }, "geometry": { "type": "MultiPolygon", "coordinates": [ [ [ [ 110.376147549542239, -7.786199305268807 ], [ 110.376128859430679, -7.786256276255746 ], [ 110.376128376553226, -7.786257751084372 ], [ 110.376410168910795, -7.786385571936617 ], [ 110.376682774041456, -7.786510859952438 ], [ 110.376762889309632, -7.786329980962666 ], [ 110.376767736918481, -7.786314709106424 ], [ 110.376764585682622, -7.786304740592378 ], [ 110.376748947123232, -7.7862962129574 ], [ 110.376859012357983, -7.786333070729842 ], [ 110.376639283191111, -7.786883765728703 ], [ 110.376628634363755, -7.786938810454748 ], [ 110.376567167582721, -7.787054556389636 ], [ 110.37653888246578, -7.787055066964084 ], [ 110.376512425403988, -7.787062716862941 ], [ 110.376489335368589, -7.787076417876388 ], [ 110.376471602190804, -7.787093905414983 ], [ 110.37645741698411, -7.787117262857199 ], [ 110.376235421004012, -7.78756918411056 ], [ 110.376192639074588, -7.787617646732114 ], [ 110.376188458918918, -7.787612953580287 ], [ 110.376126808230069, -7.787612357641275 ], [ 110.375894101272522, -7.787578207992085 ], [ 110.375785806358522, -7.787556188631148 ], [ 110.375561817103971, -7.787485220218917 ], [ 110.375535786260727, -7.787479848833865 ], [ 110.375509315631575, -7.78748098852912 ], [ 110.375482674756555, -7.787487463300058 ], [ 110.375457222604496, -7.787498818245032 ], [ 110.375438755068544, -7.787511967147227 ], [ 110.375421290616629, -7.787527916968985 ], [ 110.375517452934119, -7.787362447681875 ], [ 110.375547267213378, -7.787377504180685 ], [ 110.375718457359113, -7.787458544951624 ], [ 110.375880005118034, -7.787487765601458 ], [ 110.37591297091133, -7.787494150701467 ], [ 110.376088949686348, -7.787523173273031 ], [ 110.376109082743724, -7.787524037666302 ], [ 110.376145917174895, -7.787516522767575 ], [ 110.376164078236457, -7.787507729956675 ], [ 110.376181238877933, -7.787496985256682 ], [ 110.37619619404046, -7.78748333181205 ], [ 110.37620866474407, -7.787467328989408 ], [ 110.376218981362285, -7.787449590051599 ], [ 110.376323812456064, -7.787237938344516 ], [ 110.37649717740328, -7.786887916806711 ], [ 110.376572683958045, -7.786737298871169 ], [ 110.376585944562407, -7.786700494407717 ], [ 110.376589959449603, -7.786642253521138 ], [ 110.376577941041745, -7.78659232635983 ], [ 110.376536961483751, -7.786529075241432 ], [ 110.376512846579573, -7.786510724815048 ], [ 110.37578098463166, -7.786169907784633 ], [ 110.376147549542239, -7.786199305268807 ] ] ] ] } },
{ "type": "Feature", "properties": { "OBJECTID": 442, "DESA": "KOTABARU", "NIB": "00754", "TIPEHAK": "Kosong", "LUAS": 148.0, "TAHUN": 2022, "Shape_Leng": 94.442341477799999, "Shape_Area": 148.00003920899999 }, "geometry": { "type": "MultiPolygon", "coordinates": [ [ [ [ 110.376237625244755, -7.784873392004778 ], [ 110.376236894542473, -7.784857689529825 ], [ 110.376330975212895, -7.784854923613908 ], [ 110.376639106008355, -7.784842184190069 ], [ 110.376627163788598, -7.784888652628408 ], [ 110.376237625244755, -7.784873392004778 ] ] ] ] } },
{ "type": "Feature", "properties": { "OBJECTID": 443, "DESA": "KOTABARU", "NIB": "00764", "TIPEHAK": "Hak Pakai", "LUAS": 1940.0, "TAHUN": 0, "Shape_Leng": 491.77918819799999, "Shape_Area": 2321.6428028599998 }, "geometry": { "type": "MultiPolygon", "coordinates": [ [ [ [ 110.371605810518417, -7.785297596527599 ], [ 110.371582642510035, -7.7852863336104 ], [ 110.371556763721941, -7.785290413164634 ], [ 110.371378778044857, -7.785350124660078 ], [ 110.371300266467273, -7.785372744299476 ], [ 110.371175268619268, -7.785423437837888 ], [ 110.370927743204732, -7.785510716153984 ], [ 110.370792403416516, -7.785574055157346 ], [ 110.370629125384966, -7.785650469136481 ], [ 110.370446133637188, -7.785720542643165 ], [ 110.37034020448003, -7.785762572629067 ], [ 110.370173229925769, -7.785828823683031 ], [ 110.370173177387571, -7.785828845491455 ], [ 110.369923052009483, -7.785933599404055 ], [ 110.369774781100318, -7.78599128993113 ], [ 110.369716559315705, -7.786034205674645 ], [ 110.369708689304645, -7.786056749765658 ], [ 110.369688683075225, -7.785899728994695 ], [ 110.370213203745351, -7.785688940891795 ], [ 110.370380247672401, -7.785649308196351 ], [ 110.370590761423074, -7.785562623365266 ], [ 110.370749929791174, -7.785498069990955 ], [ 110.370798786020842, -7.7854796860008 ], [ 110.371041009986996, -7.785398292279229 ], [ 110.371165977416368, -7.785350422633214 ], [ 110.371479154925666, -7.785229990001824 ], [ 110.371524213682775, -7.785177119724731 ], [ 110.371520261706806, -7.785122229839842 ], [ 110.371605810518417, -7.785297596527599 ] ] ] ] } },
{ "type": "Feature", "properties": { "OBJECTID": 444, "DESA": "KOTABARU", "NIB": "00765", "TIPEHAK": "Hak Pakai", "LUAS": 2380.0, "TAHUN": 0, "Shape_Leng": 555.95180325000001, "Shape_Area": 2919.0842422000001 }, "geometry": { "type": "MultiPolygon", "coordinates": [ [ [ [ 110.371896651837318, -7.786075838644463 ], [ 110.371889082173126, -7.786065558178601 ], [ 110.371881669067051, -7.786058648217359 ], [ 110.371870083022898, -7.786052261321351 ], [ 110.371850334511905, -7.786051439328566 ], [ 110.371638345942614, -7.786131610399188 ], [ 110.371489924406205, -7.786188686062838 ], [ 110.37128065625096, -7.786272728552166 ], [ 110.37128060824017, -7.78627274763885 ], [ 110.370560107204327, -7.786557900607562 ], [ 110.370304037041748, -7.786644710634187 ], [ 110.37022446435968, -7.78667828566612 ], [ 110.370186411603186, -7.786696465691574 ], [ 110.370054798857325, -7.786774094849632 ], [ 110.369985366418092, -7.786823426280597 ], [ 110.369870730040716, -7.786950373169422 ], [ 110.369855208229779, -7.787019502474148 ], [ 110.369770115366308, -7.786757813052933 ], [ 110.369850510703046, -7.78673185604037 ], [ 110.370147217181696, -7.786620496343811 ], [ 110.370301465558327, -7.786564587317303 ], [ 110.370532132708973, -7.786472165595057 ], [ 110.370685649813538, -7.786409901471634 ], [ 110.37088269941971, -7.786330051773057 ], [ 110.371093837635854, -7.786238792888238 ], [ 110.371260214799747, -7.786166881553342 ], [ 110.371459659607311, -7.786087124340946 ], [ 110.371592690733905, -7.786029698757766 ], [ 110.371809331585126, -7.785937059291301 ], [ 110.371821746295367, -7.785928110298243 ], [ 110.371831002674782, -7.785918862181762 ], [ 110.3718385574103, -7.785909641977026 ], [ 110.371847375018461, -7.785896459720052 ], [ 110.371896651837318, -7.786075838644463 ] ] ] ] } },
{ "type": "Feature", "properties": { "OBJECTID": 445, "DESA": "KOTABARU", "NIB": "00767", "TIPEHAK": "Hak Pakai", "LUAS": 1066.0, "TAHUN": 0, "Shape_Leng": 339.25078158999997, "Shape_Area": 1260.2841507799999 }, "geometry": { "type": "MultiPolygon", "coordinates": [ [ [ [ 110.375132832698739, -7.784703963779033 ], [ 110.375290671296753, -7.784718737129739 ], [ 110.375516145519754, -7.784738012007963 ], [ 110.375661680662475, -7.784752372988943 ], [ 110.37595790768053, -7.784786313986176 ], [ 110.376127970757906, -7.784805797919933 ], [ 110.376161363073749, -7.784811177586801 ], [ 110.37614665691531, -7.784893606873065 ], [ 110.376139169121373, -7.784881310881192 ], [ 110.376126374887122, -7.78486940832453 ], [ 110.375855535040444, -7.784846631509616 ], [ 110.375706549500535, -7.784827111177716 ], [ 110.375547093311766, -7.784812692153592 ], [ 110.375306198184774, -7.784794515165996 ], [ 110.375235276193209, -7.78478655546838 ], [ 110.375141065897907, -7.784777540703238 ], [ 110.3747564348445, -7.784741749766109 ], [ 110.374793442567579, -7.784586189635949 ], [ 110.374815935145165, -7.784638966082813 ], [ 110.374850623800185, -7.784671408333453 ], [ 110.375132832698739, -7.784703963779033 ] ] ] ] } },
{ "type": "Feature", "properties": { "OBJECTID": 446, "DESA": "KOTABARU", "NIB": "00766", "TIPEHAK": "Hak Pakai", "LUAS": 2034.0, "TAHUN": 0, "Shape_Leng": 492.902473821, "Shape_Area": 2416.2326359200001 }, "geometry": { "type": "MultiPolygon", "coordinates": [ [ [ [ 110.376181648072517, -7.78311426795277 ], [ 110.376142953833465, -7.78363833369177 ], [ 110.376131740220814, -7.783665466303805 ], [ 110.37610636412488, -7.783751749590063 ], [ 110.376096508270777, -7.78376126214319 ], [ 110.375678184033774, -7.783751972850841 ], [ 110.37564730323146, -7.783782478905245 ], [ 110.375635039490177, -7.784729796098747 ], [ 110.375661680662475, -7.784752372988943 ], [ 110.375516145519754, -7.784738012007963 ], [ 110.375533567253584, -7.784731672022408 ], [ 110.375551450529414, -7.784717945652034 ], [ 110.375562027552448, -7.784697262149101 ], [ 110.375557195773311, -7.784467703478154 ], [ 110.375558141664925, -7.78432675895808 ], [ 110.37555742442683, -7.784180367407633 ], [ 110.375557306040349, -7.784108035994736 ], [ 110.375556360884275, -7.784036602341536 ], [ 110.375555852141076, -7.783912035719439 ], [ 110.375553731151271, -7.783752806648201 ], [ 110.375553582764439, -7.783665141121458 ], [ 110.3755901245285, -7.78366921502059 ], [ 110.37574638735785, -7.783668845393996 ], [ 110.375932141205652, -7.783669007052537 ], [ 110.376032815722183, -7.783614035006432 ], [ 110.376048412054516, -7.783420212092767 ], [ 110.376060162816657, -7.783271473747005 ], [ 110.37606929000448, -7.783120177438281 ], [ 110.376070142778545, -7.783106043174048 ], [ 110.376114744351298, -7.783109332728563 ], [ 110.376181648072517, -7.78311426795277 ] ] ] ] } },
{ "type": "Feature", "properties": { "OBJECTID": 447, "DESA": "KOTABARU", "NIB": "00769", "TIPEHAK": "Hak Pakai", "LUAS": 879.0, "TAHUN": 0, "Shape_Leng": 310.75190041500002, "Shape_Area": 1107.1083435600001 }, "geometry": { "type": "MultiPolygon", "coordinates": [ [ [ [ 110.376237625244755, -7.784873392004778 ], [ 110.376032211659805, -7.786087419405356 ], [ 110.376037060428601, -7.786103683916711 ], [ 110.376050566631577, -7.786113084913256 ], [ 110.375919070723427, -7.786061618775967 ], [ 110.375977058544777, -7.786037792007209 ], [ 110.376015576677005, -7.785814332108633 ], [ 110.376035609187525, -7.785635438176209 ], [ 110.376060190076061, -7.785421162904358 ], [ 110.376095932713184, -7.785327628289457 ], [ 110.376130318640961, -7.785103820672679 ], [ 110.37614665691531, -7.784893606873065 ], [ 110.376161363073749, -7.784811177586801 ], [ 110.376237625244755, -7.784873392004778 ] ] ] ] } },
{ "type": "Feature", "properties": { "OBJECTID": 448, "DESA": "KOTABARU", "NIB": "00763", "TIPEHAK": "Kosong", "LUAS": 4005.0, "TAHUN": 2022, "Shape_Leng": 266.1256899, "Shape_Area": 138.05162424400001 }, "geometry": { "type": "MultiPolygon", "coordinates": [ [ [ [ 110.375707775515039, -7.788713936379595 ], [ 110.375704237010737, -7.788714374084654 ], [ 110.375348885473272, -7.788753047003126 ], [ 110.375021855785263, -7.788782245826657 ], [ 110.374755540852462, -7.788816638465013 ], [ 110.374514034884342, -7.788839460363938 ], [ 110.374753541855867, -7.788808376476958 ], [ 110.374781909470627, -7.788805615307215 ], [ 110.374905799015835, -7.78878816280401 ], [ 110.375027071510743, -7.788772628031817 ], [ 110.375162592721082, -7.788758164207777 ], [ 110.375353300040871, -7.788740078120158 ], [ 110.375706809007994, -7.788702559136352 ], [ 110.375707775515039, -7.788713936379595 ] ] ] ] } },
{ "type": "Feature", "properties": { "OBJECTID": 449, "DESA": "KOTABARU", "NIB": "00762", "TIPEHAK": "Hak Pakai", "LUAS": 926.0, "TAHUN": 0, "Shape_Leng": 261.77505803100001, "Shape_Area": 925.01434382800005 }, "geometry": { "type": "MultiPolygon", "coordinates": [ [ [ [ 110.378482147837204, -7.787875386875248 ], [ 110.378396858309529, -7.787954049117529 ], [ 110.378274648332777, -7.787937564864224 ], [ 110.377992916663871, -7.787888386348824 ], [ 110.377991090087619, -7.787888067335937 ], [ 110.377983791039284, -7.787886793077678 ], [ 110.377757806256056, -7.787829055610587 ], [ 110.377595912242157, -7.787820431164741 ], [ 110.377597507414976, -7.787799736371752 ], [ 110.377366217325161, -7.787785616959669 ], [ 110.377365271811897, -7.787762997882285 ], [ 110.377363642241022, -7.78772402884219 ], [ 110.378482147837204, -7.787875386875248 ] ] ] ] } },
{ "type": "Feature", "properties": { "OBJECTID": 450, "DESA": "KOTABARU", "NIB": "00753", "TIPEHAK": "Hak Pakai", "LUAS": 8914.0, "TAHUN": 0, "Shape_Leng": 905.78279182599999, "Shape_Area": 9176.2340780100003 }, "geometry": { "type": "MultiPolygon", "coordinates": [ [ [ [ 110.374989437633275, -7.783392026153603 ], [ 110.374971422502739, -7.783516584896166 ], [ 110.3749659914982, -7.783550896588442 ], [ 110.374936128924233, -7.783729242067682 ], [ 110.374905289674999, -7.783908779476244 ], [ 110.374873154612374, -7.784085568103442 ], [ 110.374842449620587, -7.784261227157732 ], [ 110.374815096743944, -7.784445395872623 ], [ 110.374793442567579, -7.784586189635949 ], [ 110.3747564348445, -7.784741749766109 ], [ 110.374706306881933, -7.785040789585673 ], [ 110.374667358493653, -7.785251645904831 ], [ 110.374666585541121, -7.785261011302027 ], [ 110.374663500628117, -7.785267259295948 ], [ 110.374661970928656, -7.785273256333801 ], [ 110.374628463617213, -7.785521987939698 ], [ 110.374585448130063, -7.78579623824808 ], [ 110.374539168684393, -7.786018391275317 ], [ 110.374428482692608, -7.786756397889503 ], [ 110.374133735340521, -7.78671923308864 ], [ 110.374159923833489, -7.78671321143359 ], [ 110.374187528593509, -7.786690640159063 ], [ 110.374214470988051, -7.786654688219929 ], [ 110.374242964293742, -7.786579672024804 ], [ 110.374364934575723, -7.785851456245102 ], [ 110.374361463057667, -7.785838714308408 ], [ 110.374351097988693, -7.785824359042017 ], [ 110.374335026201479, -7.785812367343373 ], [ 110.374374109912921, -7.785816702822963 ], [ 110.374389865211683, -7.785740315010535 ], [ 110.374395807403232, -7.785730836780478 ], [ 110.37440319423672, -7.785712376953455 ], [ 110.374438706777113, -7.785497601731184 ], [ 110.374489056203984, -7.785152664724365 ], [ 110.374531309321171, -7.785011371870989 ], [ 110.374596078822634, -7.784640066938993 ], [ 110.37463241742114, -7.784332719823014 ], [ 110.374571384545902, -7.784265632634826 ], [ 110.374595610777234, -7.784201345321518 ], [ 110.374637784018461, -7.784205670805287 ], [ 110.37464964529191, -7.784197017648402 ], [ 110.374684365587797, -7.783984133811402 ], [ 110.3747310866231, -7.783711818962027 ], [ 110.374760410131685, -7.783544537378062 ], [ 110.374782183705165, -7.783279430649102 ], [ 110.374751941314997, -7.783244881484937 ], [ 110.374768531716811, -7.783109575753883 ], [ 110.37508787510599, -7.783103808385023 ], [ 110.375024678420303, -7.783188466155839 ], [ 110.374989437633275, -7.783392026153603 ] ] ] ] } },
{ "type": "Feature", "properties": { "OBJECTID": 451, "DESA": "KOTABARU", "NIB": "00757", "TIPEHAK": "Hak Pakai", "LUAS": 2476.0, "TAHUN": 0, "Shape_Leng": 636.98986123199995, "Shape_Area": 3125.8625604200001 }, "geometry": { "type": "MultiPolygon", "coordinates": [ [ [ [ 110.373724140673644, -7.78496338558989 ], [ 110.373795121712917, -7.784966574000964 ], [ 110.373935652137348, -7.784972890444055 ], [ 110.374137519651867, -7.784983954003843 ], [ 110.374222055488104, -7.784992029585963 ], [ 110.374515274453174, -7.785025045565095 ], [ 110.374531309321171, -7.785011371870989 ], [ 110.374489056203984, -7.785152664724365 ], [ 110.374481565092609, -7.785141373261779 ], [ 110.374477160642115, -7.785137357789454 ], [ 110.374470712492425, -7.785133239836795 ], [ 110.374469949250155, -7.785132859841998 ], [ 110.374469177884109, -7.785132497043585 ], [ 110.374468399298991, -7.785132150535499 ], [ 110.374467613494801, -7.785131820317753 ], [ 110.37446682138004, -7.785131507292629 ], [ 110.374466022046192, -7.785131210557828 ], [ 110.374465216403649, -7.785130931919878 ], [ 110.374464405355226, -7.785130669568495 ], [ 110.374463588904703, -7.785130425312076 ], [ 110.374461940698282, -7.785129988369696 ], [ 110.374460275414521, -7.785129622893604 ], [ 110.374457752379612, -7.78512920764736 ], [ 110.374456906305554, -7.785129105410025 ], [ 110.374265300254095, -7.785105195808239 ], [ 110.374074993976322, -7.785080261702382 ], [ 110.373866103035567, -7.785063551448878 ], [ 110.373660676376161, -7.785056538639259 ], [ 110.373434944404437, -7.785057804734482 ], [ 110.373207636318028, -7.785060619218178 ], [ 110.373044694877279, -7.785068026378305 ], [ 110.373044193356307, -7.785057432095098 ], [ 110.372808166495702, -7.78506641462487 ], [ 110.372808292074538, -7.785068831270363 ], [ 110.372585918428342, -7.785089535546701 ], [ 110.372364460350525, -7.785129495298667 ], [ 110.372254634154302, -7.78515577639596 ], [ 110.372083390434369, -7.785196754822679 ], [ 110.37205088834736, -7.785206264134811 ], [ 110.371808617389604, -7.785281414149376 ], [ 110.371789601708244, -7.785160962456525 ], [ 110.371839041526769, -7.785173201226055 ], [ 110.372021504232322, -7.785127702377393 ], [ 110.372120852434719, -7.785099048588535 ], [ 110.372211645431989, -7.78507630860758 ], [ 110.372381447700022, -7.785039331436121 ], [ 110.372534204133601, -7.785016907876079 ], [ 110.372664360863411, -7.785009024055279 ], [ 110.372904826471995, -7.784982094216855 ], [ 110.373110208286647, -7.78495737127426 ], [ 110.373315242094364, -7.78495418498253 ], [ 110.373572548977137, -7.784959359573387 ], [ 110.373724140673644, -7.78496338558989 ] ] ] ] } },
{ "type": "Feature", "properties": { "OBJECTID": 452, "DESA": "KOTABARU", "NIB": "00760", "TIPEHAK": "Hak Pakai", "LUAS": 2173.0, "TAHUN": 0, "Shape_Leng": 482.87306501699999, "Shape_Area": 2423.6509306600001 }, "geometry": { "type": "MultiPolygon", "coordinates": [ [ [ [ 110.3779080358089, -7.787150928264281 ], [ 110.377902890283664, -7.787186822613464 ], [ 110.378407022959124, -7.787271935967403 ], [ 110.378535974086816, -7.787181709090094 ], [ 110.378530384132574, -7.787348909039759 ], [ 110.378529034823558, -7.787389247756015 ], [ 110.378355650468734, -7.78736704837435 ], [ 110.378356323402002, -7.787352795135222 ], [ 110.378003294896146, -7.787298085976427 ], [ 110.377764816996944, -7.787274577155544 ], [ 110.377463264557804, -7.787203582274482 ], [ 110.377191675083424, -7.787145849324761 ], [ 110.377138803869883, -7.787137310131528 ], [ 110.377070059870221, -7.787126208741656 ], [ 110.377069748097412, -7.787123205665958 ], [ 110.377044563370347, -7.78711881999877 ], [ 110.376567167582721, -7.787054556389636 ], [ 110.376628634363755, -7.786938810454748 ], [ 110.376647573239538, -7.786990630240625 ], [ 110.3779080358089, -7.787150928264281 ] ] ] ] } },
{ "type": "Feature", "properties": { "OBJECTID": 453, "DESA": "KOTABARU", "NIB": "00758", "TIPEHAK": "Hak Pakai", "LUAS": 1584.0, "TAHUN": 0, "Shape_Leng": 547.24178394800003, "Shape_Area": 2039.61363207 }, "geometry": { "type": "MultiPolygon", "coordinates": [ [ [ [ 110.373652545140004, -7.785750361281778 ], [ 110.373889738204241, -7.785743564886057 ], [ 110.374118566622144, -7.785737072230066 ], [ 110.374194390306428, -7.78573517354352 ], [ 110.374223655777797, -7.785734409748549 ], [ 110.374364325934366, -7.785750720661497 ], [ 110.374377339036769, -7.785746630393457 ], [ 110.374389865211683, -7.785740315010535 ], [ 110.374374109912921, -7.785816702822963 ], [ 110.374335026201479, -7.785812367343373 ], [ 110.374199716353587, -7.78579103615292 ], [ 110.372350734890404, -7.785855244001766 ], [ 110.372094827480225, -7.785956316506984 ], [ 110.372084069377109, -7.785971076957004 ], [ 110.372077663901408, -7.785986279646615 ], [ 110.372025040555485, -7.785851101808619 ], [ 110.372050472900668, -7.785866990405488 ], [ 110.372080315643274, -7.785863466881128 ], [ 110.372336836217855, -7.785767822799195 ], [ 110.372562732469959, -7.785760294478306 ], [ 110.372563281254713, -7.785771389587839 ], [ 110.372770296729911, -7.785765283420935 ], [ 110.373001985433703, -7.785762221404989 ], [ 110.373219592894657, -7.785755306566641 ], [ 110.373444473252874, -7.785751515084782 ], [ 110.373650876176981, -7.785750409025728 ], [ 110.373652545140004, -7.785750361281778 ] ] ] ] } },
{ "type": "Feature", "properties": { "OBJECTID": 454, "DESA": "KOTABARU", "NIB": "00768", "TIPEHAK": "Hak Pakai", "LUAS": 1392.0, "TAHUN": 0, "Shape_Leng": 351.81611791199998, "Shape_Area": 1619.3849200699999 }, "geometry": { "type": "MultiPolygon", "coordinates": [ [ [ [ 110.37540489305843, -7.785232334087121 ], [ 110.375477009013068, -7.785252034009993 ], [ 110.375670377293901, -7.785277552486719 ], [ 110.375860637830229, -7.785302674022322 ], [ 110.376095932713184, -7.785327628289457 ], [ 110.376060190076061, -7.785421162904358 ], [ 110.376026676513845, -7.785379689998363 ], [ 110.375734426266277, -7.785354879540482 ], [ 110.375734391804173, -7.785354874186502 ], [ 110.375735935144633, -7.785353708209913 ], [ 110.375631146503437, -7.78534165834504 ], [ 110.375528375383539, -7.785326706356376 ], [ 110.375322156642497, -7.785293216772888 ], [ 110.375113267817554, -7.785260526475213 ], [ 110.37499243580163, -7.785240114141589 ], [ 110.374934157194531, -7.78525267334201 ], [ 110.374887578416192, -7.785267465257905 ], [ 110.374799450146156, -7.785274928516579 ], [ 110.37479647543357, -7.785274422880937 ], [ 110.374767674232217, -7.785269528230708 ], [ 110.374733103646861, -7.785259944589779 ], [ 110.374697539572239, -7.785253055676116 ], [ 110.374687133894412, -7.785251904403381 ], [ 110.374685897001953, -7.785251767709193 ], [ 110.374679668299876, -7.785252047292959 ], [ 110.374672336412232, -7.785254149288713 ], [ 110.374666585541121, -7.785261011302027 ], [ 110.374667358493653, -7.785251645904831 ], [ 110.374706306881933, -7.785040789585673 ], [ 110.374723076695005, -7.785051889204714 ], [ 110.374757044850483, -7.785063015736879 ], [ 110.374833469702608, -7.785073902779331 ], [ 110.375054585850876, -7.7851678007162 ], [ 110.37516584842578, -7.785188985974067 ], [ 110.375328432646171, -7.785218306970778 ], [ 110.37540489305843, -7.785232334087121 ] ] ] ] } },
{ "type": "Feature", "properties": { "OBJECTID": 455, "DESA": "KOTABARU", "NIB": "00331", "TIPEHAK": "Hak Guna Bangunan", "LUAS": 854.0, "TAHUN": 0, "Shape_Leng": 119.915517326, "Shape_Area": 854.05478011800005 }, "geometry": { "type": "MultiPolygon", "coordinates": [ [ [ [ 110.375113267817554, -7.785260526475213 ], [ 110.375322156642497, -7.785293216772888 ], [ 110.375273507720806, -7.785620645157568 ], [ 110.375065765322404, -7.785589137882276 ], [ 110.375064959978801, -7.78558900391554 ], [ 110.375113267817554, -7.785260526475213 ] ] ] ] } },
{ "type": "Feature", "properties": { "OBJECTID": 456, "DESA": "KOTABARU", "NIB": "00329", "TIPEHAK": "Kosong", "LUAS": 21.0, "TAHUN": 0, "Shape_Leng": 21.615330571600001, "Shape_Area": 20.6771107233 }, "geometry": { "type": "MultiPolygon", "coordinates": [ [ [ [ 110.369277587485612, -7.789443602237665 ], [ 110.369297166822236, -7.789462545595675 ], [ 110.36928470841643, -7.789478079851595 ], [ 110.369265517180537, -7.789458730618989 ], [ 110.369247599021179, -7.789476407252359 ], [ 110.369228000459742, -7.789460890819686 ], [ 110.369258615512322, -7.789426823173148 ], [ 110.369277587485612, -7.789443602237665 ] ] ] ] } },
{ "type": "Feature", "properties": { "OBJECTID": 457, "DESA": "KOTABARU", "NIB": "00328", "TIPEHAK": "Kosong", "LUAS": 16.0, "TAHUN": 0, "Shape_Leng": 19.999825137799998, "Shape_Area": 15.9997300091 }, "geometry": { "type": "MultiPolygon", "coordinates": [ [ [ [ 110.369059753781983, -7.78940779535827 ], [ 110.369102794778144, -7.789466016651372 ], [ 110.36908820135649, -7.789476747690247 ], [ 110.36904515945804, -7.789418528205818 ], [ 110.369059753781983, -7.78940779535827 ] ] ] ] } },
{ "type": "Feature", "properties": { "OBJECTID": 458, "DESA": "KOTABARU", "NIB": "00380", "TIPEHAK": "Hak Milik", "LUAS": 5817.0, "TAHUN": 2017, "Shape_Leng": 330.11000539600002, "Shape_Area": 5827.5862402399998 }, "geometry": { "type": "MultiPolygon", "coordinates": [ [ [ [ 110.372428338150726, -7.7888278951816 ], [ 110.372340440832929, -7.789094609126696 ], [ 110.372424141775852, -7.789118975707252 ], [ 110.372423185079683, -7.789124565579572 ], [ 110.372400835510248, -7.789138716967351 ], [ 110.372371109174679, -7.789179765148907 ], [ 110.371862106568997, -7.789348715408155 ], [ 110.371503273069607, -7.789451305146213 ], [ 110.371535713853703, -7.789275151638063 ], [ 110.371561679271778, -7.789154544182537 ], [ 110.371572582483452, -7.789117837803243 ], [ 110.371619153914509, -7.788981253404804 ], [ 110.371646590707272, -7.788896592676889 ], [ 110.371709876337675, -7.788699895792827 ], [ 110.371749500759336, -7.788581064104791 ], [ 110.37178121473859, -7.788596733624843 ], [ 110.371837871548607, -7.788624727511948 ], [ 110.372428338150726, -7.7888278951816 ] ] ] ] } },
{ "type": "Feature", "properties": { "OBJECTID": 459, "DESA": "KOTABARU", "NIB": "00381", "TIPEHAK": "Hak Milik", "LUAS": 178.0, "TAHUN": 2017, "Shape_Leng": 52.286624078800003, "Shape_Area": 179.108552597 }, "geometry": { "type": "MultiPolygon", "coordinates": [ [ [ [ 110.374980857574101, -7.788521295074011 ], [ 110.374958391329173, -7.7885158575296 ], [ 110.374934217588404, -7.788506757918428 ], [ 110.374914595099384, -7.788490696588211 ], [ 110.374904789338629, -7.788472856344336 ], [ 110.374884897628505, -7.78842229706829 ], [ 110.375018496885531, -7.788375584780031 ], [ 110.375039188421454, -7.78849088517604 ], [ 110.374980857574101, -7.788521295074011 ] ] ] ] } },
{ "type": "Feature", "properties": { "OBJECTID": 460, "DESA": "KOTABARU", "NIB": "00379", "TIPEHAK": "Hak Milik", "LUAS": 4027.0, "TAHUN": 2017, "Shape_Leng": 280.63766280099998, "Shape_Area": 4027.6442398499998 }, "geometry": { "type": "MultiPolygon", "coordinates": [ [ [ [ 110.369466919551357, -7.785755869261126 ], [ 110.369454703072435, -7.785888275293237 ], [ 110.369452447660493, -7.786020324540688 ], [ 110.369453645692388, -7.786131346948614 ], [ 110.369462521807279, -7.786318017323949 ], [ 110.36946932007092, -7.786372357996673 ], [ 110.369473627753734, -7.786404647814688 ], [ 110.369479228431558, -7.786471760849636 ], [ 110.369478211751172, -7.786477736932672 ], [ 110.369472536759247, -7.786481438578628 ], [ 110.369427801655917, -7.786492722403547 ], [ 110.369382609389348, -7.786498617271283 ], [ 110.369338666544252, -7.786500170353881 ], [ 110.369264285021657, -7.786498550636944 ], [ 110.369230921227654, -7.786495184914084 ], [ 110.369198996752488, -7.786580494898628 ], [ 110.369129958260032, -7.786566311304226 ], [ 110.369025377491027, -7.786526371388477 ], [ 110.36890458995417, -7.786451988706275 ], [ 110.368813394976726, -7.7863986853674 ], [ 110.368793229891295, -7.786389739918076 ], [ 110.368776464267896, -7.786391641428065 ], [ 110.368773405436713, -7.786394754500637 ], [ 110.368875975001075, -7.78625940463585 ], [ 110.369043491838625, -7.786075974133228 ], [ 110.369206295096674, -7.785915867840107 ], [ 110.369415017404236, -7.785726940257301 ], [ 110.369428571022667, -7.785719386875561 ], [ 110.369434974020535, -7.785720088059096 ], [ 110.369444332666447, -7.785721721733938 ], [ 110.369455256059425, -7.785728605557391 ], [ 110.369466919551357, -7.785755869261126 ] ] ] ] } },
{ "type": "Feature", "properties": { "OBJECTID": 461, "DESA": "KOTABARU", "NIB": "00409", "TIPEHAK": "Kosong", "LUAS": 32.0, "TAHUN": 2017, "Shape_Leng": 25.593198281100001, "Shape_Area": 32.4156559288 }, "geometry": { "type": "MultiPolygon", "coordinates": [ [ [ [ 110.368153767563598, -7.787097302742518 ], [ 110.368161493614394, -7.787179614555416 ], [ 110.368130745852625, -7.787181784285869 ], [ 110.368121132343035, -7.787096877687185 ], [ 110.368153767563598, -7.787097302742518 ] ] ] ] } },
{ "type": "Feature", "properties": { "OBJECTID": 462, "DESA": "KOTABARU", "NIB": "00410", "TIPEHAK": "Kosong", "LUAS": 30.0, "TAHUN": 2017, "Shape_Leng": 22.008841025799999, "Shape_Area": 30.933270125 }, "geometry": { "type": "MultiPolygon", "coordinates": [ [ [ [ 110.368198776710841, -7.787254304078702 ], [ 110.368147567184607, -7.787277387188665 ], [ 110.368133034993164, -7.787243855128075 ], [ 110.3681531164315, -7.7872227228126 ], [ 110.368180412901708, -7.787210508239503 ], [ 110.368198776710841, -7.787254304078702 ] ] ] ] } },
{ "type": "Feature", "properties": { "OBJECTID": 463, "DESA": "KOTABARU", "NIB": "00411", "TIPEHAK": "Kosong", "LUAS": 24.0, "TAHUN": 2017, "Shape_Leng": 20.328595727300002, "Shape_Area": 24.630807745799999 }, "geometry": { "type": "MultiPolygon", "coordinates": [ [ [ [ 110.368212837474005, -7.787287838006036 ], [ 110.368161811520764, -7.787310254352231 ], [ 110.368147567184607, -7.787277387188665 ], [ 110.368198776710841, -7.787254304078702 ], [ 110.368212837474005, -7.787287838006036 ] ] ] ] } },
{ "type": "Feature", "properties": { "OBJECTID": 464, "DESA": "KOTABARU", "NIB": "00412", "TIPEHAK": "Kosong", "LUAS": 31.0, "TAHUN": 2017, "Shape_Leng": 23.949553161600001, "Shape_Area": 31.451023723199999 }, "geometry": { "type": "MultiPolygon", "coordinates": [ [ [ [ 110.368238754768981, -7.787312503744437 ], [ 110.368177099790103, -7.787345528146105 ], [ 110.368161811520764, -7.787310254352231 ], [ 110.368212837474005, -7.787287838006036 ], [ 110.368230509463373, -7.787280073682341 ], [ 110.368238754768981, -7.787312503744437 ] ] ] ] } },
{ "type": "Feature", "properties": { "OBJECTID": 465, "DESA": "KOTABARU", "NIB": "00413", "TIPEHAK": "Kosong", "LUAS": 35.0, "TAHUN": 2017, "Shape_Leng": 24.4889926743, "Shape_Area": 35.447403253399997 }, "geometry": { "type": "MultiPolygon", "coordinates": [ [ [ [ 110.368177099790103, -7.787345528146105 ], [ 110.368238754768981, -7.787312503744437 ], [ 110.368249895673586, -7.78735632522247 ], [ 110.368194545167, -7.787385780526574 ], [ 110.368177099790103, -7.787345528146105 ] ] ] ] } },
{ "type": "Feature", "properties": { "OBJECTID": 466, "DESA": "KOTABARU", "NIB": "00414", "TIPEHAK": "Kosong", "LUAS": 22.0, "TAHUN": 2017, "Shape_Leng": 19.2038849863, "Shape_Area": 22.257901564099999 }, "geometry": { "type": "MultiPolygon", "coordinates": [ [ [ [ 110.368254006237407, -7.787401233470377 ], [ 110.3682112718203, -7.787424376088701 ], [ 110.368196595688659, -7.78739051158352 ], [ 110.368243064974621, -7.78736675098813 ], [ 110.368254006237407, -7.787401233470377 ] ] ] ] } },
{ "type": "Feature", "properties": { "OBJECTID": 467, "DESA": "KOTABARU", "NIB": "00415", "TIPEHAK": "Kosong", "LUAS": 20.0, "TAHUN": 2017, "Shape_Leng": 18.477979887299998, "Shape_Area": 20.798218340799998 }, "geometry": { "type": "MultiPolygon", "coordinates": [ [ [ [ 110.368265167415089, -7.787436405400558 ], [ 110.368225947950791, -7.787458238784672 ], [ 110.3682112718203, -7.787424376088701 ], [ 110.368254006237407, -7.787401233470377 ], [ 110.368265167415089, -7.787436405400558 ] ] ] ] } },
{ "type": "Feature", "properties": { "OBJECTID": 468, "DESA": "KOTABARU", "NIB": "00416", "TIPEHAK": "Kosong", "LUAS": 18.0, "TAHUN": 2017, "Shape_Leng": 17.476204558399999, "Shape_Area": 18.728506646300001 }, "geometry": { "type": "MultiPolygon", "coordinates": [ [ [ [ 110.368276301217989, -7.787471490583759 ], [ 110.368240048373224, -7.787490774400075 ], [ 110.368225947950791, -7.787458238784672 ], [ 110.368265167415089, -7.787436405400558 ], [ 110.368276301217989, -7.787471490583759 ] ] ] ] } },
{ "type": "Feature", "properties": { "OBJECTID": 469, "DESA": "KOTABARU", "NIB": "00417", "TIPEHAK": "Kosong", "LUAS": 17.0, "TAHUN": 2017, "Shape_Leng": 16.8519111618, "Shape_Area": 17.542128715600001 }, "geometry": { "type": "MultiPolygon", "coordinates": [ [ [ [ 110.368287516245417, -7.787506835103299 ], [ 110.36825479647338, -7.787524803318459 ], [ 110.368240048373224, -7.787490774400075 ], [ 110.368276301217989, -7.787471490583759 ], [ 110.368287516245417, -7.787506835103299 ] ] ] ] } },
{ "type": "Feature", "properties": { "OBJECTID": 470, "DESA": "KOTABARU", "NIB": "00418", "TIPEHAK": "Kosong", "LUAS": 24.0, "TAHUN": 2017, "Shape_Leng": 21.139796062199999, "Shape_Area": 24.981531038 }, "geometry": { "type": "MultiPolygon", "coordinates": [ [ [ [ 110.368266818688369, -7.787580108946961 ], [ 110.368244158161815, -7.787527819791478 ], [ 110.36825479647338, -7.787524803318459 ], [ 110.368287516245417, -7.787506835103299 ], [ 110.368291865842721, -7.787561274857446 ], [ 110.368266818688369, -7.787580108946961 ] ] ] ] } },
{ "type": "Feature", "properties": { "OBJECTID": 471, "DESA": "KOTABARU", "NIB": "00385", "TIPEHAK": "Kosong", "LUAS": 31.0, "TAHUN": 2017, "Shape_Leng": 22.433347153900002, "Shape_Area": 31.35240149 }, "geometry": { "type": "MultiPolygon", "coordinates": [ [ [ [ 110.368428436294451, -7.786665531732234 ], [ 110.368411940935857, -7.786641949818725 ], [ 110.368456235428283, -7.78661214913701 ], [ 110.368481551227831, -7.786651598739019 ], [ 110.368441300871027, -7.786683921070725 ], [ 110.368428436294451, -7.786665531732234 ] ] ] ] } },
{ "type": "Feature", "properties": { "OBJECTID": 472, "DESA": "KOTABARU", "NIB": "00386", "TIPEHAK": "Kosong", "LUAS": 28.0, "TAHUN": 2017, "Shape_Leng": 22.7499578384, "Shape_Area": 28.4433462589 }, "geometry": { "type": "MultiPolygon", "coordinates": [ [ [ [ 110.368428436294451, -7.786665531732234 ], [ 110.368419354687958, -7.786673848107702 ], [ 110.368433763927669, -7.786689499100411 ], [ 110.368407987769544, -7.786713106109652 ], [ 110.368369356871952, -7.786671146609529 ], [ 110.368411940935857, -7.786641949818725 ], [ 110.368428436294451, -7.786665531732234 ] ] ] ] } },
{ "type": "Feature", "properties": { "OBJECTID": 473, "DESA": "KOTABARU", "NIB": "00387", "TIPEHAK": "Kosong", "LUAS": 52.0, "TAHUN": 2017, "Shape_Leng": 34.635940570800003, "Shape_Area": 52.219089282900001 }, "geometry": { "type": "MultiPolygon", "coordinates": [ [ [ [ 110.368407987769544, -7.786713106109652 ], [ 110.368417063280063, -7.786722962207308 ], [ 110.368414803176591, -7.786770107815674 ], [ 110.368370919877421, -7.786764495858114 ], [ 110.368372224010983, -7.786721114552312 ], [ 110.368325887574315, -7.786714691127893 ], [ 110.368369356871952, -7.786671146609529 ], [ 110.368407987769544, -7.786713106109652 ] ] ] ] } },
{ "type": "Feature", "properties": { "OBJECTID": 474, "DESA": "KOTABARU", "NIB": "00388", "TIPEHAK": "Kosong", "LUAS": 26.0, "TAHUN": 2017, "Shape_Leng": 20.8601057365, "Shape_Area": 26.9273650459 }, "geometry": { "type": "MultiPolygon", "coordinates": [ [ [ [ 110.368370919877421, -7.786764495858114 ], [ 110.368316515320586, -7.786757536495895 ], [ 110.368325887574315, -7.786714691127893 ], [ 110.368372224010983, -7.786721114552312 ], [ 110.368370919877421, -7.786764495858114 ] ] ] ] } },
{ "type": "Feature", "properties": { "OBJECTID": 475, "DESA": "KOTABARU", "NIB": "00389", "TIPEHAK": "Kosong", "LUAS": 72.0, "TAHUN": 2017, "Shape_Leng": 35.330129683099997, "Shape_Area": 72.562979999099994 }, "geometry": { "type": "MultiPolygon", "coordinates": [ [ [ [ 110.368370919877421, -7.786764495858114 ], [ 110.368414803176591, -7.786770107815674 ], [ 110.368410808124693, -7.786832369650681 ], [ 110.368310173134702, -7.786813238700875 ], [ 110.368316515320586, -7.786757536495895 ], [ 110.368370919877421, -7.786764495858114 ] ] ] ] } },
{ "type": "Feature", "properties": { "OBJECTID": 476, "DESA": "KOTABARU", "NIB": "00390", "TIPEHAK": "Kosong", "LUAS": 52.0, "TAHUN": 2017, "Shape_Leng": 31.099914371000001, "Shape_Area": 52.657453283099997 }, "geometry": { "type": "MultiPolygon", "coordinates": [ [ [ [ 110.368410808124693, -7.786832369650681 ], [ 110.368390991512115, -7.786870704599096 ], [ 110.368319397967937, -7.78686523529042 ], [ 110.36830502389391, -7.786862702246963 ], [ 110.368310173134702, -7.786813238700875 ], [ 110.368410808124693, -7.786832369650681 ] ] ] ] } },
{ "type": "Feature", "properties": { "OBJECTID": 477, "DESA": "KOTABARU", "NIB": "00391", "TIPEHAK": "Kosong", "LUAS": 37.0, "TAHUN": 2017, "Shape_Leng": 25.4096651057, "Shape_Area": 37.9438048974 }, "geometry": { "type": "MultiPolygon", "coordinates": [ [ [ [ 110.368390991512115, -7.786870704599096 ], [ 110.368384560157835, -7.786914358621841 ], [ 110.368313687127014, -7.786907895033894 ], [ 110.368319397967937, -7.78686523529042 ], [ 110.368390991512115, -7.786870704599096 ] ] ] ] } },
{ "type": "Feature", "properties": { "OBJECTID": 478, "DESA": "KOTABARU", "NIB": "00392", "TIPEHAK": "Kosong", "LUAS": 30.0, "TAHUN": 2017, "Shape_Leng": 23.339892431500001, "Shape_Area": 30.2782079899 }, "geometry": { "type": "MultiPolygon", "coordinates": [ [ [ [ 110.368285713561903, -7.78673918840833 ], [ 110.368312176792571, -7.786745452710539 ], [ 110.368297285877503, -7.786810693570061 ], [ 110.368251769859327, -7.786801161652839 ], [ 110.368285713561903, -7.78673918840833 ] ] ] ] } },
{ "type": "Feature", "properties": { "OBJECTID": 479, "DESA": "KOTABARU", "NIB": "00393", "TIPEHAK": "Kosong", "LUAS": 27.0, "TAHUN": 2017, "Shape_Leng": 21.930213309100001, "Shape_Area": 27.2551185628 }, "geometry": { "type": "MultiPolygon", "coordinates": [ [ [ [ 110.36829197742432, -7.786858566967596 ], [ 110.368224563458355, -7.786835534185157 ], [ 110.368245998666652, -7.786806584159315 ], [ 110.368295274132436, -7.786819510854375 ], [ 110.368296676508393, -7.786819878701304 ], [ 110.36829197742432, -7.786858566967596 ] ] ] ] } },
{ "type": "Feature", "properties": { "OBJECTID": 480, "DESA": "KOTABARU", "NIB": "00394", "TIPEHAK": "Kosong", "LUAS": 30.0, "TAHUN": 2017, "Shape_Leng": 24.489959489099999, "Shape_Area": 30.8328757761 }, "geometry": { "type": "MultiPolygon", "coordinates": [ [ [ [ 110.36829197742432, -7.786858566967596 ], [ 110.368287384168411, -7.786886128024194 ], [ 110.368265789148069, -7.786882812269721 ], [ 110.368203642605479, -7.786865075403049 ], [ 110.368224563458355, -7.786835534185157 ], [ 110.36829197742432, -7.786858566967596 ] ] ] ] } },
{ "type": "Feature", "properties": { "OBJECTID": 481, "DESA": "KOTABARU", "NIB": "00395", "TIPEHAK": "Kosong", "LUAS": 43.0, "TAHUN": 2017, "Shape_Leng": 27.389737101600002, "Shape_Area": 43.483160308599999 }, "geometry": { "type": "MultiPolygon", "coordinates": [ [ [ [ 110.368265789148069, -7.786882812269721 ], [ 110.368261883888607, -7.786927489185666 ], [ 110.368177448158363, -7.786910547536765 ], [ 110.368203642605479, -7.786865075403049 ], [ 110.368265789148069, -7.786882812269721 ] ] ] ] } },
{ "type": "Feature", "properties": { "OBJECTID": 482, "DESA": "KOTABARU", "NIB": "00396", "TIPEHAK": "Kosong", "LUAS": 49.0, "TAHUN": 2017, "Shape_Leng": 31.500018213499999, "Shape_Area": 49.803553091200001 }, "geometry": { "type": "MultiPolygon", "coordinates": [ [ [ [ 110.368253322170787, -7.786976957007495 ], [ 110.368148535037179, -7.786958345394281 ], [ 110.368169611117551, -7.786921409373967 ], [ 110.368260994366381, -7.786936669465486 ], [ 110.368255783975272, -7.786977571337859 ], [ 110.368253322170787, -7.786976957007495 ] ] ] ] } },
{ "type": "Feature", "properties": { "OBJECTID": 483, "DESA": "KOTABARU", "NIB": "00397", "TIPEHAK": "Kosong", "LUAS": 67.0, "TAHUN": 2017, "Shape_Leng": 35.639852798200003, "Shape_Area": 67.446583514500006 }, "geometry": { "type": "MultiPolygon", "coordinates": [ [ [ [ 110.368253322170787, -7.786976957007495 ], [ 110.368247395656496, -7.787024512490656 ], [ 110.368132123625131, -7.787007691851191 ], [ 110.368148535037179, -7.786958345394281 ], [ 110.368253322170787, -7.786976957007495 ] ] ] ] } },
{ "type": "Feature", "properties": { "OBJECTID": 484, "DESA": "KOTABARU", "NIB": "00398", "TIPEHAK": "Kosong", "LUAS": 36.0, "TAHUN": 2017, "Shape_Leng": 24.0861156032, "Shape_Area": 36.112797601399997 }, "geometry": { "type": "MultiPolygon", "coordinates": [ [ [ [ 110.36818380269051, -7.787029941285335 ], [ 110.368181905251504, -7.787080631491057 ], [ 110.368124406444139, -7.787076339483208 ], [ 110.36812685524508, -7.787023953691222 ], [ 110.36818380269051, -7.787029941285335 ] ] ] ] } },
{ "type": "Feature", "properties": { "OBJECTID": 485, "DESA": "KOTABARU", "NIB": "00399", "TIPEHAK": "Kosong", "LUAS": 33.0, "TAHUN": 2017, "Shape_Leng": 23.6000365198, "Shape_Area": 33.664409093000003 }, "geometry": { "type": "MultiPolygon", "coordinates": [ [ [ [ 110.368181905251504, -7.787080631491057 ], [ 110.36818380269051, -7.787029941285335 ], [ 110.368216679181188, -7.787037028836959 ], [ 110.368245364103814, -7.787044846515434 ], [ 110.368244540865348, -7.787081817920385 ], [ 110.368181905251504, -7.787080631491057 ] ] ] ] } },
{ "type": "Feature", "properties": { "OBJECTID": 486, "DESA": "KOTABARU", "NIB": "00400", "TIPEHAK": "Kosong", "LUAS": 74.0, "TAHUN": 2017, "Shape_Leng": 41.729799436500002, "Shape_Area": 74.430667091499998 }, "geometry": { "type": "MultiPolygon", "coordinates": [ [ [ [ 110.368312784703633, -7.786922697609071 ], [ 110.368310421481553, -7.786961596289269 ], [ 110.368303930777287, -7.787068456201203 ], [ 110.368262181738118, -7.787070393488789 ], [ 110.368271353808325, -7.78692238913443 ], [ 110.368312784703633, -7.786922697609071 ] ] ] ] } },
{ "type": "Feature", "properties": { "OBJECTID": 487, "DESA": "KOTABARU", "NIB": "00402", "TIPEHAK": "Kosong", "LUAS": 47.0, "TAHUN": 2017, "Shape_Leng": 27.949978525199999, "Shape_Area": 47.809992114000003 }, "geometry": { "type": "MultiPolygon", "coordinates": [ [ [ [ 110.368389630924739, -7.786965918854002 ], [ 110.368392022553138, -7.787018307388497 ], [ 110.368317227748378, -7.787018564560824 ], [ 110.368320378992308, -7.786962140112085 ], [ 110.368389630924739, -7.786965918854002 ] ] ] ] } },
{ "type": "Feature", "properties": { "OBJECTID": 488, "DESA": "KOTABARU", "NIB": "00403", "TIPEHAK": "Kosong", "LUAS": 39.0, "TAHUN": 2017, "Shape_Leng": 26.1266572774, "Shape_Area": 39.380251176800002 }, "geometry": { "type": "MultiPolygon", "coordinates": [ [ [ [ 110.368317227748378, -7.787018564560824 ], [ 110.368392022553138, -7.787018307388497 ], [ 110.368390787416843, -7.787059971490827 ], [ 110.368314768105563, -7.787062591113976 ], [ 110.368317227748378, -7.787018564560824 ] ] ] ] } },
{ "type": "Feature", "properties": { "OBJECTID": 489, "DESA": "KOTABARU", "NIB": "00404", "TIPEHAK": "Kosong", "LUAS": 53.0, "TAHUN": 2017, "Shape_Leng": 29.530020885, "Shape_Area": 53.486054418000002 }, "geometry": { "type": "MultiPolygon", "coordinates": [ [ [ [ 110.368406758942683, -7.787242129038138 ], [ 110.368397511342067, -7.787179968472557 ], [ 110.368460301448721, -7.787174724839365 ], [ 110.368473693975503, -7.787247839341068 ], [ 110.368406758942683, -7.787242129038138 ] ] ] ] } },
{ "type": "Feature", "properties": { "OBJECTID": 490, "DESA": "KOTABARU", "NIB": "00405", "TIPEHAK": "Kosong", "LUAS": 31.0, "TAHUN": 2017, "Shape_Leng": 23.0598994313, "Shape_Area": 31.851830821099998 }, "geometry": { "type": "MultiPolygon", "coordinates": [ [ [ [ 110.368406758942683, -7.787242129038138 ], [ 110.368362387504703, -7.787244280577343 ], [ 110.368358234527875, -7.787182301264181 ], [ 110.368397511342067, -7.787179968472557 ], [ 110.368406758942683, -7.787242129038138 ] ] ] ] } },
{ "type": "Feature", "properties": { "OBJECTID": 491, "DESA": "KOTABARU", "NIB": "00406", "TIPEHAK": "Kosong", "LUAS": 35.0, "TAHUN": 2017, "Shape_Leng": 24.3399957705, "Shape_Area": 35.295492080700001 }, "geometry": { "type": "MultiPolygon", "coordinates": [ [ [ [ 110.368362387504703, -7.787244280577343 ], [ 110.368319771330462, -7.787253068906586 ], [ 110.368313995824508, -7.787182868380583 ], [ 110.368358234527875, -7.787182301264181 ], [ 110.368362387504703, -7.787244280577343 ] ] ] ] } },
{ "type": "Feature", "properties": { "OBJECTID": 492, "DESA": "KOTABARU", "NIB": "00407", "TIPEHAK": "Kosong", "LUAS": 62.0, "TAHUN": 2017, "Shape_Leng": 31.777760006800001, "Shape_Area": 62.962261239599997 }, "geometry": { "type": "MultiPolygon", "coordinates": [ [ [ [ 110.368319771330462, -7.787253068906586 ], [ 110.368248093873845, -7.787264119361705 ], [ 110.368244336333163, -7.78718943713957 ], [ 110.368313995824508, -7.787182868380583 ], [ 110.368319771330462, -7.787253068906586 ] ] ] ] } },
{ "type": "Feature", "properties": { "OBJECTID": 493, "DESA": "KOTABARU", "NIB": "00408", "TIPEHAK": "Kosong", "LUAS": 33.0, "TAHUN": 2017, "Shape_Leng": 25.3031562426, "Shape_Area": 33.576678089700003 }, "geometry": { "type": "MultiPolygon", "coordinates": [ [ [ [ 110.368161493614394, -7.787179614555416 ], [ 110.368153767563598, -7.787097302742518 ], [ 110.368193151307281, -7.787100672493802 ], [ 110.368191336706886, -7.787177507256262 ], [ 110.368161493614394, -7.787179614555416 ] ] ] ] } },
{ "type": "Feature", "properties": { "OBJECTID": 494, "DESA": "KOTABARU", "NIB": "00383", "TIPEHAK": "Kosong", "LUAS": 8.0, "TAHUN": 2017, "Shape_Leng": 12.522682832799999, "Shape_Area": 8.3502608720300007 }, "geometry": { "type": "MultiPolygon", "coordinates": [ [ [ [ 110.369200645100989, -7.789106433957172 ], [ 110.369189831758305, -7.789118233235099 ], [ 110.369158430461894, -7.78909458337785 ], [ 110.369171338138344, -7.789080611553134 ], [ 110.369200645100989, -7.789106433957172 ] ] ] ] } },
{ "type": "Feature", "properties": { "OBJECTID": 495, "DESA": "KOTABARU", "NIB": "00422", "TIPEHAK": "Hak Guna Bangunan", "LUAS": 954.0, "TAHUN": 0, "Shape_Leng": 130.24889738, "Shape_Area": 968.63874731500005 }, "geometry": { "type": "MultiPolygon", "coordinates": [ [ [ [ 110.37395339436199, -7.78459173273786 ], [ 110.374167782581026, -7.784604880883681 ], [ 110.374137519651867, -7.784983954003843 ], [ 110.373935652137348, -7.784972890444055 ], [ 110.37395339436199, -7.78459173273786 ] ] ] ] } },
{ "type": "Feature", "properties": { "OBJECTID": 496, "DESA": "KOTABARU", "NIB": "00420", "TIPEHAK": "Kosong", "LUAS": 19.0, "TAHUN": 2017, "Shape_Leng": 17.909335559300001, "Shape_Area": 19.903699291 }, "geometry": { "type": "MultiPolygon", "coordinates": [ [ [ [ 110.369041892093577, -7.789114210925859 ], [ 110.36901408713247, -7.789144998715196 ], [ 110.368993848508765, -7.789125955422992 ], [ 110.368986218618616, -7.789119443701786 ], [ 110.369012184687648, -7.789086321443191 ], [ 110.369041892093577, -7.789114210925859 ] ] ] ] } },
{ "type": "Feature", "properties": { "OBJECTID": 497, "DESA": "KOTABARU", "NIB": "00707", "TIPEHAK": "Kosong", "LUAS": 1380.0, "TAHUN": 2020, "Shape_Leng": 477.50259560400002, "Shape_Area": 1380.21924734 }, "geometry": { "type": "MultiPolygon", "coordinates": [ [ [ [ 110.373991359130585, -7.788634796943316 ], [ 110.373965939334539, -7.788755851825356 ], [ 110.37396758975818, -7.78881202219905 ], [ 110.373967205981955, -7.78888055344234 ], [ 110.374218927661033, -7.788860749766189 ], [ 110.374219152542267, -7.788867328196419 ], [ 110.374084587715899, -7.788880046473423 ], [ 110.374004092546812, -7.788884982970027 ], [ 110.373972696446316, -7.788888871530157 ], [ 110.37395845902779, -7.788890635124224 ], [ 110.373955761138816, -7.788897725024134 ], [ 110.373934131111056, -7.788954555535255 ], [ 110.373900051608203, -7.788990022168516 ], [ 110.373828300365886, -7.78900267324903 ], [ 110.372625214852448, -7.789214788556344 ], [ 110.372425850615201, -7.789190327362354 ], [ 110.37296245444405, -7.789097060116194 ], [ 110.372956475492572, -7.789129978665035 ], [ 110.373063901960066, -7.789103716692899 ], [ 110.373092005234184, -7.789020132325751 ], [ 110.373128268948378, -7.789009668469148 ], [ 110.373242008736312, -7.78902660113508 ], [ 110.373371444314031, -7.789011823992957 ], [ 110.373526071792668, -7.788994351041257 ], [ 110.373802371242121, -7.788965059004292 ], [ 110.373824505261879, -7.788963294507253 ], [ 110.373844536672706, -7.788915954973296 ], [ 110.373865984973961, -7.788900915649768 ], [ 110.373880917918001, -7.78885679740849 ], [ 110.373920741251396, -7.788626469366141 ], [ 110.373991359130585, -7.788634796943316 ] ] ] ] } },
{ "type": "Feature", "properties": { "OBJECTID": 498, "DESA": "KOTABARU", "NIB": "00708", "TIPEHAK": "Kosong", "LUAS": 1850.0, "TAHUN": 2020, "Shape_Leng": 165.381811021, "Shape_Area": 1849.8539911099999 }, "geometry": { "type": "MultiPolygon", "coordinates": [ [ [ [ 110.372214078722479, -7.786986834291358 ], [ 110.37223949748703, -7.787017596847303 ], [ 110.372173151556296, -7.787243221539208 ], [ 110.371843131924905, -7.787285716480673 ], [ 110.371710644479109, -7.786973873691919 ], [ 110.371985227908155, -7.78687502884062 ], [ 110.372018900538933, -7.786873842909243 ], [ 110.372214078722479, -7.786986834291358 ] ] ] ] } },
{ "type": "Feature", "properties": { "OBJECTID": 499, "DESA": "KOTABARU", "NIB": "00713", "TIPEHAK": "Kosong", "LUAS": 1217.0, "TAHUN": 2020, "Shape_Leng": 956.38532622399998, "Shape_Area": 1217.8251295 }, "geometry": { "type": "MultiPolygon", "coordinates": [ [ [ [ 110.379176363705326, -7.783154622842401 ], [ 110.379175660584423, -7.783333198230744 ], [ 110.379139380299407, -7.783576421904097 ], [ 110.379063329817328, -7.784090124249299 ], [ 110.378920790028005, -7.784876274804592 ], [ 110.378830560713695, -7.785401666955212 ], [ 110.378658645910392, -7.786522716225985 ], [ 110.378543065428431, -7.787175110987242 ], [ 110.378529034823558, -7.787389247756015 ], [ 110.378530384132574, -7.787348909039759 ], [ 110.378535974086816, -7.787181709090094 ], [ 110.378638513031831, -7.786521910721124 ], [ 110.378685078550546, -7.786222278646656 ], [ 110.37881334440425, -7.785412595412776 ], [ 110.378902737608399, -7.784890566775116 ], [ 110.378905613167319, -7.784845659638861 ], [ 110.378895392451497, -7.784842770232827 ], [ 110.378997818380142, -7.784155623025534 ], [ 110.379004759991815, -7.78415594499769 ], [ 110.379032089850824, -7.784108690535471 ], [ 110.379140442218443, -7.783354667077526 ], [ 110.379138501927983, -7.783137037057134 ], [ 110.379176363705326, -7.783154622842401 ] ] ] ] } },
{ "type": "Feature", "properties": { "OBJECTID": 500, "DESA": "KOTABARU", "NIB": "00421", "TIPEHAK": "Kosong", "LUAS": 900.0, "TAHUN": 2017, "Shape_Leng": 120.365546012, "Shape_Area": 879.51013407899995 }, "geometry": { "type": "MultiPolygon", "coordinates": [ [ [ [ 110.373202710279372, -7.785437033403319 ], [ 110.373212349417315, -7.785436647357088 ], [ 110.373245410585312, -7.785435325163047 ], [ 110.373429544284321, -7.785432842793248 ], [ 110.373444473252874, -7.785751515084782 ], [ 110.373219592894657, -7.785755306566641 ], [ 110.373202710279372, -7.785437033403319 ] ] ] ] } },
{ "type": "Feature", "properties": { "OBJECTID": 501, "DESA": "KOTABARU", "NIB": "00700", "TIPEHAK": "Hak Guna Bangunan", "LUAS": 838.0, "TAHUN": 0, "Shape_Leng": 118.73856294399999, "Shape_Area": 836.89445189100002 }, "geometry": { "type": "MultiPolygon", "coordinates": [ [ [ [ 110.373315242094364, -7.78495418498253 ], [ 110.373110208286647, -7.78495737127426 ], [ 110.373093960970678, -7.784632328901312 ], [ 110.373136550187724, -7.784630425604115 ], [ 110.373306504546861, -7.784622827668795 ], [ 110.373315242094364, -7.78495418498253 ] ] ] ] } },
{ "type": "Feature", "properties": { "OBJECTID": 502, "DESA": "KOTABARU", "NIB": "00428", "TIPEHAK": "Hak Guna Bangunan", "LUAS": 85.0, "TAHUN": 0, "Shape_Leng": 40.807413947999997, "Shape_Area": 85.090532218000007 }, "geometry": { "type": "MultiPolygon", "coordinates": [ [ [ [ 110.370749929791174, -7.785498069990955 ], [ 110.370712666933102, -7.785372252235577 ], [ 110.370763495953369, -7.785353003409322 ], [ 110.370798786020842, -7.7854796860008 ], [ 110.370749929791174, -7.785498069990955 ] ] ] ] } },
{ "type": "Feature", "properties": { "OBJECTID": 503, "DESA": "KOTABARU", "NIB": "00429", "TIPEHAK": "Hak Guna Bangunan", "LUAS": 144.0, "TAHUN": 0, "Shape_Leng": 49.499748625000002, "Shape_Area": 144.34629800799999 }, "geometry": { "type": "MultiPolygon", "coordinates": [ [ [ [ 110.373092005234184, -7.789020132325751 ], [ 110.373063901960066, -7.789103716692899 ], [ 110.372956475492572, -7.789129978665035 ], [ 110.37296245444405, -7.789097060116194 ], [ 110.372980716707374, -7.788996523446584 ], [ 110.373092005234184, -7.789020132325751 ] ] ] ] } },
{ "type": "Feature", "properties": { "OBJECTID": 504, "DESA": "KOTABARU", "NIB": "00430", "TIPEHAK": "Hak Milik", "LUAS": 1574.0, "TAHUN": 0, "Shape_Leng": 150.586209513, "Shape_Area": 1568.5467912900001 }, "geometry": { "type": "MultiPolygon", "coordinates": [ [ [ [ 110.370536509481099, -7.787368839276066 ], [ 110.370449976169525, -7.787444348803445 ], [ 110.370419503687998, -7.7874709503072 ], [ 110.370400238364383, -7.787483761572767 ], [ 110.370372621602215, -7.787491427951247 ], [ 110.370341910534449, -7.787499952429386 ], [ 110.370301693666946, -7.787484323750315 ], [ 110.370212905328742, -7.787434520466298 ], [ 110.370153023241343, -7.787394755849745 ], [ 110.370096302688069, -7.78733530228201 ], [ 110.370071039018399, -7.787310224824527 ], [ 110.370181685812412, -7.787136454344926 ], [ 110.370416715322293, -7.787055611822301 ], [ 110.370536509481099, -7.787368839276066 ] ] ] ] } },
{ "type": "Feature", "properties": { "OBJECTID": 505, "DESA": "KOTABARU", "NIB": "00807", "TIPEHAK": "Hak Milik", "LUAS": 244.0, "TAHUN": 0, "Shape_Leng": 91.192529190200005, "Shape_Area": 244.39239783799999 }, "geometry": { "type": "MultiPolygon", "coordinates": [ [ [ [ 110.371082844671278, -7.787217878037488 ], [ 110.371122379312567, -7.787203006036721 ], [ 110.371234683459733, -7.787496413364596 ], [ 110.371234897670519, -7.787496973523279 ], [ 110.371141952204255, -7.787532198337431 ], [ 110.371107045670527, -7.787434225831361 ], [ 110.371146560909864, -7.787418291440861 ], [ 110.371120800027285, -7.787351800376804 ], [ 110.371132235177626, -7.787347448513995 ], [ 110.371082844671278, -7.787217878037488 ] ] ] ] } },
{ "type": "Feature", "properties": { "OBJECTID": 506, "DESA": "KOTABARU", "NIB": "00493", "TIPEHAK": "Hak Milik", "LUAS": 708.0, "TAHUN": 0, "Shape_Leng": 114.38818731000001, "Shape_Area": 709.87040890900005 }, "geometry": { "type": "MultiPolygon", "coordinates": [ [ [ [ 110.372419837909405, -7.784677256629609 ], [ 110.3724774576946, -7.784668322226217 ], [ 110.372534204133601, -7.785016907876079 ], [ 110.372381447700022, -7.785039331436121 ], [ 110.372303616649901, -7.784696524409009 ], [ 110.372419837909405, -7.784677256629609 ] ] ] ] } },
{ "type": "Feature", "properties": { "OBJECTID": 508, "DESA": "KOTABARU", "NIB": "00795", "TIPEHAK": "Kosong", "LUAS": 30.0, "TAHUN": 2022, "Shape_Leng": 21.628975819000001, "Shape_Area": 29.065558668000001 }, "geometry": { "type": "MultiPolygon", "coordinates": [ [ [ [ 110.368634886447381, -7.788201039662855 ], [ 110.368620683210167, -7.788150750460889 ], [ 110.368664076677049, -7.788139441419915 ], [ 110.36867956732921, -7.788189740640442 ], [ 110.368634886447381, -7.788201039662855 ] ] ] ] } },
{ "type": "Feature", "properties": { "OBJECTID": 509, "DESA": "KOTABARU", "NIB": "00794", "TIPEHAK": "Kosong", "LUAS": 300.0, "TAHUN": 2022, "Shape_Leng": 196.403290419, "Shape_Area": 313.27786622000002 }, "geometry": { "type": "MultiPolygon", "coordinates": [ [ [ [ 110.371540908937689, -7.783065453817516 ], [ 110.371331673136055, -7.783063907106183 ], [ 110.371336164458015, -7.783102110840732 ], [ 110.371293157657703, -7.783097981126091 ], [ 110.371283713868351, -7.783120504053773 ], [ 110.37127397296814, -7.783184419691429 ], [ 110.371256743251848, -7.783180584235773 ], [ 110.371246772324511, -7.783220036527773 ], [ 110.371255675049156, -7.783221744344088 ], [ 110.371247682748461, -7.783246474135137 ], [ 110.371241375568928, -7.783244740191123 ], [ 110.371222078560166, -7.783288645795751 ], [ 110.371188564523266, -7.783286155767075 ], [ 110.371183766457605, -7.783323755594853 ], [ 110.371142436754681, -7.783342852923333 ], [ 110.371147092310068, -7.783289798938826 ], [ 110.37110165005717, -7.783254785201335 ], [ 110.371101975086503, -7.783243154816308 ], [ 110.371071646850879, -7.783241543439376 ], [ 110.371071446698721, -7.78323813052556 ], [ 110.371092953222401, -7.78323643530514 ], [ 110.371087020133984, -7.783198969634936 ], [ 110.371083917793285, -7.783188893360813 ], [ 110.371104131177532, -7.783210314655881 ], [ 110.371127045616831, -7.783234509888769 ], [ 110.371149655264659, -7.783237982569839 ], [ 110.371159358409997, -7.783204071717598 ], [ 110.371149787976762, -7.783190729223722 ], [ 110.371152783593317, -7.783186438105612 ], [ 110.371180592021943, -7.783226075925403 ], [ 110.371200333168389, -7.783183000362613 ], [ 110.371132633556996, -7.783118855872921 ], [ 110.3711450188501, -7.783107982845776 ], [ 110.371144657762912, -7.783079315275829 ], [ 110.371156121980761, -7.783093486641685 ], [ 110.371150196987529, -7.783122734049861 ], [ 110.37120616979189, -7.783158376269211 ], [ 110.371219366199938, -7.783137263408285 ], [ 110.371225573273918, -7.783094030282934 ], [ 110.371229316537523, -7.783058421843778 ], [ 110.37133378426168, -7.783055836473176 ], [ 110.371540908937689, -7.783065453817516 ] ] ] ] } },
{ "type": "Feature", "properties": { "OBJECTID": 510, "DESA": "KOTABARU", "NIB": "00793", "TIPEHAK": "Kosong", "LUAS": 290.0, "TAHUN": 2022, "Shape_Leng": 111.252845345, "Shape_Area": 290.40834791399999 }, "geometry": { "type": "MultiPolygon", "coordinates": [ [ [ [ 110.375706809007994, -7.788702559136352 ], [ 110.375700279472895, -7.78860734506911 ], [ 110.37569507390684, -7.788605694824813 ], [ 110.376146138607027, -7.788659777318616 ], [ 110.375707775515039, -7.788713936379595 ], [ 110.375706809007994, -7.788702559136352 ] ] ] ] } },
{ "type": "Feature", "properties": { "OBJECTID": 511, "DESA": "KOTABARU", "NIB": "00792", "TIPEHAK": "Kosong", "LUAS": 31.0, "TAHUN": 2022, "Shape_Leng": 32.255058208500003, "Shape_Area": 30.888819613 }, "geometry": { "type": "MultiPolygon", "coordinates": [ [ [ [ 110.376236894542473, -7.784857689529825 ], [ 110.376237625244755, -7.784873392004778 ], [ 110.376161363073749, -7.784811177586801 ], [ 110.376127970757906, -7.784805797919933 ], [ 110.376141876024278, -7.784797399098873 ], [ 110.376206844975385, -7.784802603214464 ], [ 110.376236894542473, -7.784857689529825 ] ] ] ] } },
{ "type": "Feature", "properties": { "OBJECTID": 512, "DESA": "KOTABARU", "NIB": "00790", "TIPEHAK": "Kosong", "LUAS": 750.0, "TAHUN": 2022, "Shape_Leng": 614.83112842800006, "Shape_Area": 750.38634863100003 }, "geometry": { "type": "MultiPolygon", "coordinates": [ [ [ [ 110.370719355061084, -7.787993818280267 ], [ 110.370678628319354, -7.787975410301127 ], [ 110.3706762246739, -7.787981451623047 ], [ 110.370660294288754, -7.787973397249147 ], [ 110.370628607696261, -7.787959096525484 ], [ 110.370594145575154, -7.787941531941184 ], [ 110.370558894585315, -7.787921713919083 ], [ 110.370466350844907, -7.787867911939802 ], [ 110.37045084706979, -7.787858779788492 ], [ 110.370349165419952, -7.787797413989103 ], [ 110.370288298422963, -7.787756203809966 ], [ 110.370255554842942, -7.787734480904358 ], [ 110.370235538921449, -7.787721857879329 ], [ 110.370031149197089, -7.787530436769476 ], [ 110.370010974135113, -7.78754745257066 ], [ 110.370012012465196, -7.787517697999489 ], [ 110.370000476506604, -7.787492093252794 ], [ 110.369883541205454, -7.787370479754711 ], [ 110.369862909508598, -7.78734368837751 ], [ 110.36980676932086, -7.787265817893693 ], [ 110.369787925343729, -7.78724072362934 ], [ 110.369715350450292, -7.787122552642463 ], [ 110.369711374624089, -7.787117551573779 ], [ 110.369706809469065, -7.787114293188056 ], [ 110.369700369741366, -7.787113816326022 ], [ 110.36969641012837, -7.787115357958433 ], [ 110.369663882518253, -7.787014998769336 ], [ 110.369610390374746, -7.786849955073254 ], [ 110.369497730807879, -7.786618343103948 ], [ 110.369478211751172, -7.786477736932672 ], [ 110.369479228431558, -7.786471760849636 ], [ 110.369473627753734, -7.786404647814688 ], [ 110.36946932007092, -7.786372357996673 ], [ 110.369462521807279, -7.786318017323949 ], [ 110.369453645692388, -7.786131346948614 ], [ 110.369452447660493, -7.786020324540688 ], [ 110.369454703072435, -7.785888275293237 ], [ 110.369466919551357, -7.785755869261126 ], [ 110.369474235294689, -7.785895004026399 ], [ 110.369472942579989, -7.786039305817009 ], [ 110.369474764857159, -7.786151886675764 ], [ 110.369481478786156, -7.786309564037744 ], [ 110.369483212810067, -7.786379331572732 ], [ 110.369486485622275, -7.78642372522167 ], [ 110.369496139694377, -7.786477618791041 ], [ 110.369550465014129, -7.786630403575829 ], [ 110.369626041318696, -7.786847827054455 ], [ 110.369751432516267, -7.787122501227848 ], [ 110.369812701912664, -7.787228327862326 ], [ 110.369855766474586, -7.787277833541384 ], [ 110.369892070161228, -7.787338624746101 ], [ 110.369926061628377, -7.787374624126675 ], [ 110.370006266582962, -7.787480891089499 ], [ 110.370251491227734, -7.787707594958894 ], [ 110.370275379966557, -7.787725380202803 ], [ 110.370319165619193, -7.787753033638169 ], [ 110.370381168664139, -7.787793834593781 ], [ 110.370465759074008, -7.787849146650808 ], [ 110.370492618529696, -7.787861972617123 ], [ 110.370571239163027, -7.787914323925154 ], [ 110.370613319510738, -7.787936266334706 ], [ 110.370654105864759, -7.787955007845272 ], [ 110.370674990296976, -7.787961901008312 ], [ 110.370719355061084, -7.787993818280267 ] ] ] ] } },
{ "type": "Feature", "properties": { "OBJECTID": 513, "DESA": "KOTABARU", "NIB": "00786", "TIPEHAK": "Kosong", "LUAS": 13.0, "TAHUN": 2022, "Shape_Leng": 30.8209152252, "Shape_Area": 13.4434789339 }, "geometry": { "type": "MultiPolygon", "coordinates": [ [ [ [ 110.372281489211161, -7.788674381770215 ], [ 110.372272104195318, -7.788674059298475 ], [ 110.372310363837755, -7.788547261744067 ], [ 110.37231753255584, -7.788550393578175 ], [ 110.372281489211161, -7.788674381770215 ] ] ] ] } },
{ "type": "Feature", "properties": { "OBJECTID": 514, "DESA": "KOTABARU", "NIB": "00787", "TIPEHAK": "Kosong", "LUAS": 1080.0, "TAHUN": 2022, "Shape_Leng": 131.54265415, "Shape_Area": 1079.7602263399999 }, "geometry": { "type": "MultiPolygon", "coordinates": [ [ [ [ 110.372098245465921, -7.788546357285836 ], [ 110.372011607642719, -7.788587068622213 ], [ 110.371968341774902, -7.788582881703292 ], [ 110.371801622162153, -7.788515848785379 ], [ 110.371755083005468, -7.788486023892561 ], [ 110.371708340837046, -7.788438688835963 ], [ 110.371674528779863, -7.788368547884273 ], [ 110.371705328089845, -7.788332091740219 ], [ 110.371935918099425, -7.788217014827945 ], [ 110.372098245465921, -7.788546357285836 ] ] ] ] } },
{ "type": "Feature", "properties": { "OBJECTID": 515, "DESA": "KOTABARU", "NIB": "00785", "TIPEHAK": "Hak Milik", "LUAS": 1113.0, "TAHUN": 0, "Shape_Leng": 137.753491623, "Shape_Area": 1113.90981074 }, "geometry": { "type": "MultiPolygon", "coordinates": [ [ [ [ 110.373044694877279, -7.785068026378305 ], [ 110.373062433739108, -7.785442642495621 ], [ 110.3729804286193, -7.785447499555803 ], [ 110.37282848925139, -7.785456498885863 ], [ 110.372808292074538, -7.785068831270363 ], [ 110.372808166495702, -7.78506641462487 ], [ 110.373044193356307, -7.785057432095098 ], [ 110.373044694877279, -7.785068026378305 ] ] ] ] } },
{ "type": "Feature", "properties": { "OBJECTID": 516, "DESA": "KOTABARU", "NIB": "00789", "TIPEHAK": "Kosong", "LUAS": 24.0, "TAHUN": 2022, "Shape_Leng": 52.6269745321, "Shape_Area": 23.758375206899998 }, "geometry": { "type": "MultiPolygon", "coordinates": [ [ [ [ 110.377983791039284, -7.787886793077678 ], [ 110.377991090087619, -7.787888067335937 ], [ 110.377992916663871, -7.787888386348824 ], [ 110.378059549818602, -7.788105229569556 ], [ 110.378051208166298, -7.788107874424319 ], [ 110.377983791039284, -7.787886793077678 ] ] ] ] } },
{ "type": "Feature", "properties": { "OBJECTID": 517, "DESA": "KOTABARU", "NIB": "00494", "TIPEHAK": "Hak Guna Bangunan", "LUAS": 120.0, "TAHUN": 0, "Shape_Leng": 46.687288271699998, "Shape_Area": 120.935632449 }, "geometry": { "type": "MultiPolygon", "coordinates": [ [ [ [ 110.368865549629135, -7.788505536546471 ], [ 110.36874595573687, -7.788579983303681 ], [ 110.368712924251597, -7.788517092086756 ], [ 110.368832887965141, -7.788443492714332 ], [ 110.368865549629135, -7.788505536546471 ] ] ] ] } },
{ "type": "Feature", "properties": { "OBJECTID": 518, "DESA": "KOTABARU", "NIB": "00742", "TIPEHAK": "Kosong", "LUAS": 45.0, "TAHUN": 2020, "Shape_Leng": 30.641796841600001, "Shape_Area": 45.512777284000002 }, "geometry": { "type": "MultiPolygon", "coordinates": [ [ [ [ 110.368407859943517, -7.787713368380329 ], [ 110.36831418800115, -7.787738500592358 ], [ 110.368296896686857, -7.787698672875204 ], [ 110.368401800781257, -7.787682857967769 ], [ 110.368407859943517, -7.787713368380329 ] ] ] ] } },
{ "type": "Feature", "properties": { "OBJECTID": 519, "DESA": "KOTABARU", "NIB": "00613", "TIPEHAK": "Hak Guna Bangunan", "LUAS": 1448.0, "TAHUN": 0, "Shape_Leng": 149.68149763900001, "Shape_Area": 1421.6234974399999 }, "geometry": { "type": "MultiPolygon", "coordinates": [ [ [ [ 110.371605810518417, -7.785297596527599 ], [ 110.371633585962513, -7.785361099600045 ], [ 110.371728740440872, -7.785586947424412 ], [ 110.371420638607532, -7.785731831834271 ], [ 110.371399668915174, -7.785681863172949 ], [ 110.371300266467273, -7.785372744299476 ], [ 110.371378778044857, -7.785350124660078 ], [ 110.371556763721941, -7.785290413164634 ], [ 110.371582642510035, -7.7852863336104 ], [ 110.371605810518417, -7.785297596527599 ] ] ] ] } },
{ "type": "Feature", "properties": { "OBJECTID": 520, "DESA": "KOTABARU", "NIB": "00112", "TIPEHAK": "Hak Guna Bangunan", "LUAS": 1630.0, "TAHUN": 0, "Shape_Leng": 207.98726689200001, "Shape_Area": 1625.20117308 }, "geometry": { "type": "MultiPolygon", "coordinates": [ [ [ [ 110.372087217360345, -7.786572747634869 ], [ 110.371867572320809, -7.786544614234438 ], [ 110.371796411655694, -7.786566507271115 ], [ 110.371756647596555, -7.786582191761982 ], [ 110.371746416808563, -7.786551189979155 ], [ 110.371733122149408, -7.786546290372363 ], [ 110.371666582511594, -7.78656996418684 ], [ 110.371670771745826, -7.786581270629773 ], [ 110.371643763171576, -7.786588384275172 ], [ 110.371619644298676, -7.786600927075088 ], [ 110.371608623263128, -7.786613063188059 ], [ 110.371611597371299, -7.786621607111296 ], [ 110.371441487062242, -7.786686675207386 ], [ 110.371376615243747, -7.786518454352097 ], [ 110.371608917432312, -7.786428587574408 ], [ 110.371633941940914, -7.786419965298103 ], [ 110.371628457525944, -7.786405323241016 ], [ 110.371723006496893, -7.786371416981373 ], [ 110.371976065557178, -7.786280799362103 ], [ 110.372087217360345, -7.786572747634869 ] ] ] ] } },
{ "type": "Feature", "properties": { "OBJECTID": 521, "DESA": "KOTABARU", "NIB": "00564", "TIPEHAK": "Hak Guna Bangunan", "LUAS": 1943.0, "TAHUN": 0, "Shape_Leng": 175.08094716700001, "Shape_Area": 1965.6570758800001 }, "geometry": { "type": "MultiPolygon", "coordinates": [ [ [ [ 110.374571384545902, -7.784265632634826 ], [ 110.37463241742114, -7.784332719823014 ], [ 110.374596078822634, -7.784640066938993 ], [ 110.374286267368063, -7.784612250836927 ], [ 110.374167782581026, -7.784604880883681 ], [ 110.374190735440692, -7.784232314921284 ], [ 110.374571384545902, -7.784265632634826 ] ] ] ] } },
{ "type": "Feature", "properties": { "OBJECTID": 522, "DESA": "KOTABARU", "NIB": "00512", "TIPEHAK": "Hak Milik", "LUAS": 15920.0, "TAHUN": 0, "Shape_Leng": 526.12810791000004, "Shape_Area": 15908.6551647 }, "geometry": { "type": "MultiPolygon", "coordinates": [ [ [ [ 110.370235538921449, -7.787721857879329 ], [ 110.370255554842942, -7.787734480904358 ], [ 110.370288298422963, -7.787756203809966 ], [ 110.370349165419952, -7.787797413989103 ], [ 110.37045084706979, -7.787858779788492 ], [ 110.370466350844907, -7.787867911939802 ], [ 110.370558894585315, -7.787921713919083 ], [ 110.370594145575154, -7.787941531941184 ], [ 110.370628607696261, -7.787959096525484 ], [ 110.370660294288754, -7.787973397249147 ], [ 110.3706762246739, -7.787981451623047 ], [ 110.370678628319354, -7.787975410301127 ], [ 110.370719355061084, -7.787993818280267 ], [ 110.370717004880703, -7.788000286271137 ], [ 110.370734139034269, -7.788006480959951 ], [ 110.370778705192478, -7.788024845783096 ], [ 110.370815544378118, -7.788038857418845 ], [ 110.370864801754792, -7.788056978409657 ], [ 110.370911033545227, -7.788074111903329 ], [ 110.370945607799669, -7.788086260119656 ], [ 110.370980791874388, -7.788096053468636 ], [ 110.371016388391297, -7.788104936350105 ], [ 110.371047465827388, -7.788112685615689 ], [ 110.371082790397182, -7.788120707355277 ], [ 110.371117846996228, -7.788128037935699 ], [ 110.371154089697157, -7.788134174350862 ], [ 110.371194153666437, -7.788141139287024 ], [ 110.371259124309304, -7.788150848790664 ], [ 110.371311012664407, -7.788157983814002 ], [ 110.371353588685338, -7.788182413459837 ], [ 110.371378104435351, -7.788217537029284 ], [ 110.371386707478223, -7.788256239547349 ], [ 110.371379326586734, -7.788295204586651 ], [ 110.371362563439916, -7.788324212964535 ], [ 110.3713451405673, -7.788340200528718 ], [ 110.371329237932613, -7.788350851140406 ], [ 110.371329199907379, -7.788350876535937 ], [ 110.371284770497297, -7.788382042215997 ], [ 110.371248403905838, -7.788407659475284 ], [ 110.370936507841847, -7.788626857134037 ], [ 110.370497134409021, -7.788935672272139 ], [ 110.370391519650354, -7.789013549299238 ], [ 110.370331647307935, -7.789058120507746 ], [ 110.370259044534819, -7.789108965813368 ], [ 110.369556045143142, -7.78816172659897 ], [ 110.369818886698027, -7.787960513676958 ], [ 110.370003392591343, -7.787802092234148 ], [ 110.37006455491246, -7.787750048906934 ], [ 110.370100838143472, -7.787723561180967 ], [ 110.370119387834649, -7.787714540864652 ], [ 110.37013920688895, -7.787709966567072 ], [ 110.370153702034443, -7.787708767694837 ], [ 110.370179544021738, -7.787707861094511 ], [ 110.370201434785983, -7.787709488011552 ], [ 110.370219701018129, -7.787714238213306 ], [ 110.370235538921449, -7.787721857879329 ] ] ] ] } },
{ "type": "Feature", "properties": { "OBJECTID": 523, "DESA": "KOTABARU", "NIB": "00513", "TIPEHAK": "Hak Milik", "LUAS": 890.0, "TAHUN": 0, "Shape_Leng": 129.52877541500001, "Shape_Area": 890.04058615999998 }, "geometry": { "type": "MultiPolygon", "coordinates": [ [ [ [ 110.375286545351784, -7.783983348132682 ], [ 110.375285854076367, -7.78403819235989 ], [ 110.375285702152794, -7.784112226023477 ], [ 110.375285559293104, -7.784167905495253 ], [ 110.374873154612374, -7.784085568103442 ], [ 110.374905289674999, -7.783908779476244 ], [ 110.374905778531968, -7.783908875216294 ], [ 110.375286545351784, -7.783983348132682 ] ] ] ] } },
{ "type": "Feature", "properties": { "OBJECTID": 524, "DESA": "KOTABARU", "NIB": "00102", "TIPEHAK": "Hak Guna Bangunan", "LUAS": 507.0, "TAHUN": 0, "Shape_Leng": 99.866726924399998, "Shape_Area": 507.00321447599998 }, "geometry": { "type": "MultiPolygon", "coordinates": [ [ [ [ 110.370947737596211, -7.785934889393909 ], [ 110.371063896629238, -7.78587825543687 ], [ 110.371203333170584, -7.786171631507514 ], [ 110.371087254583756, -7.78622510157606 ], [ 110.370947737596211, -7.785934889393909 ] ] ] ] } },
{ "type": "Feature", "properties": { "OBJECTID": 525, "DESA": "KOTABARU", "NIB": "00514", "TIPEHAK": "Hak Guna Bangunan", "LUAS": 1034.0, "TAHUN": 0, "Shape_Leng": 135.792632639, "Shape_Area": 1034.6330263299999 }, "geometry": { "type": "MultiPolygon", "coordinates": [ [ [ [ 110.37088269941971, -7.786330051773057 ], [ 110.370685649813538, -7.786409901471634 ], [ 110.370532411724881, -7.786034582203049 ], [ 110.370574898190611, -7.786018388602916 ], [ 110.370724466153831, -7.785957980759101 ], [ 110.37088269941971, -7.786330051773057 ] ] ] ] } },
{ "type": "Feature", "properties": { "OBJECTID": 526, "DESA": "KOTABARU", "NIB": "00704", "TIPEHAK": "Hak Guna Bangunan", "LUAS": 406.0, "TAHUN": 0, "Shape_Leng": 86.059264283700003, "Shape_Area": 406.35601989100002 }, "geometry": { "type": "MultiPolygon", "coordinates": [ [ [ [ 110.372722516293678, -7.787539837656075 ], [ 110.37275405134713, -7.787800677175843 ], [ 110.37262804088266, -7.787815267107683 ], [ 110.372612182681678, -7.787684388197606 ], [ 110.372596487752176, -7.787554856194332 ], [ 110.372628364467261, -7.787551057175219 ], [ 110.372722516293678, -7.787539837656075 ] ] ] ] } },
{ "type": "Feature", "properties": { "OBJECTID": 527, "DESA": "KOTABARU", "NIB": "00796", "TIPEHAK": "Kosong", "LUAS": 2389.0, "TAHUN": 2022, "Shape_Leng": 795.43931123100003, "Shape_Area": 2388.7739171200001 }, "geometry": { "type": "MultiPolygon", "coordinates": [ [ [ [ 110.36824439718221, -7.787527221630709 ], [ 110.368267057708721, -7.787579510786207 ], [ 110.368276688912317, -7.787613545661968 ], [ 110.368285453677132, -7.787667089360288 ], [ 110.368290696131339, -7.787666415849891 ], [ 110.368297135707223, -7.787698074714426 ], [ 110.368314427021517, -7.78773790243157 ], [ 110.368352808592959, -7.787869618003192 ], [ 110.36840805751028, -7.788083113963016 ], [ 110.368447752557202, -7.788255190880108 ], [ 110.368494255610443, -7.788420326822299 ], [ 110.368465941934232, -7.788439181182823 ], [ 110.368494879051013, -7.788488398573409 ], [ 110.368502629643473, -7.788501581189847 ], [ 110.368529686208348, -7.788547598876393 ], [ 110.368532896894507, -7.788553059045014 ], [ 110.368542538733521, -7.78854954096891 ], [ 110.368570624295486, -7.788623276368963 ], [ 110.368763047426725, -7.789074189739658 ], [ 110.36894840774147, -7.789357599560229 ], [ 110.368989560440696, -7.78945858308516 ], [ 110.369029665776026, -7.789495235474302 ], [ 110.369084952784931, -7.789576056356758 ], [ 110.368928204037033, -7.789651970023889 ], [ 110.368438541671225, -7.78844461183833 ], [ 110.368222211539276, -7.787547936906945 ], [ 110.3680611764633, -7.78727352776813 ], [ 110.368043203024271, -7.78718725938992 ], [ 110.368056999158426, -7.787103693697505 ], [ 110.368147888131176, -7.786901734320043 ], [ 110.368200865332241, -7.786805905306016 ], [ 110.368446834482398, -7.786570610802031 ], [ 110.368475864811515, -7.786515480592954 ], [ 110.368540526117854, -7.786489134698827 ], [ 110.36848033502018, -7.786569055691071 ], [ 110.368288256691457, -7.786732186558564 ], [ 110.368227107749348, -7.786812361754199 ], [ 110.368145226297955, -7.786947963901325 ], [ 110.368119114369406, -7.787020314795152 ], [ 110.368107091827511, -7.787203093903673 ], [ 110.36824439718221, -7.787527221630709 ] ] ] ] } },
{ "type": "Feature", "properties": { "OBJECTID": 528, "DESA": "KOTABARU", "NIB": "00506", "TIPEHAK": "Kosong", "LUAS": 1125.0, "TAHUN": 2018, "Shape_Leng": 312.90189536000003, "Shape_Area": 1125.5734008300001 }, "geometry": { "type": "MultiPolygon", "coordinates": [ [ [ [ 110.369939121250098, -7.785156251409682 ], [ 110.369360591790269, -7.785660875816657 ], [ 110.36923073074928, -7.785774147087003 ], [ 110.369110395434745, -7.78588349359363 ], [ 110.36890891498787, -7.786083470810602 ], [ 110.368896969343467, -7.786072382764958 ], [ 110.369023546783922, -7.78583280172925 ], [ 110.369058952043119, -7.785789888533252 ], [ 110.369235339293567, -7.785652415267984 ], [ 110.369579265742161, -7.785384882988724 ], [ 110.369926858988237, -7.785140662069249 ], [ 110.369939121250098, -7.785156251409682 ] ] ] ] } },
{ "type": "Feature", "properties": { "OBJECTID": 529, "DESA": "KOTABARU", "NIB": "00507", "TIPEHAK": "Kosong", "LUAS": 321.0, "TAHUN": 2018, "Shape_Leng": 77.634707304800003, "Shape_Area": 321.96185054900002 }, "geometry": { "type": "MultiPolygon", "coordinates": [ [ [ [ 110.370556447940487, -7.789075803277469 ], [ 110.370644833469584, -7.789014209024866 ], [ 110.370791827143151, -7.789221310588447 ], [ 110.370712633868365, -7.789265397111478 ], [ 110.370688080520409, -7.789258171518401 ], [ 110.370556447940487, -7.789075803277469 ] ] ] ] } },
{ "type": "Feature", "properties": { "OBJECTID": 530, "DESA": "KOTABARU", "NIB": "00508", "TIPEHAK": "Kosong", "LUAS": 453.0, "TAHUN": 2018, "Shape_Leng": 106.390646735, "Shape_Area": 453.81087317399999 }, "geometry": { "type": "MultiPolygon", "coordinates": [ [ [ [ 110.372404953049212, -7.788712260151711 ], [ 110.372501545585465, -7.788391217140155 ], [ 110.372532347542631, -7.78838017323907 ], [ 110.372628845729196, -7.788356182612257 ], [ 110.37249211627163, -7.788737065367664 ], [ 110.372404953049212, -7.788712260151711 ] ] ] ] } },
{ "type": "Feature", "properties": { "OBJECTID": 531, "DESA": "KOTABARU", "NIB": "00509", "TIPEHAK": "Kosong", "LUAS": 434.0, "TAHUN": 2018, "Shape_Leng": 85.821904707399995, "Shape_Area": 431.74070844400001 }, "geometry": { "type": "MultiPolygon", "coordinates": [ [ [ [ 110.3743571771776, -7.788624747438528 ], [ 110.374367518735255, -7.788853305594843 ], [ 110.374219152542267, -7.788867328196419 ], [ 110.374218927661033, -7.788860749766189 ], [ 110.374217034244822, -7.788805460580504 ], [ 110.374213236949956, -7.788612878430987 ], [ 110.3743571771776, -7.788624747438528 ] ] ] ] } },
{ "type": "Feature", "properties": { "OBJECTID": 532, "DESA": "KOTABARU", "NIB": "00510", "TIPEHAK": "Kosong", "LUAS": 197.0, "TAHUN": 2018, "Shape_Leng": 71.223406232599999, "Shape_Area": 197.37805686300001 }, "geometry": { "type": "MultiPolygon", "coordinates": [ [ [ [ 110.374781909470627, -7.788805615307215 ], [ 110.374775122574945, -7.788761921629013 ], [ 110.37478548099196, -7.788748117669734 ], [ 110.374903459535403, -7.788734658520302 ], [ 110.374901416193595, -7.788710707104404 ], [ 110.375016629373476, -7.788695851232705 ], [ 110.375027071510743, -7.788772628031817 ], [ 110.374905799015835, -7.78878816280401 ], [ 110.374781909470627, -7.788805615307215 ] ] ] ] } },
{ "type": "Feature", "properties": { "OBJECTID": 533, "DESA": "KOTABARU", "NIB": "00498", "TIPEHAK": "Kosong", "LUAS": 30.0, "TAHUN": 2018, "Shape_Leng": 25.4002710677, "Shape_Area": 30.504081701400001 }, "geometry": { "type": "MultiPolygon", "coordinates": [ [ [ [ 110.368784075032764, -7.788957400947116 ], [ 110.368758418698206, -7.78896045183454 ], [ 110.368719390543134, -7.788886421509291 ], [ 110.368753720222216, -7.788877980137526 ], [ 110.368784075032764, -7.788957400947116 ] ] ] ] } },
{ "type": "Feature", "properties": { "OBJECTID": 534, "DESA": "KOTABARU", "NIB": "00499", "TIPEHAK": "Kosong", "LUAS": 21.0, "TAHUN": 2018, "Shape_Leng": 20.213237453200001, "Shape_Area": 21.356626358100002 }, "geometry": { "type": "MultiPolygon", "coordinates": [ [ [ [ 110.368758418698206, -7.78896045183454 ], [ 110.368784075032764, -7.788957400947116 ], [ 110.368803710304533, -7.788997350414021 ], [ 110.36875965888008, -7.789014096830713 ], [ 110.368751873336677, -7.788988361390963 ], [ 110.368765764464726, -7.788983074137272 ], [ 110.368758418698206, -7.78896045183454 ] ] ] ] } },
{ "type": "Feature", "properties": { "OBJECTID": 535, "DESA": "KOTABARU", "NIB": "00500", "TIPEHAK": "Kosong", "LUAS": 37.0, "TAHUN": 2018, "Shape_Leng": 24.409990337100002, "Shape_Area": 37.2297087663 }, "geometry": { "type": "MultiPolygon", "coordinates": [ [ [ [ 110.369029426756015, -7.78949583363546 ], [ 110.368989321420642, -7.789459181246294 ], [ 110.369026055887133, -7.789417950715933 ], [ 110.369067455815014, -7.789453698063455 ], [ 110.369029426756015, -7.78949583363546 ] ] ] ] } },
{ "type": "Feature", "properties": { "OBJECTID": 536, "DESA": "KOTABARU", "NIB": "00501", "TIPEHAK": "Kosong", "LUAS": 31.0, "TAHUN": 2018, "Shape_Leng": 22.3996620783, "Shape_Area": 31.213967246700001 }, "geometry": { "type": "MultiPolygon", "coordinates": [ [ [ [ 110.368702653519364, -7.788728005147393 ], [ 110.368670757154376, -7.788684058952375 ], [ 110.368708524916016, -7.788655922656282 ], [ 110.36874051608612, -7.788699239336154 ], [ 110.368702653519364, -7.788728005147393 ] ] ] ] } },
{ "type": "Feature", "properties": { "OBJECTID": 537, "DESA": "KOTABARU", "NIB": "00502", "TIPEHAK": "Kosong", "LUAS": 30.0, "TAHUN": 2018, "Shape_Leng": 22.190047781600001, "Shape_Area": 30.411457675800001 }, "geometry": { "type": "MultiPolygon", "coordinates": [ [ [ [ 110.368702653519364, -7.788728005147393 ], [ 110.368668739888079, -7.788756200455522 ], [ 110.36863400323324, -7.788711437263252 ], [ 110.368670757154376, -7.788684058952375 ], [ 110.368702653519364, -7.788728005147393 ] ] ] ] } },
{ "type": "Feature", "properties": { "OBJECTID": 538, "DESA": "KOTABARU", "NIB": "00503", "TIPEHAK": "Kosong", "LUAS": 14.0, "TAHUN": 2018, "Shape_Leng": 16.080285009400001, "Shape_Area": 14.9645482551 }, "geometry": { "type": "MultiPolygon", "coordinates": [ [ [ [ 110.369289143049613, -7.789391205919018 ], [ 110.369289043562887, -7.789391322763842 ], [ 110.369258615512322, -7.789426823173148 ], [ 110.369239605244942, -7.78940686052551 ], [ 110.369270449429706, -7.789373557355224 ], [ 110.369289143049613, -7.789391205919018 ] ] ] ] } },
{ "type": "Feature", "properties": { "OBJECTID": 539, "DESA": "KOTABARU", "NIB": "00504", "TIPEHAK": "Kosong", "LUAS": 17.0, "TAHUN": 2018, "Shape_Leng": 16.424220593299999, "Shape_Area": 16.796179671400001 }, "geometry": { "type": "MultiPolygon", "coordinates": [ [ [ [ 110.369297166822236, -7.789462545595675 ], [ 110.369321334547777, -7.789437086419182 ], [ 110.369341363313808, -7.78945722600358 ], [ 110.369349331805239, -7.789465261490482 ], [ 110.369325031256651, -7.789490059072318 ], [ 110.369297166822236, -7.789462545595675 ] ] ] ] } },
{ "type": "Feature", "properties": { "OBJECTID": 540, "DESA": "KOTABARU", "NIB": "00505", "TIPEHAK": "Kosong", "LUAS": 15.0, "TAHUN": 2018, "Shape_Leng": 16.225134661599999, "Shape_Area": 15.4160890659 }, "geometry": { "type": "MultiPolygon", "coordinates": [ [ [ [ 110.369329090115784, -7.789428918315606 ], [ 110.369361502435993, -7.789396347935433 ], [ 110.369380238407572, -7.789416506445184 ], [ 110.369347964739447, -7.789449047608249 ], [ 110.369329090115784, -7.789428918315606 ] ] ] ] } },
{ "type": "Feature", "properties": { "OBJECTID": 541, "DESA": "KOTABARU", "NIB": "00517", "TIPEHAK": "Hak Guna Bangunan", "LUAS": 470.0, "TAHUN": 0, "Shape_Leng": 91.566512414599998, "Shape_Area": 470.591302955 }, "geometry": { "type": "MultiPolygon", "coordinates": [ [ [ [ 110.375283799725352, -7.784327467188827 ], [ 110.375558141664925, -7.78432675895808 ], [ 110.375557195773311, -7.784467703478154 ], [ 110.375283936009367, -7.784468307311283 ], [ 110.375283826318551, -7.784355140803151 ], [ 110.375283823375099, -7.784351974332396 ], [ 110.375283799725352, -7.784327467188827 ] ] ] ] } },
{ "type": "Feature", "properties": { "OBJECTID": 542, "DESA": "KOTABARU", "NIB": "00134", "TIPEHAK": "Hak Guna Bangunan", "LUAS": 842.0, "TAHUN": 0, "Shape_Leng": 126.53202190099999, "Shape_Area": 869.94436035399997 }, "geometry": { "type": "MultiPolygon", "coordinates": [ [ [ [ 110.375263885942033, -7.788466504524691 ], [ 110.375162592721082, -7.788758164207777 ], [ 110.375027071510743, -7.788772628031817 ], [ 110.375016629373476, -7.788695851232705 ], [ 110.374980857574101, -7.788521295074011 ], [ 110.375039188421454, -7.78849088517604 ], [ 110.375018496885531, -7.788375584780031 ], [ 110.375263885942033, -7.788466504524691 ] ] ] ] } },
{ "type": "Feature", "properties": { "OBJECTID": 543, "DESA": "KOTABARU", "NIB": "00799", "TIPEHAK": "Kosong", "LUAS": 586.0, "TAHUN": 0, "Shape_Leng": 99.108619502099998, "Shape_Area": 586.88299475899998 }, "geometry": { "type": "MultiPolygon", "coordinates": [ [ [ [ 110.377781817315736, -7.788005634938318 ], [ 110.377806190139822, -7.788175245821984 ], [ 110.377553432686454, -7.788250650563477 ], [ 110.377551898966729, -7.788115302781269 ], [ 110.37755082379843, -7.788020372259423 ], [ 110.377632287403657, -7.788022624131742 ], [ 110.377781817315736, -7.788005634938318 ] ] ] ] } },
{ "type": "Feature", "properties": { "OBJECTID": 544, "DESA": "KOTABARU", "NIB": "00612", "TIPEHAK": "Hak Guna Bangunan", "LUAS": 774.0, "TAHUN": 0, "Shape_Leng": 126.118841003, "Shape_Area": 1006.06621146 }, "geometry": { "type": "MultiPolygon", "coordinates": [ [ [ [ 110.376060190076061, -7.785421162904358 ], [ 110.376035609187525, -7.785635438176209 ], [ 110.375703710964217, -7.78559877430456 ], [ 110.375718240367632, -7.785478759984698 ], [ 110.37571844652048, -7.785477183554359 ], [ 110.375734391804173, -7.785354874186502 ], [ 110.375734426266277, -7.785354879540482 ], [ 110.375735764651424, -7.785354993417182 ], [ 110.376026676513845, -7.785379689998363 ], [ 110.376060190076061, -7.785421162904358 ] ] ] ] } },
{ "type": "Feature", "properties": { "OBJECTID": 545, "DESA": "KOTABARU", "NIB": "00798", "TIPEHAK": "Hak Milik", "LUAS": 1133.0, "TAHUN": 0, "Shape_Leng": 135.20907819000001, "Shape_Area": 1133.24383455 }, "geometry": { "type": "MultiPolygon", "coordinates": [ [ [ [ 110.373060816678972, -7.787495030127589 ], [ 110.373077532127951, -7.78776971345247 ], [ 110.37275405134713, -7.787800677175843 ], [ 110.372722516293678, -7.787539837656075 ], [ 110.372720136494166, -7.787520150169532 ], [ 110.373060816678972, -7.787495030127589 ] ] ] ] } },
{ "type": "Feature", "properties": { "OBJECTID": 546, "DESA": "KOTABARU", "NIB": "00782", "TIPEHAK": "Hak Pakai", "LUAS": 7705.0, "TAHUN": 0, "Shape_Leng": 792.719169728, "Shape_Area": 7142.9814742299995 }, "geometry": { "type": "MultiPolygon", "coordinates": [ [ [ [ 110.37824921586386, -7.788319174938452 ], [ 110.378175139657941, -7.788264871744828 ], [ 110.377965700899594, -7.78831845387188 ], [ 110.377744114810028, -7.78840315434794 ], [ 110.377651426709377, -7.788444178590107 ], [ 110.377491182064034, -7.788522040133431 ], [ 110.377385281837178, -7.788552596735843 ], [ 110.377201519674159, -7.788603045691143 ], [ 110.377184815570743, -7.788551726767071 ], [ 110.37706429467076, -7.788569346553493 ], [ 110.376201738447179, -7.788661986163006 ], [ 110.376146138607027, -7.788659777318616 ], [ 110.37569507390684, -7.788605694824813 ], [ 110.375431058855582, -7.78852199851649 ], [ 110.375263885942033, -7.788466504524691 ], [ 110.375018496885531, -7.788375584780031 ], [ 110.375157079850496, -7.7882585956847 ], [ 110.3755992970801, -7.788419894312634 ], [ 110.375724743062307, -7.788449563886318 ], [ 110.375850898754905, -7.788471727171877 ], [ 110.376068988037105, -7.788495418389633 ], [ 110.376181860868741, -7.788495275517166 ], [ 110.377116744876204, -7.788401566770411 ], [ 110.377144558152764, -7.788392105639244 ], [ 110.377164470590898, -7.788376241103814 ], [ 110.377389594817473, -7.788322233570478 ], [ 110.377553432686454, -7.788250650563477 ], [ 110.377806190139822, -7.788175245821984 ], [ 110.378051208166298, -7.788107874424319 ], [ 110.378059549818602, -7.788105229569556 ], [ 110.378338082388183, -7.788008256841511 ], [ 110.37824921586386, -7.788319174938452 ] ] ] ] } },
{ "type": "Feature", "properties": { "OBJECTID": 547, "DESA": "KOTABARU", "NIB": "00715", "TIPEHAK": "Kosong", "LUAS": 143.0, "TAHUN": 2020, "Shape_Leng": 115.674738742, "Shape_Area": 143.63962270600001 }, "geometry": { "type": "MultiPolygon", "coordinates": [ [ [ [ 110.369198996752488, -7.786580494898628 ], [ 110.369199818996819, -7.786595426853127 ], [ 110.36910038901641, -7.786587775052393 ], [ 110.368997480266188, -7.786543549447793 ], [ 110.368880979763659, -7.786462411793202 ], [ 110.368793064590051, -7.786413800816758 ], [ 110.368772554922174, -7.786417584389179 ], [ 110.368751382917296, -7.7864422453122 ], [ 110.368773405436713, -7.786394754500637 ], [ 110.368776464267896, -7.786391641428065 ], [ 110.368793229891295, -7.786389739918076 ], [ 110.368813394976726, -7.7863986853674 ], [ 110.36890458995417, -7.786451988706275 ], [ 110.369025377491027, -7.786526371388477 ], [ 110.369129958260032, -7.786566311304226 ], [ 110.369198996752488, -7.786580494898628 ] ] ] ] } },
{ "type": "Feature", "properties": { "OBJECTID": 548, "DESA": "KOTABARU", "NIB": "00711", "TIPEHAK": "Kosong", "LUAS": 8448.0, "TAHUN": 2020, "Shape_Leng": 1691.5027198400001, "Shape_Area": 2876.3541520200001 }, "geometry": { "type": "MultiPolygon", "coordinates": [ [ [ [ 110.379176363705326, -7.783154622842401 ], [ 110.379138501927983, -7.783137037057134 ], [ 110.37642021548497, -7.783116106106291 ], [ 110.376181648072517, -7.78311426795277 ], [ 110.376114744351298, -7.783109332728563 ], [ 110.376070142778545, -7.783106043174048 ], [ 110.37584935815353, -7.783112427889002 ], [ 110.375763578093782, -7.783114908878241 ], [ 110.375521997427896, -7.783108419990834 ], [ 110.375487485775906, -7.783107493900081 ], [ 110.375437959987991, -7.783107037326127 ], [ 110.37508787510599, -7.783103808385023 ], [ 110.374768531716811, -7.783109575753883 ], [ 110.374631942161983, -7.783106389841865 ], [ 110.374631399979876, -7.783106372875992 ], [ 110.374459091214916, -7.783100531708127 ], [ 110.374064820635084, -7.783104433042262 ], [ 110.373993130894291, -7.783106468711545 ], [ 110.37369145272632, -7.783100520336511 ], [ 110.373537422545482, -7.783100680237964 ], [ 110.373274470491623, -7.783099887081408 ], [ 110.37294346188564, -7.783087777717026 ], [ 110.372770155717745, -7.783081889085722 ], [ 110.372610219710097, -7.783081952298091 ], [ 110.372287772636483, -7.783078429094259 ], [ 110.371540959710856, -7.78306545552157 ], [ 110.372288961201221, -7.783056069605278 ], [ 110.374756232888927, -7.78308863925351 ], [ 110.374766234511753, -7.783107009875866 ], [ 110.375081707265437, -7.783099758578763 ], [ 110.375254791931951, -7.783102478432637 ], [ 110.375297889112503, -7.783048789059198 ], [ 110.379138266042744, -7.783109108921301 ], [ 110.379176363705326, -7.783154622842401 ] ] ] ] } },
{ "type": "Feature", "properties": { "OBJECTID": 549, "DESA": "KOTABARU", "NIB": "00712", "TIPEHAK": "Kosong", "LUAS": 12161.0, "TAHUN": 2020, "Shape_Leng": 1511.1458900800001, "Shape_Area": 11757.103674399999 }, "geometry": { "type": "MultiPolygon", "coordinates": [ [ [ [ 110.371225573273918, -7.783094030282934 ], [ 110.371198376617684, -7.783093817596306 ], [ 110.371156121980761, -7.783093486641685 ], [ 110.371144657762912, -7.783079315275829 ], [ 110.371091704619602, -7.783080003609865 ], [ 110.371076082091776, -7.78308616159264 ], [ 110.371066129217482, -7.783096600131658 ], [ 110.371049807346822, -7.783084143140154 ], [ 110.371033265356942, -7.783094611484545 ], [ 110.371022279453356, -7.783144376359345 ], [ 110.371022023952918, -7.783154115936292 ], [ 110.371048048715423, -7.783167666064188 ], [ 110.371068446338398, -7.7831724977721 ], [ 110.371083917793285, -7.783188893360813 ], [ 110.371087020133984, -7.783198969634936 ], [ 110.371043154412604, -7.783187200332904 ], [ 110.371021120511983, -7.783188583783057 ], [ 110.371021091912652, -7.783189661638658 ], [ 110.371027509896763, -7.783263953151538 ], [ 110.371049811027291, -7.783261145049444 ], [ 110.371071056381908, -7.783258538036582 ], [ 110.37110165005717, -7.783254785201335 ], [ 110.371147092310068, -7.783289798938826 ], [ 110.371103442944815, -7.783282709297729 ], [ 110.371031549907471, -7.7832882007105 ], [ 110.371047015806809, -7.783357674191074 ], [ 110.371058735351127, -7.783410323829631 ], [ 110.371096980378582, -7.783405510034793 ], [ 110.371100004440592, -7.783346494446162 ], [ 110.371107630171153, -7.783344885599074 ], [ 110.371110044848834, -7.78335166479262 ], [ 110.371110439443385, -7.783404465178005 ], [ 110.371119183154661, -7.783463958425111 ], [ 110.371102583986229, -7.783433565550484 ], [ 110.37106622901247, -7.783443986880207 ], [ 110.371068863547762, -7.783455819151553 ], [ 110.37108701515092, -7.783513159186087 ], [ 110.371088374858843, -7.783517455826614 ], [ 110.371091889155053, -7.783527703954914 ], [ 110.37110717278469, -7.783560700891639 ], [ 110.37110704849114, -7.783655062622626 ], [ 110.371106997430971, -7.783694000851063 ], [ 110.371098370232744, -7.783759439571914 ], [ 110.371094637269636, -7.783787747543429 ], [ 110.371069313578786, -7.783856019932918 ], [ 110.371045358842352, -7.783903210986554 ], [ 110.371022011772396, -7.783949204545402 ], [ 110.371016989672441, -7.783959097677433 ], [ 110.370971180881298, -7.78404167576058 ], [ 110.370966065553134, -7.784057352295719 ], [ 110.37095789897063, -7.784085944245864 ], [ 110.370979761459012, -7.784102511165458 ], [ 110.370975658796397, -7.784108961054391 ], [ 110.370942508002656, -7.784090107104606 ], [ 110.370901336934111, -7.78415534772348 ], [ 110.370887447741879, -7.784176414079075 ], [ 110.370894989830632, -7.78418171072028 ], [ 110.370839119850444, -7.784252596549832 ], [ 110.370820849490983, -7.784277835703905 ], [ 110.370809129746107, -7.784294486954531 ], [ 110.370794484076384, -7.784314939106376 ], [ 110.370774642417587, -7.784344058660609 ], [ 110.370747203576371, -7.784382479864257 ], [ 110.370754556030533, -7.784407465678632 ], [ 110.370743158591779, -7.784419072683083 ], [ 110.370757295760939, -7.784435123808879 ], [ 110.370719535654985, -7.784467164522755 ], [ 110.370711691104432, -7.784461157804851 ], [ 110.370705730321419, -7.784469131453493 ], [ 110.370742558577547, -7.784497331735703 ], [ 110.370769346591814, -7.784473896138268 ], [ 110.370781827933939, -7.78446297590189 ], [ 110.370816100976228, -7.784431248864046 ], [ 110.370854971083745, -7.784394976053167 ], [ 110.370883958158899, -7.78436566320721 ], [ 110.370904856018427, -7.784346651250524 ], [ 110.370923964882479, -7.78432926779974 ], [ 110.370990320972297, -7.784271719861652 ], [ 110.371061477549432, -7.784203653536665 ], [ 110.371095423853944, -7.784174845883157 ], [ 110.371122906905399, -7.784149076024597 ], [ 110.37115662180139, -7.78411796857801 ], [ 110.371170520874514, -7.784101255879171 ], [ 110.371159984635497, -7.784289308757701 ], [ 110.371153446902994, -7.784405986456401 ], [ 110.371028899346868, -7.784422608142146 ], [ 110.370854383742042, -7.784572906875292 ], [ 110.370765991027071, -7.784649033268814 ], [ 110.37076596930784, -7.784649052301427 ], [ 110.37045829300132, -7.784909088488978 ], [ 110.370290341144837, -7.785064823123556 ], [ 110.370079113593988, -7.785232596300398 ], [ 110.369967570610655, -7.785344864501277 ], [ 110.369736694245248, -7.785593704318304 ], [ 110.369682391509031, -7.785674748129992 ], [ 110.369655744836194, -7.785738220110424 ], [ 110.369653121057368, -7.785761936124466 ], [ 110.369466919551357, -7.785755869261126 ], [ 110.369455256059425, -7.785728605557391 ], [ 110.369444332666447, -7.785721721733938 ], [ 110.369434974020535, -7.785720088059096 ], [ 110.369428571022667, -7.785719386875561 ], [ 110.369415017404236, -7.785726940257301 ], [ 110.369360591790269, -7.785660875816657 ], [ 110.369939121250098, -7.785156251409682 ], [ 110.369926858988237, -7.785140662069249 ], [ 110.369579265742161, -7.785384882988724 ], [ 110.369235339293567, -7.785652415267984 ], [ 110.369058952043119, -7.785789888533252 ], [ 110.369023546783922, -7.78583280172925 ], [ 110.368896969343467, -7.786072382764958 ], [ 110.36890891498787, -7.786083470810602 ], [ 110.368868421973261, -7.786137467163425 ], [ 110.368781404354152, -7.786243750636562 ], [ 110.368691833769034, -7.786377806171919 ], [ 110.368666132133058, -7.786438458709232 ], [ 110.368540287098341, -7.78648973285967 ], [ 110.368475625791888, -7.786516078753769 ], [ 110.3687330269575, -7.786027260405299 ], [ 110.369095689557668, -7.785586159279139 ], [ 110.36979597413422, -7.785040857258357 ], [ 110.370679406563184, -7.784269458513267 ], [ 110.371082623722117, -7.783813577855565 ], [ 110.370925695126715, -7.782974608272968 ], [ 110.371028753340411, -7.782975664342232 ], [ 110.371035343762657, -7.783063222711442 ], [ 110.371228856913334, -7.783058432733919 ], [ 110.371225573273918, -7.783094030282934 ] ] ] ] } },
{ "type": "Feature", "properties": { "OBJECTID": 550, "DESA": "KOTABARU", "NIB": "00710", "TIPEHAK": "Kosong", "LUAS": 253.0, "TAHUN": 2020, "Shape_Leng": 79.827400482100003, "Shape_Area": 253.97590946 }, "geometry": { "type": "MultiPolygon", "coordinates": [ [ [ [ 110.378011419506095, -7.786436117255199 ], [ 110.378000610472924, -7.786505133875641 ], [ 110.377713675518677, -7.786461885571908 ], [ 110.377725819372586, -7.786389067686901 ], [ 110.378011419506095, -7.786436117255199 ] ] ] ] } },
{ "type": "Feature", "properties": { "OBJECTID": 551, "DESA": "KOTABARU", "NIB": "00709", "TIPEHAK": "Kosong", "LUAS": 2070.0, "TAHUN": 2020, "Shape_Leng": 284.00857351799999, "Shape_Area": 2069.8130914399999 }, "geometry": { "type": "MultiPolygon", "coordinates": [ [ [ [ 110.371749500759336, -7.788581064104791 ], [ 110.371709876337675, -7.788699895792827 ], [ 110.371646590707272, -7.788896592676889 ], [ 110.371619153914509, -7.788981253404804 ], [ 110.371572582483452, -7.789117837803243 ], [ 110.371561679271778, -7.789154544182537 ], [ 110.371535713853703, -7.789275151638063 ], [ 110.371503273069607, -7.789451305146213 ], [ 110.3714623554973, -7.789483205070609 ], [ 110.371520600289159, -7.78919474582491 ], [ 110.371571472259916, -7.789000488668449 ], [ 110.371271371112641, -7.788573498904008 ], [ 110.371543295652486, -7.788407098484491 ], [ 110.371559921986972, -7.788413224558032 ], [ 110.371603242073206, -7.788429174943189 ], [ 110.371737386120898, -7.78855671472512 ], [ 110.371749500759336, -7.788581064104791 ] ] ] ] } },
{ "type": "Feature", "properties": { "OBJECTID": 552, "DESA": "KOTABARU", "NIB": "00732", "TIPEHAK": "Kosong", "LUAS": 497.0, "TAHUN": 2020, "Shape_Leng": 99.634178041499993, "Shape_Area": 497.88713268200001 }, "geometry": { "type": "MultiPolygon", "coordinates": [ [ [ [ 110.369359818362653, -7.787390169534579 ], [ 110.36945590271074, -7.787309230840346 ], [ 110.369665187516873, -7.787558109969027 ], [ 110.369570698705502, -7.787639443283418 ], [ 110.369532949473438, -7.787595155617948 ], [ 110.369359818362653, -7.787390169534579 ] ] ] ] } },
{ "type": "Feature", "properties": { "OBJECTID": 553, "DESA": "KOTABARU", "NIB": "00737", "TIPEHAK": "Kosong", "LUAS": 4.0, "TAHUN": 2020, "Shape_Leng": 33.639344380399997, "Shape_Area": 9.2254642457300005 }, "geometry": { "type": "MultiPolygon", "coordinates": [ [ [ [ 110.373651613825857, -7.78543160321251 ], [ 110.373504738454173, -7.785442623163562 ], [ 110.373504230360211, -7.785432363446708 ], [ 110.373651613825857, -7.78543160321251 ] ] ] ] } },
{ "type": "Feature", "properties": { "OBJECTID": 554, "DESA": "KOTABARU", "NIB": "00731", "TIPEHAK": "Kosong", "LUAS": 10200.0, "TAHUN": 2020, "Shape_Leng": 3146.1204944199999, "Shape_Area": 6335.6832000300001 }, "geometry": { "type": "MultiPolygon", "coordinates": [ [ [ [ 110.368660935330581, -7.78645072478031 ], [ 110.368585529846982, -7.786646122437999 ], [ 110.36856611059109, -7.786718468681388 ], [ 110.368538801787949, -7.786851894819205 ], [ 110.368510359272932, -7.787077993962667 ], [ 110.368501120829094, -7.787191527015705 ], [ 110.368537768650611, -7.787498288736288 ], [ 110.368614052951642, -7.787913876492864 ], [ 110.36864438293712, -7.788020910508179 ], [ 110.368744922153425, -7.788264470219157 ], [ 110.368926178583308, -7.788587411659611 ], [ 110.369062513770714, -7.788795692245808 ], [ 110.369242790512331, -7.788993243031408 ], [ 110.36962296832894, -7.789352811796439 ], [ 110.369611628618642, -7.789363910511304 ], [ 110.369512990206502, -7.789267827266463 ], [ 110.369479095411322, -7.789237447224385 ], [ 110.369447281075921, -7.789207397462519 ], [ 110.369446299896353, -7.789206410289005 ], [ 110.36941576799498, -7.789175712300394 ], [ 110.369339064165771, -7.78925499458019 ], [ 110.369371663873764, -7.789286483117782 ], [ 110.369402230137084, -7.789315376270856 ], [ 110.369405721062009, -7.789318675740941 ], [ 110.369437870526468, -7.789349886704624 ], [ 110.369533611418504, -7.789440263224997 ], [ 110.36951145830183, -7.789453461050987 ], [ 110.36950066927588, -7.789464301843139 ], [ 110.369270007979637, -7.789498904612927 ], [ 110.369189035969043, -7.789524219875037 ], [ 110.369151943795103, -7.789544095036711 ], [ 110.369133352264697, -7.789553099131195 ], [ 110.369084713764963, -7.789576654517917 ], [ 110.369029426756015, -7.78949583363546 ], [ 110.369067455815014, -7.789453698063455 ], [ 110.369026055887133, -7.789417950715933 ], [ 110.368989321420642, -7.789459181246294 ], [ 110.368948168721388, -7.78935819772133 ], [ 110.368762808406487, -7.789074787900666 ], [ 110.368570385275149, -7.788623874529893 ], [ 110.368613136592415, -7.788604490558614 ], [ 110.368636653476685, -7.788670614781242 ], [ 110.368667551227674, -7.788657588057956 ], [ 110.36863830877266, -7.788593076895045 ], [ 110.36861185990675, -7.788524752450492 ], [ 110.368609968012052, -7.788521772492431 ], [ 110.368558568473915, -7.788440790745395 ], [ 110.368522327547581, -7.788402072434987 ], [ 110.368494016590077, -7.788420924983177 ], [ 110.368447513536822, -7.788255789040964 ], [ 110.368407818489914, -7.788083712123859 ], [ 110.368352569572608, -7.787870216163995 ], [ 110.368389503813589, -7.787863064298009 ], [ 110.368402598311448, -7.787924401398439 ], [ 110.368386316664697, -7.787928019873865 ], [ 110.368404963313353, -7.788017557308531 ], [ 110.368395936013428, -7.788019679856772 ], [ 110.368412622518463, -7.788082337856219 ], [ 110.368439549353198, -7.788074631418156 ], [ 110.368450469138736, -7.788122876647243 ], [ 110.368463222478269, -7.788179229629392 ], [ 110.368442832694399, -7.788184039207929 ], [ 110.368452458654929, -7.788256008574863 ], [ 110.368465816881596, -7.788253021786073 ], [ 110.368469755143153, -7.788267516059671 ], [ 110.368479995909979, -7.788305208944085 ], [ 110.368512133471029, -7.788295941134542 ], [ 110.368512679951593, -7.78829804135801 ], [ 110.368544155673519, -7.788288768572857 ], [ 110.368534420161197, -7.788240646604492 ], [ 110.368533844956985, -7.788237805906322 ], [ 110.368515177863543, -7.788166972648123 ], [ 110.368487043253268, -7.788061037238912 ], [ 110.368462114747629, -7.788004111528696 ], [ 110.368463413141711, -7.787984804360617 ], [ 110.368447285610301, -7.787914466816081 ], [ 110.368437740807011, -7.787853722829737 ], [ 110.368407859943517, -7.787713368380329 ], [ 110.368401800781257, -7.787682857967769 ], [ 110.368398147610137, -7.787653151878788 ], [ 110.368385828456212, -7.78760114626279 ], [ 110.368372426153684, -7.78754838063035 ], [ 110.368375067108119, -7.78752020239222 ], [ 110.368370198309449, -7.787490120839943 ], [ 110.368367876803703, -7.787477951547775 ], [ 110.368364418846056, -7.787459831380149 ], [ 110.368360757426785, -7.787440645586273 ], [ 110.368357610694233, -7.78740944202023 ], [ 110.368353942880319, -7.78741004449144 ], [ 110.368344838785617, -7.787367382541492 ], [ 110.368340646024095, -7.787327909564733 ], [ 110.368375548787427, -7.787323536832401 ], [ 110.368382387338258, -7.78736227289743 ], [ 110.368389534637259, -7.78740389270365 ], [ 110.368396528696891, -7.787444620385455 ], [ 110.368433886317433, -7.787441004853189 ], [ 110.368429426787003, -7.787400106513392 ], [ 110.36842493812216, -7.787360028335608 ], [ 110.368484813949991, -7.787356763613457 ], [ 110.368482673862516, -7.787317789165548 ], [ 110.368480298146153, -7.787276656892818 ], [ 110.368479799583156, -7.787276692273442 ], [ 110.368472010235521, -7.787277254362095 ], [ 110.368468641873406, -7.787255095888457 ], [ 110.368428349067841, -7.787258466973068 ], [ 110.368403052643046, -7.787260583060262 ], [ 110.368323279209349, -7.787267256639796 ], [ 110.368282340694023, -7.787293867684449 ], [ 110.368278325093243, -7.787334268899625 ], [ 110.368247300134684, -7.787337433819108 ], [ 110.368261133734592, -7.787378201749156 ], [ 110.368284869746304, -7.787375134942375 ], [ 110.368295615822277, -7.787419613670749 ], [ 110.368295123659948, -7.787478675627352 ], [ 110.368302810156194, -7.787536033609629 ], [ 110.368307324403062, -7.787561681729358 ], [ 110.368288938806472, -7.787565437425196 ], [ 110.368299855594998, -7.787611364319234 ], [ 110.368276449891951, -7.787614143822721 ], [ 110.368266818688369, -7.787580108946961 ], [ 110.368291865842721, -7.787561274857446 ], [ 110.368287516245417, -7.787506835103299 ], [ 110.368276301217989, -7.787471490583759 ], [ 110.368265167415089, -7.787436405400558 ], [ 110.368254006237407, -7.787401233470377 ], [ 110.368243064974621, -7.78736675098813 ], [ 110.368196595688659, -7.78739051158352 ], [ 110.3682112718203, -7.787424376088701 ], [ 110.368225947950791, -7.787458238784672 ], [ 110.368240048373224, -7.787490774400075 ], [ 110.36825479647338, -7.787524803318459 ], [ 110.368244158161815, -7.787527819791478 ], [ 110.368106852807074, -7.787203692064377 ], [ 110.368118875349055, -7.787020912955826 ], [ 110.368144987277645, -7.786948562062005 ], [ 110.368226868729238, -7.78681295991491 ], [ 110.368288017671475, -7.786732784719321 ], [ 110.368480096000539, -7.786569653851888 ], [ 110.368540287098341, -7.78648973285967 ], [ 110.368666132133058, -7.786438458709232 ], [ 110.368660935330581, -7.78645072478031 ] ], [ [ 110.368325887574315, -7.786714691127893 ], [ 110.368316515320586, -7.786757536495895 ], [ 110.368310173134702, -7.786813238700875 ], [ 110.36830502389391, -7.786862702246963 ], [ 110.368319397967937, -7.78686523529042 ], [ 110.368313687127014, -7.786907895033894 ], [ 110.368384560157835, -7.786914358621841 ], [ 110.368390991512115, -7.786870704599096 ], [ 110.368410808124693, -7.786832369650681 ], [ 110.368414803176591, -7.786770107815674 ], [ 110.368417063280063, -7.786722962207308 ], [ 110.368407987769544, -7.786713106109652 ], [ 110.368433763927669, -7.786689499100411 ], [ 110.368419354687958, -7.786673848107702 ], [ 110.368428436294451, -7.786665531732234 ], [ 110.368441300871027, -7.786683921070725 ], [ 110.368481551227831, -7.786651598739019 ], [ 110.368456235428283, -7.78661214913701 ], [ 110.368411940935857, -7.786641949818725 ], [ 110.368369356871952, -7.786671146609529 ], [ 110.368325887574315, -7.786714691127893 ] ], [ [ 110.368535409737916, -7.786625417833654 ], [ 110.368494626043727, -7.786770756278402 ], [ 110.368470930990753, -7.786909038663028 ], [ 110.368508084712573, -7.786918696188007 ], [ 110.368526121916489, -7.786775723591924 ], [ 110.368568155029138, -7.786637047388362 ], [ 110.368535409737916, -7.786625417833654 ] ], [ [ 110.368261883888607, -7.786927489185666 ], [ 110.368265789148069, -7.786882812269721 ], [ 110.368287384168411, -7.786886128024194 ], [ 110.36829197742432, -7.786858566967596 ], [ 110.368296676508393, -7.786819878701304 ], [ 110.368295274132436, -7.786819510854375 ], [ 110.368245998666652, -7.786806584159315 ], [ 110.368224563458355, -7.786835534185157 ], [ 110.368203642605479, -7.786865075403049 ], [ 110.368177448158363, -7.786910547536765 ], [ 110.368261883888607, -7.786927489185666 ] ], [ [ 110.368260994366381, -7.786936669465486 ], [ 110.368169611117551, -7.786921409373967 ], [ 110.368148535037179, -7.786958345394281 ], [ 110.368132123625131, -7.787007691851191 ], [ 110.368247395656496, -7.787024512490656 ], [ 110.368253322170787, -7.786976957007495 ], [ 110.368255783975272, -7.786977571337859 ], [ 110.368260994366381, -7.786936669465486 ] ], [ [ 110.368271353808325, -7.78692238913443 ], [ 110.368262181738118, -7.787070393488789 ], [ 110.368303930777287, -7.787068456201203 ], [ 110.368310421481553, -7.786961596289269 ], [ 110.368320378992308, -7.786962140112085 ], [ 110.368317227748378, -7.787018564560824 ], [ 110.368314768105563, -7.787062591113976 ], [ 110.368390787416843, -7.787059971490827 ], [ 110.368392022553138, -7.787018307388497 ], [ 110.368389630924739, -7.786965918854002 ], [ 110.368386031154643, -7.786926477213353 ], [ 110.368312784703633, -7.786922697609071 ], [ 110.368271353808325, -7.78692238913443 ] ], [ [ 110.36818380269051, -7.787029941285335 ], [ 110.36812685524508, -7.787023953691222 ], [ 110.368124406444139, -7.787076339483208 ], [ 110.368181905251504, -7.787080631491057 ], [ 110.368244540865348, -7.787081817920385 ], [ 110.368245364103814, -7.787044846515434 ], [ 110.368216679181188, -7.787037028836959 ], [ 110.36818380269051, -7.787029941285335 ] ], [ [ 110.368490372649475, -7.787078239252711 ], [ 110.368206596140439, -7.787098814875887 ], [ 110.368212235539616, -7.787175134355119 ], [ 110.368499066901421, -7.787157850054689 ], [ 110.368490372649475, -7.787078239252711 ] ], [ [ 110.368153767563598, -7.787097302742518 ], [ 110.368121132343035, -7.787096877687185 ], [ 110.368130745852625, -7.787181784285869 ], [ 110.368161493614394, -7.787179614555416 ], [ 110.368191336706886, -7.787177507256262 ], [ 110.368193151307281, -7.787100672493802 ], [ 110.368153767563598, -7.787097302742518 ] ], [ [ 110.368397511342067, -7.787179968472557 ], [ 110.368358234527875, -7.787182301264181 ], [ 110.368313995824508, -7.787182868380583 ], [ 110.368244336333163, -7.78718943713957 ], [ 110.368248093873845, -7.787264119361705 ], [ 110.368319771330462, -7.787253068906586 ], [ 110.368362387504703, -7.787244280577343 ], [ 110.368406758942683, -7.787242129038138 ], [ 110.368473693975503, -7.787247839341068 ], [ 110.368460301448721, -7.787174724839365 ], [ 110.368397511342067, -7.787179968472557 ] ], [ [ 110.368198776710841, -7.787254304078702 ], [ 110.368180412901708, -7.787210508239503 ], [ 110.3681531164315, -7.7872227228126 ], [ 110.368133034993164, -7.787243855128075 ], [ 110.368147567184607, -7.787277387188665 ], [ 110.368161811520764, -7.787310254352231 ], [ 110.368177099790103, -7.787345528146105 ], [ 110.368194545167, -7.787385780526574 ], [ 110.368249895673586, -7.78735632522247 ], [ 110.368238754768981, -7.787312503744437 ], [ 110.368230509463373, -7.787280073682341 ], [ 110.368212837474005, -7.787287838006036 ], [ 110.368198776710841, -7.787254304078702 ] ], [ [ 110.368251769859327, -7.786801161652839 ], [ 110.368297285877503, -7.786810693570061 ], [ 110.368312176792571, -7.786745452710539 ], [ 110.368285713561903, -7.78673918840833 ], [ 110.368251769859327, -7.786801161652839 ] ], [ [ 110.368481731722525, -7.787442284831582 ], [ 110.368391669149062, -7.787455131630694 ], [ 110.368398299681729, -7.787509077542175 ], [ 110.368405089705931, -7.787564307984018 ], [ 110.368494833207464, -7.78755147720459 ], [ 110.368491499964719, -7.787525683806254 ], [ 110.368485436680018, -7.787471162573336 ], [ 110.368481731722525, -7.787442284831582 ] ], [ [ 110.368507544069971, -7.787558604231136 ], [ 110.368457790873805, -7.787565558124809 ], [ 110.368461139710689, -7.787589679639804 ], [ 110.368449365337668, -7.787591337635619 ], [ 110.368455382791367, -7.787630209200276 ], [ 110.368461704916001, -7.787670424674689 ], [ 110.368432786406856, -7.787674670325954 ], [ 110.368437014919394, -7.7877015604847 ], [ 110.368449604614923, -7.787699596105822 ], [ 110.368455575378007, -7.787726800970835 ], [ 110.368530884296476, -7.787715511559801 ], [ 110.368525819468715, -7.787688860918673 ], [ 110.368522933440829, -7.787661432729166 ], [ 110.368517033510784, -7.787621521104166 ], [ 110.368511516357515, -7.787582579797392 ], [ 110.368507544069971, -7.787558604231136 ] ], [ [ 110.368526926673155, -7.787679729923684 ], [ 110.368538974506478, -7.787732927814742 ], [ 110.368518988274403, -7.787737339627355 ], [ 110.368492778267708, -7.787743127711622 ], [ 110.368470147746493, -7.78774812452659 ], [ 110.368481571582763, -7.787802524465543 ], [ 110.368492641987615, -7.787855233383777 ], [ 110.368515793329451, -7.787850000409989 ], [ 110.368526733124781, -7.787903998972586 ], [ 110.368593408577226, -7.787888391632671 ], [ 110.368582071153654, -7.787835018684308 ], [ 110.368570503020479, -7.787780554847624 ], [ 110.36855942742686, -7.78772841106295 ], [ 110.368548157749274, -7.787675351728313 ], [ 110.368526926673155, -7.787679729923684 ] ], [ [ 110.368529273560085, -7.788002645680142 ], [ 110.368545668100666, -7.788054714369157 ], [ 110.368588619346355, -7.788047029341658 ], [ 110.368545776001852, -7.788060443111116 ], [ 110.368561176267875, -7.788112644943993 ], [ 110.368576195514095, -7.788163846615464 ], [ 110.368590115099352, -7.788215955635699 ], [ 110.368634886447381, -7.788201039662855 ], [ 110.36867956732921, -7.788189740640442 ], [ 110.368664076677049, -7.788139441419915 ], [ 110.368663633094172, -7.788138000142048 ], [ 110.368647431694384, -7.788085516039644 ], [ 110.368632018079154, -7.788033439920988 ], [ 110.368614991890098, -7.787978421246632 ], [ 110.368597965702477, -7.787923400762547 ], [ 110.368591935285664, -7.787925339048307 ], [ 110.368555155712414, -7.787937156248037 ], [ 110.36856165843723, -7.787958527075102 ], [ 110.368571610608342, -7.787991237544765 ], [ 110.368529273560085, -7.788002645680142 ] ], [ [ 110.368656158324782, -7.78820149247565 ], [ 110.368561474700201, -7.788241677107262 ], [ 110.368553046193625, -7.788306506886927 ], [ 110.368676621970806, -7.788253219171321 ], [ 110.368656158324782, -7.78820149247565 ] ], [ [ 110.368616525277844, -7.78828839876057 ], [ 110.368554780259473, -7.788315611263797 ], [ 110.368570461594175, -7.788351091289046 ], [ 110.368599625457918, -7.788417075550712 ], [ 110.368723680657098, -7.788359730629576 ], [ 110.368694308457265, -7.788293842649264 ], [ 110.368679951166982, -7.788261635805079 ], [ 110.368616525277844, -7.78828839876057 ] ], [ [ 110.368712476870854, -7.788387958965955 ], [ 110.368656252666568, -7.78842375271065 ], [ 110.368675498121789, -7.788455814813241 ], [ 110.368712924251597, -7.788517092086756 ], [ 110.36874595573687, -7.788579983303681 ], [ 110.368782708086712, -7.788642488938279 ], [ 110.3688997536876, -7.788567254416582 ], [ 110.368865549629135, -7.788505536546471 ], [ 110.368832887965141, -7.788443492714332 ], [ 110.368792789362246, -7.788381887282695 ], [ 110.368770285345903, -7.788352812986365 ], [ 110.368712476870854, -7.788387958965955 ] ], [ [ 110.368920505827063, -7.788614649422062 ], [ 110.368804576055553, -7.788689784914708 ], [ 110.368824448603945, -7.788719497534883 ], [ 110.368844322059999, -7.788749209247711 ], [ 110.368864194610524, -7.78877892005694 ], [ 110.368924568003891, -7.788869182072272 ], [ 110.369038791068462, -7.788791614149555 ], [ 110.368980124392351, -7.788703784546759 ], [ 110.368960251838402, -7.788674073743368 ], [ 110.368940379287366, -7.788644362938704 ], [ 110.368920505827063, -7.788614649422062 ] ], [ [ 110.36903035446754, -7.788845883885593 ], [ 110.368993548615961, -7.788880170361757 ], [ 110.368994452946168, -7.788881261676205 ], [ 110.368992663273644, -7.788882133369828 ], [ 110.368954093702996, -7.788918010316477 ], [ 110.36898255254539, -7.788951990291312 ], [ 110.369046508656098, -7.78901704871704 ], [ 110.369112026528001, -7.789081934844559 ], [ 110.369190121147241, -7.789003543998141 ], [ 110.369126018731265, -7.788940088124808 ], [ 110.369062010845425, -7.788875860769717 ], [ 110.369061222462278, -7.788877800070101 ], [ 110.369060640988664, -7.788877198166061 ], [ 110.36903035446754, -7.788845883885593 ] ], [ [ 110.369171338138344, -7.789080611553134 ], [ 110.369158430461894, -7.78909458337785 ], [ 110.369189831758305, -7.789118233235099 ], [ 110.369256725154898, -7.789178356847419 ], [ 110.369257544440885, -7.789179093892221 ], [ 110.369325715131907, -7.789238707620072 ], [ 110.369398380590596, -7.789157956176052 ], [ 110.369330240673762, -7.789098315270482 ], [ 110.36926369969855, -7.789037627634817 ], [ 110.36923484936365, -7.789010336794588 ], [ 110.369171338138344, -7.789080611553134 ] ], [ [ 110.369084402260754, -7.789149357423707 ], [ 110.369044047633693, -7.789111823055622 ], [ 110.369041892093577, -7.789114210925859 ], [ 110.369012184687648, -7.789086321443191 ], [ 110.368986218618616, -7.789119443701786 ], [ 110.368993848508765, -7.789125955422992 ], [ 110.368963647569004, -7.789161242861364 ], [ 110.369024133967471, -7.789217001549454 ], [ 110.369063832090674, -7.789253596000329 ], [ 110.369103506602229, -7.789290167890314 ], [ 110.369133477778362, -7.789257332178654 ], [ 110.369164247682846, -7.789223619569404 ], [ 110.369124171911736, -7.789186346854523 ], [ 110.369084402260754, -7.789149357423707 ] ], [ [ 110.369156058787496, -7.789286334857494 ], [ 110.36914185307829, -7.789301745201294 ], [ 110.369139104022054, -7.789304726534996 ], [ 110.369134876864578, -7.789309312224036 ], [ 110.369175133006536, -7.789348315190328 ], [ 110.369214925203934, -7.789386112910947 ], [ 110.369239605244942, -7.78940686052551 ], [ 110.369258615512322, -7.789426823173148 ], [ 110.369228000459742, -7.789460890819686 ], [ 110.369247599021179, -7.789476407252359 ], [ 110.369265517180537, -7.789458730618989 ], [ 110.36928470841643, -7.789478079851595 ], [ 110.369297166822236, -7.789462545595675 ], [ 110.369325031256651, -7.789490059072318 ], [ 110.369349331805239, -7.789465261490482 ], [ 110.369341363313808, -7.78945722600358 ], [ 110.369321334547777, -7.789437086419182 ], [ 110.369329090115784, -7.789428918315606 ], [ 110.369347964739447, -7.789449047608249 ], [ 110.369380238407572, -7.789416506445184 ], [ 110.369361502435993, -7.789396347935433 ], [ 110.369340673714603, -7.789378249849979 ], [ 110.369320302106971, -7.789357600099655 ], [ 110.369301562269058, -7.789339960673929 ], [ 110.369275468306668, -7.789318965501391 ], [ 110.369235491696031, -7.789281426763408 ], [ 110.36919549808745, -7.789243555312898 ], [ 110.369164549291298, -7.789277127237138 ], [ 110.369156058787496, -7.789286334857494 ] ], [ [ 110.369250011084347, -7.789502575956371 ], [ 110.369277018221553, -7.789473544824673 ], [ 110.369267050910196, -7.789464318997815 ], [ 110.369240041959529, -7.789493350132631 ], [ 110.369250011084347, -7.789502575956371 ] ], [ [ 110.369145652984542, -7.789498014931428 ], [ 110.369104671195984, -7.789472479586396 ], [ 110.369072935171801, -7.78951384002378 ], [ 110.369109949263489, -7.789537006386346 ], [ 110.369145652984542, -7.789498014931428 ] ], [ [ 110.36908820135649, -7.789476747690247 ], [ 110.369102794778144, -7.789466016651372 ], [ 110.369059753781983, -7.78940779535827 ], [ 110.36904515945804, -7.789418528205818 ], [ 110.36908820135649, -7.789476747690247 ] ], [ [ 110.369109788426385, -7.789401378789281 ], [ 110.369134110855072, -7.789422810713029 ], [ 110.369141499016649, -7.789410572692655 ], [ 110.369181143027603, -7.789439375816014 ], [ 110.369210602005623, -7.789447452228618 ], [ 110.36922599910713, -7.789429891078423 ], [ 110.369204677682234, -7.789413790452659 ], [ 110.369161454604836, -7.789381150045607 ], [ 110.369124375255169, -7.789353149104264 ], [ 110.369050064807894, -7.789290816367317 ], [ 110.369021602451809, -7.789318042084388 ], [ 110.369109788426385, -7.789401378789281 ] ], [ [ 110.369024121215986, -7.789309336782494 ], [ 110.369048142875968, -7.789286902443033 ], [ 110.369013927743893, -7.789248885305277 ], [ 110.368975185706645, -7.78920901932988 ], [ 110.368947888216866, -7.789180756896093 ], [ 110.368942548380289, -7.789173338999651 ], [ 110.36892118643047, -7.789121288659676 ], [ 110.368885178885662, -7.789142629076429 ], [ 110.368898008639604, -7.789169584777582 ], [ 110.368898553150203, -7.789170727464562 ], [ 110.36888759295563, -7.789182541503948 ], [ 110.368903754988864, -7.789203566105951 ], [ 110.368916543104675, -7.789193601912999 ], [ 110.368946945901882, -7.789233815021126 ], [ 110.368981901591766, -7.789278801969021 ], [ 110.368980710778459, -7.789279913854295 ], [ 110.369014724109164, -7.789318112246947 ], [ 110.369024121215986, -7.789309336782494 ] ], [ [ 110.368837189483401, -7.789137116935797 ], [ 110.368861474734103, -7.789111488459299 ], [ 110.368869237040613, -7.789126823923976 ], [ 110.368895759962314, -7.789114024963903 ], [ 110.368931503948019, -7.78909677384426 ], [ 110.36892183775133, -7.78906604298536 ], [ 110.368904257386319, -7.789016234521583 ], [ 110.368917839693182, -7.789008910750912 ], [ 110.368929834767911, -7.788995109887678 ], [ 110.368917926285775, -7.788964706421605 ], [ 110.368889266907672, -7.788920522138979 ], [ 110.368872770326703, -7.788895088474903 ], [ 110.368826022829424, -7.788929521903988 ], [ 110.368791324272308, -7.788965737208756 ], [ 110.368804369205094, -7.78898273098659 ], [ 110.368841825279858, -7.789045305694716 ], [ 110.36886047276333, -7.789036623392308 ], [ 110.36886258385691, -7.789041262996449 ], [ 110.368832960738104, -7.789055146106065 ], [ 110.368812085254007, -7.789013897146409 ], [ 110.368774447204288, -7.789032836648233 ], [ 110.368837189483401, -7.789137116935797 ] ], [ [ 110.36875965888008, -7.789014096830713 ], [ 110.368803710304533, -7.788997350414021 ], [ 110.368784075032764, -7.788957400947116 ], [ 110.368753720222216, -7.788877980137526 ], [ 110.368719390543134, -7.788886421509291 ], [ 110.368758418698206, -7.78896045183454 ], [ 110.368765764464726, -7.788983074137272 ], [ 110.368751873336677, -7.788988361390963 ], [ 110.36875965888008, -7.789014096830713 ] ], [ [ 110.368754216599115, -7.788872043097617 ], [ 110.368806350366171, -7.788939276869074 ], [ 110.368869027720621, -7.788889319262108 ], [ 110.368814547873257, -7.788823961081245 ], [ 110.36874522940785, -7.788722920419318 ], [ 110.368736362410104, -7.788730247178665 ], [ 110.368680231595548, -7.788776625214789 ], [ 110.368701342893786, -7.788803852390322 ], [ 110.368754216599115, -7.788872043097617 ] ], [ [ 110.368702653519364, -7.788728005147393 ], [ 110.36874051608612, -7.788699239336154 ], [ 110.368708524916016, -7.788655922656282 ], [ 110.368670757154376, -7.788684058952375 ], [ 110.36863400323324, -7.788711437263252 ], [ 110.368668739888079, -7.788756200455522 ], [ 110.368702653519364, -7.788728005147393 ] ], [ [ 110.368920187276004, -7.789038117678063 ], [ 110.368941710025112, -7.789111444237197 ], [ 110.369008091142746, -7.78905544443705 ], [ 110.369040718409551, -7.789025110612195 ], [ 110.368988180427905, -7.788973360187735 ], [ 110.368920187276004, -7.789038117678063 ] ], [ [ 110.369125226357056, -7.789458152104132 ], [ 110.36911932939843, -7.789479978737426 ], [ 110.36917185333084, -7.789494092164713 ], [ 110.369177750288642, -7.789472266435148 ], [ 110.369125226357056, -7.789458152104132 ] ] ], [ [ [ 110.369061753964232, -7.788878349633459 ], [ 110.369060536916408, -7.788879488698388 ], [ 110.369061222462278, -7.788877800070101 ], [ 110.369061753964232, -7.788878349633459 ] ] ] ] } },
{ "type": "Feature", "properties": { "OBJECTID": 555, "DESA": "KOTABARU", "NIB": "00733", "TIPEHAK": "Kosong", "LUAS": 154.0, "TAHUN": 2020, "Shape_Leng": 59.966395416399997, "Shape_Area": 154.062319809 }, "geometry": { "type": "MultiPolygon", "coordinates": [ [ [ [ 110.37071734420536, -7.786956734174583 ], [ 110.370515193784144, -7.787023012434586 ], [ 110.370494308403963, -7.786965126448596 ], [ 110.370696142717136, -7.786902955690022 ], [ 110.37071734420536, -7.786956734174583 ] ] ] ] } },
{ "type": "Feature", "properties": { "OBJECTID": 556, "DESA": "KOTABARU", "NIB": "00734", "TIPEHAK": "Kosong", "LUAS": 1406.0, "TAHUN": 2020, "Shape_Leng": 264.832248376, "Shape_Area": 1406.3440570400001 }, "geometry": { "type": "MultiPolygon", "coordinates": [ [ [ [ 110.371260214799747, -7.786166881553342 ], [ 110.371093837635854, -7.786238792888238 ], [ 110.37088269941971, -7.786330051773057 ], [ 110.370724466153831, -7.785957980759101 ], [ 110.370753787668477, -7.785946573842583 ], [ 110.370922846976015, -7.785877069521617 ], [ 110.370947737596211, -7.785934889393909 ], [ 110.371087254583756, -7.78622510157606 ], [ 110.371203333170584, -7.786171631507514 ], [ 110.371063896629238, -7.78587825543687 ], [ 110.371052473994297, -7.785808313436001 ], [ 110.371097671086204, -7.785790324824041 ], [ 110.371260214799747, -7.786166881553342 ] ] ] ] } },
{ "type": "Feature", "properties": { "OBJECTID": 557, "DESA": "KOTABARU", "NIB": "00744", "TIPEHAK": "Hak Guna Bangunan", "LUAS": 1371.0, "TAHUN": 0, "Shape_Leng": 166.06457194800001, "Shape_Area": 1371.7830941699999 }, "geometry": { "type": "MultiPolygon", "coordinates": [ [ [ [ 110.37262804088266, -7.787815267107683 ], [ 110.372557444357824, -7.787825953483723 ], [ 110.372499137376835, -7.787836851453265 ], [ 110.372467401193717, -7.787843732564638 ], [ 110.372443442609452, -7.787847880572108 ], [ 110.372434772251722, -7.787849421978269 ], [ 110.372423112514511, -7.78784951197958 ], [ 110.372409144913675, -7.78784671241296 ], [ 110.372398983649518, -7.787841469120911 ], [ 110.372384747547926, -7.787830273783589 ], [ 110.372375517381414, -7.787820213754999 ], [ 110.372368349326578, -7.787808193716469 ], [ 110.372364601117269, -7.787797541011553 ], [ 110.372358123620529, -7.787740686119294 ], [ 110.372356521350738, -7.78771951144252 ], [ 110.372345471318354, -7.787573450284467 ], [ 110.372336944498542, -7.787460746791973 ], [ 110.372709360872648, -7.787428761308441 ], [ 110.372720136494166, -7.787520150169532 ], [ 110.372722516293678, -7.787539837656075 ], [ 110.372628364467261, -7.787551057175219 ], [ 110.372596487752176, -7.787554856194332 ], [ 110.372612182681678, -7.787684388197606 ], [ 110.37262804088266, -7.787815267107683 ] ] ] ] } },
{ "type": "Feature", "properties": { "OBJECTID": 558, "DESA": "KOTABARU", "NIB": "00717", "TIPEHAK": "Kosong", "LUAS": 861.0, "TAHUN": 2020, "Shape_Leng": 119.945742399, "Shape_Area": 859.84106401600002 }, "geometry": { "type": "MultiPolygon", "coordinates": [ [ [ [ 110.375487382561673, -7.785651347595322 ], [ 110.375450606540795, -7.785975216989215 ], [ 110.375234949208263, -7.785944107727535 ], [ 110.375273507720806, -7.785620645157568 ], [ 110.375351518169566, -7.785633638298443 ], [ 110.375487382561673, -7.785651347595322 ] ] ] ] } },
{ "type": "Feature", "properties": { "OBJECTID": 559, "DESA": "KOTABARU", "NIB": "00718", "TIPEHAK": "Kosong", "LUAS": 377.0, "TAHUN": 2020, "Shape_Leng": 105.945428929, "Shape_Area": 377.21172498200002 }, "geometry": { "type": "MultiPolygon", "coordinates": [ [ [ [ 110.370314016871319, -7.789474694424243 ], [ 110.37043993962088, -7.789671106615482 ], [ 110.370385824322042, -7.789700803814006 ], [ 110.370137828730918, -7.789384103500837 ], [ 110.370194533520589, -7.789332988849814 ], [ 110.370314016871319, -7.789474694424243 ] ] ] ] } },
{ "type": "Feature", "properties": { "OBJECTID": 560, "DESA": "KOTABARU", "NIB": "00722", "TIPEHAK": "Kosong", "LUAS": 697.0, "TAHUN": 2020, "Shape_Leng": 117.69131292199999, "Shape_Area": 697.79440844500004 }, "geometry": { "type": "MultiPolygon", "coordinates": [ [ [ [ 110.370792403416516, -7.785574055157346 ], [ 110.370927743204732, -7.785510716153984 ], [ 110.371052473994297, -7.785808313436001 ], [ 110.371063896629238, -7.78587825543687 ], [ 110.370947737596211, -7.785934889393909 ], [ 110.370922846976015, -7.785877069521617 ], [ 110.370792403416516, -7.785574055157346 ] ] ] ] } },
{ "type": "Feature", "properties": { "OBJECTID": 561, "DESA": "KOTABARU", "NIB": "00720", "TIPEHAK": "Kosong", "LUAS": 1055.0, "TAHUN": 2020, "Shape_Leng": 137.685027289, "Shape_Area": 1055.0632754400001 }, "geometry": { "type": "MultiPolygon", "coordinates": [ [ [ [ 110.370308232156049, -7.786121131420899 ], [ 110.370159926373447, -7.786181251719389 ], [ 110.370178237356669, -7.786226180518566 ], [ 110.370116691880028, -7.786248401658376 ], [ 110.370090164213508, -7.786177935439317 ], [ 110.36997083601662, -7.786064752998088 ], [ 110.369923052009483, -7.785933599404055 ], [ 110.370173177387571, -7.785828845491455 ], [ 110.370173229925769, -7.785828823683031 ], [ 110.370308232156049, -7.786121131420899 ] ] ] ] } },
{ "type": "Feature", "properties": { "OBJECTID": 562, "DESA": "KOTABARU", "NIB": "00739", "TIPEHAK": "Kosong", "LUAS": 16.0, "TAHUN": 2020, "Shape_Leng": 18.164042405899998, "Shape_Area": 15.3629439308 }, "geometry": { "type": "MultiPolygon", "coordinates": [ [ [ [ 110.375553488362399, -7.783609167375681 ], [ 110.375574860201581, -7.783631265990573 ], [ 110.3755901245285, -7.78366921502059 ], [ 110.375553582764439, -7.783665141121458 ], [ 110.375553488362399, -7.783609167375681 ] ] ] ] } },
{ "type": "Feature", "properties": { "OBJECTID": 563, "DESA": "KOTABARU", "NIB": "00719", "TIPEHAK": "Kosong", "LUAS": 1027.0, "TAHUN": 2020, "Shape_Leng": 142.723338867, "Shape_Area": 1027.5691530399999 }, "geometry": { "type": "MultiPolygon", "coordinates": [ [ [ [ 110.370380247672401, -7.785649308196351 ], [ 110.370213203745351, -7.785688940891795 ], [ 110.370159544803712, -7.785555098560036 ], [ 110.370157391408384, -7.785549725748277 ], [ 110.369967570610655, -7.785344864501277 ], [ 110.370079113593988, -7.785232596300398 ], [ 110.370290864162371, -7.78540620158924 ], [ 110.370380247672401, -7.785649308196351 ] ] ] ] } },
{ "type": "Feature", "properties": { "OBJECTID": 564, "DESA": "KOTABARU", "NIB": "00723", "TIPEHAK": "Kosong", "LUAS": 814.0, "TAHUN": 2020, "Shape_Leng": 120.394392231, "Shape_Area": 814.65351466000004 }, "geometry": { "type": "MultiPolygon", "coordinates": [ [ [ [ 110.371860528253364, -7.784807905175644 ], [ 110.371682370063326, -7.784863420773624 ], [ 110.371562057455932, -7.784529581826761 ], [ 110.371737523580293, -7.784467367243356 ], [ 110.371860528253364, -7.784807905175644 ] ] ] ] } },
{ "type": "Feature", "properties": { "OBJECTID": 565, "DESA": "KOTABARU", "NIB": "00721", "TIPEHAK": "Kosong", "LUAS": 720.0, "TAHUN": 2020, "Shape_Leng": 112.051972312, "Shape_Area": 720.75699483300002 }, "geometry": { "type": "MultiPolygon", "coordinates": [ [ [ [ 110.370922846976015, -7.785877069521617 ], [ 110.370753787668477, -7.785946573842583 ], [ 110.370629125384966, -7.785650469136481 ], [ 110.370792403416516, -7.785574055157346 ], [ 110.370922846976015, -7.785877069521617 ] ] ] ] } },
{ "type": "Feature", "properties": { "OBJECTID": 566, "DESA": "KOTABARU", "NIB": "00728", "TIPEHAK": "Kosong", "LUAS": 1386.0, "TAHUN": 2020, "Shape_Leng": 165.74881519300001, "Shape_Area": 1368.0855538599999 }, "geometry": { "type": "MultiPolygon", "coordinates": [ [ [ [ 110.374287434081268, -7.783632723612063 ], [ 110.374218163540462, -7.784162627522985 ], [ 110.374016434960581, -7.784149292343768 ], [ 110.374078749705646, -7.783600716755157 ], [ 110.374079210403323, -7.783600786332689 ], [ 110.374287434081268, -7.783632723612063 ] ] ] ] } },
{ "type": "Feature", "properties": { "OBJECTID": 567, "DESA": "KOTABARU", "NIB": "00735", "TIPEHAK": "Kosong", "LUAS": 340.0, "TAHUN": 2020, "Shape_Leng": 348.879061724, "Shape_Area": 340.47689677400001 }, "geometry": { "type": "MultiPolygon", "coordinates": [ [ [ [ 110.371249994432318, -7.783335087433214 ], [ 110.371307560132095, -7.783344808604909 ], [ 110.371306903200193, -7.783350687202034 ], [ 110.371252945204091, -7.783343763423474 ], [ 110.37125158764006, -7.783351042244687 ], [ 110.37120298496896, -7.783344132777034 ], [ 110.371210116658617, -7.783399189749562 ], [ 110.371215555458818, -7.783422945264459 ], [ 110.371217500462834, -7.783456918091055 ], [ 110.371219762698374, -7.78348382762254 ], [ 110.371175980469516, -7.783490556125972 ], [ 110.371192054754189, -7.783547307270813 ], [ 110.371186776275806, -7.78361612169615 ], [ 110.371179603991578, -7.78365424450229 ], [ 110.371265052247921, -7.783670093077954 ], [ 110.37126422775529, -7.783676049779724 ], [ 110.371179866024562, -7.783660403319762 ], [ 110.371182068037257, -7.783712151128305 ], [ 110.371184052840547, -7.783758811494624 ], [ 110.371173567342879, -7.783800650101386 ], [ 110.371193267939177, -7.783806417261618 ], [ 110.371187726920382, -7.783848630898378 ], [ 110.371173727815602, -7.783906461931814 ], [ 110.371169927105925, -7.783932253676316 ], [ 110.371160941097969, -7.783931052378398 ], [ 110.371153473830219, -7.783953647197509 ], [ 110.37114495962841, -7.783979408838769 ], [ 110.371136509573148, -7.78400462421622 ], [ 110.371162249029467, -7.784016961490874 ], [ 110.371153918512974, -7.784039917047374 ], [ 110.371199140063993, -7.78406283855859 ], [ 110.371192600767998, -7.784074707755652 ], [ 110.371132434079058, -7.784036523437519 ], [ 110.371099578686469, -7.784004862822493 ], [ 110.37107496881832, -7.783998652741233 ], [ 110.371052481514539, -7.784043038691028 ], [ 110.371033287535269, -7.784037631257487 ], [ 110.371006159645162, -7.784039578538579 ], [ 110.370995142131676, -7.784064379641708 ], [ 110.370966065553134, -7.784057352295719 ], [ 110.370971180881298, -7.78404167576058 ], [ 110.37100693103919, -7.784024148726465 ], [ 110.371015007890222, -7.7840276250332 ], [ 110.371041988161139, -7.784021363250648 ], [ 110.371051895008364, -7.7839776451146 ], [ 110.371071367079963, -7.783985574672077 ], [ 110.371074377347142, -7.783978716522875 ], [ 110.371106099365818, -7.783991001729989 ], [ 110.371128627806641, -7.783931417130889 ], [ 110.371129131845365, -7.783930084220867 ], [ 110.37114408792344, -7.78388127686688 ], [ 110.371150668874577, -7.783776743279696 ], [ 110.371157238193817, -7.783725850000637 ], [ 110.3711601603503, -7.783702226504555 ], [ 110.371163434297458, -7.783657981283819 ], [ 110.37114784033875, -7.783656909293581 ], [ 110.371146413214717, -7.783656845314492 ], [ 110.371136452350243, -7.783656393784384 ], [ 110.371138336366897, -7.78363931696199 ], [ 110.371155776283629, -7.78364220168298 ], [ 110.371158031855657, -7.783629442518312 ], [ 110.371159882752423, -7.783616523238646 ], [ 110.371163326783858, -7.783596692660172 ], [ 110.371170579592317, -7.78359668861397 ], [ 110.371169770899087, -7.783571220995465 ], [ 110.371178836909081, -7.783571215937639 ], [ 110.371175727699594, -7.783515666056265 ], [ 110.371159533021199, -7.7835160817913 ], [ 110.371157773032181, -7.783500581226199 ], [ 110.37112225740286, -7.783505653445858 ], [ 110.371102583986229, -7.783433565550484 ], [ 110.371119183154661, -7.783463958425111 ], [ 110.371129469216584, -7.78349062543071 ], [ 110.371162287678857, -7.783488175481768 ], [ 110.371160039161197, -7.783455613817343 ], [ 110.371156402626667, -7.783402410492224 ], [ 110.371149400943438, -7.783348403922118 ], [ 110.371110044848834, -7.78335166479262 ], [ 110.371107630171153, -7.783344885599074 ], [ 110.371142436754681, -7.783342852923333 ], [ 110.371183766457605, -7.783323755594853 ], [ 110.371196466954132, -7.783332057117688 ], [ 110.371249994432318, -7.783335087433214 ] ], [ [ 110.371164469521531, -7.783338721628945 ], [ 110.37117435213294, -7.78348480971361 ], [ 110.371198753614252, -7.783481877935339 ], [ 110.371188288667327, -7.783336527964645 ], [ 110.371164469521531, -7.783338721628945 ] ] ] ] } },
{ "type": "Feature", "properties": { "OBJECTID": 568, "DESA": "KOTABARU", "NIB": "00727", "TIPEHAK": "Kosong", "LUAS": 996.0, "TAHUN": 2020, "Shape_Leng": 131.59872741699999, "Shape_Area": 996.45301725800005 }, "geometry": { "type": "MultiPolygon", "coordinates": [ [ [ [ 110.37395339436199, -7.78459173273786 ], [ 110.373935652137348, -7.784972890444055 ], [ 110.373795121712917, -7.784966574000964 ], [ 110.373724140673644, -7.78496338558989 ], [ 110.373736823694685, -7.784582838677684 ], [ 110.373736831369044, -7.784582604476327 ], [ 110.37395339436199, -7.78459173273786 ] ] ] ] } },
{ "type": "Feature", "properties": { "OBJECTID": 569, "DESA": "KOTABARU", "NIB": "00736", "TIPEHAK": "Kosong", "LUAS": 225.0, "TAHUN": 2020, "Shape_Leng": 89.405046988799995, "Shape_Area": 225.97404013 }, "geometry": { "type": "MultiPolygon", "coordinates": [ [ [ [ 110.373262459526828, -7.783645068752609 ], [ 110.37326074062662, -7.783697637463367 ], [ 110.373110378736996, -7.78369493153155 ], [ 110.372907412933827, -7.783691277713714 ], [ 110.372909781404189, -7.783639778225572 ], [ 110.372933883380313, -7.783639324449052 ], [ 110.373262459526828, -7.783645068752609 ] ] ] ] } },
{ "type": "Feature", "properties": { "OBJECTID": 570, "DESA": "KOTABARU", "NIB": "00738", "TIPEHAK": "Kosong", "LUAS": 35.0, "TAHUN": 2020, "Shape_Leng": 51.094407282600002, "Shape_Area": 36.668722229300002 }, "geometry": { "type": "MultiPolygon", "coordinates": [ [ [ [ 110.375234949208263, -7.785944107727535 ], [ 110.375450606540795, -7.785975216989215 ], [ 110.375449022365501, -7.785986849058763 ], [ 110.375233070785242, -7.785959867131659 ], [ 110.375234949208263, -7.785944107727535 ] ] ] ] } },
{ "type": "Feature", "properties": { "OBJECTID": 571, "DESA": "KOTABARU", "NIB": "00726", "TIPEHAK": "Kosong", "LUAS": 957.0, "TAHUN": 2020, "Shape_Leng": 129.137555994, "Shape_Area": 957.38288862499996 }, "geometry": { "type": "MultiPolygon", "coordinates": [ [ [ [ 110.3733039193731, -7.784199121649287 ], [ 110.373511723428479, -7.784205591787836 ], [ 110.373517366273063, -7.784578700169072 ], [ 110.373306415452518, -7.784575849682184 ], [ 110.3733039193731, -7.784199121649287 ] ] ] ] } },
{ "type": "Feature", "properties": { "OBJECTID": 572, "DESA": "KOTABARU", "NIB": "00740", "TIPEHAK": "Kosong", "LUAS": 556.0, "TAHUN": 2020, "Shape_Leng": 239.625335675, "Shape_Area": 556.29317669800002 }, "geometry": { "type": "MultiPolygon", "coordinates": [ [ [ [ 110.37824921586386, -7.788319174938452 ], [ 110.378338082388183, -7.788008256841511 ], [ 110.378325325363562, -7.787986438944135 ], [ 110.378305066050089, -7.787965881659777 ], [ 110.378274157750312, -7.787948395365818 ], [ 110.378274648332777, -7.787937564864224 ], [ 110.378396858309529, -7.787954049117529 ], [ 110.378482147837204, -7.787875386875248 ], [ 110.378492497738463, -7.787794468444798 ], [ 110.378529034823558, -7.787389247756015 ], [ 110.378546557538016, -7.787847357325109 ], [ 110.37824921586386, -7.788319174938452 ] ] ] ] } },
{ "type": "Feature", "properties": { "OBJECTID": 573, "DESA": "KOTABARU", "NIB": "00730", "TIPEHAK": "Kosong", "LUAS": 804.0, "TAHUN": 2020, "Shape_Leng": 122.43253975099999, "Shape_Area": 804.51243909200002 }, "geometry": { "type": "MultiPolygon", "coordinates": [ [ [ [ 110.369663882518253, -7.787014998769336 ], [ 110.369416526190193, -7.78723373739763 ], [ 110.369317274267743, -7.787114186082942 ], [ 110.369397054264567, -7.78704960060307 ], [ 110.369364932490541, -7.787005339350145 ], [ 110.369472563660551, -7.786919280051798 ], [ 110.369610390374746, -7.786849955073254 ], [ 110.369663882518253, -7.787014998769336 ] ] ] ] } },
{ "type": "Feature", "properties": { "OBJECTID": 574, "DESA": "KOTABARU", "NIB": "00725", "TIPEHAK": "Kosong", "LUAS": 934.0, "TAHUN": 2020, "Shape_Leng": 134.51977615600001, "Shape_Area": 934.69462354400002 }, "geometry": { "type": "MultiPolygon", "coordinates": [ [ [ [ 110.3733039193731, -7.784199121649287 ], [ 110.373306415452518, -7.784575849682184 ], [ 110.373306504546861, -7.784622827668795 ], [ 110.373136550187724, -7.784630425604115 ], [ 110.373118067397655, -7.7841933349955 ], [ 110.3733039193731, -7.784199121649287 ] ] ] ] } },
{ "type": "Feature", "properties": { "OBJECTID": 575, "DESA": "KOTABARU", "NIB": "00805", "TIPEHAK": "Kosong", "LUAS": 63.0, "TAHUN": 2024, "Shape_Leng": 151.47849867, "Shape_Area": 63.528384208 }, "geometry": { "type": "MultiPolygon", "coordinates": [ [ [ [ 110.373064603292775, -7.78741781794939 ], [ 110.373067681399746, -7.787513358416657 ], [ 110.373072051061797, -7.787583323883381 ], [ 110.373102615223445, -7.787742955598032 ], [ 110.373098644903678, -7.787755522088664 ], [ 110.373089053876981, -7.78776603407792 ], [ 110.373066431141751, -7.787776504186828 ], [ 110.372914322415838, -7.787791683230517 ], [ 110.372833997161649, -7.787794531356158 ], [ 110.37275405134713, -7.787800677175843 ], [ 110.373077532127951, -7.78776971345247 ], [ 110.373060816678972, -7.787495030127589 ], [ 110.373064603292775, -7.78741781794939 ] ] ] ] } },
{ "type": "Feature", "properties": { "OBJECTID": 576, "DESA": "KOTABARU", "NIB": "00803", "TIPEHAK": "Kosong", "LUAS": 158.0, "TAHUN": 2024, "Shape_Leng": 255.283529845, "Shape_Area": 158.831850973 }, "geometry": { "type": "MultiPolygon", "coordinates": [ [ [ [ 110.372336944498542, -7.787460746791973 ], [ 110.372345471318354, -7.787573450284467 ], [ 110.372356521350738, -7.78771951144252 ], [ 110.372358123620529, -7.787740686119294 ], [ 110.372364601117269, -7.787797541011553 ], [ 110.372368349326578, -7.787808193716469 ], [ 110.372375517381414, -7.787820213754999 ], [ 110.372384747547926, -7.787830273783589 ], [ 110.372398983649518, -7.787841469120911 ], [ 110.372409144913675, -7.78784671241296 ], [ 110.372423112514511, -7.78784951197958 ], [ 110.372434772251722, -7.787849421978269 ], [ 110.372443442609452, -7.787847880572108 ], [ 110.372467401193717, -7.787843732564638 ], [ 110.372499137376835, -7.787836851453265 ], [ 110.372557444357824, -7.787825953483723 ], [ 110.37262804088266, -7.787815267107683 ], [ 110.37275405134713, -7.787800677175843 ], [ 110.372629047100062, -7.787822218268771 ], [ 110.372559154904977, -7.787836796643854 ], [ 110.372501543591312, -7.787850905774369 ], [ 110.372470238940267, -7.787859532895886 ], [ 110.372446548724284, -7.787865001375052 ], [ 110.372437977267566, -7.787867019990903 ], [ 110.372426339717563, -7.787867755539431 ], [ 110.372412238640464, -7.78786573385235 ], [ 110.372401801132554, -7.787861060769564 ], [ 110.372386963801347, -7.787850671400117 ], [ 110.372377188037063, -7.787841137829679 ], [ 110.37236936173332, -7.787829532361334 ], [ 110.372365026502536, -7.787819103295542 ], [ 110.372355394922096, -7.787762694330843 ], [ 110.372352616117823, -7.787741638715802 ], [ 110.372333454565336, -7.78759641706298 ], [ 110.372318668940153, -7.787484359382345 ], [ 110.372334750099526, -7.787318116899661 ], [ 110.372372345446877, -7.787159932608746 ], [ 110.372406902529576, -7.787100259003067 ], [ 110.37242079445619, -7.787090594447942 ], [ 110.372388308832512, -7.787146691331304 ], [ 110.37235071258533, -7.787304875624796 ], [ 110.372336944498542, -7.787460746791973 ] ] ] ] } },
{ "type": "Feature", "properties": { "OBJECTID": 577, "DESA": "KOTABARU", "NIB": "00808", "TIPEHAK": "Hak Guna Bangunan", "LUAS": 214.0, "TAHUN": 0, "Shape_Leng": 54.376151070399999, "Shape_Area": 0.03743328532 }, "geometry": { "type": "MultiPolygon", "coordinates": [ [ [ [ 110.37571844652048, -7.785477183554359 ], [ 110.375703710964217, -7.78559877430456 ], [ 110.375718240367632, -7.785478759984698 ], [ 110.37571844652048, -7.785477183554359 ] ] ], [ [ [ 110.37571844652048, -7.785477183554359 ], [ 110.375734391804173, -7.785354874186502 ], [ 110.375734426266277, -7.785354879540482 ], [ 110.37571844652048, -7.785477183554359 ] ] ] ] } },
{ "type": "Feature", "properties": { "OBJECTID": 578, "DESA": "KOTABARU", "NIB": "00801", "TIPEHAK": "Kosong", "LUAS": 1216.0, "TAHUN": 0, "Shape_Leng": 141.645242137, "Shape_Area": 1216.58934602 }, "geometry": { "type": "MultiPolygon", "coordinates": [ [ [ [ 110.374857651700367, -7.785899659606168 ], [ 110.374641732388397, -7.785869414980737 ], [ 110.374585448130063, -7.78579623824808 ], [ 110.374628463617213, -7.785521987939698 ], [ 110.374726437585366, -7.785537648979901 ], [ 110.374941395882672, -7.785568844059733 ], [ 110.374921268418845, -7.78572273097646 ], [ 110.374882426280791, -7.785717717809487 ], [ 110.374870237554404, -7.785810663051415 ], [ 110.374857651700367, -7.785899659606168 ] ] ] ] } },
{ "type": "Feature", "properties": { "OBJECTID": 579, "DESA": "KOTABARU", "NIB": "00748", "TIPEHAK": "Hak Milik", "LUAS": 81.0, "TAHUN": 0, "Shape_Leng": 39.579925520499998, "Shape_Area": 81.014144645499996 }, "geometry": { "type": "MultiPolygon", "coordinates": [ [ [ [ 110.368656158324782, -7.78820149247565 ], [ 110.368676621970806, -7.788253219171321 ], [ 110.368553046193625, -7.788306506886927 ], [ 110.368561474700201, -7.788241677107262 ], [ 110.368656158324782, -7.78820149247565 ] ] ] ] } },
{ "type": "Feature", "properties": { "OBJECTID": 580, "DESA": "KOTABARU", "NIB": "00747", "TIPEHAK": "Hak Guna Bangunan", "LUAS": 30.0, "TAHUN": 0, "Shape_Leng": 21.879915703999998, "Shape_Area": 29.644466424299999 }, "geometry": { "type": "MultiPolygon", "coordinates": [ [ [ [ 110.369060536916408, -7.788879488698388 ], [ 110.369021916279848, -7.788917418271669 ], [ 110.369021602753847, -7.788917057237568 ], [ 110.368994452946168, -7.788881261676205 ], [ 110.368993548615961, -7.788880170361757 ], [ 110.36903035446754, -7.788845883885593 ], [ 110.369060640988664, -7.788877198166061 ], [ 110.369061222462278, -7.788877800070101 ], [ 110.369061753964232, -7.788878349633459 ], [ 110.369060536916408, -7.788879488698388 ] ] ] ] } },
{ "type": "Feature", "properties": { "OBJECTID": 581, "DESA": "KOTABARU", "NIB": "00747", "TIPEHAK": "Hak Guna Bangunan", "LUAS": 30.0, "TAHUN": 0, "Shape_Leng": 23.032424710899999, "Shape_Area": 1.2310507607100001 }, "geometry": { "type": "MultiPolygon", "coordinates": [ [ [ [ 110.369021602753847, -7.788917057237568 ], [ 110.368992663273644, -7.788882133369828 ], [ 110.368994452946168, -7.788881261676205 ], [ 110.369021602753847, -7.788917057237568 ] ] ], [ [ [ 110.369021602753847, -7.788917057237568 ], [ 110.369060640988664, -7.788877198166061 ], [ 110.369062010845425, -7.788875860769717 ], [ 110.369061222462278, -7.788877800070101 ], [ 110.369060536916408, -7.788879488698388 ], [ 110.369021916279848, -7.788917418271669 ], [ 110.369021602753847, -7.788917057237568 ] ] ] ] } },
{ "type": "Feature", "properties": { "OBJECTID": 582, "DESA": "KOTABARU", "NIB": "00746", "TIPEHAK": "Hak Milik", "LUAS": 1085.0, "TAHUN": 0, "Shape_Leng": 168.013219292, "Shape_Area": 1085.8794677599999 }, "geometry": { "type": "MultiPolygon", "coordinates": [ [ [ [ 110.376748947123232, -7.7862962129574 ], [ 110.376764585682622, -7.786304740592378 ], [ 110.376767736918481, -7.786314709106424 ], [ 110.376762889309632, -7.786329980962666 ], [ 110.376682774041456, -7.786510859952438 ], [ 110.376410168910795, -7.786385571936617 ], [ 110.376128376553226, -7.786257751084372 ], [ 110.376128859430679, -7.786256276255746 ], [ 110.376147549542239, -7.786199305268807 ], [ 110.376748947123232, -7.7862962129574 ] ] ] ] } },
{ "type": "Feature", "properties": { "OBJECTID": 583, "DESA": "KOTABARU", "NIB": "00749", "TIPEHAK": "Hak Milik", "LUAS": 840.0, "TAHUN": 0, "Shape_Leng": 120.44440637700001, "Shape_Area": 860.21434223699998 }, "geometry": { "type": "MultiPolygon", "coordinates": [ [ [ [ 110.373110208286647, -7.78495737127426 ], [ 110.372904826471995, -7.784982094216855 ], [ 110.372899392286996, -7.784914187960939 ], [ 110.372879209826678, -7.78464009400322 ], [ 110.373044026109696, -7.784633630657414 ], [ 110.373093960970678, -7.784632328901312 ], [ 110.373110208286647, -7.78495737127426 ] ] ] ] } },
{ "type": "Feature", "properties": { "OBJECTID": 584, "DESA": "KOTABARU", "NIB": "00806", "TIPEHAK": "Hak Milik", "LUAS": 559.0, "TAHUN": 0, "Shape_Leng": 106.056774316, "Shape_Area": 559.565361349 }, "geometry": { "type": "MultiPolygon", "coordinates": [ [ [ [ 110.371141952204255, -7.787532198337431 ], [ 110.371110483909021, -7.787544124187113 ], [ 110.371035319455203, -7.787572610573619 ], [ 110.370930188955569, -7.787277661264372 ], [ 110.371082844671278, -7.787217878037488 ], [ 110.371132235177626, -7.787347448513995 ], [ 110.371120800027285, -7.787351800376804 ], [ 110.371146560909864, -7.787418291440861 ], [ 110.371107045670527, -7.787434225831361 ], [ 110.371141952204255, -7.787532198337431 ] ] ] ] } },
{ "type": "Feature", "properties": { "OBJECTID": null, "DESA": null, "NIB": null, "TIPEHAK": null, "LUAS": null, "TAHUN": null, "Shape_Leng": null, "Shape_Area": null }, "geometry": { "type": "MultiPolygon", "coordinates": [ ] } }
]
}
