{
"type": "FeatureCollection",
"name": "ObjekPajak",
"crs": { "type": "name", "properties": { "name": "urn:ogc:def:crs:OGC:1.3:CRS84" } },
"features": [
{ "type": "Feature", "properties": { "D_NOP": "347106000471060004", "D_LUAS": 3774.64, "ASR": null, "KD PROPINS": null, "KD DATI2": null, "KD KECAMAT": null, "KD KELURAH": null, "KD BLOK": null, "NO URUT": null, "KD JNS OP": null, "THN PAJAK": null, "NO PERSIL": null, "LUAS BUMI": null, "LUAS BNG S": null, "NJOP BUMI": null, "NJOP BNG S": null, "NJOP SPPT": null, "NJOPTKP SP": null, "NJKP SPPT": null, "PBB TERHUT": null, "FAKTOR PEN": null, "PBB YG HAR": null, "FLG SYNC": null, "JML KRG BA": null, "FLG BAYAR": null, "ALAMAT OP": null, "NM KELURAH": null, "NM KECAMAT": null }, "geometry": { "type": "MultiPolygon", "coordinates": [ [ [ [ 110.370420437051678, -7.789480203873501, 0.0 ], [ 110.370528250940723, -7.789447084750637, 0.0 ], [ 110.37060553945193, -7.789422873114884, 0.0 ], [ 110.370552952339835, -7.789331819679372, 0.0 ], [ 110.370711727352372, -7.789276620156355, 0.0 ], [ 110.370706293610922, -7.789259520299149, 0.0 ], [ 110.37090014726229, -7.789201117199839, 0.0 ], [ 110.371004408143648, -7.789193494711087, 0.0 ], [ 110.371122723340989, -7.789189329493093, 0.0 ], [ 110.371258093803945, -7.789182205259581, 0.0 ], [ 110.371506822434512, -7.789135006497252, 0.0 ], [ 110.371529977258319, -7.789354702016738, 0.0 ], [ 110.371457505060647, -7.789358754462048, 0.0 ], [ 110.371469882732811, -7.789533760214504, 0.0 ], [ 110.371384462565729, -7.789544666334112, 0.0 ], [ 110.371361079013241, -7.789327954755678, 0.0 ], [ 110.371234594212638, -7.789344225908437, 0.0 ], [ 110.371262764976649, -7.789560221127896, 0.0 ], [ 110.371069863243136, -7.789582000529249, 0.0 ], [ 110.371048275125887, -7.789415120059584, 0.0 ], [ 110.370957020723026, -7.789426740898892, 0.0 ], [ 110.37096202307518, -7.789482364467233, 0.0 ], [ 110.370833505819334, -7.78950749488878, 0.0 ], [ 110.370843836755498, -7.789600565526417, 0.0 ], [ 110.370537197326357, -7.789615935976876, 0.0 ], [ 110.370420437051678, -7.789480203873501, 0.0 ] ] ] ] } },
{ "type": "Feature", "properties": { "D_NOP": "347106000400601450", "D_LUAS": 324.79, "ASR": null, "KD PROPINS": "34", "KD DATI2": "71", "KD KECAMAT": "060", "KD KELURAH": "004", "KD BLOK": "006", "NO URUT": "0145", "KD JNS OP": "0", "THN PAJAK": "2023", "NO PERSIL": "B228", "LUAS BUMI": "168", "LUAS BNG S": 300, "NJOP BUMI": 1899240000.0, "NJOP BNG S": 360000000.0, "NJOP SPPT": 2259240000.0, "NJOPTKP SP": 20000000.0, "NJKP SPPT": 0, "PBB TERHUT": 1567468, "FAKTOR PEN": 332367.0, "PBB YG HAR": 1235101, "FLG SYNC": "0", "JML KRG BA": "0", "FLG BAYAR": "0", "ALAMAT OP": "JL ABU BAKAR ALI 22 RW 04 RT 015", "NM KELURAH": "KOTABARU", "NM KECAMAT": "GONDOKUSUMAN" }, "geometry": { "type": "MultiPolygon", "coordinates": [ [ [ [ 110.372917553753652, -7.787829256842588, 0.0 ], [ 110.372933983182804, -7.788096238753651, 0.0 ], [ 110.37293490065349, -7.788183326891242, 0.0 ], [ 110.372848599776844, -7.788183199227611, 0.0 ], [ 110.372820398904679, -7.787836076449068, 0.0 ], [ 110.372917553753652, -7.787829256842588, 0.0 ] ] ] ] } },
{ "type": "Feature", "properties": { "D_NOP": "347106000400400110", "D_LUAS": 367.32, "ASR": null, "KD PROPINS": null, "KD DATI2": null, "KD KECAMAT": null, "KD KELURAH": null, "KD BLOK": null, "NO URUT": null, "KD JNS OP": null, "THN PAJAK": null, "NO PERSIL": null, "LUAS BUMI": null, "LUAS BNG S": null, "NJOP BUMI": null, "NJOP BNG S": null, "NJOP SPPT": null, "NJOPTKP SP": null, "NJKP SPPT": null, "PBB TERHUT": null, "FAKTOR PEN": null, "PBB YG HAR": null, "FLG SYNC": null, "JML KRG BA": null, "FLG BAYAR": null, "ALAMAT OP": null, "NM KELURAH": null, "NM KECAMAT": null }, "geometry": { "type": "MultiPolygon", "coordinates": [ [ [ [ 110.375257329413543, -7.784900245578685, 0.0 ], [ 110.375326567754556, -7.784907943927161, 0.0 ], [ 110.375408443452585, -7.78491638433911, 0.0 ], [ 110.375384669232787, -7.78511367379932, 0.0 ], [ 110.375233335730115, -7.785094188686564, 0.0 ], [ 110.375257329413543, -7.784900245578685, 0.0 ] ] ] ] } },
{ "type": "Feature", "properties": { "D_NOP": "347106000400400740", "D_LUAS": 608.12, "ASR": null, "KD PROPINS": null, "KD DATI2": null, "KD KECAMAT": null, "KD KELURAH": null, "KD BLOK": null, "NO URUT": null, "KD JNS OP": null, "THN PAJAK": null, "NO PERSIL": null, "LUAS BUMI": null, "LUAS BNG S": null, "NJOP BUMI": null, "NJOP BNG S": null, "NJOP SPPT": null, "NJOPTKP SP": null, "NJKP SPPT": null, "PBB TERHUT": null, "FAKTOR PEN": null, "PBB YG HAR": null, "FLG SYNC": null, "JML KRG BA": null, "FLG BAYAR": null, "ALAMAT OP": null, "NM KELURAH": null, "NM KECAMAT": null }, "geometry": { "type": "MultiPolygon", "coordinates": [ [ [ [ 110.375343618694203, -7.784705761193312, 0.0 ], [ 110.37558117307934, -7.784728357492793, 0.0 ], [ 110.375554768413011, -7.784934505517875, 0.0 ], [ 110.375479699351047, -7.784925170828549, 0.0 ], [ 110.375408443452585, -7.78491638433911, 0.0 ], [ 110.375326567754556, -7.784907943927161, 0.0 ], [ 110.375343618694203, -7.784705761193312, 0.0 ] ] ] ] } },
{ "type": "Feature", "properties": { "D_NOP": "347106000400700100", "D_LUAS": 989.7, "ASR": null, "KD PROPINS": null, "KD DATI2": null, "KD KECAMAT": null, "KD KELURAH": null, "KD BLOK": null, "NO URUT": null, "KD JNS OP": null, "THN PAJAK": null, "NO PERSIL": null, "LUAS BUMI": null, "LUAS BNG S": null, "NJOP BUMI": null, "NJOP BNG S": null, "NJOP SPPT": null, "NJOPTKP SP": null, "NJKP SPPT": null, "PBB TERHUT": null, "FAKTOR PEN": null, "PBB YG HAR": null, "FLG SYNC": null, "JML KRG BA": null, "FLG BAYAR": null, "ALAMAT OP": null, "NM KELURAH": null, "NM KECAMAT": null }, "geometry": { "type": "MultiPolygon", "coordinates": [ [ [ [ 110.370992666583376, -7.788391700450189, 0.0 ], [ 110.370877695638484, -7.788109379632528, 0.0 ], [ 110.371056385773485, -7.788038745489247, 0.0 ], [ 110.3711004886745, -7.78815230403541, 0.0 ], [ 110.37126966247763, -7.788094225837851, 0.0 ], [ 110.371329481384095, -7.788250401506267, 0.0 ], [ 110.370992666583376, -7.788391700450189, 0.0 ] ] ] ] } },
{ "type": "Feature", "properties": { "D_NOP": "347106000400700950", "D_LUAS": 35.39, "ASR": null, "KD PROPINS": null, "KD DATI2": null, "KD KECAMAT": null, "KD KELURAH": null, "KD BLOK": null, "NO URUT": null, "KD JNS OP": null, "THN PAJAK": null, "NO PERSIL": null, "LUAS BUMI": null, "LUAS BNG S": null, "NJOP BUMI": null, "NJOP BNG S": null, "NJOP SPPT": null, "NJOPTKP SP": null, "NJKP SPPT": null, "PBB TERHUT": null, "FAKTOR PEN": null, "PBB YG HAR": null, "FLG SYNC": null, "JML KRG BA": null, "FLG BAYAR": null, "ALAMAT OP": null, "NM KELURAH": null, "NM KECAMAT": null }, "geometry": { "type": "MultiPolygon", "coordinates": [ [ [ [ 110.369405363719096, -7.789296020798948, 0.0 ], [ 110.369446189717991, -7.789250232140163, 0.0 ], [ 110.369481664366262, -7.789282298098022, 0.0 ], [ 110.369439867659764, -7.78932709055612, 0.0 ], [ 110.369405363719096, -7.789296020798948, 0.0 ] ] ] ] } },
{ "type": "Feature", "properties": { "D_NOP": "347106000400700940", "D_LUAS": 38.11, "ASR": null, "KD PROPINS": null, "KD DATI2": null, "KD KECAMAT": null, "KD KELURAH": null, "KD BLOK": null, "NO URUT": null, "KD JNS OP": null, "THN PAJAK": null, "NO PERSIL": null, "LUAS BUMI": null, "LUAS BNG S": null, "NJOP BUMI": null, "NJOP BNG S": null, "NJOP SPPT": null, "NJOPTKP SP": null, "NJKP SPPT": null, "PBB TERHUT": null, "FAKTOR PEN": null, "PBB YG HAR": null, "FLG SYNC": null, "JML KRG BA": null, "FLG BAYAR": null, "ALAMAT OP": null, "NM KELURAH": null, "NM KECAMAT": null }, "geometry": { "type": "MultiPolygon", "coordinates": [ [ [ [ 110.369405363719096, -7.789296020798948, 0.0 ], [ 110.369366749895519, -7.789262774539138, 0.0 ], [ 110.369405929694395, -7.789217616464153, 0.0 ], [ 110.369446189717991, -7.789250232140163, 0.0 ], [ 110.369405363719096, -7.789296020798948, 0.0 ] ] ] ] } },
{ "type": "Feature", "properties": { "D_NOP": "347106000400700930", "D_LUAS": 38.83, "ASR": null, "KD PROPINS": null, "KD DATI2": null, "KD KECAMAT": null, "KD KELURAH": null, "KD BLOK": null, "NO URUT": null, "KD JNS OP": null, "THN PAJAK": null, "NO PERSIL": null, "LUAS BUMI": null, "LUAS BNG S": null, "NJOP BUMI": null, "NJOP BNG S": null, "NJOP SPPT": null, "NJOPTKP SP": null, "NJKP SPPT": null, "PBB TERHUT": null, "FAKTOR PEN": null, "PBB YG HAR": null, "FLG SYNC": null, "JML KRG BA": null, "FLG BAYAR": null, "ALAMAT OP": null, "NM KELURAH": null, "NM KECAMAT": null }, "geometry": { "type": "MultiPolygon", "coordinates": [ [ [ [ 110.369366749895519, -7.789262774539138, 0.0 ], [ 110.369325671714833, -7.789227173358603, 0.0 ], [ 110.369365596516076, -7.789183915483145, 0.0 ], [ 110.369405929694395, -7.789217616464153, 0.0 ], [ 110.369366749895519, -7.789262774539138, 0.0 ] ] ] ] } },
{ "type": "Feature", "properties": { "D_NOP": "347106000400700920", "D_LUAS": 42.07, "ASR": null, "KD PROPINS": null, "KD DATI2": null, "KD KECAMAT": null, "KD KELURAH": null, "KD BLOK": null, "NO URUT": null, "KD JNS OP": null, "THN PAJAK": null, "NO PERSIL": null, "LUAS BUMI": null, "LUAS BNG S": null, "NJOP BUMI": null, "NJOP BNG S": null, "NJOP SPPT": null, "NJOPTKP SP": null, "NJKP SPPT": null, "PBB TERHUT": null, "FAKTOR PEN": null, "PBB YG HAR": null, "FLG SYNC": null, "JML KRG BA": null, "FLG BAYAR": null, "ALAMAT OP": null, "NM KELURAH": null, "NM KECAMAT": null }, "geometry": { "type": "MultiPolygon", "coordinates": [ [ [ [ 110.369325671714833, -7.789227173358603, 0.0 ], [ 110.369281234067216, -7.789187678568425, 0.0 ], [ 110.36932115656893, -7.789145958050115, 0.0 ], [ 110.369365596516076, -7.789183915483145, 0.0 ], [ 110.369325671714833, -7.789227173358603, 0.0 ] ] ] ] } },
{ "type": "Feature", "properties": { "D_NOP": "347106000400700910", "D_LUAS": 53.25, "ASR": null, "KD PROPINS": null, "KD DATI2": null, "KD KECAMAT": null, "KD KELURAH": null, "KD BLOK": null, "NO URUT": null, "KD JNS OP": null, "THN PAJAK": null, "NO PERSIL": null, "LUAS BUMI": null, "LUAS BNG S": null, "NJOP BUMI": null, "NJOP BNG S": null, "NJOP SPPT": null, "NJOPTKP SP": null, "NJKP SPPT": null, "PBB TERHUT": null, "FAKTOR PEN": null, "PBB YG HAR": null, "FLG SYNC": null, "JML KRG BA": null, "FLG BAYAR": null, "ALAMAT OP": null, "NM KELURAH": null, "NM KECAMAT": null }, "geometry": { "type": "MultiPolygon", "coordinates": [ [ [ [ 110.369224321260091, -7.78913894107168, 0.0 ], [ 110.369264394142178, -7.789096678186111, 0.0 ], [ 110.36932115656893, -7.789145958050115, 0.0 ], [ 110.369281234067216, -7.789187678568425, 0.0 ], [ 110.369224321260091, -7.78913894107168, 0.0 ] ] ] ] } },
{ "type": "Feature", "properties": { "D_NOP": "347106000400700900", "D_LUAS": 52.57, "ASR": null, "KD PROPINS": null, "KD DATI2": null, "KD KECAMAT": null, "KD KELURAH": null, "KD BLOK": null, "NO URUT": null, "KD JNS OP": null, "THN PAJAK": null, "NO PERSIL": null, "LUAS BUMI": null, "LUAS BNG S": null, "NJOP BUMI": null, "NJOP BNG S": null, "NJOP SPPT": null, "NJOPTKP SP": null, "NJKP SPPT": null, "PBB TERHUT": null, "FAKTOR PEN": null, "PBB YG HAR": null, "FLG SYNC": null, "JML KRG BA": null, "FLG BAYAR": null, "ALAMAT OP": null, "NM KELURAH": null, "NM KECAMAT": null }, "geometry": { "type": "MultiPolygon", "coordinates": [ [ [ [ 110.369170030244135, -7.789087313622796, 0.0 ], [ 110.36920740899977, -7.789046312791266, 0.0 ], [ 110.369264394142178, -7.789096678186111, 0.0 ], [ 110.369224321260091, -7.78913894107168, 0.0 ], [ 110.369170030244135, -7.789087313622796, 0.0 ] ] ] ] } },
{ "type": "Feature", "properties": { "D_NOP": "347106000400700890", "D_LUAS": 48.31, "ASR": null, "KD PROPINS": null, "KD DATI2": null, "KD KECAMAT": null, "KD KELURAH": null, "KD BLOK": null, "NO URUT": null, "KD JNS OP": null, "THN PAJAK": null, "NO PERSIL": null, "LUAS BUMI": null, "LUAS BNG S": null, "NJOP BUMI": null, "NJOP BNG S": null, "NJOP SPPT": null, "NJOPTKP SP": null, "NJKP SPPT": null, "PBB TERHUT": null, "FAKTOR PEN": null, "PBB YG HAR": null, "FLG SYNC": null, "JML KRG BA": null, "FLG BAYAR": null, "ALAMAT OP": null, "NM KELURAH": null, "NM KECAMAT": null }, "geometry": { "type": "MultiPolygon", "coordinates": [ [ [ [ 110.369054786097166, -7.788988299128604, 0.0 ], [ 110.369088872995519, -7.788948197734903, 0.0 ], [ 110.369145936006518, -7.788996483306936, 0.0 ], [ 110.369108409170209, -7.789036489152641, 0.0 ], [ 110.369054786097166, -7.788988299128604, 0.0 ] ] ] ] } },
{ "type": "Feature", "properties": { "D_NOP": "347106000400700880", "D_LUAS": 48.23, "ASR": null, "KD PROPINS": null, "KD DATI2": null, "KD KECAMAT": null, "KD KELURAH": null, "KD BLOK": null, "NO URUT": null, "KD JNS OP": null, "THN PAJAK": null, "NO PERSIL": null, "LUAS BUMI": null, "LUAS BNG S": null, "NJOP BUMI": null, "NJOP BNG S": null, "NJOP SPPT": null, "NJOPTKP SP": null, "NJKP SPPT": null, "PBB TERHUT": null, "FAKTOR PEN": null, "PBB YG HAR": null, "FLG SYNC": null, "JML KRG BA": null, "FLG BAYAR": null, "ALAMAT OP": null, "NM KELURAH": null, "NM KECAMAT": null }, "geometry": { "type": "MultiPolygon", "coordinates": [ [ [ [ 110.369054786097166, -7.788988299128604, 0.0 ], [ 110.368998025077573, -7.788938114907518, 0.0 ], [ 110.369033605765722, -7.788899281800104, 0.0 ], [ 110.369088872995519, -7.788948197734903, 0.0 ], [ 110.369054786097166, -7.788988299128604, 0.0 ] ] ] ] } },
{ "type": "Feature", "properties": { "D_NOP": "347106000400700870", "D_LUAS": 73.86, "ASR": null, "KD PROPINS": null, "KD DATI2": null, "KD KECAMAT": null, "KD KELURAH": null, "KD BLOK": null, "NO URUT": null, "KD JNS OP": null, "THN PAJAK": null, "NO PERSIL": null, "LUAS BUMI": null, "LUAS BNG S": null, "NJOP BUMI": null, "NJOP BNG S": null, "NJOP SPPT": null, "NJOPTKP SP": null, "NJKP SPPT": null, "PBB TERHUT": null, "FAKTOR PEN": null, "PBB YG HAR": null, "FLG SYNC": null, "JML KRG BA": null, "FLG BAYAR": null, "ALAMAT OP": null, "NM KELURAH": null, "NM KECAMAT": null }, "geometry": { "type": "MultiPolygon", "coordinates": [ [ [ [ 110.368998025077573, -7.788938114907518, 0.0 ], [ 110.368912286112462, -7.788862295077621, 0.0 ], [ 110.368948762722255, -7.788824458071096, 0.0 ], [ 110.368978862714883, -7.788849914475667, 0.0 ], [ 110.369033605765722, -7.788899281800104, 0.0 ], [ 110.368998025077573, -7.788938114907518, 0.0 ] ] ] ] } },
{ "type": "Feature", "properties": { "D_NOP": "347106000400700860", "D_LUAS": 48.93, "ASR": null, "KD PROPINS": "34", "KD DATI2": "71", "KD KECAMAT": "060", "KD KELURAH": "004", "KD BLOK": "007", "NO URUT": "0086", "KD JNS OP": "0", "THN PAJAK": "2023", "NO PERSIL": null, "LUAS BUMI": "30", "LUAS BNG S": 30, "NJOP BUMI": 112350000.0, "NJOP BNG S": 10950000.0, "NJOP SPPT": 123300000.0, "NJOPTKP SP": 20000000.0, "NJKP SPPT": 0, "PBB TERHUT": 51650, "FAKTOR PEN": 14044.0, "PBB YG HAR": 37606, "FLG SYNC": "0", "JML KRG BA": "0", "FLG BAYAR": "0", "ALAMAT OP": "JL ACHMAD JAZULI GK II/9 RW 04 RT 021", "NM KELURAH": "KOTABARU", "NM KECAMAT": "GONDOKUSUMAN" }, "geometry": { "type": "MultiPolygon", "coordinates": [ [ [ [ 110.369033605765722, -7.788899281800104, 0.0 ], [ 110.368978862714883, -7.788849914475667, 0.0 ], [ 110.369015714321577, -7.788811354559243, 0.0 ], [ 110.369071730056888, -7.788859819445981, 0.0 ], [ 110.369033605765722, -7.788899281800104, 0.0 ] ] ] ] } },
{ "type": "Feature", "properties": { "D_NOP": "347106000400700850", "D_LUAS": 49.34, "ASR": null, "KD PROPINS": null, "KD DATI2": null, "KD KECAMAT": null, "KD KELURAH": null, "KD BLOK": null, "NO URUT": null, "KD JNS OP": null, "THN PAJAK": null, "NO PERSIL": null, "LUAS BUMI": null, "LUAS BNG S": null, "NJOP BUMI": null, "NJOP BNG S": null, "NJOP SPPT": null, "NJOPTKP SP": null, "NJKP SPPT": null, "PBB TERHUT": null, "FAKTOR PEN": null, "PBB YG HAR": null, "FLG SYNC": null, "JML KRG BA": null, "FLG BAYAR": null, "ALAMAT OP": null, "NM KELURAH": null, "NM KECAMAT": null }, "geometry": { "type": "MultiPolygon", "coordinates": [ [ [ [ 110.369088872995519, -7.788948197734903, 0.0 ], [ 110.369033605765722, -7.788899281800104, 0.0 ], [ 110.369071730056888, -7.788859819445981, 0.0 ], [ 110.369126474609203, -7.788908192001601, 0.0 ], [ 110.369088872995519, -7.788948197734903, 0.0 ] ] ] ] } },
{ "type": "Feature", "properties": { "D_NOP": "347106000400700840", "D_LUAS": 49.59, "ASR": null, "KD PROPINS": null, "KD DATI2": null, "KD KECAMAT": null, "KD KELURAH": null, "KD BLOK": null, "NO URUT": null, "KD JNS OP": null, "THN PAJAK": null, "NO PERSIL": null, "LUAS BUMI": null, "LUAS BNG S": null, "NJOP BUMI": null, "NJOP BNG S": null, "NJOP SPPT": null, "NJOPTKP SP": null, "NJKP SPPT": null, "PBB TERHUT": null, "FAKTOR PEN": null, "PBB YG HAR": null, "FLG SYNC": null, "JML KRG BA": null, "FLG BAYAR": null, "ALAMAT OP": null, "NM KELURAH": null, "NM KECAMAT": null }, "geometry": { "type": "MultiPolygon", "coordinates": [ [ [ [ 110.369088872995519, -7.788948197734903, 0.0 ], [ 110.369126474609203, -7.788908192001601, 0.0 ], [ 110.369182638585784, -7.788957561423367, 0.0 ], [ 110.369145936006518, -7.788996483306936, 0.0 ], [ 110.369088872995519, -7.788948197734903, 0.0 ] ] ] ] } },
{ "type": "Feature", "properties": { "D_NOP": "347106000400700830", "D_LUAS": 47.77, "ASR": null, "KD PROPINS": null, "KD DATI2": null, "KD KECAMAT": null, "KD KELURAH": null, "KD BLOK": null, "NO URUT": null, "KD JNS OP": null, "THN PAJAK": null, "NO PERSIL": null, "LUAS BUMI": null, "LUAS BNG S": null, "NJOP BUMI": null, "NJOP BNG S": null, "NJOP SPPT": null, "NJOPTKP SP": null, "NJKP SPPT": null, "PBB TERHUT": null, "FAKTOR PEN": null, "PBB YG HAR": null, "FLG SYNC": null, "JML KRG BA": null, "FLG BAYAR": null, "ALAMAT OP": null, "NM KELURAH": null, "NM KECAMAT": null }, "geometry": { "type": "MultiPolygon", "coordinates": [ [ [ [ 110.369264394142178, -7.789096678186111, 0.0 ], [ 110.36920740899977, -7.789046312791266, 0.0 ], [ 110.369242687431452, -7.789009559168631, 0.0 ], [ 110.369299304740252, -7.789055854538649, 0.0 ], [ 110.369264394142178, -7.789096678186111, 0.0 ] ] ] ] } },
{ "type": "Feature", "properties": { "D_NOP": "347106000400700820", "D_LUAS": 49.15, "ASR": null, "KD PROPINS": null, "KD DATI2": null, "KD KECAMAT": null, "KD KELURAH": null, "KD BLOK": null, "NO URUT": null, "KD JNS OP": null, "THN PAJAK": null, "NO PERSIL": null, "LUAS BUMI": null, "LUAS BNG S": null, "NJOP BUMI": null, "NJOP BNG S": null, "NJOP SPPT": null, "NJOPTKP SP": null, "NJKP SPPT": null, "PBB TERHUT": null, "FAKTOR PEN": null, "PBB YG HAR": null, "FLG SYNC": null, "JML KRG BA": null, "FLG BAYAR": null, "ALAMAT OP": null, "NM KELURAH": null, "NM KECAMAT": null }, "geometry": { "type": "MultiPolygon", "coordinates": [ [ [ [ 110.36932115656893, -7.789145958050115, 0.0 ], [ 110.369264394142178, -7.789096678186111, 0.0 ], [ 110.369299304740252, -7.789055854538649, 0.0 ], [ 110.369356361027855, -7.78910866171163, 0.0 ], [ 110.36932115656893, -7.789145958050115, 0.0 ] ] ] ] } },
{ "type": "Feature", "properties": { "D_NOP": "347106000400700810", "D_LUAS": 37.66, "ASR": null, "KD PROPINS": null, "KD DATI2": null, "KD KECAMAT": null, "KD KELURAH": null, "KD BLOK": null, "NO URUT": null, "KD JNS OP": null, "THN PAJAK": null, "NO PERSIL": null, "LUAS BUMI": null, "LUAS BNG S": null, "NJOP BUMI": null, "NJOP BNG S": null, "NJOP SPPT": null, "NJOPTKP SP": null, "NJKP SPPT": null, "PBB TERHUT": null, "FAKTOR PEN": null, "PBB YG HAR": null, "FLG SYNC": null, "JML KRG BA": null, "FLG BAYAR": null, "ALAMAT OP": null, "NM KELURAH": null, "NM KECAMAT": null }, "geometry": { "type": "MultiPolygon", "coordinates": [ [ [ [ 110.369365596516076, -7.789183915483145, 0.0 ], [ 110.36932115656893, -7.789145958050115, 0.0 ], [ 110.369356361027855, -7.78910866171163, 0.0 ], [ 110.369402747664495, -7.789145084680652, 0.0 ], [ 110.369365596516076, -7.789183915483145, 0.0 ] ] ] ] } },
{ "type": "Feature", "properties": { "D_NOP": "347106000400700800", "D_LUAS": 33.62, "ASR": null, "KD PROPINS": null, "KD DATI2": null, "KD KECAMAT": null, "KD KELURAH": null, "KD BLOK": null, "NO URUT": null, "KD JNS OP": null, "THN PAJAK": null, "NO PERSIL": null, "LUAS BUMI": null, "LUAS BNG S": null, "NJOP BUMI": null, "NJOP BNG S": null, "NJOP SPPT": null, "NJOPTKP SP": null, "NJKP SPPT": null, "PBB TERHUT": null, "FAKTOR PEN": null, "PBB YG HAR": null, "FLG SYNC": null, "JML KRG BA": null, "FLG BAYAR": null, "ALAMAT OP": null, "NM KELURAH": null, "NM KECAMAT": null }, "geometry": { "type": "MultiPolygon", "coordinates": [ [ [ [ 110.369405929694395, -7.789217616464153, 0.0 ], [ 110.369365596516076, -7.789183915483145, 0.0 ], [ 110.369402747664495, -7.789145084680652, 0.0 ], [ 110.369441061397382, -7.789178963519428, 0.0 ], [ 110.369405929694395, -7.789217616464153, 0.0 ] ] ] ] } },
{ "type": "Feature", "properties": { "D_NOP": "347106000400700790", "D_LUAS": 33.33, "ASR": null, "KD PROPINS": "34", "KD DATI2": "71", "KD KECAMAT": "060", "KD KELURAH": "004", "KD BLOK": "007", "NO URUT": "0079", "KD JNS OP": "0", "THN PAJAK": "2023", "NO PERSIL": null, "LUAS BUMI": "15", "LUAS BNG S": 30, "NJOP BUMI": 56175000.0, "NJOP BNG S": 15150000.0, "NJOP SPPT": 71325000.0, "NJOPTKP SP": 20000000.0, "NJKP SPPT": 0, "PBB TERHUT": 25663, "FAKTOR PEN": 7022.0, "PBB YG HAR": 18641, "FLG SYNC": "0", "JML KRG BA": "0", "FLG BAYAR": "0", "ALAMAT OP": "JL ACHMAD JAZULI GK II/2 RW 04 RT 021", "NM KELURAH": "KOTABARU", "NM KECAMAT": "GONDOKUSUMAN" }, "geometry": { "type": "MultiPolygon", "coordinates": [ [ [ [ 110.369446189717991, -7.789250232140163, 0.0 ], [ 110.369405929694395, -7.789217616464153, 0.0 ], [ 110.369441061397382, -7.789178963519428, 0.0 ], [ 110.369481918206901, -7.789212574839871, 0.0 ], [ 110.369446189717991, -7.789250232140163, 0.0 ] ] ] ] } },
{ "type": "Feature", "properties": { "D_NOP": "347106000400700780", "D_LUAS": 29.83, "ASR": null, "KD PROPINS": null, "KD DATI2": null, "KD KECAMAT": null, "KD KELURAH": null, "KD BLOK": null, "NO URUT": null, "KD JNS OP": null, "THN PAJAK": null, "NO PERSIL": null, "LUAS BUMI": null, "LUAS BNG S": null, "NJOP BUMI": null, "NJOP BNG S": null, "NJOP SPPT": null, "NJOPTKP SP": null, "NJKP SPPT": null, "PBB TERHUT": null, "FAKTOR PEN": null, "PBB YG HAR": null, "FLG SYNC": null, "JML KRG BA": null, "FLG BAYAR": null, "ALAMAT OP": null, "NM KELURAH": null, "NM KECAMAT": null }, "geometry": { "type": "MultiPolygon", "coordinates": [ [ [ [ 110.369446189717991, -7.789250232140163, 0.0 ], [ 110.369481918206901, -7.789212574839871, 0.0 ], [ 110.369516044304248, -7.789246266578036, 0.0 ], [ 110.369481664366262, -7.789282298098022, 0.0 ], [ 110.369446189717991, -7.789250232140163, 0.0 ] ] ] ] } },
{ "type": "Feature", "properties": { "D_NOP": "347106000400700740", "D_LUAS": 133.08, "ASR": null, "KD PROPINS": null, "KD DATI2": null, "KD KECAMAT": null, "KD KELURAH": null, "KD BLOK": null, "NO URUT": null, "KD JNS OP": null, "THN PAJAK": null, "NO PERSIL": null, "LUAS BUMI": null, "LUAS BNG S": null, "NJOP BUMI": null, "NJOP BNG S": null, "NJOP SPPT": null, "NJOPTKP SP": null, "NJKP SPPT": null, "PBB TERHUT": null, "FAKTOR PEN": null, "PBB YG HAR": null, "FLG SYNC": null, "JML KRG BA": null, "FLG BAYAR": null, "ALAMAT OP": null, "NM KELURAH": null, "NM KECAMAT": null }, "geometry": { "type": "MultiPolygon", "coordinates": [ [ [ [ 110.369425693878341, -7.789003501160285, 0.0 ], [ 110.369478871275149, -7.788949682355994, 0.0 ], [ 110.369533917460217, -7.788996427522848, 0.0 ], [ 110.369482832398973, -7.789051334639117, 0.0 ], [ 110.369425693878341, -7.789003501160285, 0.0 ] ] ] ] } },
{ "type": "Feature", "properties": { "D_NOP": "347106000400700730", "D_LUAS": 138.4, "ASR": null, "KD PROPINS": null, "KD DATI2": null, "KD KECAMAT": null, "KD KELURAH": null, "KD BLOK": null, "NO URUT": null, "KD JNS OP": null, "THN PAJAK": null, "NO PERSIL": null, "LUAS BUMI": null, "LUAS BNG S": null, "NJOP BUMI": null, "NJOP BNG S": null, "NJOP SPPT": null, "NJOPTKP SP": null, "NJKP SPPT": null, "PBB TERHUT": null, "FAKTOR PEN": null, "PBB YG HAR": null, "FLG SYNC": null, "JML KRG BA": null, "FLG BAYAR": null, "ALAMAT OP": null, "NM KELURAH": null, "NM KECAMAT": null }, "geometry": { "type": "MultiPolygon", "coordinates": [ [ [ [ 110.369377895551807, -7.788960926668718, 0.0 ], [ 110.369430026104865, -7.788907015880389, 0.0 ], [ 110.369478871275149, -7.788949682355994, 0.0 ], [ 110.369425693878341, -7.789003501160285, 0.0 ], [ 110.369377895551807, -7.788960926668718, 0.0 ] ] ] ] } },
{ "type": "Feature", "properties": { "D_NOP": "347106000400700720", "D_LUAS": 77.59, "ASR": null, "KD PROPINS": null, "KD DATI2": null, "KD KECAMAT": null, "KD KELURAH": null, "KD BLOK": null, "NO URUT": null, "KD JNS OP": null, "THN PAJAK": null, "NO PERSIL": null, "LUAS BUMI": null, "LUAS BNG S": null, "NJOP BUMI": null, "NJOP BNG S": null, "NJOP SPPT": null, "NJOPTKP SP": null, "NJKP SPPT": null, "PBB TERHUT": null, "FAKTOR PEN": null, "PBB YG HAR": null, "FLG SYNC": null, "JML KRG BA": null, "FLG BAYAR": null, "ALAMAT OP": null, "NM KELURAH": null, "NM KECAMAT": null }, "geometry": { "type": "MultiPolygon", "coordinates": [ [ [ [ 110.369377895551807, -7.788960926668718, 0.0 ], [ 110.369348241931121, -7.788937008310633, 0.0 ], [ 110.369399779621077, -7.788879479334712, 0.0 ], [ 110.369430026104865, -7.788907015880389, 0.0 ], [ 110.369377895551807, -7.788960926668718, 0.0 ] ] ] ] } },
{ "type": "Feature", "properties": { "D_NOP": "347106000400700710", "D_LUAS": 132.22, "ASR": null, "KD PROPINS": null, "KD DATI2": null, "KD KECAMAT": null, "KD KELURAH": null, "KD BLOK": null, "NO URUT": null, "KD JNS OP": null, "THN PAJAK": null, "NO PERSIL": null, "LUAS BUMI": null, "LUAS BNG S": null, "NJOP BUMI": null, "NJOP BNG S": null, "NJOP SPPT": null, "NJOPTKP SP": null, "NJKP SPPT": null, "PBB TERHUT": null, "FAKTOR PEN": null, "PBB YG HAR": null, "FLG SYNC": null, "JML KRG BA": null, "FLG BAYAR": null, "ALAMAT OP": null, "NM KELURAH": null, "NM KECAMAT": null }, "geometry": { "type": "MultiPolygon", "coordinates": [ [ [ [ 110.369262649624957, -7.788863087852172, 0.0 ], [ 110.369317771951572, -7.788808910231053, 0.0 ], [ 110.369384019903478, -7.788866252710686, 0.0 ], [ 110.369325752717302, -7.788923048210502, 0.0 ], [ 110.369262649624957, -7.788863087852172, 0.0 ] ] ] ] } },
{ "type": "Feature", "properties": { "D_NOP": "347106000400700700", "D_LUAS": 128.31, "ASR": null, "KD PROPINS": null, "KD DATI2": null, "KD KECAMAT": null, "KD KELURAH": null, "KD BLOK": null, "NO URUT": null, "KD JNS OP": null, "THN PAJAK": null, "NO PERSIL": null, "LUAS BUMI": null, "LUAS BNG S": null, "NJOP BUMI": null, "NJOP BNG S": null, "NJOP SPPT": null, "NJOPTKP SP": null, "NJKP SPPT": null, "PBB TERHUT": null, "FAKTOR PEN": null, "PBB YG HAR": null, "FLG SYNC": null, "JML KRG BA": null, "FLG BAYAR": null, "ALAMAT OP": null, "NM KELURAH": null, "NM KECAMAT": null }, "geometry": { "type": "MultiPolygon", "coordinates": [ [ [ [ 110.369198794785291, -7.788805748916139, 0.0 ], [ 110.369227481500786, -7.788776129669193, 0.0 ], [ 110.36925190037384, -7.788749940513233, 0.0 ], [ 110.369317771951572, -7.788808910231053, 0.0 ], [ 110.369262649624957, -7.788863087852172, 0.0 ], [ 110.369198794785291, -7.788805748916139, 0.0 ] ] ] ] } },
{ "type": "Feature", "properties": { "D_NOP": "347106000400700690", "D_LUAS": 67.35, "ASR": null, "KD PROPINS": null, "KD DATI2": null, "KD KECAMAT": null, "KD KELURAH": null, "KD BLOK": null, "NO URUT": null, "KD JNS OP": null, "THN PAJAK": null, "NO PERSIL": null, "LUAS BUMI": null, "LUAS BNG S": null, "NJOP BUMI": null, "NJOP BNG S": null, "NJOP SPPT": null, "NJOPTKP SP": null, "NJKP SPPT": null, "PBB TERHUT": null, "FAKTOR PEN": null, "PBB YG HAR": null, "FLG SYNC": null, "JML KRG BA": null, "FLG BAYAR": null, "ALAMAT OP": null, "NM KELURAH": null, "NM KECAMAT": null }, "geometry": { "type": "MultiPolygon", "coordinates": [ [ [ [ 110.368891502206623, -7.788758266502475, 0.0 ], [ 110.368950534317207, -7.788690077680154, 0.0 ], [ 110.368997215813252, -7.788729304541347, 0.0 ], [ 110.368934517790279, -7.788798482672592, 0.0 ], [ 110.368891502206623, -7.788758266502475, 0.0 ] ] ] ] } },
{ "type": "Feature", "properties": { "D_NOP": "347106000400700680", "D_LUAS": 30.42, "ASR": null, "KD PROPINS": null, "KD DATI2": null, "KD KECAMAT": null, "KD KELURAH": null, "KD BLOK": null, "NO URUT": null, "KD JNS OP": null, "THN PAJAK": null, "NO PERSIL": null, "LUAS BUMI": null, "LUAS BNG S": null, "NJOP BUMI": null, "NJOP BNG S": null, "NJOP SPPT": null, "NJOPTKP SP": null, "NJKP SPPT": null, "PBB TERHUT": null, "FAKTOR PEN": null, "PBB YG HAR": null, "FLG SYNC": null, "JML KRG BA": null, "FLG BAYAR": null, "ALAMAT OP": null, "NM KELURAH": null, "NM KECAMAT": null }, "geometry": { "type": "MultiPolygon", "coordinates": [ [ [ [ 110.369169969629837, -7.788777943172606, 0.0 ], [ 110.369198877585902, -7.788750404209569, 0.0 ], [ 110.369227481500786, -7.788776129669193, 0.0 ], [ 110.369198794785291, -7.788805748916139, 0.0 ], [ 110.369169969629837, -7.788777943172606, 0.0 ] ] ] ] } },
{ "type": "Feature", "properties": { "D_NOP": "347106000400700670", "D_LUAS": 26.38, "ASR": null, "KD PROPINS": null, "KD DATI2": null, "KD KECAMAT": null, "KD KELURAH": null, "KD BLOK": null, "NO URUT": null, "KD JNS OP": null, "THN PAJAK": null, "NO PERSIL": null, "LUAS BUMI": null, "LUAS BNG S": null, "NJOP BUMI": null, "NJOP BNG S": null, "NJOP SPPT": null, "NJOPTKP SP": null, "NJKP SPPT": null, "PBB TERHUT": null, "FAKTOR PEN": null, "PBB YG HAR": null, "FLG SYNC": null, "JML KRG BA": null, "FLG BAYAR": null, "ALAMAT OP": null, "NM KELURAH": null, "NM KECAMAT": null }, "geometry": { "type": "MultiPolygon", "coordinates": [ [ [ [ 110.369198877585902, -7.788750404209569, 0.0 ], [ 110.369224343572597, -7.788724126180676, 0.0 ], [ 110.36925190037384, -7.788749940513233, 0.0 ], [ 110.369227481500786, -7.788776129669193, 0.0 ], [ 110.369198877585902, -7.788750404209569, 0.0 ] ] ] ] } },
{ "type": "Feature", "properties": { "D_NOP": "347106000400700660", "D_LUAS": 190.31, "ASR": null, "KD PROPINS": null, "KD DATI2": null, "KD KECAMAT": null, "KD KELURAH": null, "KD BLOK": null, "NO URUT": null, "KD JNS OP": null, "THN PAJAK": null, "NO PERSIL": null, "LUAS BUMI": null, "LUAS BNG S": null, "NJOP BUMI": null, "NJOP BNG S": null, "NJOP SPPT": null, "NJOPTKP SP": null, "NJKP SPPT": null, "PBB TERHUT": null, "FAKTOR PEN": null, "PBB YG HAR": null, "FLG SYNC": null, "JML KRG BA": null, "FLG BAYAR": null, "ALAMAT OP": null, "NM KELURAH": null, "NM KECAMAT": null }, "geometry": { "type": "MultiPolygon", "coordinates": [ [ [ [ 110.369065901505579, -7.788706798597954, 0.0 ], [ 110.369140936442676, -7.788639266593519, 0.0 ], [ 110.369211126663245, -7.788710812902065, 0.0 ], [ 110.369138559329841, -7.788778529456474, 0.0 ], [ 110.369065901505579, -7.788706798597954, 0.0 ] ] ] ] } },
{ "type": "Feature", "properties": { "D_NOP": "347106000400700650", "D_LUAS": 189.2, "ASR": null, "KD PROPINS": null, "KD DATI2": null, "KD KECAMAT": null, "KD KELURAH": null, "KD BLOK": null, "NO URUT": null, "KD JNS OP": null, "THN PAJAK": null, "NO PERSIL": null, "LUAS BUMI": null, "LUAS BNG S": null, "NJOP BUMI": null, "NJOP BNG S": null, "NJOP SPPT": null, "NJOPTKP SP": null, "NJKP SPPT": null, "PBB TERHUT": null, "FAKTOR PEN": null, "PBB YG HAR": null, "FLG SYNC": null, "JML KRG BA": null, "FLG BAYAR": null, "ALAMAT OP": null, "NM KELURAH": null, "NM KECAMAT": null }, "geometry": { "type": "MultiPolygon", "coordinates": [ [ [ [ 110.368989882073606, -7.788632621041121, 0.0 ], [ 110.369069105325124, -7.788564823985427, 0.0 ], [ 110.369140936442676, -7.788639266593519, 0.0 ], [ 110.369065901505579, -7.788706798597954, 0.0 ], [ 110.368989882073606, -7.788632621041121, 0.0 ] ] ] ] } },
{ "type": "Feature", "properties": { "D_NOP": "347106000400700640", "D_LUAS": 141.39, "ASR": null, "KD PROPINS": null, "KD DATI2": null, "KD KECAMAT": null, "KD KELURAH": null, "KD BLOK": null, "NO URUT": null, "KD JNS OP": null, "THN PAJAK": null, "NO PERSIL": null, "LUAS BUMI": null, "LUAS BNG S": null, "NJOP BUMI": null, "NJOP BNG S": null, "NJOP SPPT": null, "NJOPTKP SP": null, "NJKP SPPT": null, "PBB TERHUT": null, "FAKTOR PEN": null, "PBB YG HAR": null, "FLG SYNC": null, "JML KRG BA": null, "FLG BAYAR": null, "ALAMAT OP": null, "NM KELURAH": null, "NM KECAMAT": null }, "geometry": { "type": "MultiPolygon", "coordinates": [ [ [ [ 110.368937042636105, -7.788560557933497, 0.0 ], [ 110.36901894741824, -7.788499909063884, 0.0 ], [ 110.369062235604446, -7.788557850440689, 0.0 ], [ 110.368979506701649, -7.788619492851304, 0.0 ], [ 110.368937042636105, -7.788560557933497, 0.0 ] ] ] ] } },
{ "type": "Feature", "properties": { "D_NOP": "347106000400700630", "D_LUAS": 150.11, "ASR": null, "KD PROPINS": null, "KD DATI2": null, "KD KECAMAT": null, "KD KELURAH": null, "KD BLOK": null, "NO URUT": null, "KD JNS OP": null, "THN PAJAK": null, "NO PERSIL": null, "LUAS BUMI": null, "LUAS BNG S": null, "NJOP BUMI": null, "NJOP BNG S": null, "NJOP SPPT": null, "NJOPTKP SP": null, "NJKP SPPT": null, "PBB TERHUT": null, "FAKTOR PEN": null, "PBB YG HAR": null, "FLG SYNC": null, "JML KRG BA": null, "FLG BAYAR": null, "ALAMAT OP": null, "NM KELURAH": null, "NM KECAMAT": null }, "geometry": { "type": "MultiPolygon", "coordinates": [ [ [ [ 110.3688906209794, -7.788497638080365, 0.0 ], [ 110.368976564096485, -7.788436995230469, 0.0 ], [ 110.36901894741824, -7.788499909063884, 0.0 ], [ 110.368937042636105, -7.788560557933497, 0.0 ], [ 110.3688906209794, -7.788497638080365, 0.0 ] ] ] ] } },
{ "type": "Feature", "properties": { "D_NOP": "347106000400700620", "D_LUAS": 158.61, "ASR": null, "KD PROPINS": null, "KD DATI2": null, "KD KECAMAT": null, "KD KELURAH": null, "KD BLOK": null, "NO URUT": null, "KD JNS OP": null, "THN PAJAK": null, "NO PERSIL": null, "LUAS BUMI": null, "LUAS BNG S": null, "NJOP BUMI": null, "NJOP BNG S": null, "NJOP SPPT": null, "NJOPTKP SP": null, "NJKP SPPT": null, "PBB TERHUT": null, "FAKTOR PEN": null, "PBB YG HAR": null, "FLG SYNC": null, "JML KRG BA": null, "FLG BAYAR": null, "ALAMAT OP": null, "NM KELURAH": null, "NM KECAMAT": null }, "geometry": { "type": "MultiPolygon", "coordinates": [ [ [ [ 110.368845250239303, -7.788432097238752, 0.0 ], [ 110.368893163367687, -7.78839789457015, 0.0 ], [ 110.368933662306063, -7.788370734610949, 0.0 ], [ 110.368976564096485, -7.788436995230469, 0.0 ], [ 110.3688906209794, -7.788497638080365, 0.0 ], [ 110.368845250239303, -7.788432097238752, 0.0 ] ] ] ] } },
{ "type": "Feature", "properties": { "D_NOP": "347106000400700610", "D_LUAS": 44.46, "ASR": null, "KD PROPINS": null, "KD DATI2": null, "KD KECAMAT": null, "KD KELURAH": null, "KD BLOK": null, "NO URUT": null, "KD JNS OP": null, "THN PAJAK": null, "NO PERSIL": null, "LUAS BUMI": null, "LUAS BNG S": null, "NJOP BUMI": null, "NJOP BNG S": null, "NJOP SPPT": null, "NJOPTKP SP": null, "NJKP SPPT": null, "PBB TERHUT": null, "FAKTOR PEN": null, "PBB YG HAR": null, "FLG SYNC": null, "JML KRG BA": null, "FLG BAYAR": null, "ALAMAT OP": null, "NM KELURAH": null, "NM KECAMAT": null }, "geometry": { "type": "MultiPolygon", "coordinates": [ [ [ [ 110.368826914129301, -7.788391465645197, 0.0 ], [ 110.368870703164902, -7.78836458188909, 0.0 ], [ 110.368893163367687, -7.78839789457015, 0.0 ], [ 110.368845250239303, -7.788432097238752, 0.0 ], [ 110.368826914129301, -7.788391465645197, 0.0 ] ] ] ] } },
{ "type": "Feature", "properties": { "D_NOP": "347106000400700600", "D_LUAS": 32.92, "ASR": null, "KD PROPINS": null, "KD DATI2": null, "KD KECAMAT": null, "KD KELURAH": null, "KD BLOK": null, "NO URUT": null, "KD JNS OP": null, "THN PAJAK": null, "NO PERSIL": null, "LUAS BUMI": null, "LUAS BNG S": null, "NJOP BUMI": null, "NJOP BNG S": null, "NJOP SPPT": null, "NJOPTKP SP": null, "NJKP SPPT": null, "PBB TERHUT": null, "FAKTOR PEN": null, "PBB YG HAR": null, "FLG SYNC": null, "JML KRG BA": null, "FLG BAYAR": null, "ALAMAT OP": null, "NM KELURAH": null, "NM KECAMAT": null }, "geometry": { "type": "MultiPolygon", "coordinates": [ [ [ [ 110.368870703164902, -7.78836458188909, 0.0 ], [ 110.368912245965433, -7.788339503438557, 0.0 ], [ 110.368933662306063, -7.788370734610949, 0.0 ], [ 110.368893163367687, -7.78839789457015, 0.0 ], [ 110.368870703164902, -7.78836458188909, 0.0 ] ] ] ] } },
{ "type": "Feature", "properties": { "D_NOP": "347106000400700590", "D_LUAS": 103.54, "ASR": null, "KD PROPINS": null, "KD DATI2": null, "KD KECAMAT": null, "KD KELURAH": null, "KD BLOK": null, "NO URUT": null, "KD JNS OP": null, "THN PAJAK": null, "NO PERSIL": null, "LUAS BUMI": null, "LUAS BNG S": null, "NJOP BUMI": null, "NJOP BNG S": null, "NJOP SPPT": null, "NJOPTKP SP": null, "NJKP SPPT": null, "PBB TERHUT": null, "FAKTOR PEN": null, "PBB YG HAR": null, "FLG SYNC": null, "JML KRG BA": null, "FLG BAYAR": null, "ALAMAT OP": null, "NM KELURAH": null, "NM KECAMAT": null }, "geometry": { "type": "MultiPolygon", "coordinates": [ [ [ [ 110.368775974674946, -7.788299148420123, 0.0 ], [ 110.368823496274288, -7.788276701429591, 0.0 ], [ 110.368869445779026, -7.788255337285502, 0.0 ], [ 110.368906955785278, -7.788326473250556, 0.0 ], [ 110.368817144486201, -7.788373364554191, 0.0 ], [ 110.368775974674946, -7.788299148420123, 0.0 ] ] ] ] } },
{ "type": "Feature", "properties": { "D_NOP": "347106000400700580", "D_LUAS": 25.57, "ASR": null, "KD PROPINS": null, "KD DATI2": null, "KD KECAMAT": null, "KD KELURAH": null, "KD BLOK": null, "NO URUT": null, "KD JNS OP": null, "THN PAJAK": null, "NO PERSIL": null, "LUAS BUMI": null, "LUAS BNG S": null, "NJOP BUMI": null, "NJOP BNG S": null, "NJOP SPPT": null, "NJOPTKP SP": null, "NJKP SPPT": null, "PBB TERHUT": null, "FAKTOR PEN": null, "PBB YG HAR": null, "FLG SYNC": null, "JML KRG BA": null, "FLG BAYAR": null, "ALAMAT OP": null, "NM KELURAH": null, "NM KECAMAT": null }, "geometry": { "type": "MultiPolygon", "coordinates": [ [ [ [ 110.368775974674946, -7.788299148420123, 0.0 ], [ 110.36875605917588, -7.788264483032233, 0.0 ], [ 110.36880343093317, -7.788242216686016, 0.0 ], [ 110.368823496274288, -7.788276701429591, 0.0 ], [ 110.368775974674946, -7.788299148420123, 0.0 ] ] ] ] } },
{ "type": "Feature", "properties": { "D_NOP": "347106000400700570", "D_LUAS": 26.72, "ASR": null, "KD PROPINS": null, "KD DATI2": null, "KD KECAMAT": null, "KD KELURAH": null, "KD BLOK": null, "NO URUT": null, "KD JNS OP": null, "THN PAJAK": null, "NO PERSIL": null, "LUAS BUMI": null, "LUAS BNG S": null, "NJOP BUMI": null, "NJOP BNG S": null, "NJOP SPPT": null, "NJOPTKP SP": null, "NJKP SPPT": null, "PBB TERHUT": null, "FAKTOR PEN": null, "PBB YG HAR": null, "FLG SYNC": null, "JML KRG BA": null, "FLG BAYAR": null, "ALAMAT OP": null, "NM KELURAH": null, "NM KECAMAT": null }, "geometry": { "type": "MultiPolygon", "coordinates": [ [ [ [ 110.368823496274288, -7.788276701429591, 0.0 ], [ 110.36880343093317, -7.788242216686016, 0.0 ], [ 110.368852228997483, -7.788216335148613, 0.0 ], [ 110.368869445779026, -7.788255337285502, 0.0 ], [ 110.368823496274288, -7.788276701429591, 0.0 ] ] ] ] } },
{ "type": "Feature", "properties": { "D_NOP": "347106000400700560", "D_LUAS": 51.67, "ASR": null, "KD PROPINS": null, "KD DATI2": null, "KD KECAMAT": null, "KD KELURAH": null, "KD BLOK": null, "NO URUT": null, "KD JNS OP": null, "THN PAJAK": null, "NO PERSIL": null, "LUAS BUMI": null, "LUAS BNG S": null, "NJOP BUMI": null, "NJOP BNG S": null, "NJOP SPPT": null, "NJOPTKP SP": null, "NJKP SPPT": null, "PBB TERHUT": null, "FAKTOR PEN": null, "PBB YG HAR": null, "FLG SYNC": null, "JML KRG BA": null, "FLG BAYAR": null, "ALAMAT OP": null, "NM KELURAH": null, "NM KECAMAT": null }, "geometry": { "type": "MultiPolygon", "coordinates": [ [ [ [ 110.368707697659019, -7.788198575994485, 0.0 ], [ 110.368812911873434, -7.788153425867174, 0.0 ], [ 110.368824075336164, -7.788189615578188, 0.0 ], [ 110.368720135014954, -7.788233049382845, 0.0 ], [ 110.368707697659019, -7.788198575994485, 0.0 ] ] ] ] } },
{ "type": "Feature", "properties": { "D_NOP": "347106000400700550", "D_LUAS": 41.11, "ASR": null, "KD PROPINS": null, "KD DATI2": null, "KD KECAMAT": null, "KD KELURAH": null, "KD BLOK": null, "NO URUT": null, "KD JNS OP": null, "THN PAJAK": null, "NO PERSIL": null, "LUAS BUMI": null, "LUAS BNG S": null, "NJOP BUMI": null, "NJOP BNG S": null, "NJOP SPPT": null, "NJOPTKP SP": null, "NJKP SPPT": null, "PBB TERHUT": null, "FAKTOR PEN": null, "PBB YG HAR": null, "FLG SYNC": null, "JML KRG BA": null, "FLG BAYAR": null, "ALAMAT OP": null, "NM KELURAH": null, "NM KECAMAT": null }, "geometry": { "type": "MultiPolygon", "coordinates": [ [ [ [ 110.368703809196546, -7.78809846117989, 0.0 ], [ 110.368757535143644, -7.788077832088692, 0.0 ], [ 110.368776821497562, -7.788133115200425, 0.0 ], [ 110.368731329371698, -7.788148692322079, 0.0 ], [ 110.368719586108782, -7.788150121758648, 0.0 ], [ 110.368703809196546, -7.78809846117989, 0.0 ] ] ] ] } },
{ "type": "Feature", "properties": { "D_NOP": "347106000400700540", "D_LUAS": 26.98, "ASR": null, "KD PROPINS": "34", "KD DATI2": "71", "KD KECAMAT": "060", "KD KELURAH": "004", "KD BLOK": "007", "NO URUT": "0054", "KD JNS OP": "0", "THN PAJAK": "2023", "NO PERSIL": null, "LUAS BUMI": "18", "LUAS BNG S": 36, "NJOP BUMI": 173610000.0, "NJOP BNG S": 18180000.0, "NJOP SPPT": 191790000.0, "NJOPTKP SP": 20000000.0, "NJKP SPPT": 0, "PBB TERHUT": 85895, "FAKTOR PEN": 21701.0, "PBB YG HAR": 64194, "FLG SYNC": "0", "JML KRG BA": "0", "FLG BAYAR": "0", "ALAMAT OP": "JL ACHMAD JAZULI 35 RW 04 RT 021", "NM KELURAH": "KOTABARU", "NM KECAMAT": "GONDOKUSUMAN" }, "geometry": { "type": "MultiPolygon", "coordinates": [ [ [ [ 110.368757535143644, -7.788077832088692, 0.0 ], [ 110.368792478243876, -7.78806522353675, 0.0 ], [ 110.368812528145071, -7.788110017588032, 0.0 ], [ 110.368811547965791, -7.788115351659387, 0.0 ], [ 110.368776821497562, -7.788133115200425, 0.0 ], [ 110.368757535143644, -7.788077832088692, 0.0 ] ] ] ] } },
{ "type": "Feature", "properties": { "D_NOP": "347106000400700530", "D_LUAS": 63.74, "ASR": null, "KD PROPINS": null, "KD DATI2": null, "KD KECAMAT": null, "KD KELURAH": null, "KD BLOK": null, "NO URUT": null, "KD JNS OP": null, "THN PAJAK": null, "NO PERSIL": null, "LUAS BUMI": null, "LUAS BNG S": null, "NJOP BUMI": null, "NJOP BNG S": null, "NJOP SPPT": null, "NJOPTKP SP": null, "NJKP SPPT": null, "PBB TERHUT": null, "FAKTOR PEN": null, "PBB YG HAR": null, "FLG SYNC": null, "JML KRG BA": null, "FLG BAYAR": null, "ALAMAT OP": null, "NM KELURAH": null, "NM KECAMAT": null }, "geometry": { "type": "MultiPolygon", "coordinates": [ [ [ [ 110.368684220603512, -7.788045257568162, 0.0 ], [ 110.368774231421185, -7.788014915773299, 0.0 ], [ 110.368792478243876, -7.78806522353675, 0.0 ], [ 110.368757535143644, -7.788077832088692, 0.0 ], [ 110.368703809196546, -7.78809846117989, 0.0 ], [ 110.368684220603512, -7.788045257568162, 0.0 ] ] ] ] } },
{ "type": "Feature", "properties": { "D_NOP": "347106000400700520", "D_LUAS": 65.47, "ASR": null, "KD PROPINS": null, "KD DATI2": null, "KD KECAMAT": null, "KD KELURAH": null, "KD BLOK": null, "NO URUT": null, "KD JNS OP": null, "THN PAJAK": null, "NO PERSIL": null, "LUAS BUMI": null, "LUAS BNG S": null, "NJOP BUMI": null, "NJOP BNG S": null, "NJOP SPPT": null, "NJOPTKP SP": null, "NJKP SPPT": null, "PBB TERHUT": null, "FAKTOR PEN": null, "PBB YG HAR": null, "FLG SYNC": null, "JML KRG BA": null, "FLG BAYAR": null, "ALAMAT OP": null, "NM KELURAH": null, "NM KECAMAT": null }, "geometry": { "type": "MultiPolygon", "coordinates": [ [ [ [ 110.36866575228602, -7.787993050384051, 0.0 ], [ 110.368710351455903, -7.787974487658613, 0.0 ], [ 110.368750529700776, -7.787961706039724, 0.0 ], [ 110.368774231421185, -7.788014915773299, 0.0 ], [ 110.368684220603512, -7.788045257568162, 0.0 ], [ 110.36866575228602, -7.787993050384051, 0.0 ] ] ] ] } },
{ "type": "Feature", "properties": { "D_NOP": "347106000400700510", "D_LUAS": 30.37, "ASR": null, "KD PROPINS": null, "KD DATI2": null, "KD KECAMAT": null, "KD KELURAH": null, "KD BLOK": null, "NO URUT": null, "KD JNS OP": null, "THN PAJAK": null, "NO PERSIL": null, "LUAS BUMI": null, "LUAS BNG S": null, "NJOP BUMI": null, "NJOP BNG S": null, "NJOP SPPT": null, "NJOPTKP SP": null, "NJKP SPPT": null, "PBB TERHUT": null, "FAKTOR PEN": null, "PBB YG HAR": null, "FLG SYNC": null, "JML KRG BA": null, "FLG BAYAR": null, "ALAMAT OP": null, "NM KELURAH": null, "NM KECAMAT": null }, "geometry": { "type": "MultiPolygon", "coordinates": [ [ [ [ 110.36866575228602, -7.787993050384051, 0.0 ], [ 110.368647277879688, -7.787944912662834, 0.0 ], [ 110.368693072235331, -7.787927256046006, 0.0 ], [ 110.368710351455903, -7.787974487658613, 0.0 ], [ 110.36866575228602, -7.787993050384051, 0.0 ] ] ] ] } },
{ "type": "Feature", "properties": { "D_NOP": "347106000400700500", "D_LUAS": 25.05, "ASR": null, "KD PROPINS": null, "KD DATI2": null, "KD KECAMAT": null, "KD KELURAH": null, "KD BLOK": null, "NO URUT": null, "KD JNS OP": null, "THN PAJAK": null, "NO PERSIL": null, "LUAS BUMI": null, "LUAS BNG S": null, "NJOP BUMI": null, "NJOP BNG S": null, "NJOP SPPT": null, "NJOPTKP SP": null, "NJKP SPPT": null, "PBB TERHUT": null, "FAKTOR PEN": null, "PBB YG HAR": null, "FLG SYNC": null, "JML KRG BA": null, "FLG BAYAR": null, "ALAMAT OP": null, "NM KELURAH": null, "NM KECAMAT": null }, "geometry": { "type": "MultiPolygon", "coordinates": [ [ [ [ 110.368710351455903, -7.787974487658613, 0.0 ], [ 110.368693072235331, -7.787927256046006, 0.0 ], [ 110.368731827007494, -7.787916190530549, 0.0 ], [ 110.368750529700776, -7.787961706039724, 0.0 ], [ 110.368710351455903, -7.787974487658613, 0.0 ] ] ] ] } },
{ "type": "Feature", "properties": { "D_NOP": "347106000400700490", "D_LUAS": 39.61, "ASR": null, "KD PROPINS": null, "KD DATI2": null, "KD KECAMAT": null, "KD KELURAH": null, "KD BLOK": null, "NO URUT": null, "KD JNS OP": null, "THN PAJAK": null, "NO PERSIL": null, "LUAS BUMI": null, "LUAS BNG S": null, "NJOP BUMI": null, "NJOP BNG S": null, "NJOP SPPT": null, "NJOPTKP SP": null, "NJKP SPPT": null, "PBB TERHUT": null, "FAKTOR PEN": null, "PBB YG HAR": null, "FLG SYNC": null, "JML KRG BA": null, "FLG BAYAR": null, "ALAMAT OP": null, "NM KELURAH": null, "NM KECAMAT": null }, "geometry": { "type": "MultiPolygon", "coordinates": [ [ [ [ 110.368648322871408, -7.787846342551188, 0.0 ], [ 110.36870623127605, -7.787829337001518, 0.0 ], [ 110.368718866305144, -7.787881625930652, 0.0 ], [ 110.368659314270033, -7.787897543841101, 0.0 ], [ 110.368648322871408, -7.787846342551188, 0.0 ] ] ] ] } },
{ "type": "Feature", "properties": { "D_NOP": "347106000400700480", "D_LUAS": 57.43, "ASR": null, "KD PROPINS": null, "KD DATI2": null, "KD KECAMAT": null, "KD KELURAH": null, "KD BLOK": null, "NO URUT": null, "KD JNS OP": null, "THN PAJAK": null, "NO PERSIL": null, "LUAS BUMI": null, "LUAS BNG S": null, "NJOP BUMI": null, "NJOP BNG S": null, "NJOP SPPT": null, "NJOPTKP SP": null, "NJKP SPPT": null, "PBB TERHUT": null, "FAKTOR PEN": null, "PBB YG HAR": null, "FLG SYNC": null, "JML KRG BA": null, "FLG BAYAR": null, "ALAMAT OP": null, "NM KELURAH": null, "NM KECAMAT": null }, "geometry": { "type": "MultiPolygon", "coordinates": [ [ [ [ 110.368605388013606, -7.787802237873191, 0.0 ], [ 110.368689328011342, -7.787780749457905, 0.0 ], [ 110.36870623127605, -7.787829337001518, 0.0 ], [ 110.368648322871408, -7.787846342551188, 0.0 ], [ 110.36861862170764, -7.78785425639777, 0.0 ], [ 110.368605388013606, -7.787802237873191, 0.0 ] ] ] ] } },
{ "type": "Feature", "properties": { "D_NOP": "347106000400700470", "D_LUAS": 51.0, "ASR": null, "KD PROPINS": "34", "KD DATI2": "71", "KD KECAMAT": "060", "KD KELURAH": "004", "KD BLOK": "007", "NO URUT": "0047", "KD JNS OP": "0", "THN PAJAK": "2023", "NO PERSIL": null, "LUAS BUMI": "60", "LUAS BNG S": 114, "NJOP BUMI": 578700000.0, "NJOP BNG S": 93822000.0, "NJOP SPPT": 672522000.0, "NJOPTKP SP": 20000000.0, "NJKP SPPT": 0, "PBB TERHUT": 326261, "FAKTOR PEN": 72337.0, "PBB YG HAR": 253924, "FLG SYNC": "0", "JML KRG BA": "0", "FLG BAYAR": "0", "ALAMAT OP": "JL ACHMAD JAZULI 47 RW 04 RT 021", "NM KELURAH": "KOTABARU", "NM KECAMAT": "GONDOKUSUMAN" }, "geometry": { "type": "MultiPolygon", "coordinates": [ [ [ [ 110.368592963676278, -7.787759082960535, 0.0 ], [ 110.368633442121876, -7.787745578336612, 0.0 ], [ 110.368676761814882, -7.787732439670522, 0.0 ], [ 110.368689328011342, -7.787780749457905, 0.0 ], [ 110.368605388013606, -7.787802237873191, 0.0 ], [ 110.368592963676278, -7.787759082960535, 0.0 ] ] ] ] } },
{ "type": "Feature", "properties": { "D_NOP": "347106000400700460", "D_LUAS": 28.46, "ASR": null, "KD PROPINS": null, "KD DATI2": null, "KD KECAMAT": null, "KD KELURAH": null, "KD BLOK": null, "NO URUT": null, "KD JNS OP": null, "THN PAJAK": null, "NO PERSIL": null, "LUAS BUMI": null, "LUAS BNG S": null, "NJOP BUMI": null, "NJOP BNG S": null, "NJOP SPPT": null, "NJOPTKP SP": null, "NJKP SPPT": null, "PBB TERHUT": null, "FAKTOR PEN": null, "PBB YG HAR": null, "FLG SYNC": null, "JML KRG BA": null, "FLG BAYAR": null, "ALAMAT OP": null, "NM KELURAH": null, "NM KECAMAT": null }, "geometry": { "type": "MultiPolygon", "coordinates": [ [ [ [ 110.368592963676278, -7.787759082960535, 0.0 ], [ 110.368578835558822, -7.787705073583389, 0.0 ], [ 110.368624465428013, -7.787697364326529, 0.0 ], [ 110.368633442121876, -7.787745578336612, 0.0 ], [ 110.368592963676278, -7.787759082960535, 0.0 ] ] ] ] } },
{ "type": "Feature", "properties": { "D_NOP": "347106000400700450", "D_LUAS": 25.45, "ASR": null, "KD PROPINS": null, "KD DATI2": null, "KD KECAMAT": null, "KD KELURAH": null, "KD BLOK": null, "NO URUT": null, "KD JNS OP": null, "THN PAJAK": null, "NO PERSIL": null, "LUAS BUMI": null, "LUAS BNG S": null, "NJOP BUMI": null, "NJOP BNG S": null, "NJOP SPPT": null, "NJOPTKP SP": null, "NJKP SPPT": null, "PBB TERHUT": null, "FAKTOR PEN": null, "PBB YG HAR": null, "FLG SYNC": null, "JML KRG BA": null, "FLG BAYAR": null, "ALAMAT OP": null, "NM KELURAH": null, "NM KECAMAT": null }, "geometry": { "type": "MultiPolygon", "coordinates": [ [ [ [ 110.368624465428013, -7.787697364326529, 0.0 ], [ 110.368654913878572, -7.787689813322348, 0.0 ], [ 110.36866635569109, -7.787689920793923, 0.0 ], [ 110.368676761814882, -7.787732439670522, 0.0 ], [ 110.368633442121876, -7.787745578336612, 0.0 ], [ 110.368624465428013, -7.787697364326529, 0.0 ] ] ] ] } },
{ "type": "Feature", "properties": { "D_NOP": "347106000400700440", "D_LUAS": 23.4, "ASR": null, "KD PROPINS": null, "KD DATI2": null, "KD KECAMAT": null, "KD KELURAH": null, "KD BLOK": null, "NO URUT": null, "KD JNS OP": null, "THN PAJAK": null, "NO PERSIL": null, "LUAS BUMI": null, "LUAS BNG S": null, "NJOP BUMI": null, "NJOP BNG S": null, "NJOP SPPT": null, "NJOPTKP SP": null, "NJKP SPPT": null, "PBB TERHUT": null, "FAKTOR PEN": null, "PBB YG HAR": null, "FLG SYNC": null, "JML KRG BA": null, "FLG BAYAR": null, "ALAMAT OP": null, "NM KELURAH": null, "NM KECAMAT": null }, "geometry": { "type": "MultiPolygon", "coordinates": [ [ [ [ 110.368600194717231, -7.787624620271094, 0.0 ], [ 110.368649338881966, -7.787617277975545, 0.0 ], [ 110.368657587234424, -7.787652468588487, 0.0 ], [ 110.368606344375436, -7.787662972904396, 0.0 ], [ 110.368600194717231, -7.787624620271094, 0.0 ] ] ] ] } },
{ "type": "Feature", "properties": { "D_NOP": "347106000400700430", "D_LUAS": 40.53, "ASR": null, "KD PROPINS": null, "KD DATI2": null, "KD KECAMAT": null, "KD KELURAH": null, "KD BLOK": null, "NO URUT": null, "KD JNS OP": null, "THN PAJAK": null, "NO PERSIL": null, "LUAS BUMI": null, "LUAS BNG S": null, "NJOP BUMI": null, "NJOP BNG S": null, "NJOP SPPT": null, "NJOPTKP SP": null, "NJKP SPPT": null, "PBB TERHUT": null, "FAKTOR PEN": null, "PBB YG HAR": null, "FLG SYNC": null, "JML KRG BA": null, "FLG BAYAR": null, "ALAMAT OP": null, "NM KELURAH": null, "NM KECAMAT": null }, "geometry": { "type": "MultiPolygon", "coordinates": [ [ [ [ 110.368549082164535, -7.787598047358148, 0.0 ], [ 110.368644607136602, -7.787580916974005, 0.0 ], [ 110.368649338881966, -7.787617277975545, 0.0 ], [ 110.368600194717231, -7.787624620271094, 0.0 ], [ 110.368554496707063, -7.787627898221052, 0.0 ], [ 110.368549082164535, -7.787598047358148, 0.0 ] ] ] ] } },
{ "type": "Feature", "properties": { "D_NOP": "347106000400700420", "D_LUAS": 58.62, "ASR": null, "KD PROPINS": null, "KD DATI2": null, "KD KECAMAT": null, "KD KELURAH": null, "KD BLOK": null, "NO URUT": null, "KD JNS OP": null, "THN PAJAK": null, "NO PERSIL": null, "LUAS BUMI": null, "LUAS BNG S": null, "NJOP BUMI": null, "NJOP BNG S": null, "NJOP SPPT": null, "NJOPTKP SP": null, "NJKP SPPT": null, "PBB TERHUT": null, "FAKTOR PEN": null, "PBB YG HAR": null, "FLG SYNC": null, "JML KRG BA": null, "FLG BAYAR": null, "ALAMAT OP": null, "NM KELURAH": null, "NM KECAMAT": null }, "geometry": { "type": "MultiPolygon", "coordinates": [ [ [ [ 110.368542876279875, -7.787547305357659, 0.0 ], [ 110.368635481146342, -7.787532521876188, 0.0 ], [ 110.368644607136602, -7.787580916974005, 0.0 ], [ 110.368549082164535, -7.787598047358148, 0.0 ], [ 110.368542876279875, -7.787547305357659, 0.0 ] ] ] ] } },
{ "type": "Feature", "properties": { "D_NOP": "347106000400700410", "D_LUAS": 36.48, "ASR": null, "KD PROPINS": null, "KD DATI2": null, "KD KECAMAT": null, "KD KELURAH": null, "KD BLOK": null, "NO URUT": null, "KD JNS OP": null, "THN PAJAK": null, "NO PERSIL": null, "LUAS BUMI": null, "LUAS BNG S": null, "NJOP BUMI": null, "NJOP BNG S": null, "NJOP SPPT": null, "NJOPTKP SP": null, "NJKP SPPT": null, "PBB TERHUT": null, "FAKTOR PEN": null, "PBB YG HAR": null, "FLG SYNC": null, "JML KRG BA": null, "FLG BAYAR": null, "ALAMAT OP": null, "NM KELURAH": null, "NM KECAMAT": null }, "geometry": { "type": "MultiPolygon", "coordinates": [ [ [ [ 110.368536516224268, -7.787499637840011, 0.0 ], [ 110.368565989761976, -7.787493894043541, 0.0 ], [ 110.36856931712498, -7.787519220161656, 0.0 ], [ 110.36863125461187, -7.787508370044648, 0.0 ], [ 110.368635481146342, -7.787532521876188, 0.0 ], [ 110.368542876279875, -7.787547305357659, 0.0 ], [ 110.368536516224268, -7.787499637840011, 0.0 ] ] ] ] } },
{ "type": "Feature", "properties": { "D_NOP": "347106000400700400", "D_LUAS": 43.54, "ASR": null, "KD PROPINS": null, "KD DATI2": null, "KD KECAMAT": null, "KD KELURAH": null, "KD BLOK": null, "NO URUT": null, "KD JNS OP": null, "THN PAJAK": null, "NO PERSIL": null, "LUAS BUMI": null, "LUAS BNG S": null, "NJOP BUMI": null, "NJOP BNG S": null, "NJOP SPPT": null, "NJOPTKP SP": null, "NJKP SPPT": null, "PBB TERHUT": null, "FAKTOR PEN": null, "PBB YG HAR": null, "FLG SYNC": null, "JML KRG BA": null, "FLG BAYAR": null, "ALAMAT OP": null, "NM KELURAH": null, "NM KECAMAT": null }, "geometry": { "type": "MultiPolygon", "coordinates": [ [ [ [ 110.368533405496464, -7.787479466709642, 0.0 ], [ 110.368623772381227, -7.78746097215451, 0.0 ], [ 110.36863125461187, -7.787508370044648, 0.0 ], [ 110.36856931712498, -7.787519220161656, 0.0 ], [ 110.368565989761976, -7.787493894043541, 0.0 ], [ 110.368536516224268, -7.787499637840011, 0.0 ], [ 110.368533405496464, -7.787479466709642, 0.0 ] ] ] ] } },
{ "type": "Feature", "properties": { "D_NOP": "347106000400700390", "D_LUAS": 43.36, "ASR": null, "KD PROPINS": null, "KD DATI2": null, "KD KECAMAT": null, "KD KELURAH": null, "KD BLOK": null, "NO URUT": null, "KD JNS OP": null, "THN PAJAK": null, "NO PERSIL": null, "LUAS BUMI": null, "LUAS BNG S": null, "NJOP BUMI": null, "NJOP BNG S": null, "NJOP SPPT": null, "NJOPTKP SP": null, "NJKP SPPT": null, "PBB TERHUT": null, "FAKTOR PEN": null, "PBB YG HAR": null, "FLG SYNC": null, "JML KRG BA": null, "FLG BAYAR": null, "ALAMAT OP": null, "NM KELURAH": null, "NM KECAMAT": null }, "geometry": { "type": "MultiPolygon", "coordinates": [ [ [ [ 110.368533405496464, -7.787479466709642, 0.0 ], [ 110.368528081042399, -7.787439397083044, 0.0 ], [ 110.36861904036796, -7.787424792017777, 0.0 ], [ 110.368623772381227, -7.78746097215451, 0.0 ], [ 110.368533405496464, -7.787479466709642, 0.0 ] ] ] ] } },
{ "type": "Feature", "properties": { "D_NOP": "347106000400700380", "D_LUAS": 36.35, "ASR": null, "KD PROPINS": null, "KD DATI2": null, "KD KECAMAT": null, "KD KELURAH": null, "KD BLOK": null, "NO URUT": null, "KD JNS OP": null, "THN PAJAK": null, "NO PERSIL": null, "LUAS BUMI": null, "LUAS BNG S": null, "NJOP BUMI": null, "NJOP BNG S": null, "NJOP SPPT": null, "NJOPTKP SP": null, "NJKP SPPT": null, "PBB TERHUT": null, "FAKTOR PEN": null, "PBB YG HAR": null, "FLG SYNC": null, "JML KRG BA": null, "FLG BAYAR": null, "ALAMAT OP": null, "NM KELURAH": null, "NM KECAMAT": null }, "geometry": { "type": "MultiPolygon", "coordinates": [ [ [ [ 110.368545920067845, -7.787362465405418, 0.0 ], [ 110.368609194028991, -7.787358038003737, 0.0 ], [ 110.36861368733733, -7.787403803653857, 0.0 ], [ 110.368551905391641, -7.78741067496137, 0.0 ], [ 110.368545920067845, -7.787362465405418, 0.0 ] ] ] ] } },
{ "type": "Feature", "properties": { "D_NOP": "347106000400700370", "D_LUAS": 30.89, "ASR": null, "KD PROPINS": null, "KD DATI2": null, "KD KECAMAT": null, "KD KELURAH": null, "KD BLOK": null, "NO URUT": null, "KD JNS OP": null, "THN PAJAK": null, "NO PERSIL": null, "LUAS BUMI": null, "LUAS BNG S": null, "NJOP BUMI": null, "NJOP BNG S": null, "NJOP SPPT": null, "NJOPTKP SP": null, "NJKP SPPT": null, "PBB TERHUT": null, "FAKTOR PEN": null, "PBB YG HAR": null, "FLG SYNC": null, "JML KRG BA": null, "FLG BAYAR": null, "ALAMAT OP": null, "NM KELURAH": null, "NM KECAMAT": null }, "geometry": { "type": "MultiPolygon", "coordinates": [ [ [ [ 110.368542014340818, -7.78732384481539, 0.0 ], [ 110.368603123895539, -7.787316520343329, 0.0 ], [ 110.368609194028991, -7.787358038003737, 0.0 ], [ 110.368545920067845, -7.787362465405418, 0.0 ], [ 110.368542014340818, -7.78732384481539, 0.0 ] ] ] ] } },
{ "type": "Feature", "properties": { "D_NOP": "347106000400700360", "D_LUAS": 31.59, "ASR": null, "KD PROPINS": null, "KD DATI2": null, "KD KECAMAT": null, "KD KELURAH": null, "KD BLOK": null, "NO URUT": null, "KD JNS OP": null, "THN PAJAK": null, "NO PERSIL": null, "LUAS BUMI": null, "LUAS BNG S": null, "NJOP BUMI": null, "NJOP BNG S": null, "NJOP SPPT": null, "NJOPTKP SP": null, "NJKP SPPT": null, "PBB TERHUT": null, "FAKTOR PEN": null, "PBB YG HAR": null, "FLG SYNC": null, "JML KRG BA": null, "FLG BAYAR": null, "ALAMAT OP": null, "NM KELURAH": null, "NM KECAMAT": null }, "geometry": { "type": "MultiPolygon", "coordinates": [ [ [ [ 110.368537291272347, -7.787281696131754, 0.0 ], [ 110.368597428494851, -7.787274460644574, 0.0 ], [ 110.368599641547405, -7.787294811303374, 0.0 ], [ 110.368603123895539, -7.787316520343329, 0.0 ], [ 110.368542014340818, -7.78732384481539, 0.0 ], [ 110.368537291272347, -7.787281696131754, 0.0 ] ] ] ] } },
{ "type": "Feature", "properties": { "D_NOP": "347106000400700350", "D_LUAS": 47.4, "ASR": null, "KD PROPINS": null, "KD DATI2": null, "KD KECAMAT": null, "KD KELURAH": null, "KD BLOK": null, "NO URUT": null, "KD JNS OP": null, "THN PAJAK": null, "NO PERSIL": null, "LUAS BUMI": null, "LUAS BNG S": null, "NJOP BUMI": null, "NJOP BNG S": null, "NJOP SPPT": null, "NJOPTKP SP": null, "NJKP SPPT": null, "PBB TERHUT": null, "FAKTOR PEN": null, "PBB YG HAR": null, "FLG SYNC": null, "JML KRG BA": null, "FLG BAYAR": null, "ALAMAT OP": null, "NM KELURAH": null, "NM KECAMAT": null }, "geometry": { "type": "MultiPolygon", "coordinates": [ [ [ [ 110.368514703014057, -7.78728401373924, 0.0 ], [ 110.368510044846985, -7.787248466740942, 0.0 ], [ 110.368591346718858, -7.787240720181002, 0.0 ], [ 110.368597219443089, -7.787264241435365, 0.0 ], [ 110.368631103047235, -7.787259951124192, 0.0 ], [ 110.368630089020868, -7.787287893326224, 0.0 ], [ 110.368599641547405, -7.787294811303374, 0.0 ], [ 110.368597428494851, -7.787274460644574, 0.0 ], [ 110.368514703014057, -7.78728401373924, 0.0 ] ] ] ] } },
{ "type": "Feature", "properties": { "D_NOP": "347106000400700340", "D_LUAS": 82.54, "ASR": null, "KD PROPINS": null, "KD DATI2": null, "KD KECAMAT": null, "KD KELURAH": null, "KD BLOK": null, "NO URUT": null, "KD JNS OP": null, "THN PAJAK": null, "NO PERSIL": null, "LUAS BUMI": null, "LUAS BNG S": null, "NJOP BUMI": null, "NJOP BNG S": null, "NJOP SPPT": null, "NJOPTKP SP": null, "NJKP SPPT": null, "PBB TERHUT": null, "FAKTOR PEN": null, "PBB YG HAR": null, "FLG SYNC": null, "JML KRG BA": null, "FLG BAYAR": null, "ALAMAT OP": null, "NM KELURAH": null, "NM KECAMAT": null }, "geometry": { "type": "MultiPolygon", "coordinates": [ [ [ [ 110.371553037629425, -7.788885209284063, 0.0 ], [ 110.371595711678211, -7.788853711513188, 0.0 ], [ 110.37165251088129, -7.788928674045249, 0.0 ], [ 110.371631848851152, -7.788993302845959, 0.0 ], [ 110.371553037629425, -7.788885209284063, 0.0 ] ] ] ] } },
{ "type": "Feature", "properties": { "D_NOP": "347106000400700330", "D_LUAS": 54.22, "ASR": null, "KD PROPINS": null, "KD DATI2": null, "KD KECAMAT": null, "KD KELURAH": null, "KD BLOK": null, "NO URUT": null, "KD JNS OP": null, "THN PAJAK": null, "NO PERSIL": null, "LUAS BUMI": null, "LUAS BNG S": null, "NJOP BUMI": null, "NJOP BNG S": null, "NJOP SPPT": null, "NJOPTKP SP": null, "NJKP SPPT": null, "PBB TERHUT": null, "FAKTOR PEN": null, "PBB YG HAR": null, "FLG SYNC": null, "JML KRG BA": null, "FLG BAYAR": null, "ALAMAT OP": null, "NM KELURAH": null, "NM KECAMAT": null }, "geometry": { "type": "MultiPolygon", "coordinates": [ [ [ [ 110.371499386531809, -7.788805458471382, 0.0 ], [ 110.371540335955885, -7.788777032862681, 0.0 ], [ 110.371595711678211, -7.788853711513188, 0.0 ], [ 110.371553037629425, -7.788885209284063, 0.0 ], [ 110.371499386531809, -7.788805458471382, 0.0 ] ] ] ] } },
{ "type": "Feature", "properties": { "D_NOP": "347106000400700320", "D_LUAS": 58.39, "ASR": null, "KD PROPINS": null, "KD DATI2": null, "KD KECAMAT": null, "KD KELURAH": null, "KD BLOK": null, "NO URUT": null, "KD JNS OP": null, "THN PAJAK": null, "NO PERSIL": null, "LUAS BUMI": null, "LUAS BNG S": null, "NJOP BUMI": null, "NJOP BNG S": null, "NJOP SPPT": null, "NJOPTKP SP": null, "NJKP SPPT": null, "PBB TERHUT": null, "FAKTOR PEN": null, "PBB YG HAR": null, "FLG SYNC": null, "JML KRG BA": null, "FLG BAYAR": null, "ALAMAT OP": null, "NM KELURAH": null, "NM KECAMAT": null }, "geometry": { "type": "MultiPolygon", "coordinates": [ [ [ [ 110.371445728848002, -7.788730138848984, 0.0 ], [ 110.371488848357217, -7.788700812134988, 0.0 ], [ 110.371540335955885, -7.788777032862681, 0.0 ], [ 110.371499386531809, -7.788805458471382, 0.0 ], [ 110.371445728848002, -7.788730138848984, 0.0 ] ] ] ] } },
{ "type": "Feature", "properties": { "D_NOP": "347106000400700300", "D_LUAS": 2832.57, "ASR": null, "KD PROPINS": null, "KD DATI2": null, "KD KECAMAT": null, "KD KELURAH": null, "KD BLOK": null, "NO URUT": null, "KD JNS OP": null, "THN PAJAK": null, "NO PERSIL": null, "LUAS BUMI": null, "LUAS BNG S": null, "NJOP BUMI": null, "NJOP BNG S": null, "NJOP SPPT": null, "NJOPTKP SP": null, "NJKP SPPT": null, "PBB TERHUT": null, "FAKTOR PEN": null, "PBB YG HAR": null, "FLG SYNC": null, "JML KRG BA": null, "FLG BAYAR": null, "ALAMAT OP": null, "NM KELURAH": null, "NM KECAMAT": null }, "geometry": { "type": "MultiPolygon", "coordinates": [ [ [ [ 110.371258093803945, -7.789182205259581, 0.0 ], [ 110.370982018812498, -7.788761645068988, 0.0 ], [ 110.371317985642634, -7.788537237190841, 0.0 ], [ 110.371445728848002, -7.788730138848984, 0.0 ], [ 110.371499386531809, -7.788805458471382, 0.0 ], [ 110.371553037629425, -7.788885209284063, 0.0 ], [ 110.371631848851152, -7.788993302845959, 0.0 ], [ 110.371598533830294, -7.789117779379177, 0.0 ], [ 110.371506822434512, -7.789135006497252, 0.0 ], [ 110.371258093803945, -7.789182205259581, 0.0 ] ] ] ] } },
{ "type": "Feature", "properties": { "D_NOP": "347106000400700290", "D_LUAS": 626.1, "ASR": null, "KD PROPINS": null, "KD DATI2": null, "KD KECAMAT": null, "KD KELURAH": null, "KD BLOK": null, "NO URUT": null, "KD JNS OP": null, "THN PAJAK": null, "NO PERSIL": null, "LUAS BUMI": null, "LUAS BNG S": null, "NJOP BUMI": null, "NJOP BNG S": null, "NJOP SPPT": null, "NJOPTKP SP": null, "NJKP SPPT": null, "PBB TERHUT": null, "FAKTOR PEN": null, "PBB YG HAR": null, "FLG SYNC": null, "JML KRG BA": null, "FLG BAYAR": null, "ALAMAT OP": null, "NM KELURAH": null, "NM KECAMAT": null }, "geometry": { "type": "MultiPolygon", "coordinates": [ [ [ [ 110.371124071211483, -7.789188155866973, 0.0 ], [ 110.371048977048716, -7.789094989139469, 0.0 ], [ 110.37106903636186, -7.7890835339427, 0.0 ], [ 110.370895779577992, -7.788820388814716, 0.0 ], [ 110.370982018812498, -7.788761645068988, 0.0 ], [ 110.371258093803945, -7.789182205259581, 0.0 ], [ 110.371124071211483, -7.789188155866973, 0.0 ] ] ] ] } },
{ "type": "Feature", "properties": { "D_NOP": "347106000400700280", "D_LUAS": 597.51, "ASR": null, "KD PROPINS": null, "KD DATI2": null, "KD KECAMAT": null, "KD KELURAH": null, "KD BLOK": null, "NO URUT": null, "KD JNS OP": null, "THN PAJAK": null, "NO PERSIL": null, "LUAS BUMI": null, "LUAS BNG S": null, "NJOP BUMI": null, "NJOP BNG S": null, "NJOP SPPT": null, "NJOPTKP SP": null, "NJKP SPPT": null, "PBB TERHUT": null, "FAKTOR PEN": null, "PBB YG HAR": null, "FLG SYNC": null, "JML KRG BA": null, "FLG BAYAR": null, "ALAMAT OP": null, "NM KELURAH": null, "NM KECAMAT": null }, "geometry": { "type": "MultiPolygon", "coordinates": [ [ [ [ 110.371004408143648, -7.789193494711087, 0.0 ], [ 110.370965475318087, -7.789123351549584, 0.0 ], [ 110.370895214247099, -7.789048911550876, 0.0 ], [ 110.370774433728258, -7.788901055589061, 0.0 ], [ 110.370895779577992, -7.788820388814716, 0.0 ], [ 110.37106903636186, -7.7890835339427, 0.0 ], [ 110.371048977048716, -7.789094989139469, 0.0 ], [ 110.371122723340989, -7.789189329493093, 0.0 ], [ 110.371004408143648, -7.789193494711087, 0.0 ] ] ] ] } },
{ "type": "Feature", "properties": { "D_NOP": "347106000400700270", "D_LUAS": 392.84, "ASR": null, "KD PROPINS": null, "KD DATI2": null, "KD KECAMAT": null, "KD KELURAH": null, "KD BLOK": null, "NO URUT": null, "KD JNS OP": null, "THN PAJAK": null, "NO PERSIL": null, "LUAS BUMI": null, "LUAS BNG S": null, "NJOP BUMI": null, "NJOP BNG S": null, "NJOP SPPT": null, "NJOPTKP SP": null, "NJKP SPPT": null, "PBB TERHUT": null, "FAKTOR PEN": null, "PBB YG HAR": null, "FLG SYNC": null, "JML KRG BA": null, "FLG BAYAR": null, "ALAMAT OP": null, "NM KELURAH": null, "NM KECAMAT": null }, "geometry": { "type": "MultiPolygon", "coordinates": [ [ [ [ 110.37090014726229, -7.789201117199839, 0.0 ], [ 110.37086013738184, -7.78915113893579, 0.0 ], [ 110.370704136706294, -7.788950960545841, 0.0 ], [ 110.370774433728258, -7.788901055589061, 0.0 ], [ 110.370895214247099, -7.789048911550876, 0.0 ], [ 110.370965475318087, -7.789123351549584, 0.0 ], [ 110.371004408143648, -7.789193494711087, 0.0 ], [ 110.37090014726229, -7.789201117199839, 0.0 ] ] ] ] } },
{ "type": "Feature", "properties": { "D_NOP": "347106000400700260", "D_LUAS": 381.68, "ASR": null, "KD PROPINS": null, "KD DATI2": null, "KD KECAMAT": null, "KD KELURAH": null, "KD BLOK": null, "NO URUT": null, "KD JNS OP": null, "THN PAJAK": null, "NO PERSIL": null, "LUAS BUMI": null, "LUAS BNG S": null, "NJOP BUMI": null, "NJOP BNG S": null, "NJOP SPPT": null, "NJOPTKP SP": null, "NJKP SPPT": null, "PBB TERHUT": null, "FAKTOR PEN": null, "PBB YG HAR": null, "FLG SYNC": null, "JML KRG BA": null, "FLG BAYAR": null, "ALAMAT OP": null, "NM KELURAH": null, "NM KECAMAT": null }, "geometry": { "type": "MultiPolygon", "coordinates": [ [ [ [ 110.370602850375619, -7.789019991219819, 0.0 ], [ 110.370704136706294, -7.788950960545841, 0.0 ], [ 110.37086013738184, -7.78915113893579, 0.0 ], [ 110.370784293872106, -7.789209355483605, 0.0 ], [ 110.370734198802054, -7.789202317795186, 0.0 ], [ 110.370602850375619, -7.789019991219819, 0.0 ] ] ] ] } },
{ "type": "Feature", "properties": { "D_NOP": "347106000400700250", "D_LUAS": 1291.53, "ASR": null, "KD PROPINS": null, "KD DATI2": null, "KD KECAMAT": null, "KD KELURAH": null, "KD BLOK": null, "NO URUT": null, "KD JNS OP": null, "THN PAJAK": null, "NO PERSIL": null, "LUAS BUMI": null, "LUAS BNG S": null, "NJOP BUMI": null, "NJOP BNG S": null, "NJOP SPPT": null, "NJOPTKP SP": null, "NJKP SPPT": null, "PBB TERHUT": null, "FAKTOR PEN": null, "PBB YG HAR": null, "FLG SYNC": null, "JML KRG BA": null, "FLG BAYAR": null, "ALAMAT OP": null, "NM KELURAH": null, "NM KECAMAT": null }, "geometry": { "type": "MultiPolygon", "coordinates": [ [ [ [ 110.370240074914747, -7.789267871149695, 0.0 ], [ 110.37027803673746, -7.789236999550843, 0.0 ], [ 110.370602850375619, -7.789019991219819, 0.0 ], [ 110.370734198802054, -7.789202317795186, 0.0 ], [ 110.370784293872106, -7.789209355483605, 0.0 ], [ 110.37086013738184, -7.78915113893579, 0.0 ], [ 110.37090014726229, -7.789201117199839, 0.0 ], [ 110.370706293610922, -7.789259520299149, 0.0 ], [ 110.370711727352372, -7.789276620156355, 0.0 ], [ 110.370552952339835, -7.789331819679372, 0.0 ], [ 110.370474913434947, -7.789357748414411, 0.0 ], [ 110.370355716145738, -7.789401702544936, 0.0 ], [ 110.370240074914747, -7.789267871149695, 0.0 ] ] ] ] } },
{ "type": "Feature", "properties": { "D_NOP": "347106000400700240", "D_LUAS": 119.91, "ASR": null, "KD PROPINS": null, "KD DATI2": null, "KD KECAMAT": null, "KD KELURAH": null, "KD BLOK": null, "NO URUT": null, "KD JNS OP": null, "THN PAJAK": null, "NO PERSIL": null, "LUAS BUMI": null, "LUAS BNG S": null, "NJOP BUMI": null, "NJOP BNG S": null, "NJOP SPPT": null, "NJOPTKP SP": null, "NJKP SPPT": null, "PBB TERHUT": null, "FAKTOR PEN": null, "PBB YG HAR": null, "FLG SYNC": null, "JML KRG BA": null, "FLG BAYAR": null, "ALAMAT OP": null, "NM KELURAH": null, "NM KECAMAT": null }, "geometry": { "type": "MultiPolygon", "coordinates": [ [ [ [ 110.371457505060647, -7.789358754462048, 0.0 ], [ 110.371529977258319, -7.789354702016738, 0.0 ], [ 110.371544155311952, -7.789526002695554, 0.0 ], [ 110.371469882732811, -7.789533760214504, 0.0 ], [ 110.371457505060647, -7.789358754462048, 0.0 ] ] ] ] } },
{ "type": "Feature", "properties": { "D_NOP": "347106000400700230", "D_LUAS": 305.49, "ASR": null, "KD PROPINS": null, "KD DATI2": null, "KD KECAMAT": null, "KD KELURAH": null, "KD BLOK": null, "NO URUT": null, "KD JNS OP": null, "THN PAJAK": null, "NO PERSIL": null, "LUAS BUMI": null, "LUAS BNG S": null, "NJOP BUMI": null, "NJOP BNG S": null, "NJOP SPPT": null, "NJOPTKP SP": null, "NJKP SPPT": null, "PBB TERHUT": null, "FAKTOR PEN": null, "PBB YG HAR": null, "FLG SYNC": null, "JML KRG BA": null, "FLG BAYAR": null, "ALAMAT OP": null, "NM KELURAH": null, "NM KECAMAT": null }, "geometry": { "type": "MultiPolygon", "coordinates": [ [ [ [ 110.371262764976649, -7.789560221127896, 0.0 ], [ 110.371234594212638, -7.789344225908437, 0.0 ], [ 110.371361079013241, -7.789327954755678, 0.0 ], [ 110.371384462565729, -7.789544666334112, 0.0 ], [ 110.371262764976649, -7.789560221127896, 0.0 ] ] ] ] } },
{ "type": "Feature", "properties": { "D_NOP": "347106000400700220", "D_LUAS": 358.24, "ASR": null, "KD PROPINS": null, "KD DATI2": null, "KD KECAMAT": null, "KD KELURAH": null, "KD BLOK": null, "NO URUT": null, "KD JNS OP": null, "THN PAJAK": null, "NO PERSIL": null, "LUAS BUMI": null, "LUAS BNG S": null, "NJOP BUMI": null, "NJOP BNG S": null, "NJOP SPPT": null, "NJOPTKP SP": null, "NJKP SPPT": null, "PBB TERHUT": null, "FAKTOR PEN": null, "PBB YG HAR": null, "FLG SYNC": null, "JML KRG BA": null, "FLG BAYAR": null, "ALAMAT OP": null, "NM KELURAH": null, "NM KECAMAT": null }, "geometry": { "type": "MultiPolygon", "coordinates": [ [ [ [ 110.370843836755498, -7.789600565526417, 0.0 ], [ 110.370833505819334, -7.78950749488878, 0.0 ], [ 110.37096202307518, -7.789482364467233, 0.0 ], [ 110.370957020723026, -7.789426740898892, 0.0 ], [ 110.371048275125887, -7.789415120059584, 0.0 ], [ 110.371069863243136, -7.789582000529249, 0.0 ], [ 110.370843836755498, -7.789600565526417, 0.0 ] ] ] ] } },
{ "type": "Feature", "properties": { "D_NOP": "347106000400700210", "D_LUAS": 102.08, "ASR": null, "KD PROPINS": null, "KD DATI2": null, "KD KECAMAT": null, "KD KELURAH": null, "KD BLOK": null, "NO URUT": null, "KD JNS OP": null, "THN PAJAK": null, "NO PERSIL": null, "LUAS BUMI": null, "LUAS BNG S": null, "NJOP BUMI": null, "NJOP BNG S": null, "NJOP SPPT": null, "NJOPTKP SP": null, "NJKP SPPT": null, "PBB TERHUT": null, "FAKTOR PEN": null, "PBB YG HAR": null, "FLG SYNC": null, "JML KRG BA": null, "FLG BAYAR": null, "ALAMAT OP": null, "NM KELURAH": null, "NM KECAMAT": null }, "geometry": { "type": "MultiPolygon", "coordinates": [ [ [ [ 110.370528250940723, -7.789447084750637, 0.0 ], [ 110.370474913434947, -7.789357748414411, 0.0 ], [ 110.370552952339835, -7.789331819679372, 0.0 ], [ 110.37060553945193, -7.789422873114884, 0.0 ], [ 110.370528250940723, -7.789447084750637, 0.0 ] ] ] ] } },
{ "type": "Feature", "properties": { "D_NOP": "347106000400700200", "D_LUAS": 149.82, "ASR": null, "KD PROPINS": null, "KD DATI2": null, "KD KECAMAT": null, "KD KELURAH": null, "KD BLOK": null, "NO URUT": null, "KD JNS OP": null, "THN PAJAK": null, "NO PERSIL": null, "LUAS BUMI": null, "LUAS BNG S": null, "NJOP BUMI": null, "NJOP BNG S": null, "NJOP SPPT": null, "NJOPTKP SP": null, "NJKP SPPT": null, "PBB TERHUT": null, "FAKTOR PEN": null, "PBB YG HAR": null, "FLG SYNC": null, "JML KRG BA": null, "FLG BAYAR": null, "ALAMAT OP": null, "NM KELURAH": null, "NM KECAMAT": null }, "geometry": { "type": "MultiPolygon", "coordinates": [ [ [ [ 110.370355716145738, -7.789401702544936, 0.0 ], [ 110.370474913434947, -7.789357748414411, 0.0 ], [ 110.370528250940723, -7.789447084750637, 0.0 ], [ 110.370420437051678, -7.789480203873501, 0.0 ], [ 110.370355716145738, -7.789401702544936, 0.0 ] ] ] ] } },
{ "type": "Feature", "properties": { "D_NOP": "347106000400700180", "D_LUAS": 775.18, "ASR": null, "KD PROPINS": null, "KD DATI2": null, "KD KECAMAT": null, "KD KELURAH": null, "KD BLOK": null, "NO URUT": null, "KD JNS OP": null, "THN PAJAK": null, "NO PERSIL": null, "LUAS BUMI": null, "LUAS BNG S": null, "NJOP BUMI": null, "NJOP BNG S": null, "NJOP SPPT": null, "NJOPTKP SP": null, "NJKP SPPT": null, "PBB TERHUT": null, "FAKTOR PEN": null, "PBB YG HAR": null, "FLG SYNC": null, "JML KRG BA": null, "FLG BAYAR": null, "ALAMAT OP": null, "NM KELURAH": null, "NM KECAMAT": null }, "geometry": { "type": "MultiPolygon", "coordinates": [ [ [ [ 110.369916190083742, -7.78946362885793, 0.0 ], [ 110.370030942934108, -7.789391181937497, 0.0 ], [ 110.37024313727828, -7.789670934435477, 0.0 ], [ 110.370089710264367, -7.789700368382844, 0.0 ], [ 110.369916190083742, -7.78946362885793, 0.0 ] ] ] ] } },
{ "type": "Feature", "properties": { "D_NOP": "347106000400700170", "D_LUAS": 3944.02, "ASR": null, "KD PROPINS": null, "KD DATI2": null, "KD KECAMAT": null, "KD KELURAH": null, "KD BLOK": null, "NO URUT": null, "KD JNS OP": null, "THN PAJAK": null, "NO PERSIL": null, "LUAS BUMI": null, "LUAS BNG S": null, "NJOP BUMI": null, "NJOP BNG S": null, "NJOP SPPT": null, "NJOPTKP SP": null, "NJKP SPPT": null, "PBB TERHUT": null, "FAKTOR PEN": null, "PBB YG HAR": null, "FLG SYNC": null, "JML KRG BA": null, "FLG BAYAR": null, "ALAMAT OP": null, "NM KELURAH": null, "NM KECAMAT": null }, "geometry": { "type": "MultiPolygon", "coordinates": [ [ [ [ 110.370195077612223, -7.789002203324698, 0.0 ], [ 110.370014724586198, -7.789134328850624, 0.0 ], [ 110.369946872871196, -7.789049130792571, 0.0 ], [ 110.370005427245161, -7.789000293710523, 0.0 ], [ 110.369860266433051, -7.788803025002574, 0.0 ], [ 110.369657763082031, -7.788944612884741, 0.0 ], [ 110.369500050483182, -7.788739457754422, 0.0 ], [ 110.369689912822437, -7.788599478936002, 0.0 ], [ 110.369577890454281, -7.788446390596969, 0.0 ], [ 110.369337431602247, -7.78861468997465, 0.0 ], [ 110.369249045180524, -7.788508933039636, 0.0 ], [ 110.369706354521554, -7.788156473396548, 0.0 ], [ 110.369772628426261, -7.78824646207112, 0.0 ], [ 110.369679261954033, -7.788320387669964, 0.0 ], [ 110.370195077612223, -7.789002203324698, 0.0 ] ] ] ] } },
{ "type": "Feature", "properties": { "D_NOP": "347106000400700160", "D_LUAS": 450.54, "ASR": null, "KD PROPINS": null, "KD DATI2": null, "KD KECAMAT": null, "KD KELURAH": null, "KD BLOK": null, "NO URUT": null, "KD JNS OP": null, "THN PAJAK": null, "NO PERSIL": null, "LUAS BUMI": null, "LUAS BNG S": null, "NJOP BUMI": null, "NJOP BNG S": null, "NJOP SPPT": null, "NJOPTKP SP": null, "NJKP SPPT": null, "PBB TERHUT": null, "FAKTOR PEN": null, "PBB YG HAR": null, "FLG SYNC": null, "JML KRG BA": null, "FLG BAYAR": null, "ALAMAT OP": null, "NM KELURAH": null, "NM KECAMAT": null }, "geometry": { "type": "MultiPolygon", "coordinates": [ [ [ [ 110.370051802185657, -7.788644148059539, 0.0 ], [ 110.370146732118002, -7.788574927206049, 0.0 ], [ 110.370277637450286, -7.788753274201131, 0.0 ], [ 110.370337750464188, -7.788712307030768, 0.0 ], [ 110.370426120741783, -7.788829096533883, 0.0 ], [ 110.370282143515453, -7.78894083841106, 0.0 ], [ 110.370051802185657, -7.788644148059539, 0.0 ] ] ] ] } },
{ "type": "Feature", "properties": { "D_NOP": "347106000400700140", "D_LUAS": 643.54, "ASR": null, "KD PROPINS": null, "KD DATI2": null, "KD KECAMAT": null, "KD KELURAH": null, "KD BLOK": null, "NO URUT": null, "KD JNS OP": null, "THN PAJAK": null, "NO PERSIL": null, "LUAS BUMI": null, "LUAS BNG S": null, "NJOP BUMI": null, "NJOP BNG S": null, "NJOP SPPT": null, "NJOPTKP SP": null, "NJKP SPPT": null, "PBB TERHUT": null, "FAKTOR PEN": null, "PBB YG HAR": null, "FLG SYNC": null, "JML KRG BA": null, "FLG BAYAR": null, "ALAMAT OP": null, "NM KELURAH": null, "NM KECAMAT": null }, "geometry": { "type": "MultiPolygon", "coordinates": [ [ [ [ 110.36950125685857, -7.787582553555891, 0.0 ], [ 110.369332267165007, -7.787367524457146, 0.0 ], [ 110.369468525619382, -7.787266261590625, 0.0 ], [ 110.369636623890841, -7.787477310272306, 0.0 ], [ 110.36950125685857, -7.787582553555891, 0.0 ] ] ] ] } },
{ "type": "Feature", "properties": { "D_NOP": "347106000400700130", "D_LUAS": 502.65, "ASR": null, "KD PROPINS": null, "KD DATI2": null, "KD KECAMAT": null, "KD KELURAH": null, "KD BLOK": null, "NO URUT": null, "KD JNS OP": null, "THN PAJAK": null, "NO PERSIL": null, "LUAS BUMI": null, "LUAS BNG S": null, "NJOP BUMI": null, "NJOP BNG S": null, "NJOP SPPT": null, "NJOPTKP SP": null, "NJKP SPPT": null, "PBB TERHUT": null, "FAKTOR PEN": null, "PBB YG HAR": null, "FLG SYNC": null, "JML KRG BA": null, "FLG BAYAR": null, "ALAMAT OP": null, "NM KELURAH": null, "NM KECAMAT": null }, "geometry": { "type": "MultiPolygon", "coordinates": [ [ [ [ 110.369673428307209, -7.787520230112356, 0.0 ], [ 110.369636623890841, -7.787477310272306, 0.0 ], [ 110.369468525619382, -7.787266261590625, 0.0 ], [ 110.3695842023522, -7.7871757295685, 0.0 ], [ 110.369792032730189, -7.787422286904278, 0.0 ], [ 110.369673428307209, -7.787520230112356, 0.0 ] ] ] ] } },
{ "type": "Feature", "properties": { "D_NOP": "347106000400700120", "D_LUAS": 1104.55, "ASR": null, "KD PROPINS": null, "KD DATI2": null, "KD KECAMAT": null, "KD KELURAH": null, "KD BLOK": null, "NO URUT": null, "KD JNS OP": null, "THN PAJAK": null, "NO PERSIL": null, "LUAS BUMI": null, "LUAS BNG S": null, "NJOP BUMI": null, "NJOP BNG S": null, "NJOP SPPT": null, "NJOPTKP SP": null, "NJKP SPPT": null, "PBB TERHUT": null, "FAKTOR PEN": null, "PBB YG HAR": null, "FLG SYNC": null, "JML KRG BA": null, "FLG BAYAR": null, "ALAMAT OP": null, "NM KELURAH": null, "NM KECAMAT": null }, "geometry": { "type": "MultiPolygon", "coordinates": [ [ [ [ 110.369792032730189, -7.787422286904278, 0.0 ], [ 110.3695842023522, -7.7871757295685, 0.0 ], [ 110.369705564908941, -7.787083668606439, 0.0 ], [ 110.369789934183231, -7.787025012736535, 0.0 ], [ 110.369816868403859, -7.787017004255963, 0.0 ], [ 110.369839590404069, -7.787025267407497, 0.0 ], [ 110.370008109930865, -7.787254764858096, 0.0 ], [ 110.369792032730189, -7.787422286904278, 0.0 ] ] ] ] } },
{ "type": "Feature", "properties": { "D_NOP": "347106000400700110", "D_LUAS": 990.06, "ASR": null, "KD PROPINS": "34", "KD DATI2": "71", "KD KECAMAT": "060", "KD KELURAH": "004", "KD BLOK": "007", "NO URUT": "0011", "KD JNS OP": "0", "THN PAJAK": "2023", "NO PERSIL": null, "LUAS BUMI": "1096", "LUAS BNG S": 762, "NJOP BUMI": 11458680000.0, "NJOP BNG S": 1396746000.0, "NJOP SPPT": 12855426000.0, "NJOPTKP SP": 20000000.0, "NJKP SPPT": 0, "PBB TERHUT": 32088565, "FAKTOR PEN": 7161675.0, "PBB YG HAR": 24926890, "FLG SYNC": "0", "JML KRG BA": "0", "FLG BAYAR": "0", "ALAMAT OP": "JL I DEWA NYOMAN OKA 05 RW 00 RT 000", "NM KELURAH": "KOTABARU", "NM KECAMAT": "GONDOKUSUMAN" }, "geometry": { "type": "MultiPolygon", "coordinates": [ [ [ [ 110.369673428307209, -7.787520230112356, 0.0 ], [ 110.369792032730189, -7.787422286904278, 0.0 ], [ 110.370008109930865, -7.787254764858096, 0.0 ], [ 110.370116057021448, -7.787382435422077, 0.0 ], [ 110.370123416732909, -7.787411836999921, 0.0 ], [ 110.37011464688517, -7.787425298450388, 0.0 ], [ 110.370103641623018, -7.78743333061445, 0.0 ], [ 110.369793608840155, -7.787668718473415, 0.0 ], [ 110.369673428307209, -7.787520230112356, 0.0 ] ] ] ] } },
{ "type": "Feature", "properties": { "D_NOP": "347106000400700090", "D_LUAS": 659.52, "ASR": null, "KD PROPINS": null, "KD DATI2": null, "KD KECAMAT": null, "KD KELURAH": null, "KD BLOK": null, "NO URUT": null, "KD JNS OP": null, "THN PAJAK": null, "NO PERSIL": null, "LUAS BUMI": null, "LUAS BNG S": null, "NJOP BUMI": null, "NJOP BNG S": null, "NJOP SPPT": null, "NJOPTKP SP": null, "NJKP SPPT": null, "PBB TERHUT": null, "FAKTOR PEN": null, "PBB YG HAR": null, "FLG SYNC": null, "JML KRG BA": null, "FLG BAYAR": null, "ALAMAT OP": null, "NM KELURAH": null, "NM KECAMAT": null }, "geometry": { "type": "MultiPolygon", "coordinates": [ [ [ [ 110.369660702350203, -7.787778848830848, 0.0 ], [ 110.369600605594997, -7.787708945397869, 0.0 ], [ 110.36950125685857, -7.787582553555891, 0.0 ], [ 110.369636623890841, -7.787477310272306, 0.0 ], [ 110.369673428307209, -7.787520230112356, 0.0 ], [ 110.369793608840155, -7.787668718473415, 0.0 ], [ 110.369660702350203, -7.787778848830848, 0.0 ] ] ] ] } },
{ "type": "Feature", "properties": { "D_NOP": "347106000400700080", "D_LUAS": 125.02, "ASR": null, "KD PROPINS": null, "KD DATI2": null, "KD KECAMAT": null, "KD KELURAH": null, "KD BLOK": null, "NO URUT": null, "KD JNS OP": null, "THN PAJAK": null, "NO PERSIL": null, "LUAS BUMI": null, "LUAS BNG S": null, "NJOP BUMI": null, "NJOP BNG S": null, "NJOP SPPT": null, "NJOPTKP SP": null, "NJKP SPPT": null, "PBB TERHUT": null, "FAKTOR PEN": null, "PBB YG HAR": null, "FLG SYNC": null, "JML KRG BA": null, "FLG BAYAR": null, "ALAMAT OP": null, "NM KELURAH": null, "NM KECAMAT": null }, "geometry": { "type": "MultiPolygon", "coordinates": [ [ [ [ 110.369554530192318, -7.787864602058845, 0.0 ], [ 110.36949346490357, -7.78779225548716, 0.0 ], [ 110.369600605594997, -7.787708945397869, 0.0 ], [ 110.369660702350203, -7.787778848830848, 0.0 ], [ 110.369554530192318, -7.787864602058845, 0.0 ] ] ] ] } },
{ "type": "Feature", "properties": { "D_NOP": "347106000400700040", "D_LUAS": 787.2, "ASR": null, "KD PROPINS": null, "KD DATI2": null, "KD KECAMAT": null, "KD KELURAH": null, "KD BLOK": null, "NO URUT": null, "KD JNS OP": null, "THN PAJAK": null, "NO PERSIL": null, "LUAS BUMI": null, "LUAS BNG S": null, "NJOP BUMI": null, "NJOP BNG S": null, "NJOP SPPT": null, "NJOPTKP SP": null, "NJKP SPPT": null, "PBB TERHUT": null, "FAKTOR PEN": null, "PBB YG HAR": null, "FLG SYNC": null, "JML KRG BA": null, "FLG BAYAR": null, "ALAMAT OP": null, "NM KELURAH": null, "NM KECAMAT": null }, "geometry": { "type": "MultiPolygon", "coordinates": [ [ [ [ 110.369438437006366, -7.786983162367755, 0.0 ], [ 110.369525045346435, -7.786927494162036, 0.0 ], [ 110.369495440656891, -7.78687092967568, 0.0 ], [ 110.369708981141201, -7.786749343827363, 0.0 ], [ 110.369766160327828, -7.786869885239916, 0.0 ], [ 110.369772270845687, -7.786884453994737, 0.0 ], [ 110.369774124900914, -7.786894856516398, 0.0 ], [ 110.369776205469989, -7.786903812450824, 0.0 ], [ 110.369777529146333, -7.78691882625416, 0.0 ], [ 110.36977233919464, -7.786938804176629, 0.0 ], [ 110.369670746264219, -7.787013079303689, 0.0 ], [ 110.369531945287818, -7.78711433846589, 0.0 ], [ 110.369438437006366, -7.786983162367755, 0.0 ] ] ] ] } },
{ "type": "Feature", "properties": { "D_NOP": "347106000400700030", "D_LUAS": 1505.16, "ASR": null, "KD PROPINS": null, "KD DATI2": null, "KD KECAMAT": null, "KD KELURAH": null, "KD BLOK": null, "NO URUT": null, "KD JNS OP": null, "THN PAJAK": null, "NO PERSIL": null, "LUAS BUMI": null, "LUAS BNG S": null, "NJOP BUMI": null, "NJOP BNG S": null, "NJOP SPPT": null, "NJOPTKP SP": null, "NJKP SPPT": null, "PBB TERHUT": null, "FAKTOR PEN": null, "PBB YG HAR": null, "FLG SYNC": null, "JML KRG BA": null, "FLG BAYAR": null, "ALAMAT OP": null, "NM KELURAH": null, "NM KECAMAT": null }, "geometry": { "type": "MultiPolygon", "coordinates": [ [ [ [ 110.369375599759749, -7.786895620452276, 0.0 ], [ 110.36921379057317, -7.786679968976426, 0.0 ], [ 110.369427808257498, -7.786539302668884, 0.0 ], [ 110.369615863787075, -7.786556764515683, 0.0 ], [ 110.369708981141201, -7.786749343827363, 0.0 ], [ 110.369495440656891, -7.78687092967568, 0.0 ], [ 110.369525045346435, -7.786927494162036, 0.0 ], [ 110.369438437006366, -7.786983162367755, 0.0 ], [ 110.369375599759749, -7.786895620452276, 0.0 ] ] ] ] } },
{ "type": "Feature", "properties": { "D_NOP": "347106000400700020", "D_LUAS": 909.35, "ASR": null, "KD PROPINS": null, "KD DATI2": null, "KD KECAMAT": null, "KD KELURAH": null, "KD BLOK": null, "NO URUT": null, "KD JNS OP": null, "THN PAJAK": null, "NO PERSIL": null, "LUAS BUMI": null, "LUAS BNG S": null, "NJOP BUMI": null, "NJOP BNG S": null, "NJOP SPPT": null, "NJOPTKP SP": null, "NJKP SPPT": null, "PBB TERHUT": null, "FAKTOR PEN": null, "PBB YG HAR": null, "FLG SYNC": null, "JML KRG BA": null, "FLG BAYAR": null, "ALAMAT OP": null, "NM KELURAH": null, "NM KECAMAT": null }, "geometry": { "type": "MultiPolygon", "coordinates": [ [ [ [ 110.36914622669255, -7.787052632193438, 0.0 ], [ 110.368986283789539, -7.786839244231931, 0.0 ], [ 110.36921379057317, -7.786679968976426, 0.0 ], [ 110.369375599759749, -7.786895620452276, 0.0 ], [ 110.369230293241742, -7.786996417673918, 0.0 ], [ 110.36914622669255, -7.787052632193438, 0.0 ] ] ] ] } },
{ "type": "Feature", "properties": { "D_NOP": "347106000400700010", "D_LUAS": 3161.71, "ASR": null, "KD PROPINS": null, "KD DATI2": null, "KD KECAMAT": null, "KD KELURAH": null, "KD BLOK": null, "NO URUT": null, "KD JNS OP": null, "THN PAJAK": null, "NO PERSIL": null, "LUAS BUMI": null, "LUAS BNG S": null, "NJOP BUMI": null, "NJOP BNG S": null, "NJOP SPPT": null, "NJOPTKP SP": null, "NJKP SPPT": null, "PBB TERHUT": null, "FAKTOR PEN": null, "PBB YG HAR": null, "FLG SYNC": null, "JML KRG BA": null, "FLG BAYAR": null, "ALAMAT OP": null, "NM KELURAH": null, "NM KECAMAT": null }, "geometry": { "type": "MultiPolygon", "coordinates": [ [ [ [ 110.36870936345403, -7.787035884929349, 0.0 ], [ 110.368986283789539, -7.786839244231931, 0.0 ], [ 110.36914622669255, -7.787052632193438, 0.0 ], [ 110.369307342492917, -7.78728193801162, 0.0 ], [ 110.369129910630178, -7.787411354571052, 0.0 ], [ 110.368984021162689, -7.787501751055864, 0.0 ], [ 110.368788890092176, -7.787514663760449, 0.0 ], [ 110.368734283540704, -7.787474159028011, 0.0 ], [ 110.368724762174594, -7.787390132848452, 0.0 ], [ 110.368710237000229, -7.78725165871673, 0.0 ], [ 110.36870936345403, -7.787035884929349, 0.0 ] ] ] ] } },
{ "type": "Feature", "properties": { "D_NOP": "347106000400400640", "D_LUAS": 480.13, "ASR": null, "KD PROPINS": null, "KD DATI2": null, "KD KECAMAT": null, "KD KELURAH": null, "KD BLOK": null, "NO URUT": null, "KD JNS OP": null, "THN PAJAK": null, "NO PERSIL": null, "LUAS BUMI": null, "LUAS BNG S": null, "NJOP BUMI": null, "NJOP BNG S": null, "NJOP SPPT": null, "NJOPTKP SP": null, "NJKP SPPT": null, "PBB TERHUT": null, "FAKTOR PEN": null, "PBB YG HAR": null, "FLG SYNC": null, "JML KRG BA": null, "FLG BAYAR": null, "ALAMAT OP": null, "NM KELURAH": null, "NM KECAMAT": null }, "geometry": { "type": "MultiPolygon", "coordinates": [ [ [ [ 110.377412872995478, -7.788006348261298, 0.0 ], [ 110.377422917526403, -7.787838519606297, 0.0 ], [ 110.377649136575229, -7.78784084127922, 0.0 ], [ 110.377654575529917, -7.787854595060398, 0.0 ], [ 110.377684037675294, -7.78785653739985, 0.0 ], [ 110.377695540333264, -7.78791678257901, 0.0 ], [ 110.37760546779036, -7.787938625539665, 0.0 ], [ 110.377626302173979, -7.788009917230347, 0.0 ], [ 110.377412872995478, -7.788006348261298, 0.0 ] ] ] ] } },
{ "type": "Feature", "properties": { "D_NOP": "347106000400400630", "D_LUAS": 579.08, "ASR": null, "KD PROPINS": null, "KD DATI2": null, "KD KECAMAT": null, "KD KELURAH": null, "KD BLOK": null, "NO URUT": null, "KD JNS OP": null, "THN PAJAK": null, "NO PERSIL": null, "LUAS BUMI": null, "LUAS BNG S": null, "NJOP BUMI": null, "NJOP BNG S": null, "NJOP SPPT": null, "NJOPTKP SP": null, "NJKP SPPT": null, "PBB TERHUT": null, "FAKTOR PEN": null, "PBB YG HAR": null, "FLG SYNC": null, "JML KRG BA": null, "FLG BAYAR": null, "ALAMAT OP": null, "NM KELURAH": null, "NM KECAMAT": null }, "geometry": { "type": "MultiPolygon", "coordinates": [ [ [ [ 110.377626302173979, -7.788009917230347, 0.0 ], [ 110.377665367260533, -7.788143182201437, 0.0 ], [ 110.377503436833166, -7.788208960449022, 0.0 ], [ 110.377453821535013, -7.788231495807715, 0.0 ], [ 110.377434821943183, -7.788234452190455, 0.0 ], [ 110.377417024773322, -7.788233431292009, 0.0 ], [ 110.377406491150822, -7.788226000326808, 0.0 ], [ 110.377401196160932, -7.788216044934845, 0.0 ], [ 110.377395755208141, -7.788203647641004, 0.0 ], [ 110.377393721071016, -7.788163130728632, 0.0 ], [ 110.377412872995478, -7.788006348261298, 0.0 ], [ 110.377626302173979, -7.788009917230347, 0.0 ] ] ] ] } },
{ "type": "Feature", "properties": { "D_NOP": "347106000400400620", "D_LUAS": 532.64, "ASR": null, "KD PROPINS": null, "KD DATI2": null, "KD KECAMAT": null, "KD KELURAH": null, "KD BLOK": null, "NO URUT": null, "KD JNS OP": null, "THN PAJAK": null, "NO PERSIL": null, "LUAS BUMI": null, "LUAS BNG S": null, "NJOP BUMI": null, "NJOP BNG S": null, "NJOP SPPT": null, "NJOPTKP SP": null, "NJKP SPPT": null, "PBB TERHUT": null, "FAKTOR PEN": null, "PBB YG HAR": null, "FLG SYNC": null, "JML KRG BA": null, "FLG BAYAR": null, "ALAMAT OP": null, "NM KELURAH": null, "NM KECAMAT": null }, "geometry": { "type": "MultiPolygon", "coordinates": [ [ [ [ 110.377873472565668, -7.788055044299258, 0.0 ], [ 110.377665367260533, -7.788143182201437, 0.0 ], [ 110.377626302173979, -7.788009917230347, 0.0 ], [ 110.37760546779036, -7.787938625539665, 0.0 ], [ 110.377695540333264, -7.78791678257901, 0.0 ], [ 110.377835500695241, -7.787890400738532, 0.0 ], [ 110.377873472565668, -7.788055044299258, 0.0 ] ] ] ] } },
{ "type": "Feature", "properties": { "D_NOP": "347106000400400610", "D_LUAS": 507.74, "ASR": null, "KD PROPINS": null, "KD DATI2": null, "KD KECAMAT": null, "KD KELURAH": null, "KD BLOK": null, "NO URUT": null, "KD JNS OP": null, "THN PAJAK": null, "NO PERSIL": null, "LUAS BUMI": null, "LUAS BNG S": null, "NJOP BUMI": null, "NJOP BNG S": null, "NJOP SPPT": null, "NJOPTKP SP": null, "NJKP SPPT": null, "PBB TERHUT": null, "FAKTOR PEN": null, "PBB YG HAR": null, "FLG SYNC": null, "JML KRG BA": null, "FLG BAYAR": null, "ALAMAT OP": null, "NM KELURAH": null, "NM KECAMAT": null }, "geometry": { "type": "MultiPolygon", "coordinates": [ [ [ [ 110.378099156735601, -7.787963766924858, 0.0 ], [ 110.378040460683806, -7.787754419131153, 0.0 ], [ 110.378251844193514, -7.787775890485733, 0.0 ], [ 110.378270989596544, -7.787775466398865, 0.0 ], [ 110.378296633885697, -7.787780025650208, 0.0 ], [ 110.37830695249545, -7.787781125976545, 0.0 ], [ 110.378314724578544, -7.787784845122017, 0.0 ], [ 110.378319731648801, -7.787787203719473, 0.0 ], [ 110.378338173865515, -7.787807216430556, 0.0 ], [ 110.378366918431013, -7.787839362254152, 0.0 ], [ 110.378365860121463, -7.787847047497621, 0.0 ], [ 110.378362330469017, -7.787857080372348, 0.0 ], [ 110.378314284118872, -7.787880703334105, 0.0 ], [ 110.37831301265507, -7.787880791902472, 0.0 ], [ 110.378099156735601, -7.787963766924858, 0.0 ] ] ] ] } },
{ "type": "Feature", "properties": { "D_NOP": "347106000400400600", "D_LUAS": 795.37, "ASR": null, "KD PROPINS": null, "KD DATI2": null, "KD KECAMAT": null, "KD KELURAH": null, "KD BLOK": null, "NO URUT": null, "KD JNS OP": null, "THN PAJAK": null, "NO PERSIL": null, "LUAS BUMI": null, "LUAS BNG S": null, "NJOP BUMI": null, "NJOP BNG S": null, "NJOP SPPT": null, "NJOPTKP SP": null, "NJKP SPPT": null, "PBB TERHUT": null, "FAKTOR PEN": null, "PBB YG HAR": null, "FLG SYNC": null, "JML KRG BA": null, "FLG BAYAR": null, "ALAMAT OP": null, "NM KELURAH": null, "NM KECAMAT": null }, "geometry": { "type": "MultiPolygon", "coordinates": [ [ [ [ 110.377873472565668, -7.788055044299258, 0.0 ], [ 110.377835500695241, -7.787890400738532, 0.0 ], [ 110.377799914468966, -7.787730824917772, 0.0 ], [ 110.378040460683806, -7.787754419131153, 0.0 ], [ 110.378099156735601, -7.787963766924858, 0.0 ], [ 110.377873472565668, -7.788055044299258, 0.0 ] ] ] ] } },
{ "type": "Feature", "properties": { "D_NOP": "347106000400400590", "D_LUAS": 282.31, "ASR": null, "KD PROPINS": null, "KD DATI2": null, "KD KECAMAT": null, "KD KELURAH": null, "KD BLOK": null, "NO URUT": null, "KD JNS OP": null, "THN PAJAK": null, "NO PERSIL": null, "LUAS BUMI": null, "LUAS BNG S": null, "NJOP BUMI": null, "NJOP BNG S": null, "NJOP SPPT": null, "NJOPTKP SP": null, "NJKP SPPT": null, "PBB TERHUT": null, "FAKTOR PEN": null, "PBB YG HAR": null, "FLG SYNC": null, "JML KRG BA": null, "FLG BAYAR": null, "ALAMAT OP": null, "NM KELURAH": null, "NM KECAMAT": null }, "geometry": { "type": "MultiPolygon", "coordinates": [ [ [ [ 110.377684037675294, -7.78785653739985, 0.0 ], [ 110.377716892546971, -7.787789213135025, 0.0 ], [ 110.37767577689533, -7.787778572135929, 0.0 ], [ 110.377674293978288, -7.787719245993369, 0.0 ], [ 110.377799914468966, -7.787730824917772, 0.0 ], [ 110.377835500695241, -7.787890400738532, 0.0 ], [ 110.377695540333264, -7.78791678257901, 0.0 ], [ 110.377684037675294, -7.78785653739985, 0.0 ] ] ] ] } },
{ "type": "Feature", "properties": { "D_NOP": "347106000400400580", "D_LUAS": 423.96, "ASR": null, "KD PROPINS": null, "KD DATI2": null, "KD KECAMAT": null, "KD KELURAH": null, "KD BLOK": null, "NO URUT": null, "KD JNS OP": null, "THN PAJAK": null, "NO PERSIL": null, "LUAS BUMI": null, "LUAS BNG S": null, "NJOP BUMI": null, "NJOP BNG S": null, "NJOP SPPT": null, "NJOPTKP SP": null, "NJKP SPPT": null, "PBB TERHUT": null, "FAKTOR PEN": null, "PBB YG HAR": null, "FLG SYNC": null, "JML KRG BA": null, "FLG BAYAR": null, "ALAMAT OP": null, "NM KELURAH": null, "NM KECAMAT": null }, "geometry": { "type": "MultiPolygon", "coordinates": [ [ [ [ 110.377422917526403, -7.787838519606297, 0.0 ], [ 110.377433596267622, -7.787747650253479, 0.0 ], [ 110.377435649216736, -7.787724773751925, 0.0 ], [ 110.377443212024033, -7.787718273691, 0.0 ], [ 110.377446890596985, -7.78770869320851, 0.0 ], [ 110.377462305601014, -7.787702295110558, 0.0 ], [ 110.377674293978288, -7.787719245993369, 0.0 ], [ 110.37767577689533, -7.787778572135929, 0.0 ], [ 110.377716892546971, -7.787789213135025, 0.0 ], [ 110.377684037675294, -7.78785653739985, 0.0 ], [ 110.377654575529917, -7.787854595060398, 0.0 ], [ 110.377649136575229, -7.78784084127922, 0.0 ], [ 110.377422917526403, -7.787838519606297, 0.0 ] ] ] ] } },
{ "type": "Feature", "properties": { "D_NOP": "347106000400400570", "D_LUAS": 545.82, "ASR": null, "KD PROPINS": null, "KD DATI2": null, "KD KECAMAT": null, "KD KELURAH": null, "KD BLOK": null, "NO URUT": null, "KD JNS OP": null, "THN PAJAK": null, "NO PERSIL": null, "LUAS BUMI": null, "LUAS BNG S": null, "NJOP BUMI": null, "NJOP BNG S": null, "NJOP SPPT": null, "NJOPTKP SP": null, "NJKP SPPT": null, "PBB TERHUT": null, "FAKTOR PEN": null, "PBB YG HAR": null, "FLG SYNC": null, "JML KRG BA": null, "FLG BAYAR": null, "ALAMAT OP": null, "NM KELURAH": null, "NM KECAMAT": null }, "geometry": { "type": "MultiPolygon", "coordinates": [ [ [ [ 110.377632264290455, -7.787618532506133, 0.0 ], [ 110.377506201010732, -7.787602973838393, 0.0 ], [ 110.377491486300968, -7.787590924660632, 0.0 ], [ 110.377477744986592, -7.787578063015864, 0.0 ], [ 110.377467680641928, -7.787556706079925, 0.0 ], [ 110.377486516910082, -7.787360403971592, 0.0 ], [ 110.377671072184597, -7.787368633006058, 0.0 ], [ 110.377654161836077, -7.78757750812592, 0.0 ], [ 110.377636136736754, -7.787578928591784, 0.0 ], [ 110.377632264290455, -7.787618532506133, 0.0 ] ] ] ] } },
{ "type": "Feature", "properties": { "D_NOP": "347106000400400560", "D_LUAS": 351.19, "ASR": null, "KD PROPINS": null, "KD DATI2": null, "KD KECAMAT": null, "KD KELURAH": null, "KD BLOK": null, "NO URUT": null, "KD JNS OP": null, "THN PAJAK": null, "NO PERSIL": null, "LUAS BUMI": null, "LUAS BNG S": null, "NJOP BUMI": null, "NJOP BNG S": null, "NJOP SPPT": null, "NJOPTKP SP": null, "NJKP SPPT": null, "PBB TERHUT": null, "FAKTOR PEN": null, "PBB YG HAR": null, "FLG SYNC": null, "JML KRG BA": null, "FLG BAYAR": null, "ALAMAT OP": null, "NM KELURAH": null, "NM KECAMAT": null }, "geometry": { "type": "MultiPolygon", "coordinates": [ [ [ [ 110.377632264290455, -7.787618532506133, 0.0 ], [ 110.377636136736754, -7.787578928591784, 0.0 ], [ 110.377654161836077, -7.78757750812592, 0.0 ], [ 110.377671072184597, -7.787368633006058, 0.0 ], [ 110.377761255206423, -7.787373196583596, 0.0 ], [ 110.377778080950094, -7.787373673441939, 0.0 ], [ 110.377753174952602, -7.787629019333449, 0.0 ], [ 110.377632264290455, -7.787618532506133, 0.0 ] ] ] ] } },
{ "type": "Feature", "properties": { "D_NOP": "347106000400400550", "D_LUAS": 326.26, "ASR": null, "KD PROPINS": null, "KD DATI2": null, "KD KECAMAT": null, "KD KELURAH": null, "KD BLOK": null, "NO URUT": null, "KD JNS OP": null, "THN PAJAK": null, "NO PERSIL": null, "LUAS BUMI": null, "LUAS BNG S": null, "NJOP BUMI": null, "NJOP BNG S": null, "NJOP SPPT": null, "NJOPTKP SP": null, "NJKP SPPT": null, "PBB TERHUT": null, "FAKTOR PEN": null, "PBB YG HAR": null, "FLG SYNC": null, "JML KRG BA": null, "FLG BAYAR": null, "ALAMAT OP": null, "NM KELURAH": null, "NM KECAMAT": null }, "geometry": { "type": "MultiPolygon", "coordinates": [ [ [ [ 110.377753174952602, -7.787629019333449, 0.0 ], [ 110.377778080950094, -7.787373673441939, 0.0 ], [ 110.377856445160887, -7.787380209177163, 0.0 ], [ 110.377892116352712, -7.787380804117778, 0.0 ], [ 110.377868925654212, -7.787639408121948, 0.0 ], [ 110.377753174952602, -7.787629019333449, 0.0 ] ] ] ] } },
{ "type": "Feature", "properties": { "D_NOP": "347106000400400540", "D_LUAS": 390.46, "ASR": null, "KD PROPINS": null, "KD DATI2": null, "KD KECAMAT": null, "KD KELURAH": null, "KD BLOK": null, "NO URUT": null, "KD JNS OP": null, "THN PAJAK": null, "NO PERSIL": null, "LUAS BUMI": null, "LUAS BNG S": null, "NJOP BUMI": null, "NJOP BNG S": null, "NJOP SPPT": null, "NJOPTKP SP": null, "NJKP SPPT": null, "PBB TERHUT": null, "FAKTOR PEN": null, "PBB YG HAR": null, "FLG SYNC": null, "JML KRG BA": null, "FLG BAYAR": null, "ALAMAT OP": null, "NM KELURAH": null, "NM KECAMAT": null }, "geometry": { "type": "MultiPolygon", "coordinates": [ [ [ [ 110.377892116352712, -7.787380804117778, 0.0 ], [ 110.378012137420313, -7.787385954021194, 0.0 ], [ 110.378008122913556, -7.787420493492432, 0.0 ], [ 110.377986220333455, -7.787617062441906, 0.0 ], [ 110.377965800140473, -7.787619835900936, 0.0 ], [ 110.377961568610701, -7.787649401244073, 0.0 ], [ 110.377868925654212, -7.787639408121948, 0.0 ], [ 110.377892116352712, -7.787380804117778, 0.0 ] ] ] ] } },
{ "type": "Feature", "properties": { "D_NOP": "347106000400400530", "D_LUAS": 1432.79, "ASR": null, "KD PROPINS": null, "KD DATI2": null, "KD KECAMAT": null, "KD KELURAH": null, "KD BLOK": null, "NO URUT": null, "KD JNS OP": null, "THN PAJAK": null, "NO PERSIL": null, "LUAS BUMI": null, "LUAS BNG S": null, "NJOP BUMI": null, "NJOP BNG S": null, "NJOP SPPT": null, "NJOPTKP SP": null, "NJKP SPPT": null, "PBB TERHUT": null, "FAKTOR PEN": null, "PBB YG HAR": null, "FLG SYNC": null, "JML KRG BA": null, "FLG BAYAR": null, "ALAMAT OP": null, "NM KELURAH": null, "NM KECAMAT": null }, "geometry": { "type": "MultiPolygon", "coordinates": [ [ [ [ 110.378008122913556, -7.787420493492432, 0.0 ], [ 110.378512303359614, -7.787481280302178, 0.0 ], [ 110.378479375087522, -7.787699989189073, 0.0 ], [ 110.377961568610701, -7.787649401244073, 0.0 ], [ 110.377965800140473, -7.787619835900936, 0.0 ], [ 110.377986220333455, -7.787617062441906, 0.0 ], [ 110.378008122913556, -7.787420493492432, 0.0 ] ] ] ] } },
{ "type": "Feature", "properties": { "D_NOP": "347106000400400520", "D_LUAS": 1556.74, "ASR": null, "KD PROPINS": null, "KD DATI2": null, "KD KECAMAT": null, "KD KELURAH": null, "KD BLOK": null, "NO URUT": null, "KD JNS OP": null, "THN PAJAK": null, "NO PERSIL": null, "LUAS BUMI": null, "LUAS BNG S": null, "NJOP BUMI": null, "NJOP BNG S": null, "NJOP SPPT": null, "NJOPTKP SP": null, "NJKP SPPT": null, "PBB TERHUT": null, "FAKTOR PEN": null, "PBB YG HAR": null, "FLG SYNC": null, "JML KRG BA": null, "FLG BAYAR": null, "ALAMAT OP": null, "NM KELURAH": null, "NM KECAMAT": null }, "geometry": { "type": "MultiPolygon", "coordinates": [ [ [ [ 110.378034219678099, -7.787168947498444, 0.0 ], [ 110.378538683376604, -7.787240315318308, 0.0 ], [ 110.378553179885685, -7.787248204228463, 0.0 ], [ 110.378512303359614, -7.787481280302178, 0.0 ], [ 110.378008122913556, -7.787420493492432, 0.0 ], [ 110.378012137420313, -7.787385954021194, 0.0 ], [ 110.378034219678099, -7.787168947498444, 0.0 ] ] ] ] } },
{ "type": "Feature", "properties": { "D_NOP": "347106000400400510", "D_LUAS": 467.28, "ASR": null, "KD PROPINS": null, "KD DATI2": null, "KD KECAMAT": null, "KD KELURAH": null, "KD BLOK": null, "NO URUT": null, "KD JNS OP": null, "THN PAJAK": null, "NO PERSIL": null, "LUAS BUMI": null, "LUAS BNG S": null, "NJOP BUMI": null, "NJOP BNG S": null, "NJOP SPPT": null, "NJOPTKP SP": null, "NJKP SPPT": null, "PBB TERHUT": null, "FAKTOR PEN": null, "PBB YG HAR": null, "FLG SYNC": null, "JML KRG BA": null, "FLG BAYAR": null, "ALAMAT OP": null, "NM KELURAH": null, "NM KECAMAT": null }, "geometry": { "type": "MultiPolygon", "coordinates": [ [ [ [ 110.377856445160887, -7.787380209177163, 0.0 ], [ 110.377863779794666, -7.787325598480972, 0.0 ], [ 110.377852939444082, -7.787323321751734, 0.0 ], [ 110.377868684423817, -7.787143926022062, 0.0 ], [ 110.378034219678099, -7.787168947498444, 0.0 ], [ 110.378012137420313, -7.787385954021194, 0.0 ], [ 110.377892116352712, -7.787380804117778, 0.0 ], [ 110.377856445160887, -7.787380209177163, 0.0 ] ] ] ] } },
{ "type": "Feature", "properties": { "D_NOP": "347106000400400500", "D_LUAS": 271.33, "ASR": null, "KD PROPINS": null, "KD DATI2": null, "KD KECAMAT": null, "KD KELURAH": null, "KD BLOK": null, "NO URUT": null, "KD JNS OP": null, "THN PAJAK": null, "NO PERSIL": null, "LUAS BUMI": null, "LUAS BNG S": null, "NJOP BUMI": null, "NJOP BNG S": null, "NJOP SPPT": null, "NJOPTKP SP": null, "NJKP SPPT": null, "PBB TERHUT": null, "FAKTOR PEN": null, "PBB YG HAR": null, "FLG SYNC": null, "JML KRG BA": null, "FLG BAYAR": null, "ALAMAT OP": null, "NM KELURAH": null, "NM KECAMAT": null }, "geometry": { "type": "MultiPolygon", "coordinates": [ [ [ [ 110.377761255206423, -7.787373196583596, 0.0 ], [ 110.377785393184439, -7.78713150492466, 0.0 ], [ 110.377868684423817, -7.787143926022062, 0.0 ], [ 110.377852939444082, -7.787323321751734, 0.0 ], [ 110.377863779794666, -7.787325598480972, 0.0 ], [ 110.377856445160887, -7.787380209177163, 0.0 ], [ 110.377778080950094, -7.787373673441939, 0.0 ], [ 110.377761255206423, -7.787373196583596, 0.0 ] ] ] ] } },
{ "type": "Feature", "properties": { "D_NOP": "347106000400400490", "D_LUAS": 266.66, "ASR": null, "KD PROPINS": null, "KD DATI2": null, "KD KECAMAT": null, "KD KELURAH": null, "KD BLOK": null, "NO URUT": null, "KD JNS OP": null, "THN PAJAK": null, "NO PERSIL": null, "LUAS BUMI": null, "LUAS BNG S": null, "NJOP BUMI": null, "NJOP BNG S": null, "NJOP SPPT": null, "NJOPTKP SP": null, "NJKP SPPT": null, "PBB TERHUT": null, "FAKTOR PEN": null, "PBB YG HAR": null, "FLG SYNC": null, "JML KRG BA": null, "FLG BAYAR": null, "ALAMAT OP": null, "NM KELURAH": null, "NM KECAMAT": null }, "geometry": { "type": "MultiPolygon", "coordinates": [ [ [ [ 110.377671072184597, -7.787368633006058, 0.0 ], [ 110.37769529994317, -7.787116813005669, 0.0 ], [ 110.377785393184439, -7.78713150492466, 0.0 ], [ 110.377761255206423, -7.787373196583596, 0.0 ], [ 110.377671072184597, -7.787368633006058, 0.0 ] ] ] ] } },
{ "type": "Feature", "properties": { "D_NOP": "347106000400400480", "D_LUAS": 587.87, "ASR": null, "KD PROPINS": null, "KD DATI2": null, "KD KECAMAT": null, "KD KELURAH": null, "KD BLOK": null, "NO URUT": null, "KD JNS OP": null, "THN PAJAK": null, "NO PERSIL": null, "LUAS BUMI": null, "LUAS BNG S": null, "NJOP BUMI": null, "NJOP BNG S": null, "NJOP SPPT": null, "NJOPTKP SP": null, "NJKP SPPT": null, "PBB TERHUT": null, "FAKTOR PEN": null, "PBB YG HAR": null, "FLG SYNC": null, "JML KRG BA": null, "FLG BAYAR": null, "ALAMAT OP": null, "NM KELURAH": null, "NM KECAMAT": null }, "geometry": { "type": "MultiPolygon", "coordinates": [ [ [ [ 110.377486516910082, -7.787360403971592, 0.0 ], [ 110.377501726380245, -7.787138594463784, 0.0 ], [ 110.377509975045868, -7.787123413851623, 0.0 ], [ 110.377515672779026, -7.787113836332269, 0.0 ], [ 110.377521735755636, -7.7871101374859, 0.0 ], [ 110.377529895887577, -7.787104271329382, 0.0 ], [ 110.377535885948618, -7.787099306315488, 0.0 ], [ 110.37754545843363, -7.787099229936169, 0.0 ], [ 110.37769529994317, -7.787116813005669, 0.0 ], [ 110.377671072184597, -7.787368633006058, 0.0 ], [ 110.377486516910082, -7.787360403971592, 0.0 ] ] ] ] } },
{ "type": "Feature", "properties": { "D_NOP": "347106000400400470", "D_LUAS": 471.95, "ASR": null, "KD PROPINS": null, "KD DATI2": null, "KD KECAMAT": null, "KD KELURAH": null, "KD BLOK": null, "NO URUT": null, "KD JNS OP": null, "THN PAJAK": null, "NO PERSIL": null, "LUAS BUMI": null, "LUAS BNG S": null, "NJOP BUMI": null, "NJOP BNG S": null, "NJOP SPPT": null, "NJOPTKP SP": null, "NJKP SPPT": null, "PBB TERHUT": null, "FAKTOR PEN": null, "PBB YG HAR": null, "FLG SYNC": null, "JML KRG BA": null, "FLG BAYAR": null, "ALAMAT OP": null, "NM KELURAH": null, "NM KECAMAT": null }, "geometry": { "type": "MultiPolygon", "coordinates": [ [ [ [ 110.376192431503299, -7.786109714614212, 0.0 ], [ 110.376204112087194, -7.786100055481866, 0.0 ], [ 110.376584749143717, -7.786159667921163, 0.0 ], [ 110.376532860711905, -7.786303560747861, 0.0 ], [ 110.376209196335708, -7.786151338391135, 0.0 ], [ 110.376196122410235, -7.786142366305265, 0.0 ], [ 110.376192337192151, -7.786122917672577, 0.0 ], [ 110.376192431503299, -7.786109714614212, 0.0 ] ] ] ] } },
{ "type": "Feature", "properties": { "D_NOP": "347106000400400460", "D_LUAS": 636.44, "ASR": null, "KD PROPINS": null, "KD DATI2": null, "KD KECAMAT": null, "KD KELURAH": null, "KD BLOK": null, "NO URUT": null, "KD JNS OP": null, "THN PAJAK": null, "NO PERSIL": null, "LUAS BUMI": null, "LUAS BNG S": null, "NJOP BUMI": null, "NJOP BNG S": null, "NJOP SPPT": null, "NJOPTKP SP": null, "NJKP SPPT": null, "PBB TERHUT": null, "FAKTOR PEN": null, "PBB YG HAR": null, "FLG SYNC": null, "JML KRG BA": null, "FLG BAYAR": null, "ALAMAT OP": null, "NM KELURAH": null, "NM KECAMAT": null }, "geometry": { "type": "MultiPolygon", "coordinates": [ [ [ [ 110.376532860711905, -7.786303560747861, 0.0 ], [ 110.376584749143717, -7.786159667921163, 0.0 ], [ 110.376828643050501, -7.786194481346429, 0.0 ], [ 110.37684141852526, -7.786203000810998, 0.0 ], [ 110.376844528181081, -7.786224166671881, 0.0 ], [ 110.376769159031269, -7.786367120696162, 0.0 ], [ 110.376757854642221, -7.786375243038631, 0.0 ], [ 110.37674124714701, -7.786378926375539, 0.0 ], [ 110.376702897729288, -7.786368922390008, 0.0 ], [ 110.376532860711905, -7.786303560747861, 0.0 ] ] ] ] } },
{ "type": "Feature", "properties": { "D_NOP": "347106000400400450", "D_LUAS": 5184.19, "ASR": null, "KD PROPINS": null, "KD DATI2": null, "KD KECAMAT": null, "KD KELURAH": null, "KD BLOK": null, "NO URUT": null, "KD JNS OP": null, "THN PAJAK": null, "NO PERSIL": null, "LUAS BUMI": null, "LUAS BNG S": null, "NJOP BUMI": null, "NJOP BNG S": null, "NJOP SPPT": null, "NJOPTKP SP": null, "NJKP SPPT": null, "PBB TERHUT": null, "FAKTOR PEN": null, "PBB YG HAR": null, "FLG SYNC": null, "JML KRG BA": null, "FLG BAYAR": null, "ALAMAT OP": null, "NM KELURAH": null, "NM KECAMAT": null }, "geometry": { "type": "MultiPolygon", "coordinates": [ [ [ [ 110.377325646473835, -7.78696172050501, 0.0 ], [ 110.376799857437973, -7.786898820627547, 0.0 ], [ 110.376752831296855, -7.786889979516834, 0.0 ], [ 110.37673631286502, -7.786883986666493, 0.0 ], [ 110.376729431940063, -7.786884519148805, 0.0 ], [ 110.376724281470416, -7.786878000411528, 0.0 ], [ 110.376719627283549, -7.786839288304704, 0.0 ], [ 110.376727293468193, -7.786813435775235, 0.0 ], [ 110.3769963126243, -7.786293118688026, 0.0 ], [ 110.377004709386711, -7.786278933064386, 0.0 ], [ 110.377013690794556, -7.786273972452237, 0.0 ], [ 110.377018181698759, -7.78627135649707, 0.0 ], [ 110.377457449626178, -7.786331054310323, 0.0 ], [ 110.377426970399839, -7.786815548906993, 0.0 ], [ 110.37734172551599, -7.786809455160756, 0.0 ], [ 110.377325646473835, -7.78696172050501, 0.0 ] ] ] ] } },
{ "type": "Feature", "properties": { "D_NOP": "347106000400400440", "D_LUAS": 3693.38, "ASR": null, "KD PROPINS": null, "KD DATI2": null, "KD KECAMAT": null, "KD KELURAH": null, "KD BLOK": null, "NO URUT": null, "KD JNS OP": null, "THN PAJAK": null, "NO PERSIL": null, "LUAS BUMI": null, "LUAS BNG S": null, "NJOP BUMI": null, "NJOP BNG S": null, "NJOP SPPT": null, "NJOPTKP SP": null, "NJKP SPPT": null, "PBB TERHUT": null, "FAKTOR PEN": null, "PBB YG HAR": null, "FLG SYNC": null, "JML KRG BA": null, "FLG BAYAR": null, "ALAMAT OP": null, "NM KELURAH": null, "NM KECAMAT": null }, "geometry": { "type": "MultiPolygon", "coordinates": [ [ [ [ 110.37800562943859, -7.786575846704585, 0.0 ], [ 110.37803456774455, -7.786577969110322, 0.0 ], [ 110.377968457320137, -7.787035191222177, 0.0 ], [ 110.377529855201672, -7.786979835633405, 0.0 ], [ 110.377547947465814, -7.786831552277971, 0.0 ], [ 110.377426970399839, -7.786815548906993, 0.0 ], [ 110.377457449626178, -7.786331054310323, 0.0 ], [ 110.378014846498402, -7.786411091507771, 0.0 ], [ 110.378007082277264, -7.786452769678861, 0.0 ], [ 110.378000898118529, -7.786487938999687, 0.0 ], [ 110.378017641575696, -7.78649347996671, 0.0 ], [ 110.37800562943859, -7.786575846704585, 0.0 ] ] ] ] } },
{ "type": "Feature", "properties": { "D_NOP": "347106000400400430", "D_LUAS": 193.32, "ASR": null, "KD PROPINS": null, "KD DATI2": null, "KD KECAMAT": null, "KD KELURAH": null, "KD BLOK": null, "NO URUT": null, "KD JNS OP": null, "THN PAJAK": null, "NO PERSIL": null, "LUAS BUMI": null, "LUAS BNG S": null, "NJOP BUMI": null, "NJOP BNG S": null, "NJOP SPPT": null, "NJOPTKP SP": null, "NJKP SPPT": null, "PBB TERHUT": null, "FAKTOR PEN": null, "PBB YG HAR": null, "FLG SYNC": null, "JML KRG BA": null, "FLG BAYAR": null, "ALAMAT OP": null, "NM KELURAH": null, "NM KECAMAT": null }, "geometry": { "type": "MultiPolygon", "coordinates": [ [ [ [ 110.377325646473835, -7.78696172050501, 0.0 ], [ 110.37734172551599, -7.786809455160756, 0.0 ], [ 110.377426970399839, -7.786815548906993, 0.0 ], [ 110.377547947465814, -7.786831552277971, 0.0 ], [ 110.377529855201672, -7.786979835633405, 0.0 ], [ 110.377325646473835, -7.78696172050501, 0.0 ] ] ] ] } },
{ "type": "Feature", "properties": { "D_NOP": "347106000400400420", "D_LUAS": 44.26, "ASR": null, "KD PROPINS": null, "KD DATI2": null, "KD KECAMAT": null, "KD KELURAH": null, "KD BLOK": null, "NO URUT": null, "KD JNS OP": null, "THN PAJAK": null, "NO PERSIL": null, "LUAS BUMI": null, "LUAS BNG S": null, "NJOP BUMI": null, "NJOP BNG S": null, "NJOP SPPT": null, "NJOPTKP SP": null, "NJKP SPPT": null, "PBB TERHUT": null, "FAKTOR PEN": null, "PBB YG HAR": null, "FLG SYNC": null, "JML KRG BA": null, "FLG BAYAR": null, "ALAMAT OP": null, "NM KELURAH": null, "NM KECAMAT": null }, "geometry": { "type": "MultiPolygon", "coordinates": [ [ [ [ 110.378007082277264, -7.786452769678861, 0.0 ], [ 110.378051645340122, -7.78645835145213, 0.0 ], [ 110.378037819060125, -7.786553828299064, 0.0 ], [ 110.37803456774455, -7.786577969110322, 0.0 ], [ 110.37800562943859, -7.786575846704585, 0.0 ], [ 110.378017641575696, -7.78649347996671, 0.0 ], [ 110.378000898118529, -7.786487938999687, 0.0 ], [ 110.378007082277264, -7.786452769678861, 0.0 ] ] ] ] } },
{ "type": "Feature", "properties": { "D_NOP": "347106000400400410", "D_LUAS": 60.37, "ASR": null, "KD PROPINS": null, "KD DATI2": null, "KD KECAMAT": null, "KD KELURAH": null, "KD BLOK": null, "NO URUT": null, "KD JNS OP": null, "THN PAJAK": null, "NO PERSIL": null, "LUAS BUMI": null, "LUAS BNG S": null, "NJOP BUMI": null, "NJOP BNG S": null, "NJOP SPPT": null, "NJOPTKP SP": null, "NJKP SPPT": null, "PBB TERHUT": null, "FAKTOR PEN": null, "PBB YG HAR": null, "FLG SYNC": null, "JML KRG BA": null, "FLG BAYAR": null, "ALAMAT OP": null, "NM KELURAH": null, "NM KECAMAT": null }, "geometry": { "type": "MultiPolygon", "coordinates": [ [ [ [ 110.378014846498402, -7.786411091507771, 0.0 ], [ 110.378030173387856, -7.786312270845327, 0.0 ], [ 110.378071968100002, -7.786318752883561, 0.0 ], [ 110.378051645340122, -7.78645835145213, 0.0 ], [ 110.378007082277264, -7.786452769678861, 0.0 ], [ 110.378014846498402, -7.786411091507771, 0.0 ] ] ] ] } },
{ "type": "Feature", "properties": { "D_NOP": "347106000400400400", "D_LUAS": 97.95, "ASR": null, "KD PROPINS": null, "KD DATI2": null, "KD KECAMAT": null, "KD KELURAH": null, "KD BLOK": null, "NO URUT": null, "KD JNS OP": null, "THN PAJAK": null, "NO PERSIL": null, "LUAS BUMI": null, "LUAS BNG S": null, "NJOP BUMI": null, "NJOP BNG S": null, "NJOP SPPT": null, "NJOPTKP SP": null, "NJKP SPPT": null, "PBB TERHUT": null, "FAKTOR PEN": null, "PBB YG HAR": null, "FLG SYNC": null, "JML KRG BA": null, "FLG BAYAR": null, "ALAMAT OP": null, "NM KELURAH": null, "NM KECAMAT": null }, "geometry": { "type": "MultiPolygon", "coordinates": [ [ [ [ 110.377796838800066, -7.786317987524476, 0.0 ], [ 110.377961561108037, -7.786336225345431, 0.0 ], [ 110.377957600858124, -7.786384691562213, 0.0 ], [ 110.377791609073654, -7.786365185815145, 0.0 ], [ 110.377796838800066, -7.786317987524476, 0.0 ] ] ] ] } },
{ "type": "Feature", "properties": { "D_NOP": "347106000400400390", "D_LUAS": 469.97, "ASR": null, "KD PROPINS": null, "KD DATI2": null, "KD KECAMAT": null, "KD KELURAH": null, "KD BLOK": null, "NO URUT": null, "KD JNS OP": null, "THN PAJAK": null, "NO PERSIL": null, "LUAS BUMI": null, "LUAS BNG S": null, "NJOP BUMI": null, "NJOP BNG S": null, "NJOP SPPT": null, "NJOPTKP SP": null, "NJKP SPPT": null, "PBB TERHUT": null, "FAKTOR PEN": null, "PBB YG HAR": null, "FLG SYNC": null, "JML KRG BA": null, "FLG BAYAR": null, "ALAMAT OP": null, "NM KELURAH": null, "NM KECAMAT": null }, "geometry": { "type": "MultiPolygon", "coordinates": [ [ [ [ 110.377645420432046, -7.785848780388953, 0.0 ], [ 110.377893126402881, -7.785884864850339, 0.0 ], [ 110.377856647330646, -7.786077162078176, 0.0 ], [ 110.377827711862068, -7.786073140576564, 0.0 ], [ 110.377798701610374, -7.786069118963294, 0.0 ], [ 110.377613649563813, -7.786043164454032, 0.0 ], [ 110.377645420432046, -7.785848780388953, 0.0 ] ] ] ] } },
{ "type": "Feature", "properties": { "D_NOP": "347106000400400380", "D_LUAS": 375.85, "ASR": null, "KD PROPINS": "34", "KD DATI2": "71", "KD KECAMAT": "060", "KD KELURAH": "004", "KD BLOK": "004", "NO URUT": "0038", "KD JNS OP": "0", "THN PAJAK": "2023", "NO PERSIL": null, "LUAS BUMI": "393", "LUAS BNG S": 154, "NJOP BUMI": 3790485000.0, "NJOP BNG S": 77770000.0, "NJOP SPPT": 3868255000.0, "NJOPTKP SP": 20000000.0, "NJKP SPPT": 0, "PBB TERHUT": 2693779, "FAKTOR PEN": 663335.0, "PBB YG HAR": 2030444, "FLG SYNC": "0", "JML KRG BA": "0", "FLG BAYAR": "0", "ALAMAT OP": "JL JUWADI 27 RW 02 RT 008", "NM KELURAH": "KOTABARU", "NM KECAMAT": "GONDOKUSUMAN" }, "geometry": { "type": "MultiPolygon", "coordinates": [ [ [ [ 110.377856647330646, -7.786077162078176, 0.0 ], [ 110.377893126402881, -7.785884864850339, 0.0 ], [ 110.378141807949874, -7.785918689778657, 0.0 ], [ 110.378106074023364, -7.786112887219615, 0.0 ], [ 110.377856647330646, -7.786077162078176, 0.0 ] ] ] ] } },
{ "type": "Feature", "properties": { "D_NOP": "347106000400400370", "D_LUAS": 941.84, "ASR": null, "KD PROPINS": null, "KD DATI2": null, "KD KECAMAT": null, "KD KELURAH": null, "KD BLOK": null, "NO URUT": null, "KD JNS OP": null, "THN PAJAK": null, "NO PERSIL": null, "LUAS BUMI": null, "LUAS BNG S": null, "NJOP BUMI": null, "NJOP BNG S": null, "NJOP SPPT": null, "NJOPTKP SP": null, "NJKP SPPT": null, "PBB TERHUT": null, "FAKTOR PEN": null, "PBB YG HAR": null, "FLG SYNC": null, "JML KRG BA": null, "FLG BAYAR": null, "ALAMAT OP": null, "NM KELURAH": null, "NM KECAMAT": null }, "geometry": { "type": "MultiPolygon", "coordinates": [ [ [ [ 110.377793614080687, -7.786273399381425, 0.0 ], [ 110.377827711862068, -7.786073140576564, 0.0 ], [ 110.377856647330646, -7.786077162078176, 0.0 ], [ 110.378106074023364, -7.786112887219615, 0.0 ], [ 110.378089855890096, -7.786207546667673, 0.0 ], [ 110.378071968100002, -7.786318752883561, 0.0 ], [ 110.378030173387856, -7.786312270845327, 0.0 ], [ 110.377793614080687, -7.786273399381425, 0.0 ] ] ] ] } },
{ "type": "Feature", "properties": { "D_NOP": "347106000400400360", "D_LUAS": 599.01, "ASR": null, "KD PROPINS": null, "KD DATI2": null, "KD KECAMAT": null, "KD KELURAH": null, "KD BLOK": null, "NO URUT": null, "KD JNS OP": null, "THN PAJAK": null, "NO PERSIL": null, "LUAS BUMI": null, "LUAS BNG S": null, "NJOP BUMI": null, "NJOP BNG S": null, "NJOP SPPT": null, "NJOPTKP SP": null, "NJKP SPPT": null, "PBB TERHUT": null, "FAKTOR PEN": null, "PBB YG HAR": null, "FLG SYNC": null, "JML KRG BA": null, "FLG BAYAR": null, "ALAMAT OP": null, "NM KELURAH": null, "NM KECAMAT": null }, "geometry": { "type": "MultiPolygon", "coordinates": [ [ [ [ 110.377579560093281, -7.786237725975065, 0.0 ], [ 110.377613649563813, -7.786043164454032, 0.0 ], [ 110.377798701610374, -7.786069118963294, 0.0 ], [ 110.377761389444387, -7.78626846871908, 0.0 ], [ 110.377579560093281, -7.786237725975065, 0.0 ] ] ] ] } },
{ "type": "Feature", "properties": { "D_NOP": "347106000400400350", "D_LUAS": 26.44, "ASR": null, "KD PROPINS": null, "KD DATI2": null, "KD KECAMAT": null, "KD KELURAH": null, "KD BLOK": null, "NO URUT": null, "KD JNS OP": null, "THN PAJAK": null, "NO PERSIL": null, "LUAS BUMI": null, "LUAS BNG S": null, "NJOP BUMI": null, "NJOP BNG S": null, "NJOP SPPT": null, "NJOPTKP SP": null, "NJKP SPPT": null, "PBB TERHUT": null, "FAKTOR PEN": null, "PBB YG HAR": null, "FLG SYNC": null, "JML KRG BA": null, "FLG BAYAR": null, "ALAMAT OP": null, "NM KELURAH": null, "NM KECAMAT": null }, "geometry": { "type": "MultiPolygon", "coordinates": [ [ [ [ 110.37790153454614, -7.785761526728384, 0.0 ], [ 110.377952974040028, -7.785769560282242, 0.0 ], [ 110.377946631388227, -7.785810788374783, 0.0 ], [ 110.377894894088271, -7.785801850054043, 0.0 ], [ 110.37790153454614, -7.785761526728384, 0.0 ] ] ] ] } },
{ "type": "Feature", "properties": { "D_NOP": "347106000400400340", "D_LUAS": 21.41, "ASR": null, "KD PROPINS": null, "KD DATI2": null, "KD KECAMAT": null, "KD KELURAH": null, "KD BLOK": null, "NO URUT": null, "KD JNS OP": null, "THN PAJAK": null, "NO PERSIL": null, "LUAS BUMI": null, "LUAS BNG S": null, "NJOP BUMI": null, "NJOP BNG S": null, "NJOP SPPT": null, "NJOPTKP SP": null, "NJKP SPPT": null, "PBB TERHUT": null, "FAKTOR PEN": null, "PBB YG HAR": null, "FLG SYNC": null, "JML KRG BA": null, "FLG BAYAR": null, "ALAMAT OP": null, "NM KELURAH": null, "NM KECAMAT": null }, "geometry": { "type": "MultiPolygon", "coordinates": [ [ [ [ 110.377907640712834, -7.785728527682507, 0.0 ], [ 110.377960125841923, -7.785737467098039, 0.0 ], [ 110.377952974040028, -7.785769560282242, 0.0 ], [ 110.37790153454614, -7.785761526728384, 0.0 ], [ 110.377907640712834, -7.785728527682507, 0.0 ] ] ] ] } },
{ "type": "Feature", "properties": { "D_NOP": "347106000400400330", "D_LUAS": 22.39, "ASR": null, "KD PROPINS": null, "KD DATI2": null, "KD KECAMAT": null, "KD KELURAH": null, "KD BLOK": null, "NO URUT": null, "KD JNS OP": null, "THN PAJAK": null, "NO PERSIL": null, "LUAS BUMI": null, "LUAS BNG S": null, "NJOP BUMI": null, "NJOP BNG S": null, "NJOP SPPT": null, "NJOPTKP SP": null, "NJKP SPPT": null, "PBB TERHUT": null, "FAKTOR PEN": null, "PBB YG HAR": null, "FLG SYNC": null, "JML KRG BA": null, "FLG BAYAR": null, "ALAMAT OP": null, "NM KELURAH": null, "NM KECAMAT": null }, "geometry": { "type": "MultiPolygon", "coordinates": [ [ [ [ 110.377907640712834, -7.785728527682507, 0.0 ], [ 110.377913149942074, -7.78569462343184, 0.0 ], [ 110.377963991958353, -7.785702113509956, 0.0 ], [ 110.377960125841923, -7.785737467098039, 0.0 ], [ 110.377907640712834, -7.785728527682507, 0.0 ] ] ] ] } },
{ "type": "Feature", "properties": { "D_NOP": "347106000400400320", "D_LUAS": 19.49, "ASR": null, "KD PROPINS": null, "KD DATI2": null, "KD KECAMAT": null, "KD KELURAH": null, "KD BLOK": null, "NO URUT": null, "KD JNS OP": null, "THN PAJAK": null, "NO PERSIL": null, "LUAS BUMI": null, "LUAS BNG S": null, "NJOP BUMI": null, "NJOP BNG S": null, "NJOP SPPT": null, "NJOPTKP SP": null, "NJKP SPPT": null, "PBB TERHUT": null, "FAKTOR PEN": null, "PBB YG HAR": null, "FLG SYNC": null, "JML KRG BA": null, "FLG BAYAR": null, "ALAMAT OP": null, "NM KELURAH": null, "NM KECAMAT": null }, "geometry": { "type": "MultiPolygon", "coordinates": [ [ [ [ 110.377925729653356, -7.785633057089453, 0.0 ], [ 110.377973131477077, -7.785640632552237, 0.0 ], [ 110.377969043144901, -7.785674538888438, 0.0 ], [ 110.37791977759214, -7.785662981643848, 0.0 ], [ 110.377925729653356, -7.785633057089453, 0.0 ] ] ] ] } },
{ "type": "Feature", "properties": { "D_NOP": "347106000400400310", "D_LUAS": 26.32, "ASR": null, "KD PROPINS": null, "KD DATI2": null, "KD KECAMAT": null, "KD KELURAH": null, "KD BLOK": null, "NO URUT": null, "KD JNS OP": null, "THN PAJAK": null, "NO PERSIL": null, "LUAS BUMI": null, "LUAS BNG S": null, "NJOP BUMI": null, "NJOP BNG S": null, "NJOP SPPT": null, "NJOPTKP SP": null, "NJKP SPPT": null, "PBB TERHUT": null, "FAKTOR PEN": null, "PBB YG HAR": null, "FLG SYNC": null, "JML KRG BA": null, "FLG BAYAR": null, "ALAMAT OP": null, "NM KELURAH": null, "NM KECAMAT": null }, "geometry": { "type": "MultiPolygon", "coordinates": [ [ [ [ 110.377998694715586, -7.785649351605734, 0.0 ], [ 110.37804347924525, -7.785656832789025, 0.0 ], [ 110.378039226149497, -7.785701048234022, 0.0 ], [ 110.377991147396187, -7.785696094338874, 0.0 ], [ 110.377998694715586, -7.785649351605734, 0.0 ] ] ] ] } },
{ "type": "Feature", "properties": { "D_NOP": "347106000400400300", "D_LUAS": 22.27, "ASR": null, "KD PROPINS": null, "KD DATI2": null, "KD KECAMAT": null, "KD KELURAH": null, "KD BLOK": null, "NO URUT": null, "KD JNS OP": null, "THN PAJAK": null, "NO PERSIL": null, "LUAS BUMI": null, "LUAS BNG S": null, "NJOP BUMI": null, "NJOP BNG S": null, "NJOP SPPT": null, "NJOPTKP SP": null, "NJKP SPPT": null, "PBB TERHUT": null, "FAKTOR PEN": null, "PBB YG HAR": null, "FLG SYNC": null, "JML KRG BA": null, "FLG BAYAR": null, "ALAMAT OP": null, "NM KELURAH": null, "NM KECAMAT": null }, "geometry": { "type": "MultiPolygon", "coordinates": [ [ [ [ 110.377934008278132, -7.785597529108685, 0.0 ], [ 110.377984551281827, -7.785604928311969, 0.0 ], [ 110.377973131477077, -7.785640632552237, 0.0 ], [ 110.377925729653356, -7.785633057089453, 0.0 ], [ 110.377934008278132, -7.785597529108685, 0.0 ] ] ] ] } },
{ "type": "Feature", "properties": { "D_NOP": "347106000400400290", "D_LUAS": 20.4, "ASR": null, "KD PROPINS": null, "KD DATI2": null, "KD KECAMAT": null, "KD KELURAH": null, "KD BLOK": null, "NO URUT": null, "KD JNS OP": null, "THN PAJAK": null, "NO PERSIL": null, "LUAS BUMI": null, "LUAS BNG S": null, "NJOP BUMI": null, "NJOP BNG S": null, "NJOP SPPT": null, "NJOPTKP SP": null, "NJKP SPPT": null, "PBB TERHUT": null, "FAKTOR PEN": null, "PBB YG HAR": null, "FLG SYNC": null, "JML KRG BA": null, "FLG BAYAR": null, "ALAMAT OP": null, "NM KELURAH": null, "NM KECAMAT": null }, "geometry": { "type": "MultiPolygon", "coordinates": [ [ [ [ 110.37794086280968, -7.785564169427915, 0.0 ], [ 110.377988264359445, -7.785571925753823, 0.0 ], [ 110.377984551281827, -7.785604928311969, 0.0 ], [ 110.377934008278132, -7.785597529108685, 0.0 ], [ 110.37794086280968, -7.785564169427915, 0.0 ] ] ] ] } },
{ "type": "Feature", "properties": { "D_NOP": "347106000400400270", "D_LUAS": 961.42, "ASR": null, "KD PROPINS": null, "KD DATI2": null, "KD KECAMAT": null, "KD KELURAH": null, "KD BLOK": null, "NO URUT": null, "KD JNS OP": null, "THN PAJAK": null, "NO PERSIL": null, "LUAS BUMI": null, "LUAS BNG S": null, "NJOP BUMI": null, "NJOP BNG S": null, "NJOP SPPT": null, "NJOPTKP SP": null, "NJKP SPPT": null, "PBB TERHUT": null, "FAKTOR PEN": null, "PBB YG HAR": null, "FLG SYNC": null, "JML KRG BA": null, "FLG BAYAR": null, "ALAMAT OP": null, "NM KELURAH": null, "NM KECAMAT": null }, "geometry": { "type": "MultiPolygon", "coordinates": [ [ [ [ 110.375023195563216, -7.785496486064813, 0.0 ], [ 110.374711940033549, -7.785449544757154, 0.0 ], [ 110.374717007109481, -7.785411389572066, 0.0 ], [ 110.374751510575308, -7.785190603458926, 0.0 ], [ 110.374771271679577, -7.785178333727324, 0.0 ], [ 110.374881008464342, -7.785209242662905, 0.0 ], [ 110.375014439465858, -7.785197954354215, 0.0 ], [ 110.374998504961255, -7.785302652100135, 0.0 ], [ 110.375025495960514, -7.785306670923175, 0.0 ], [ 110.375009505444297, -7.785449169513426, 0.0 ], [ 110.375025338411788, -7.785463481236257, 0.0 ], [ 110.375020684405683, -7.785475230646575, 0.0 ], [ 110.375037432062712, -7.785477877880709, 0.0 ], [ 110.375038298784133, -7.78549858827841, 0.0 ], [ 110.375023195563216, -7.785496486064813, 0.0 ] ] ] ] } },
{ "type": "Feature", "properties": { "D_NOP": "347106000400400260", "D_LUAS": 1187.52, "ASR": null, "KD PROPINS": null, "KD DATI2": null, "KD KECAMAT": null, "KD KELURAH": null, "KD BLOK": null, "NO URUT": null, "KD JNS OP": null, "THN PAJAK": null, "NO PERSIL": null, "LUAS BUMI": null, "LUAS BNG S": null, "NJOP BUMI": null, "NJOP BNG S": null, "NJOP SPPT": null, "NJOPTKP SP": null, "NJKP SPPT": null, "PBB TERHUT": null, "FAKTOR PEN": null, "PBB YG HAR": null, "FLG SYNC": null, "JML KRG BA": null, "FLG BAYAR": null, "ALAMAT OP": null, "NM KELURAH": null, "NM KECAMAT": null }, "geometry": { "type": "MultiPolygon", "coordinates": [ [ [ [ 110.374711940033549, -7.785449544757154, 0.0 ], [ 110.375023195563216, -7.785496486064813, 0.0 ], [ 110.375004645236672, -7.785650556283776, 0.0 ], [ 110.374971147899899, -7.785646618300906, 0.0 ], [ 110.374951602707455, -7.785815970197609, 0.0 ], [ 110.374695146933391, -7.7857802328693, 0.0 ], [ 110.374667654544481, -7.785761291866411, 0.0 ], [ 110.374667855460459, -7.785726656387689, 0.0 ], [ 110.374711940033549, -7.785449544757154, 0.0 ] ] ] ] } },
{ "type": "Feature", "properties": { "D_NOP": "347106000400400250", "D_LUAS": 519.97, "ASR": null, "KD PROPINS": null, "KD DATI2": null, "KD KECAMAT": null, "KD KELURAH": null, "KD BLOK": null, "NO URUT": null, "KD JNS OP": null, "THN PAJAK": null, "NO PERSIL": null, "LUAS BUMI": null, "LUAS BNG S": null, "NJOP BUMI": null, "NJOP BNG S": null, "NJOP SPPT": null, "NJOPTKP SP": null, "NJKP SPPT": null, "PBB TERHUT": null, "FAKTOR PEN": null, "PBB YG HAR": null, "FLG SYNC": null, "JML KRG BA": null, "FLG BAYAR": null, "ALAMAT OP": null, "NM KELURAH": null, "NM KECAMAT": null }, "geometry": { "type": "MultiPolygon", "coordinates": [ [ [ [ 110.375100853888895, -7.785827765569471, 0.0 ], [ 110.374951602707455, -7.785815970197609, 0.0 ], [ 110.374971147899899, -7.785646618300906, 0.0 ], [ 110.375004645236672, -7.785650556283776, 0.0 ], [ 110.375023195563216, -7.785496486064813, 0.0 ], [ 110.375038298784133, -7.78549858827841, 0.0 ], [ 110.375132807266951, -7.785510935981118, 0.0 ], [ 110.375138414837295, -7.785511758139442, 0.0 ], [ 110.375100853888895, -7.785827765569471, 0.0 ] ] ] ] } },
{ "type": "Feature", "properties": { "D_NOP": "347106000400400240", "D_LUAS": 805.54, "ASR": null, "KD PROPINS": null, "KD DATI2": null, "KD KECAMAT": null, "KD KELURAH": null, "KD BLOK": null, "NO URUT": null, "KD JNS OP": null, "THN PAJAK": null, "NO PERSIL": null, "LUAS BUMI": null, "LUAS BNG S": null, "NJOP BUMI": null, "NJOP BNG S": null, "NJOP SPPT": null, "NJOPTKP SP": null, "NJKP SPPT": null, "PBB TERHUT": null, "FAKTOR PEN": null, "PBB YG HAR": null, "FLG SYNC": null, "JML KRG BA": null, "FLG BAYAR": null, "ALAMAT OP": null, "NM KELURAH": null, "NM KECAMAT": null }, "geometry": { "type": "MultiPolygon", "coordinates": [ [ [ [ 110.3753342362035, -7.785537096533595, 0.0 ], [ 110.375293758027055, -7.785853642291275, 0.0 ], [ 110.375100853888895, -7.785827765569471, 0.0 ], [ 110.375138414837295, -7.785511758139442, 0.0 ], [ 110.3753342362035, -7.785537096533595, 0.0 ] ] ] ] } },
{ "type": "Feature", "properties": { "D_NOP": "347106000400400230", "D_LUAS": 841.99, "ASR": null, "KD PROPINS": null, "KD DATI2": null, "KD KECAMAT": null, "KD KELURAH": null, "KD BLOK": null, "NO URUT": null, "KD JNS OP": null, "THN PAJAK": null, "NO PERSIL": null, "LUAS BUMI": null, "LUAS BNG S": null, "NJOP BUMI": null, "NJOP BNG S": null, "NJOP SPPT": null, "NJOPTKP SP": null, "NJKP SPPT": null, "PBB TERHUT": null, "FAKTOR PEN": null, "PBB YG HAR": null, "FLG SYNC": null, "JML KRG BA": null, "FLG BAYAR": null, "ALAMAT OP": null, "NM KELURAH": null, "NM KECAMAT": null }, "geometry": { "type": "MultiPolygon", "coordinates": [ [ [ [ 110.375546133283351, -7.785564357601348, 0.0 ], [ 110.375494125574633, -7.785889658397473, 0.0 ], [ 110.375293758027055, -7.785853642291275, 0.0 ], [ 110.3753342362035, -7.785537096533595, 0.0 ], [ 110.375546133283351, -7.785564357601348, 0.0 ] ] ] ] } },
{ "type": "Feature", "properties": { "D_NOP": "347106000400400220", "D_LUAS": 809.85, "ASR": null, "KD PROPINS": null, "KD DATI2": null, "KD KECAMAT": null, "KD KELURAH": null, "KD BLOK": null, "NO URUT": null, "KD JNS OP": null, "THN PAJAK": null, "NO PERSIL": null, "LUAS BUMI": null, "LUAS BNG S": null, "NJOP BUMI": null, "NJOP BNG S": null, "NJOP SPPT": null, "NJOPTKP SP": null, "NJKP SPPT": null, "PBB TERHUT": null, "FAKTOR PEN": null, "PBB YG HAR": null, "FLG SYNC": null, "JML KRG BA": null, "FLG BAYAR": null, "ALAMAT OP": null, "NM KELURAH": null, "NM KECAMAT": null }, "geometry": { "type": "MultiPolygon", "coordinates": [ [ [ [ 110.375546133283351, -7.785564357601348, 0.0 ], [ 110.375654330434116, -7.785574554958606, 0.0 ], [ 110.375742923020113, -7.785592319789129, 0.0 ], [ 110.375732564960288, -7.785668449001785, 0.0 ], [ 110.37569076602243, -7.785917529967877, 0.0 ], [ 110.375494125574633, -7.785889658397473, 0.0 ], [ 110.375546133283351, -7.785564357601348, 0.0 ] ] ] ] } },
{ "type": "Feature", "properties": { "D_NOP": "347106000400400210", "D_LUAS": 210.12, "ASR": null, "KD PROPINS": null, "KD DATI2": null, "KD KECAMAT": null, "KD KELURAH": null, "KD BLOK": null, "NO URUT": null, "KD JNS OP": null, "THN PAJAK": null, "NO PERSIL": null, "LUAS BUMI": null, "LUAS BNG S": null, "NJOP BUMI": null, "NJOP BNG S": null, "NJOP SPPT": null, "NJOPTKP SP": null, "NJKP SPPT": null, "PBB TERHUT": null, "FAKTOR PEN": null, "PBB YG HAR": null, "FLG SYNC": null, "JML KRG BA": null, "FLG BAYAR": null, "ALAMAT OP": null, "NM KELURAH": null, "NM KECAMAT": null }, "geometry": { "type": "MultiPolygon", "coordinates": [ [ [ [ 110.375732564960288, -7.785668449001785, 0.0 ], [ 110.375766882254936, -7.785674196789239, 0.0 ], [ 110.375762573276546, -7.785705480212807, 0.0 ], [ 110.375792228931658, -7.785778684043592, 0.0 ], [ 110.37576441156483, -7.785928761627807, 0.0 ], [ 110.37569076602243, -7.785917529967877, 0.0 ], [ 110.375732564960288, -7.785668449001785, 0.0 ] ] ] ] } },
{ "type": "Feature", "properties": { "D_NOP": "347106000400400200", "D_LUAS": 817.11, "ASR": null, "KD PROPINS": null, "KD DATI2": null, "KD KECAMAT": null, "KD KELURAH": null, "KD BLOK": null, "NO URUT": null, "KD JNS OP": null, "THN PAJAK": null, "NO PERSIL": null, "LUAS BUMI": null, "LUAS BNG S": null, "NJOP BUMI": null, "NJOP BNG S": null, "NJOP SPPT": null, "NJOPTKP SP": null, "NJKP SPPT": null, "PBB TERHUT": null, "FAKTOR PEN": null, "PBB YG HAR": null, "FLG SYNC": null, "JML KRG BA": null, "FLG BAYAR": null, "ALAMAT OP": null, "NM KELURAH": null, "NM KECAMAT": null }, "geometry": { "type": "MultiPolygon", "coordinates": [ [ [ [ 110.375766882254936, -7.785674196789239, 0.0 ], [ 110.376062652410667, -7.785724822306951, 0.0 ], [ 110.376035585390753, -7.785923825195736, 0.0 ], [ 110.376016914331743, -7.785957529176523, 0.0 ], [ 110.375980193492921, -7.785958831632922, 0.0 ], [ 110.37576441156483, -7.785928761627807, 0.0 ], [ 110.375792228931658, -7.785778684043592, 0.0 ], [ 110.375762573276546, -7.785705480212807, 0.0 ], [ 110.375766882254936, -7.785674196789239, 0.0 ] ] ] ] } },
{ "type": "Feature", "properties": { "D_NOP": "347106000400400190", "D_LUAS": 721.86, "ASR": null, "KD PROPINS": null, "KD DATI2": null, "KD KECAMAT": null, "KD KELURAH": null, "KD BLOK": null, "NO URUT": null, "KD JNS OP": null, "THN PAJAK": null, "NO PERSIL": null, "LUAS BUMI": null, "LUAS BNG S": null, "NJOP BUMI": null, "NJOP BNG S": null, "NJOP SPPT": null, "NJOPTKP SP": null, "NJKP SPPT": null, "PBB TERHUT": null, "FAKTOR PEN": null, "PBB YG HAR": null, "FLG SYNC": null, "JML KRG BA": null, "FLG BAYAR": null, "ALAMAT OP": null, "NM KELURAH": null, "NM KECAMAT": null }, "geometry": { "type": "MultiPolygon", "coordinates": [ [ [ [ 110.375732564960288, -7.785668449001785, 0.0 ], [ 110.375742923020113, -7.785592319789129, 0.0 ], [ 110.375755701454921, -7.785497745836722, 0.0 ], [ 110.37585253120956, -7.785508107274834, 0.0 ], [ 110.376082281167271, -7.785549230579051, 0.0 ], [ 110.376062652410667, -7.785724822306951, 0.0 ], [ 110.375766882254936, -7.785674196789239, 0.0 ], [ 110.375732564960288, -7.785668449001785, 0.0 ] ] ] ] } },
{ "type": "Feature", "properties": { "D_NOP": "347106000400400180", "D_LUAS": 640.56, "ASR": null, "KD PROPINS": null, "KD DATI2": null, "KD KECAMAT": null, "KD KELURAH": null, "KD BLOK": null, "NO URUT": null, "KD JNS OP": null, "THN PAJAK": null, "NO PERSIL": null, "LUAS BUMI": null, "LUAS BNG S": null, "NJOP BUMI": null, "NJOP BNG S": null, "NJOP SPPT": null, "NJOPTKP SP": null, "NJKP SPPT": null, "PBB TERHUT": null, "FAKTOR PEN": null, "PBB YG HAR": null, "FLG SYNC": null, "JML KRG BA": null, "FLG BAYAR": null, "ALAMAT OP": null, "NM KELURAH": null, "NM KECAMAT": null }, "geometry": { "type": "MultiPolygon", "coordinates": [ [ [ [ 110.37585253120956, -7.785508107274834, 0.0 ], [ 110.375886278369578, -7.785292655450056, 0.0 ], [ 110.376052496079652, -7.785310715311141, 0.0 ], [ 110.376092560190727, -7.785324248751476, 0.0 ], [ 110.376104810666945, -7.785333762224461, 0.0 ], [ 110.376112542290699, -7.785364792069537, 0.0 ], [ 110.376082281167271, -7.785549230579051, 0.0 ], [ 110.37585253120956, -7.785508107274834, 0.0 ] ] ] ] } },
{ "type": "Feature", "properties": { "D_NOP": "347106000400400170", "D_LUAS": 264.93, "ASR": null, "KD PROPINS": null, "KD DATI2": null, "KD KECAMAT": null, "KD KELURAH": null, "KD BLOK": null, "NO URUT": null, "KD JNS OP": null, "THN PAJAK": null, "NO PERSIL": null, "LUAS BUMI": null, "LUAS BNG S": null, "NJOP BUMI": null, "NJOP BNG S": null, "NJOP SPPT": null, "NJOPTKP SP": null, "NJKP SPPT": null, "PBB TERHUT": null, "FAKTOR PEN": null, "PBB YG HAR": null, "FLG SYNC": null, "JML KRG BA": null, "FLG BAYAR": null, "ALAMAT OP": null, "NM KELURAH": null, "NM KECAMAT": null }, "geometry": { "type": "MultiPolygon", "coordinates": [ [ [ [ 110.375755701454921, -7.785497745836722, 0.0 ], [ 110.375793718958278, -7.785277145636228, 0.0 ], [ 110.375886278369578, -7.785292655450056, 0.0 ], [ 110.37585253120956, -7.785508107274834, 0.0 ], [ 110.375755701454921, -7.785497745836722, 0.0 ] ] ] ] } },
{ "type": "Feature", "properties": { "D_NOP": "347106000400400160", "D_LUAS": 381.46, "ASR": null, "KD PROPINS": null, "KD DATI2": null, "KD KECAMAT": null, "KD KELURAH": null, "KD BLOK": null, "NO URUT": null, "KD JNS OP": null, "THN PAJAK": null, "NO PERSIL": null, "LUAS BUMI": null, "LUAS BNG S": null, "NJOP BUMI": null, "NJOP BNG S": null, "NJOP SPPT": null, "NJOPTKP SP": null, "NJKP SPPT": null, "PBB TERHUT": null, "FAKTOR PEN": null, "PBB YG HAR": null, "FLG SYNC": null, "JML KRG BA": null, "FLG BAYAR": null, "ALAMAT OP": null, "NM KELURAH": null, "NM KECAMAT": null }, "geometry": { "type": "MultiPolygon", "coordinates": [ [ [ [ 110.375654330434116, -7.785574554958606, 0.0 ], [ 110.375698538380277, -7.785264164063902, 0.0 ], [ 110.375793718958278, -7.785277145636228, 0.0 ], [ 110.375755701454921, -7.785497745836722, 0.0 ], [ 110.375742923020113, -7.785592319789129, 0.0 ], [ 110.375654330434116, -7.785574554958606, 0.0 ] ] ] ] } },
{ "type": "Feature", "properties": { "D_NOP": "347106000400400150", "D_LUAS": 377.32, "ASR": null, "KD PROPINS": null, "KD DATI2": null, "KD KECAMAT": null, "KD KELURAH": null, "KD BLOK": null, "NO URUT": null, "KD JNS OP": null, "THN PAJAK": null, "NO PERSIL": null, "LUAS BUMI": null, "LUAS BNG S": null, "NJOP BUMI": null, "NJOP BNG S": null, "NJOP SPPT": null, "NJOPTKP SP": null, "NJKP SPPT": null, "PBB TERHUT": null, "FAKTOR PEN": null, "PBB YG HAR": null, "FLG SYNC": null, "JML KRG BA": null, "FLG BAYAR": null, "ALAMAT OP": null, "NM KELURAH": null, "NM KECAMAT": null }, "geometry": { "type": "MultiPolygon", "coordinates": [ [ [ [ 110.375546133283351, -7.785564357601348, 0.0 ], [ 110.375593035793301, -7.785252433332836, 0.0 ], [ 110.375698538380277, -7.785264164063902, 0.0 ], [ 110.375654330434116, -7.785574554958606, 0.0 ], [ 110.375546133283351, -7.785564357601348, 0.0 ] ] ] ] } },
{ "type": "Feature", "properties": { "D_NOP": "347106000400400140", "D_LUAS": 819.11, "ASR": null, "KD PROPINS": null, "KD DATI2": null, "KD KECAMAT": null, "KD KELURAH": null, "KD BLOK": null, "NO URUT": null, "KD JNS OP": null, "THN PAJAK": null, "NO PERSIL": null, "LUAS BUMI": null, "LUAS BNG S": null, "NJOP BUMI": null, "NJOP BNG S": null, "NJOP SPPT": null, "NJOPTKP SP": null, "NJKP SPPT": null, "PBB TERHUT": null, "FAKTOR PEN": null, "PBB YG HAR": null, "FLG SYNC": null, "JML KRG BA": null, "FLG BAYAR": null, "ALAMAT OP": null, "NM KELURAH": null, "NM KECAMAT": null }, "geometry": { "type": "MultiPolygon", "coordinates": [ [ [ [ 110.3753342362035, -7.785537096533595, 0.0 ], [ 110.375375685282606, -7.785221366088306, 0.0 ], [ 110.375593035793301, -7.785252433332836, 0.0 ], [ 110.375546133283351, -7.785564357601348, 0.0 ], [ 110.3753342362035, -7.785537096533595, 0.0 ] ] ] ] } },
{ "type": "Feature", "properties": { "D_NOP": "347106000400400130", "D_LUAS": 825.42, "ASR": null, "KD PROPINS": null, "KD DATI2": null, "KD KECAMAT": null, "KD KELURAH": null, "KD BLOK": null, "NO URUT": null, "KD JNS OP": null, "THN PAJAK": null, "NO PERSIL": null, "LUAS BUMI": null, "LUAS BNG S": null, "NJOP BUMI": null, "NJOP BNG S": null, "NJOP SPPT": null, "NJOPTKP SP": null, "NJKP SPPT": null, "PBB TERHUT": null, "FAKTOR PEN": null, "PBB YG HAR": null, "FLG SYNC": null, "JML KRG BA": null, "FLG BAYAR": null, "ALAMAT OP": null, "NM KELURAH": null, "NM KECAMAT": null }, "geometry": { "type": "MultiPolygon", "coordinates": [ [ [ [ 110.375132807266951, -7.785510935981118, 0.0 ], [ 110.375167385640381, -7.785188955577468, 0.0 ], [ 110.375375685282606, -7.785221366088306, 0.0 ], [ 110.3753342362035, -7.785537096533595, 0.0 ], [ 110.375138414837295, -7.785511758139442, 0.0 ], [ 110.375132807266951, -7.785510935981118, 0.0 ] ] ] ] } },
{ "type": "Feature", "properties": { "D_NOP": "347106000400400120", "D_LUAS": 561.37, "ASR": null, "KD PROPINS": null, "KD DATI2": null, "KD KECAMAT": null, "KD KELURAH": null, "KD BLOK": null, "NO URUT": null, "KD JNS OP": null, "THN PAJAK": null, "NO PERSIL": null, "LUAS BUMI": null, "LUAS BNG S": null, "NJOP BUMI": null, "NJOP BNG S": null, "NJOP SPPT": null, "NJOPTKP SP": null, "NJKP SPPT": null, "PBB TERHUT": null, "FAKTOR PEN": null, "PBB YG HAR": null, "FLG SYNC": null, "JML KRG BA": null, "FLG BAYAR": null, "ALAMAT OP": null, "NM KELURAH": null, "NM KECAMAT": null }, "geometry": { "type": "MultiPolygon", "coordinates": [ [ [ [ 110.375014439465858, -7.785197954354215, 0.0 ], [ 110.375068544868341, -7.785173165055812, 0.0 ], [ 110.375167385640381, -7.785188955577468, 0.0 ], [ 110.375132807266951, -7.785510935981118, 0.0 ], [ 110.375038298784133, -7.78549858827841, 0.0 ], [ 110.375037432062712, -7.785477877880709, 0.0 ], [ 110.375020684405683, -7.785475230646575, 0.0 ], [ 110.375025338411788, -7.785463481236257, 0.0 ], [ 110.375009505444297, -7.785449169513426, 0.0 ], [ 110.375025495960514, -7.785306670923175, 0.0 ], [ 110.374998504961255, -7.785302652100135, 0.0 ], [ 110.375014439465858, -7.785197954354215, 0.0 ] ] ] ] } },
{ "type": "Feature", "properties": { "D_NOP": "347106000400400090", "D_LUAS": 467.54, "ASR": null, "KD PROPINS": null, "KD DATI2": null, "KD KECAMAT": null, "KD KELURAH": null, "KD BLOK": null, "NO URUT": null, "KD JNS OP": null, "THN PAJAK": null, "NO PERSIL": null, "LUAS BUMI": null, "LUAS BNG S": null, "NJOP BUMI": null, "NJOP BNG S": null, "NJOP SPPT": null, "NJOPTKP SP": null, "NJKP SPPT": null, "PBB TERHUT": null, "FAKTOR PEN": null, "PBB YG HAR": null, "FLG SYNC": null, "JML KRG BA": null, "FLG BAYAR": null, "ALAMAT OP": null, "NM KELURAH": null, "NM KECAMAT": null }, "geometry": { "type": "MultiPolygon", "coordinates": [ [ [ [ 110.375527482508346, -7.785129709864862, 0.0 ], [ 110.375554768413011, -7.784934505517875, 0.0 ], [ 110.375705887168195, -7.784947479031174, 0.0 ], [ 110.375737360888252, -7.78495439825782, 0.0 ], [ 110.375707668605543, -7.785158642365733, 0.0 ], [ 110.375527482508346, -7.785129709864862, 0.0 ] ] ] ] } },
{ "type": "Feature", "properties": { "D_NOP": "347106000400400080", "D_LUAS": 498.45, "ASR": null, "KD PROPINS": "34", "KD DATI2": "71", "KD KECAMAT": "060", "KD KELURAH": "004", "KD BLOK": "004", "NO URUT": "0008", "KD JNS OP": "0", "THN PAJAK": "2023", "NO PERSIL": null, "LUAS BUMI": "515", "LUAS BNG S": 228, "NJOP BUMI": 4967175000.0, "NJOP BNG S": 135660000.0, "NJOP SPPT": 5102835000.0, "NJOPTKP SP": 20000000.0, "NJKP SPPT": 0, "PBB TERHUT": 6099402, "FAKTOR PEN": 1720615.0, "PBB YG HAR": 4378787, "FLG SYNC": "0", "JML KRG BA": "0", "FLG BAYAR": "0", "ALAMAT OP": "JL HADI DARSONO 9 RW 02 RT 006", "NM KELURAH": "KOTABARU", "NM KECAMAT": "GONDOKUSUMAN" }, "geometry": { "type": "MultiPolygon", "coordinates": [ [ [ [ 110.375707668605543, -7.785158642365733, 0.0 ], [ 110.375737360888252, -7.78495439825782, 0.0 ], [ 110.375853418599078, -7.784958909853314, 0.0 ], [ 110.375922502718538, -7.784969773029096, 0.0 ], [ 110.37589078186511, -7.785180434904126, 0.0 ], [ 110.375707668605543, -7.785158642365733, 0.0 ] ] ] ] } },
{ "type": "Feature", "properties": { "D_NOP": "347106000400400070", "D_LUAS": 706.98, "ASR": null, "KD PROPINS": null, "KD DATI2": null, "KD KECAMAT": null, "KD KELURAH": null, "KD BLOK": null, "NO URUT": null, "KD JNS OP": null, "THN PAJAK": null, "NO PERSIL": null, "LUAS BUMI": null, "LUAS BNG S": null, "NJOP BUMI": null, "NJOP BNG S": null, "NJOP SPPT": null, "NJOPTKP SP": null, "NJKP SPPT": null, "PBB TERHUT": null, "FAKTOR PEN": null, "PBB YG HAR": null, "FLG SYNC": null, "JML KRG BA": null, "FLG BAYAR": null, "ALAMAT OP": null, "NM KELURAH": null, "NM KECAMAT": null }, "geometry": { "type": "MultiPolygon", "coordinates": [ [ [ [ 110.37589078186511, -7.785180434904126, 0.0 ], [ 110.375922502718538, -7.784969773029096, 0.0 ], [ 110.376190348411797, -7.784989881454884, 0.0 ], [ 110.376157494409071, -7.785157766950297, 0.0 ], [ 110.376153202452798, -7.785177565433071, 0.0 ], [ 110.376132451408168, -7.78520186134626, 0.0 ], [ 110.376126376813701, -7.785213427815948, 0.0 ], [ 110.376107976426596, -7.785215842433796, 0.0 ], [ 110.37589078186511, -7.785180434904126, 0.0 ] ] ] ] } },
{ "type": "Feature", "properties": { "D_NOP": "347106000400400060", "D_LUAS": 903.22, "ASR": null, "KD PROPINS": null, "KD DATI2": null, "KD KECAMAT": null, "KD KELURAH": null, "KD BLOK": null, "NO URUT": null, "KD JNS OP": null, "THN PAJAK": null, "NO PERSIL": null, "LUAS BUMI": null, "LUAS BNG S": null, "NJOP BUMI": null, "NJOP BNG S": null, "NJOP SPPT": null, "NJOPTKP SP": null, "NJKP SPPT": null, "PBB TERHUT": null, "FAKTOR PEN": null, "PBB YG HAR": null, "FLG SYNC": null, "JML KRG BA": null, "FLG BAYAR": null, "ALAMAT OP": null, "NM KELURAH": null, "NM KECAMAT": null }, "geometry": { "type": "MultiPolygon", "coordinates": [ [ [ [ 110.375853418599078, -7.784958909853314, 0.0 ], [ 110.375871823691156, -7.784751122234939, 0.0 ], [ 110.376195071827027, -7.784779451132678, 0.0 ], [ 110.376207025831135, -7.784787155508561, 0.0 ], [ 110.376224279707586, -7.784801469278219, 0.0 ], [ 110.376190348411797, -7.784989881454884, 0.0 ], [ 110.375922502718538, -7.784969773029096, 0.0 ], [ 110.375853418599078, -7.784958909853314, 0.0 ] ] ] ] } },
{ "type": "Feature", "properties": { "D_NOP": "347106000400400050", "D_LUAS": 368.37, "ASR": null, "KD PROPINS": null, "KD DATI2": null, "KD KECAMAT": null, "KD KELURAH": null, "KD BLOK": null, "NO URUT": null, "KD JNS OP": null, "THN PAJAK": null, "NO PERSIL": null, "LUAS BUMI": null, "LUAS BNG S": null, "NJOP BUMI": null, "NJOP BNG S": null, "NJOP SPPT": null, "NJOPTKP SP": null, "NJKP SPPT": null, "PBB TERHUT": null, "FAKTOR PEN": null, "PBB YG HAR": null, "FLG SYNC": null, "JML KRG BA": null, "FLG BAYAR": null, "ALAMAT OP": null, "NM KELURAH": null, "NM KECAMAT": null }, "geometry": { "type": "MultiPolygon", "coordinates": [ [ [ [ 110.375705887168195, -7.784947479031174, 0.0 ], [ 110.375729302695646, -7.784739789232723, 0.0 ], [ 110.375871823691156, -7.784751122234939, 0.0 ], [ 110.375853418599078, -7.784958909853314, 0.0 ], [ 110.375737360888252, -7.78495439825782, 0.0 ], [ 110.375705887168195, -7.784947479031174, 0.0 ] ] ] ] } },
{ "type": "Feature", "properties": { "D_NOP": "347106000400400040", "D_LUAS": 413.61, "ASR": null, "KD PROPINS": null, "KD DATI2": null, "KD KECAMAT": null, "KD KELURAH": null, "KD BLOK": null, "NO URUT": null, "KD JNS OP": null, "THN PAJAK": null, "NO PERSIL": null, "LUAS BUMI": null, "LUAS BNG S": null, "NJOP BUMI": null, "NJOP BNG S": null, "NJOP SPPT": null, "NJOPTKP SP": null, "NJKP SPPT": null, "PBB TERHUT": null, "FAKTOR PEN": null, "PBB YG HAR": null, "FLG SYNC": null, "JML KRG BA": null, "FLG BAYAR": null, "ALAMAT OP": null, "NM KELURAH": null, "NM KECAMAT": null }, "geometry": { "type": "MultiPolygon", "coordinates": [ [ [ [ 110.375554768413011, -7.784934505517875, 0.0 ], [ 110.37558117307934, -7.784728357492793, 0.0 ], [ 110.375729302695646, -7.784739789232723, 0.0 ], [ 110.375705887168195, -7.784947479031174, 0.0 ], [ 110.375554768413011, -7.784934505517875, 0.0 ] ] ] ] } },
{ "type": "Feature", "properties": { "D_NOP": "347106000400400030", "D_LUAS": 162.32, "ASR": null, "KD PROPINS": null, "KD DATI2": null, "KD KECAMAT": null, "KD KELURAH": null, "KD BLOK": null, "NO URUT": null, "KD JNS OP": null, "THN PAJAK": null, "NO PERSIL": null, "LUAS BUMI": null, "LUAS BNG S": null, "NJOP BUMI": null, "NJOP BNG S": null, "NJOP SPPT": null, "NJOPTKP SP": null, "NJKP SPPT": null, "PBB TERHUT": null, "FAKTOR PEN": null, "PBB YG HAR": null, "FLG SYNC": null, "JML KRG BA": null, "FLG BAYAR": null, "ALAMAT OP": null, "NM KELURAH": null, "NM KECAMAT": null }, "geometry": { "type": "MultiPolygon", "coordinates": [ [ [ [ 110.375257329413543, -7.784900245578685, 0.0 ], [ 110.375273779170996, -7.784700051487208, 0.0 ], [ 110.375343618694203, -7.784705761193312, 0.0 ], [ 110.375326567754556, -7.784907943927161, 0.0 ], [ 110.375257329413543, -7.784900245578685, 0.0 ] ] ] ] } },
{ "type": "Feature", "properties": { "D_NOP": "347106000400400020", "D_LUAS": 532.34, "ASR": null, "KD PROPINS": null, "KD DATI2": null, "KD KECAMAT": null, "KD KELURAH": null, "KD BLOK": null, "NO URUT": null, "KD JNS OP": null, "THN PAJAK": null, "NO PERSIL": null, "LUAS BUMI": null, "LUAS BNG S": null, "NJOP BUMI": null, "NJOP BNG S": null, "NJOP SPPT": null, "NJOPTKP SP": null, "NJKP SPPT": null, "PBB TERHUT": null, "FAKTOR PEN": null, "PBB YG HAR": null, "FLG SYNC": null, "JML KRG BA": null, "FLG BAYAR": null, "ALAMAT OP": null, "NM KELURAH": null, "NM KECAMAT": null }, "geometry": { "type": "MultiPolygon", "coordinates": [ [ [ [ 110.375177021461838, -7.784691679560825, 0.0 ], [ 110.375273779170996, -7.784700051487208, 0.0 ], [ 110.375257329413543, -7.784900245578685, 0.0 ], [ 110.375233335730115, -7.785094188686564, 0.0 ], [ 110.37511078589479, -7.785080171904481, 0.0 ], [ 110.375134284449047, -7.784917608275204, 0.0 ], [ 110.375149316885299, -7.784916997393701, 0.0 ], [ 110.375177021461838, -7.784691679560825, 0.0 ] ] ] ] } },
{ "type": "Feature", "properties": { "D_NOP": "347106000400400010", "D_LUAS": 1499.16, "ASR": null, "KD PROPINS": "34", "KD DATI2": "71", "KD KECAMAT": "060", "KD KELURAH": "004", "KD BLOK": "004", "NO URUT": "0001", "KD JNS OP": "0", "THN PAJAK": "2023", "NO PERSIL": null, "LUAS BUMI": "1595", "LUAS BNG S": 1660, "NJOP BUMI": 24092475000.0, "NJOP BNG S": 1992000000.0, "NJOP SPPT": 26084475000.0, "NJOPTKP SP": 20000000.0, "NJKP SPPT": 0, "PBB TERHUT": 65161188, "FAKTOR PEN": 17562967.0, "PBB YG HAR": 47598221, "FLG SYNC": "0", "JML KRG BA": "0", "FLG BAYAR": "0", "ALAMAT OP": "JL SUROTO 06 RW 02 RT 006", "NM KELURAH": "KOTABARU", "NM KECAMAT": "GONDOKUSUMAN" }, "geometry": { "type": "MultiPolygon", "coordinates": [ [ [ [ 110.37501056901327, -7.785034174774628, 0.0 ], [ 110.374812134638773, -7.785006028980102, 0.0 ], [ 110.374799297461337, -7.784988737383647, 0.0 ], [ 110.374792207496156, -7.78497896018507, 0.0 ], [ 110.374792770251702, -7.784952464193055, 0.0 ], [ 110.374826916590166, -7.784720282998775, 0.0 ], [ 110.374837923569942, -7.784660523116445, 0.0 ], [ 110.374872707021723, -7.784654424954169, 0.0 ], [ 110.375177021461838, -7.784691679560825, 0.0 ], [ 110.375149316885299, -7.784916997393701, 0.0 ], [ 110.375134284449047, -7.784917608275204, 0.0 ], [ 110.37511078589479, -7.785080171904481, 0.0 ], [ 110.375067119505005, -7.785075224187286, 0.0 ], [ 110.37501056901327, -7.785034174774628, 0.0 ] ] ] ] } },
{ "type": "Feature", "properties": { "D_NOP": "347106000400600170", "D_LUAS": 2359.82, "ASR": null, "KD PROPINS": null, "KD DATI2": null, "KD KECAMAT": null, "KD KELURAH": null, "KD BLOK": null, "NO URUT": null, "KD JNS OP": null, "THN PAJAK": null, "NO PERSIL": null, "LUAS BUMI": null, "LUAS BNG S": null, "NJOP BUMI": null, "NJOP BNG S": null, "NJOP SPPT": null, "NJOPTKP SP": null, "NJKP SPPT": null, "PBB TERHUT": null, "FAKTOR PEN": null, "PBB YG HAR": null, "FLG SYNC": null, "JML KRG BA": null, "FLG BAYAR": null, "ALAMAT OP": null, "NM KELURAH": null, "NM KECAMAT": null }, "geometry": { "type": "MultiPolygon", "coordinates": [ [ [ [ 110.371699487356736, -7.786511475604703, 0.0 ], [ 110.371702149531544, -7.786531646059408, 0.0 ], [ 110.371558097313752, -7.786594102495208, 0.0 ], [ 110.371481618700429, -7.786426507634766, 0.0 ], [ 110.37179427833938, -7.786283996741778, 0.0 ], [ 110.371802633917582, -7.786297574038077, 0.0 ], [ 110.371828470415181, -7.786273376328304, 0.0 ], [ 110.372050050162898, -7.786176308415723, 0.0 ], [ 110.372211738700599, -7.786524171471217, 0.0 ], [ 110.372215674917371, -7.786542535155168, 0.0 ], [ 110.372226349216604, -7.786555844579082, 0.0 ], [ 110.372227375326077, -7.786569863180524, 0.0 ], [ 110.372232675151508, -7.786576472620745, 0.0 ], [ 110.372236169531391, -7.786590223578196, 0.0 ], [ 110.372231048963997, -7.786613909387574, 0.0 ], [ 110.372218160299468, -7.786631253400365, 0.0 ], [ 110.372153586442451, -7.786654941611237, 0.0 ], [ 110.372021065087054, -7.78670791983779, 0.0 ], [ 110.371966497297095, -7.786590999858995, 0.0 ], [ 110.371932672787111, -7.786605871166987, 0.0 ], [ 110.371877254631258, -7.786457388878198, 0.0 ], [ 110.371771893709251, -7.786501092686748, 0.0 ], [ 110.371740343698761, -7.786495167809855, 0.0 ], [ 110.371699487356736, -7.786511475604703, 0.0 ] ] ] ] } },
{ "type": "Feature", "properties": { "D_NOP": "347106000400600160", "D_LUAS": 1341.01, "ASR": null, "KD PROPINS": null, "KD DATI2": null, "KD KECAMAT": null, "KD KELURAH": null, "KD BLOK": null, "NO URUT": null, "KD JNS OP": null, "THN PAJAK": null, "NO PERSIL": null, "LUAS BUMI": null, "LUAS BNG S": null, "NJOP BUMI": null, "NJOP BNG S": null, "NJOP SPPT": null, "NJOPTKP SP": null, "NJKP SPPT": null, "PBB TERHUT": null, "FAKTOR PEN": null, "PBB YG HAR": null, "FLG SYNC": null, "JML KRG BA": null, "FLG BAYAR": null, "ALAMAT OP": null, "NM KELURAH": null, "NM KECAMAT": null }, "geometry": { "type": "MultiPolygon", "coordinates": [ [ [ [ 110.37022456240733, -7.787236457285989, 0.0 ], [ 110.370318277789067, -7.787078881757505, 0.0 ], [ 110.37039088350636, -7.787035220128, 0.0 ], [ 110.370545526168598, -7.786942213565663, 0.0 ], [ 110.370703658690445, -7.787216730861827, 0.0 ], [ 110.370543177001935, -7.787313617415118, 0.0 ], [ 110.370491708646711, -7.787324935526054, 0.0 ], [ 110.370432542133926, -7.787333167485691, 0.0 ], [ 110.370398741415244, -7.787332032099619, 0.0 ], [ 110.37022456240733, -7.787236457285989, 0.0 ] ] ] ] } },
{ "type": "Feature", "properties": { "D_NOP": "347106000400600150", "D_LUAS": 1220.79, "ASR": null, "KD PROPINS": "34", "KD DATI2": "71", "KD KECAMAT": "060", "KD KELURAH": "004", "KD BLOK": "006", "NO URUT": "0015", "KD JNS OP": "0", "THN PAJAK": "2023", "NO PERSIL": null, "LUAS BUMI": "1373", "LUAS BNG S": 662, "NJOP BUMI": 13242585000.0, "NJOP BNG S": 794400000.0, "NJOP SPPT": 14036985000.0, "NJOPTKP SP": 20000000.0, "NJKP SPPT": 0, "PBB TERHUT": 35042463, "FAKTOR PEN": 8276616.0, "PBB YG HAR": 26765847, "FLG SYNC": "0", "JML KRG BA": "0", "FLG BAYAR": "0", "ALAMAT OP": "JL UNGARAN 01 RW 04 RT 019", "NM KELURAH": "KOTABARU", "NM KECAMAT": "GONDOKUSUMAN" }, "geometry": { "type": "MultiPolygon", "coordinates": [ [ [ [ 110.370545526168598, -7.786942213565663, 0.0 ], [ 110.370529034027925, -7.786918676564051, 0.0 ], [ 110.37057535506743, -7.786898759691022, 0.0 ], [ 110.370817369189908, -7.786789785683237, 0.0 ], [ 110.370955847092674, -7.787105420637443, 0.0 ], [ 110.370760475682232, -7.787179285593697, 0.0 ], [ 110.370703658690445, -7.787216730861827, 0.0 ], [ 110.370545526168598, -7.786942213565663, 0.0 ] ] ] ] } },
{ "type": "Feature", "properties": { "D_NOP": "347106000400600600", "D_LUAS": 453.38, "ASR": null, "KD PROPINS": null, "KD DATI2": null, "KD KECAMAT": null, "KD KELURAH": null, "KD BLOK": null, "NO URUT": null, "KD JNS OP": null, "THN PAJAK": null, "NO PERSIL": null, "LUAS BUMI": null, "LUAS BNG S": null, "NJOP BUMI": null, "NJOP BNG S": null, "NJOP SPPT": null, "NJOPTKP SP": null, "NJKP SPPT": null, "PBB TERHUT": null, "FAKTOR PEN": null, "PBB YG HAR": null, "FLG SYNC": null, "JML KRG BA": null, "FLG BAYAR": null, "ALAMAT OP": null, "NM KELURAH": null, "NM KECAMAT": null }, "geometry": { "type": "MultiPolygon", "coordinates": [ [ [ [ 110.372149297936829, -7.788430311660933, 0.0 ], [ 110.372292180168429, -7.788350399812392, 0.0 ], [ 110.372376522201563, -7.788310010804747, 0.0 ], [ 110.372411170542506, -7.788294417229351, 0.0 ], [ 110.372342432442039, -7.788553224518139, 0.0 ], [ 110.3720709311864, -7.788475683273426, 0.0 ], [ 110.372149297936829, -7.788430311660933, 0.0 ] ] ] ] } },
{ "type": "Feature", "properties": { "D_NOP": "347106000400600590", "D_LUAS": 460.8, "ASR": null, "KD PROPINS": null, "KD DATI2": null, "KD KECAMAT": null, "KD KELURAH": null, "KD BLOK": null, "NO URUT": null, "KD JNS OP": null, "THN PAJAK": null, "NO PERSIL": null, "LUAS BUMI": null, "LUAS BNG S": null, "NJOP BUMI": null, "NJOP BNG S": null, "NJOP SPPT": null, "NJOPTKP SP": null, "NJKP SPPT": null, "PBB TERHUT": null, "FAKTOR PEN": null, "PBB YG HAR": null, "FLG SYNC": null, "JML KRG BA": null, "FLG BAYAR": null, "ALAMAT OP": null, "NM KELURAH": null, "NM KECAMAT": null }, "geometry": { "type": "MultiPolygon", "coordinates": [ [ [ [ 110.372342432442039, -7.788553224518139, 0.0 ], [ 110.372411170542506, -7.788294417229351, 0.0 ], [ 110.37252134133935, -7.788235075542802, 0.0 ], [ 110.372553142221051, -7.788223275917176, 0.0 ], [ 110.372459425538196, -7.788583059680999, 0.0 ], [ 110.372342432442039, -7.788553224518139, 0.0 ] ] ] ] } },
{ "type": "Feature", "properties": { "D_NOP": "347106000400600580", "D_LUAS": 502.59, "ASR": null, "KD PROPINS": null, "KD DATI2": null, "KD KECAMAT": null, "KD KELURAH": null, "KD BLOK": null, "NO URUT": null, "KD JNS OP": null, "THN PAJAK": null, "NO PERSIL": null, "LUAS BUMI": null, "LUAS BNG S": null, "NJOP BUMI": null, "NJOP BNG S": null, "NJOP SPPT": null, "NJOPTKP SP": null, "NJKP SPPT": null, "PBB TERHUT": null, "FAKTOR PEN": null, "PBB YG HAR": null, "FLG SYNC": null, "JML KRG BA": null, "FLG BAYAR": null, "ALAMAT OP": null, "NM KELURAH": null, "NM KECAMAT": null }, "geometry": { "type": "MultiPolygon", "coordinates": [ [ [ [ 110.372459425538196, -7.788583059680999, 0.0 ], [ 110.372553142221051, -7.788223275917176, 0.0 ], [ 110.372601629110235, -7.788205351554637, 0.0 ], [ 110.37265825804667, -7.788193769530428, 0.0 ], [ 110.37260330448855, -7.788436409806335, 0.0 ], [ 110.372620720183264, -7.788442494578175, 0.0 ], [ 110.372574318909486, -7.788616780314779, 0.0 ], [ 110.372459425538196, -7.788583059680999, 0.0 ] ] ] ] } },
{ "type": "Feature", "properties": { "D_NOP": "347106000400600570", "D_LUAS": 720.07, "ASR": null, "KD PROPINS": null, "KD DATI2": null, "KD KECAMAT": null, "KD KELURAH": null, "KD BLOK": null, "NO URUT": null, "KD JNS OP": null, "THN PAJAK": null, "NO PERSIL": null, "LUAS BUMI": null, "LUAS BNG S": null, "NJOP BUMI": null, "NJOP BNG S": null, "NJOP SPPT": null, "NJOPTKP SP": null, "NJKP SPPT": null, "PBB TERHUT": null, "FAKTOR PEN": null, "PBB YG HAR": null, "FLG SYNC": null, "JML KRG BA": null, "FLG BAYAR": null, "ALAMAT OP": null, "NM KELURAH": null, "NM KECAMAT": null }, "geometry": { "type": "MultiPolygon", "coordinates": [ [ [ [ 110.372574318909486, -7.788616780314779, 0.0 ], [ 110.372620720183264, -7.788442494578175, 0.0 ], [ 110.37260330448855, -7.788436409806335, 0.0 ], [ 110.37265825804667, -7.788193769530428, 0.0 ], [ 110.372745548738578, -7.788182052001988, 0.0 ], [ 110.372799017904697, -7.788183125873924, 0.0 ], [ 110.372675454833811, -7.78864858147108, 0.0 ], [ 110.372574318909486, -7.788616780314779, 0.0 ] ] ] ] } },
{ "type": "Feature", "properties": { "D_NOP": "347106000400600560", "D_LUAS": 863.2, "ASR": null, "KD PROPINS": null, "KD DATI2": null, "KD KECAMAT": null, "KD KELURAH": null, "KD BLOK": null, "NO URUT": null, "KD JNS OP": null, "THN PAJAK": null, "NO PERSIL": null, "LUAS BUMI": null, "LUAS BNG S": null, "NJOP BUMI": null, "NJOP BNG S": null, "NJOP SPPT": null, "NJOPTKP SP": null, "NJKP SPPT": null, "PBB TERHUT": null, "FAKTOR PEN": null, "PBB YG HAR": null, "FLG SYNC": null, "JML KRG BA": null, "FLG BAYAR": null, "ALAMAT OP": null, "NM KELURAH": null, "NM KECAMAT": null }, "geometry": { "type": "MultiPolygon", "coordinates": [ [ [ [ 110.372675454833811, -7.78864858147108, 0.0 ], [ 110.372799017904697, -7.788183125873924, 0.0 ], [ 110.372848599776844, -7.788183199227611, 0.0 ], [ 110.37293490065349, -7.788183326891242, 0.0 ], [ 110.372891092107508, -7.788374346578733, 0.0 ], [ 110.372818153173384, -7.788692290795588, 0.0 ], [ 110.372675454833811, -7.78864858147108, 0.0 ] ] ] ] } },
{ "type": "Feature", "properties": { "D_NOP": "347106000400600550", "D_LUAS": 2716.8, "ASR": null, "KD PROPINS": null, "KD DATI2": null, "KD KECAMAT": null, "KD KELURAH": null, "KD BLOK": null, "NO URUT": null, "KD JNS OP": null, "THN PAJAK": null, "NO PERSIL": null, "LUAS BUMI": null, "LUAS BNG S": null, "NJOP BUMI": null, "NJOP BNG S": null, "NJOP SPPT": null, "NJOPTKP SP": null, "NJKP SPPT": null, "PBB TERHUT": null, "FAKTOR PEN": null, "PBB YG HAR": null, "FLG SYNC": null, "JML KRG BA": null, "FLG BAYAR": null, "ALAMAT OP": null, "NM KELURAH": null, "NM KECAMAT": null }, "geometry": { "type": "MultiPolygon", "coordinates": [ [ [ [ 110.373477006099975, -7.788287945275457, 0.0 ], [ 110.37363551755999, -7.788359350131135, 0.0 ], [ 110.373897363759781, -7.788442392531938, 0.0 ], [ 110.373914777866318, -7.788449562443446, 0.0 ], [ 110.373947143842557, -7.788460100450115, 0.0 ], [ 110.373973515807194, -7.788478225958614, 0.0 ], [ 110.373988664640393, -7.78850004263717, 0.0 ], [ 110.373998106111799, -7.788537857494426, 0.0 ], [ 110.373954868326919, -7.788798059264701, 0.0 ], [ 110.373928295346104, -7.788814569222279, 0.0 ], [ 110.373795486714982, -7.788808856647722, 0.0 ], [ 110.373615035826091, -7.788806238781915, 0.0 ], [ 110.373402884760452, -7.788797967148085, 0.0 ], [ 110.373477006099975, -7.788287945275457, 0.0 ] ] ] ] } },
{ "type": "Feature", "properties": { "D_NOP": "347106000400600510", "D_LUAS": 900.15, "ASR": null, "KD PROPINS": null, "KD DATI2": null, "KD KECAMAT": null, "KD KELURAH": null, "KD BLOK": null, "NO URUT": null, "KD JNS OP": null, "THN PAJAK": null, "NO PERSIL": null, "LUAS BUMI": null, "LUAS BNG S": null, "NJOP BUMI": null, "NJOP BNG S": null, "NJOP SPPT": null, "NJOPTKP SP": null, "NJKP SPPT": null, "PBB TERHUT": null, "FAKTOR PEN": null, "PBB YG HAR": null, "FLG SYNC": null, "JML KRG BA": null, "FLG BAYAR": null, "ALAMAT OP": null, "NM KELURAH": null, "NM KECAMAT": null }, "geometry": { "type": "MultiPolygon", "coordinates": [ [ [ [ 110.372933983182804, -7.788096238753651, 0.0 ], [ 110.372917553753652, -7.787829256842588, 0.0 ], [ 110.373079386729799, -7.787829315322814, 0.0 ], [ 110.373133657642768, -7.787844407418468, 0.0 ], [ 110.373180192194738, -7.787882096268769, 0.0 ], [ 110.373220767465227, -7.787954321633436, 0.0 ], [ 110.373247340295052, -7.788088834492636, 0.0 ], [ 110.372933983182804, -7.788096238753651, 0.0 ] ] ] ] } },
{ "type": "Feature", "properties": { "D_NOP": "347106000400600500", "D_LUAS": 725.32, "ASR": null, "KD PROPINS": null, "KD DATI2": null, "KD KECAMAT": null, "KD KELURAH": null, "KD BLOK": null, "NO URUT": null, "KD JNS OP": null, "THN PAJAK": null, "NO PERSIL": null, "LUAS BUMI": null, "LUAS BNG S": null, "NJOP BUMI": null, "NJOP BNG S": null, "NJOP SPPT": null, "NJOPTKP SP": null, "NJKP SPPT": null, "PBB TERHUT": null, "FAKTOR PEN": null, "PBB YG HAR": null, "FLG SYNC": null, "JML KRG BA": null, "FLG BAYAR": null, "ALAMAT OP": null, "NM KELURAH": null, "NM KECAMAT": null }, "geometry": { "type": "MultiPolygon", "coordinates": [ [ [ [ 110.372745548738578, -7.788182052001988, 0.0 ], [ 110.372702363158609, -7.787853717071668, 0.0 ], [ 110.372820398904679, -7.787836076449068, 0.0 ], [ 110.372848599776844, -7.788183199227611, 0.0 ], [ 110.372799017904697, -7.788183125873924, 0.0 ], [ 110.372745548738578, -7.788182052001988, 0.0 ] ] ] ] } },
{ "type": "Feature", "properties": { "D_NOP": "347106000400600490", "D_LUAS": 773.21, "ASR": null, "KD PROPINS": null, "KD DATI2": null, "KD KECAMAT": null, "KD KELURAH": null, "KD BLOK": null, "NO URUT": null, "KD JNS OP": null, "THN PAJAK": null, "NO PERSIL": null, "LUAS BUMI": null, "LUAS BNG S": null, "NJOP BUMI": null, "NJOP BNG S": null, "NJOP SPPT": null, "NJOPTKP SP": null, "NJKP SPPT": null, "PBB TERHUT": null, "FAKTOR PEN": null, "PBB YG HAR": null, "FLG SYNC": null, "JML KRG BA": null, "FLG BAYAR": null, "ALAMAT OP": null, "NM KELURAH": null, "NM KECAMAT": null }, "geometry": { "type": "MultiPolygon", "coordinates": [ [ [ [ 110.37252134133935, -7.788235075542802, 0.0 ], [ 110.372466337090401, -7.787908712630704, 0.0 ], [ 110.372702363158609, -7.787853717071668, 0.0 ], [ 110.372745548738578, -7.788182052001988, 0.0 ], [ 110.37265825804667, -7.788193769530428, 0.0 ], [ 110.372601629110235, -7.788205351554637, 0.0 ], [ 110.372553142221051, -7.788223275917176, 0.0 ], [ 110.37252134133935, -7.788235075542802, 0.0 ] ] ] ] } },
{ "type": "Feature", "properties": { "D_NOP": "347106000400600480", "D_LUAS": 813.33, "ASR": null, "KD PROPINS": null, "KD DATI2": null, "KD KECAMAT": null, "KD KELURAH": null, "KD BLOK": null, "NO URUT": null, "KD JNS OP": null, "THN PAJAK": null, "NO PERSIL": null, "LUAS BUMI": null, "LUAS BNG S": null, "NJOP BUMI": null, "NJOP BNG S": null, "NJOP SPPT": null, "NJOPTKP SP": null, "NJKP SPPT": null, "PBB TERHUT": null, "FAKTOR PEN": null, "PBB YG HAR": null, "FLG SYNC": null, "JML KRG BA": null, "FLG BAYAR": null, "ALAMAT OP": null, "NM KELURAH": null, "NM KECAMAT": null }, "geometry": { "type": "MultiPolygon", "coordinates": [ [ [ [ 110.372376522201563, -7.788310010804747, 0.0 ], [ 110.372252128803126, -7.787976581815878, 0.0 ], [ 110.372466337090401, -7.787908712630704, 0.0 ], [ 110.37252134133935, -7.788235075542802, 0.0 ], [ 110.372411170542506, -7.788294417229351, 0.0 ], [ 110.372376522201563, -7.788310010804747, 0.0 ] ] ] ] } },
{ "type": "Feature", "properties": { "D_NOP": "347106000400600470", "D_LUAS": 350.81, "ASR": null, "KD PROPINS": "34", "KD DATI2": "71", "KD KECAMAT": "060", "KD KELURAH": "004", "KD BLOK": "006", "NO URUT": "0047", "KD JNS OP": "0", "THN PAJAK": "2023", "NO PERSIL": null, "LUAS BUMI": "365", "LUAS BNG S": 492, "NJOP BUMI": 4126325000.0, "NJOP BNG S": 745872000.0, "NJOP SPPT": 4872197000.0, "NJOPTKP SP": 20000000.0, "NJKP SPPT": 0, "PBB TERHUT": 3396538, "FAKTOR PEN": 722107.0, "PBB YG HAR": 2674431, "FLG SYNC": "0", "JML KRG BA": "0", "FLG BAYAR": "0", "ALAMAT OP": "JL ABU BAKAR ALI 18-A RW 04 RT 015", "NM KELURAH": "KOTABARU", "NM KECAMAT": "GONDOKUSUMAN" }, "geometry": { "type": "MultiPolygon", "coordinates": [ [ [ [ 110.372292180168429, -7.788350399812392, 0.0 ], [ 110.372266383613194, -7.788297458436448, 0.0 ], [ 110.372286364977725, -7.788288083014657, 0.0 ], [ 110.37216180693035, -7.788015062859304, 0.0 ], [ 110.372252128803126, -7.787976581815878, 0.0 ], [ 110.372376522201563, -7.788310010804747, 0.0 ], [ 110.372292180168429, -7.788350399812392, 0.0 ] ] ] ] } },
{ "type": "Feature", "properties": { "D_NOP": "347106000400600460", "D_LUAS": 761.86, "ASR": null, "KD PROPINS": null, "KD DATI2": null, "KD KECAMAT": null, "KD KELURAH": null, "KD BLOK": null, "NO URUT": null, "KD JNS OP": null, "THN PAJAK": null, "NO PERSIL": null, "LUAS BUMI": null, "LUAS BNG S": null, "NJOP BUMI": null, "NJOP BNG S": null, "NJOP SPPT": null, "NJOPTKP SP": null, "NJKP SPPT": null, "PBB TERHUT": null, "FAKTOR PEN": null, "PBB YG HAR": null, "FLG SYNC": null, "JML KRG BA": null, "FLG BAYAR": null, "ALAMAT OP": null, "NM KELURAH": null, "NM KECAMAT": null }, "geometry": { "type": "MultiPolygon", "coordinates": [ [ [ [ 110.372149297936829, -7.788430311660933, 0.0 ], [ 110.371979273064383, -7.78810576786652, 0.0 ], [ 110.37216180693035, -7.788015062859304, 0.0 ], [ 110.372286364977725, -7.788288083014657, 0.0 ], [ 110.372266383613194, -7.788297458436448, 0.0 ], [ 110.372292180168429, -7.788350399812392, 0.0 ], [ 110.372149297936829, -7.788430311660933, 0.0 ] ] ] ] } },
{ "type": "Feature", "properties": { "D_NOP": "347106000400600450", "D_LUAS": 1113.75, "ASR": null, "KD PROPINS": null, "KD DATI2": null, "KD KECAMAT": null, "KD KELURAH": null, "KD BLOK": null, "NO URUT": null, "KD JNS OP": null, "THN PAJAK": null, "NO PERSIL": null, "LUAS BUMI": null, "LUAS BNG S": null, "NJOP BUMI": null, "NJOP BNG S": null, "NJOP SPPT": null, "NJOPTKP SP": null, "NJKP SPPT": null, "PBB TERHUT": null, "FAKTOR PEN": null, "PBB YG HAR": null, "FLG SYNC": null, "JML KRG BA": null, "FLG BAYAR": null, "ALAMAT OP": null, "NM KELURAH": null, "NM KECAMAT": null }, "geometry": { "type": "MultiPolygon", "coordinates": [ [ [ [ 110.3720709311864, -7.788475683273426, 0.0 ], [ 110.371868285359753, -7.788412260973837, 0.0 ], [ 110.371818288446832, -7.788389578694841, 0.0 ], [ 110.371768231307115, -7.788357129581549, 0.0 ], [ 110.371737426843481, -7.788302462534322, 0.0 ], [ 110.371737293713792, -7.788291429538698, 0.0 ], [ 110.37174514604348, -7.788241250986766, 0.0 ], [ 110.371750995777319, -7.788230136424894, 0.0 ], [ 110.371765671787585, -7.788217859317016, 0.0 ], [ 110.371851298097724, -7.788168790772287, 0.0 ], [ 110.371979273064383, -7.78810576786652, 0.0 ], [ 110.372149297936829, -7.788430311660933, 0.0 ], [ 110.3720709311864, -7.788475683273426, 0.0 ] ] ] ] } },
{ "type": "Feature", "properties": { "D_NOP": "347106000400600340", "D_LUAS": 484.56, "ASR": null, "KD PROPINS": null, "KD DATI2": null, "KD KECAMAT": null, "KD KELURAH": null, "KD BLOK": null, "NO URUT": null, "KD JNS OP": null, "THN PAJAK": null, "NO PERSIL": null, "LUAS BUMI": null, "LUAS BNG S": null, "NJOP BUMI": null, "NJOP BNG S": null, "NJOP SPPT": null, "NJOPTKP SP": null, "NJKP SPPT": null, "PBB TERHUT": null, "FAKTOR PEN": null, "PBB YG HAR": null, "FLG SYNC": null, "JML KRG BA": null, "FLG BAYAR": null, "ALAMAT OP": null, "NM KELURAH": null, "NM KECAMAT": null }, "geometry": { "type": "MultiPolygon", "coordinates": [ [ [ [ 110.37102518860948, -7.787746058783727, 0.0 ], [ 110.371162013784087, -7.787465196718649, 0.0 ], [ 110.371187380382864, -7.787455286738048, 0.0 ], [ 110.37125950502724, -7.787433328109533, 0.0 ], [ 110.371272614287761, -7.787468706762941, 0.0 ], [ 110.371151200966452, -7.787795531575076, 0.0 ], [ 110.37102518860948, -7.787746058783727, 0.0 ] ] ] ] } },
{ "type": "Feature", "properties": { "D_NOP": "347106000400600330", "D_LUAS": 1006.46, "ASR": null, "KD PROPINS": null, "KD DATI2": null, "KD KECAMAT": null, "KD KELURAH": null, "KD BLOK": null, "NO URUT": null, "KD JNS OP": null, "THN PAJAK": null, "NO PERSIL": null, "LUAS BUMI": null, "LUAS BNG S": null, "NJOP BUMI": null, "NJOP BNG S": null, "NJOP SPPT": null, "NJOPTKP SP": null, "NJKP SPPT": null, "PBB TERHUT": null, "FAKTOR PEN": null, "PBB YG HAR": null, "FLG SYNC": null, "JML KRG BA": null, "FLG BAYAR": null, "ALAMAT OP": null, "NM KELURAH": null, "NM KECAMAT": null }, "geometry": { "type": "MultiPolygon", "coordinates": [ [ [ [ 110.371151200966452, -7.787795531575076, 0.0 ], [ 110.371272614287761, -7.787468706762941, 0.0 ], [ 110.37125950502724, -7.787433328109533, 0.0 ], [ 110.371271252581508, -7.787429004758048, 0.0 ], [ 110.371323248738193, -7.787414793485874, 0.0 ], [ 110.371389462741362, -7.78739463472496, 0.0 ], [ 110.37149990694374, -7.78735247592655, 0.0 ], [ 110.371492978011688, -7.787435392507614, 0.0 ], [ 110.371475959189581, -7.787464124899367, 0.0 ], [ 110.371430116613752, -7.787464056935642, 0.0 ], [ 110.371344658717092, -7.787851705941556, 0.0 ], [ 110.371151200966452, -7.787795531575076, 0.0 ] ] ] ] } },
{ "type": "Feature", "properties": { "D_NOP": "347106000400600320", "D_LUAS": 663.61, "ASR": null, "KD PROPINS": null, "KD DATI2": null, "KD KECAMAT": null, "KD KELURAH": null, "KD BLOK": null, "NO URUT": null, "KD JNS OP": null, "THN PAJAK": null, "NO PERSIL": null, "LUAS BUMI": null, "LUAS BNG S": null, "NJOP BUMI": null, "NJOP BNG S": null, "NJOP SPPT": null, "NJOPTKP SP": null, "NJKP SPPT": null, "PBB TERHUT": null, "FAKTOR PEN": null, "PBB YG HAR": null, "FLG SYNC": null, "JML KRG BA": null, "FLG BAYAR": null, "ALAMAT OP": null, "NM KELURAH": null, "NM KECAMAT": null }, "geometry": { "type": "MultiPolygon", "coordinates": [ [ [ [ 110.371344658717092, -7.787851705941556, 0.0 ], [ 110.371430116613752, -7.787464056935642, 0.0 ], [ 110.371475959189581, -7.787464124899367, 0.0 ], [ 110.371492978011688, -7.787435392507614, 0.0 ], [ 110.37149990694374, -7.78735247592655, 0.0 ], [ 110.37154576972307, -7.787338978995652, 0.0 ], [ 110.371511010349508, -7.787880710208583, 0.0 ], [ 110.371344658717092, -7.787851705941556, 0.0 ] ] ] ] } },
{ "type": "Feature", "properties": { "D_NOP": "347106000400600310", "D_LUAS": 578.34, "ASR": null, "KD PROPINS": null, "KD DATI2": null, "KD KECAMAT": null, "KD KELURAH": null, "KD BLOK": null, "NO URUT": null, "KD JNS OP": null, "THN PAJAK": null, "NO PERSIL": null, "LUAS BUMI": null, "LUAS BNG S": null, "NJOP BUMI": null, "NJOP BNG S": null, "NJOP SPPT": null, "NJOPTKP SP": null, "NJKP SPPT": null, "PBB TERHUT": null, "FAKTOR PEN": null, "PBB YG HAR": null, "FLG SYNC": null, "JML KRG BA": null, "FLG BAYAR": null, "ALAMAT OP": null, "NM KELURAH": null, "NM KECAMAT": null }, "geometry": { "type": "MultiPolygon", "coordinates": [ [ [ [ 110.371511010349508, -7.787880710208583, 0.0 ], [ 110.37154576972307, -7.787338978995652, 0.0 ], [ 110.371584832146326, -7.787322125967372, 0.0 ], [ 110.371608626109349, -7.787313660553476, 0.0 ], [ 110.371583918867373, -7.787884797330188, 0.0 ], [ 110.371511010349508, -7.787880710208583, 0.0 ] ] ] ] } },
{ "type": "Feature", "properties": { "D_NOP": "347106000400600300", "D_LUAS": 930.34, "ASR": null, "KD PROPINS": null, "KD DATI2": null, "KD KECAMAT": null, "KD KELURAH": null, "KD BLOK": null, "NO URUT": null, "KD JNS OP": null, "THN PAJAK": null, "NO PERSIL": null, "LUAS BUMI": null, "LUAS BNG S": null, "NJOP BUMI": null, "NJOP BNG S": null, "NJOP SPPT": null, "NJOPTKP SP": null, "NJKP SPPT": null, "PBB TERHUT": null, "FAKTOR PEN": null, "PBB YG HAR": null, "FLG SYNC": null, "JML KRG BA": null, "FLG BAYAR": null, "ALAMAT OP": null, "NM KELURAH": null, "NM KECAMAT": null }, "geometry": { "type": "MultiPolygon", "coordinates": [ [ [ [ 110.371608626109349, -7.787313660553476, 0.0 ], [ 110.371712200254478, -7.787264709055488, 0.0 ], [ 110.371706235763938, -7.787503442746476, 0.0 ], [ 110.371697655437842, -7.787891657933696, 0.0 ], [ 110.371583918867373, -7.787884797330188, 0.0 ], [ 110.371608626109349, -7.787313660553476, 0.0 ] ] ] ] } },
{ "type": "Feature", "properties": { "D_NOP": "347106000400600280", "D_LUAS": 1673.39, "ASR": null, "KD PROPINS": null, "KD DATI2": null, "KD KECAMAT": null, "KD KELURAH": null, "KD BLOK": null, "NO URUT": null, "KD JNS OP": null, "THN PAJAK": null, "NO PERSIL": null, "LUAS BUMI": null, "LUAS BNG S": null, "NJOP BUMI": null, "NJOP BNG S": null, "NJOP SPPT": null, "NJOPTKP SP": null, "NJKP SPPT": null, "PBB TERHUT": null, "FAKTOR PEN": null, "PBB YG HAR": null, "FLG SYNC": null, "JML KRG BA": null, "FLG BAYAR": null, "ALAMAT OP": null, "NM KELURAH": null, "NM KECAMAT": null }, "geometry": { "type": "MultiPolygon", "coordinates": [ [ [ [ 110.371853582171681, -7.787488920538884, 0.0 ], [ 110.372230982285274, -7.787462530559215, 0.0 ], [ 110.372270933116738, -7.787753150251065, 0.0 ], [ 110.372272993011393, -7.787776032795523, 0.0 ], [ 110.372273578898842, -7.78778435347918, 0.0 ], [ 110.372270054356278, -7.787790859420941, 0.0 ], [ 110.372255429196372, -7.787819233659658, 0.0 ], [ 110.372232611176287, -7.787825168435678, 0.0 ], [ 110.372177411393011, -7.787831236122887, 0.0 ], [ 110.372077406806326, -7.787843386871952, 0.0 ], [ 110.371916815012455, -7.78786358678987, 0.0 ], [ 110.371853582171681, -7.787488920538884, 0.0 ] ] ] ] } },
{ "type": "Feature", "properties": { "D_NOP": "347106000400600270", "D_LUAS": 1158.68, "ASR": null, "KD PROPINS": null, "KD DATI2": null, "KD KECAMAT": null, "KD KELURAH": null, "KD BLOK": null, "NO URUT": null, "KD JNS OP": null, "THN PAJAK": null, "NO PERSIL": null, "LUAS BUMI": null, "LUAS BNG S": null, "NJOP BUMI": null, "NJOP BNG S": null, "NJOP SPPT": null, "NJOPTKP SP": null, "NJKP SPPT": null, "PBB TERHUT": null, "FAKTOR PEN": null, "PBB YG HAR": null, "FLG SYNC": null, "JML KRG BA": null, "FLG BAYAR": null, "ALAMAT OP": null, "NM KELURAH": null, "NM KECAMAT": null }, "geometry": { "type": "MultiPolygon", "coordinates": [ [ [ [ 110.371941493715184, -7.787210879547111, 0.0 ], [ 110.37223262455214, -7.787163110037914, 0.0 ], [ 110.372230982285274, -7.787462530559215, 0.0 ], [ 110.371853582171681, -7.787488920538884, 0.0 ], [ 110.371941493715184, -7.787210879547111, 0.0 ] ] ] ] } },
{ "type": "Feature", "properties": { "D_NOP": "347106000400600260", "D_LUAS": 1938.33, "ASR": null, "KD PROPINS": null, "KD DATI2": null, "KD KECAMAT": null, "KD KELURAH": null, "KD BLOK": null, "NO URUT": null, "KD JNS OP": null, "THN PAJAK": null, "NO PERSIL": null, "LUAS BUMI": null, "LUAS BNG S": null, "NJOP BUMI": null, "NJOP BNG S": null, "NJOP SPPT": null, "NJOPTKP SP": null, "NJKP SPPT": null, "PBB TERHUT": null, "FAKTOR PEN": null, "PBB YG HAR": null, "FLG SYNC": null, "JML KRG BA": null, "FLG BAYAR": null, "ALAMAT OP": null, "NM KELURAH": null, "NM KECAMAT": null }, "geometry": { "type": "MultiPolygon", "coordinates": [ [ [ [ 110.371941493715184, -7.787210879547111, 0.0 ], [ 110.371828284536349, -7.786850065903406, 0.0 ], [ 110.372137400483396, -7.786727083007378, 0.0 ], [ 110.372332522943566, -7.78692071720237, 0.0 ], [ 110.37223262455214, -7.787163110037914, 0.0 ], [ 110.371941493715184, -7.787210879547111, 0.0 ] ] ] ] } },
{ "type": "Feature", "properties": { "D_NOP": "347106000400600250", "D_LUAS": 1029.09, "ASR": null, "KD PROPINS": null, "KD DATI2": null, "KD KECAMAT": null, "KD KELURAH": null, "KD BLOK": null, "NO URUT": null, "KD JNS OP": null, "THN PAJAK": null, "NO PERSIL": null, "LUAS BUMI": null, "LUAS BNG S": null, "NJOP BUMI": null, "NJOP BNG S": null, "NJOP SPPT": null, "NJOPTKP SP": null, "NJKP SPPT": null, "PBB TERHUT": null, "FAKTOR PEN": null, "PBB YG HAR": null, "FLG SYNC": null, "JML KRG BA": null, "FLG BAYAR": null, "ALAMAT OP": null, "NM KELURAH": null, "NM KECAMAT": null }, "geometry": { "type": "MultiPolygon", "coordinates": [ [ [ [ 110.371712200254478, -7.787264709055488, 0.0 ], [ 110.371649633979757, -7.787095326176719, 0.0 ], [ 110.371675152943709, -7.7870835173016, 0.0 ], [ 110.371609201353735, -7.78692760388568, 0.0 ], [ 110.371828284536349, -7.786850065903406, 0.0 ], [ 110.371941493715184, -7.787210879547111, 0.0 ], [ 110.371712200254478, -7.787264709055488, 0.0 ] ] ] ] } },
{ "type": "Feature", "properties": { "D_NOP": "347106000400600240", "D_LUAS": 822.52, "ASR": null, "KD PROPINS": null, "KD DATI2": null, "KD KECAMAT": null, "KD KELURAH": null, "KD BLOK": null, "NO URUT": null, "KD JNS OP": null, "THN PAJAK": null, "NO PERSIL": null, "LUAS BUMI": null, "LUAS BNG S": null, "NJOP BUMI": null, "NJOP BNG S": null, "NJOP SPPT": null, "NJOPTKP SP": null, "NJKP SPPT": null, "PBB TERHUT": null, "FAKTOR PEN": null, "PBB YG HAR": null, "FLG SYNC": null, "JML KRG BA": null, "FLG BAYAR": null, "ALAMAT OP": null, "NM KELURAH": null, "NM KECAMAT": null }, "geometry": { "type": "MultiPolygon", "coordinates": [ [ [ [ 110.371584832146326, -7.787322125967372, 0.0 ], [ 110.371453782911757, -7.786989319965118, 0.0 ], [ 110.371609201353735, -7.78692760388568, 0.0 ], [ 110.371675152943709, -7.7870835173016, 0.0 ], [ 110.371649633979757, -7.787095326176719, 0.0 ], [ 110.371712200254478, -7.787264709055488, 0.0 ], [ 110.371608626109349, -7.787313660553476, 0.0 ], [ 110.371584832146326, -7.787322125967372, 0.0 ] ] ] ] } },
{ "type": "Feature", "properties": { "D_NOP": "347106000400600230", "D_LUAS": 955.22, "ASR": null, "KD PROPINS": null, "KD DATI2": null, "KD KECAMAT": null, "KD KELURAH": null, "KD BLOK": null, "NO URUT": null, "KD JNS OP": null, "THN PAJAK": null, "NO PERSIL": null, "LUAS BUMI": null, "LUAS BNG S": null, "NJOP BUMI": null, "NJOP BNG S": null, "NJOP SPPT": null, "NJOPTKP SP": null, "NJKP SPPT": null, "PBB TERHUT": null, "FAKTOR PEN": null, "PBB YG HAR": null, "FLG SYNC": null, "JML KRG BA": null, "FLG BAYAR": null, "ALAMAT OP": null, "NM KELURAH": null, "NM KECAMAT": null }, "geometry": { "type": "MultiPolygon", "coordinates": [ [ [ [ 110.371389462741362, -7.78739463472496, 0.0 ], [ 110.371254814583011, -7.787068153630683, 0.0 ], [ 110.371453782911757, -7.786989319965118, 0.0 ], [ 110.371584832146326, -7.787322125967372, 0.0 ], [ 110.37154576972307, -7.787338978995652, 0.0 ], [ 110.37149990694374, -7.78735247592655, 0.0 ], [ 110.371389462741362, -7.78739463472496, 0.0 ] ] ] ] } },
{ "type": "Feature", "properties": { "D_NOP": "347106000400600190", "D_LUAS": 513.57, "ASR": null, "KD PROPINS": null, "KD DATI2": null, "KD KECAMAT": null, "KD KELURAH": null, "KD BLOK": null, "NO URUT": null, "KD JNS OP": null, "THN PAJAK": null, "NO PERSIL": null, "LUAS BUMI": null, "LUAS BNG S": null, "NJOP BUMI": null, "NJOP BNG S": null, "NJOP SPPT": null, "NJOPTKP SP": null, "NJKP SPPT": null, "PBB TERHUT": null, "FAKTOR PEN": null, "PBB YG HAR": null, "FLG SYNC": null, "JML KRG BA": null, "FLG BAYAR": null, "ALAMAT OP": null, "NM KELURAH": null, "NM KECAMAT": null }, "geometry": { "type": "MultiPolygon", "coordinates": [ [ [ [ 110.371048219351792, -7.78749722198408, 0.0 ], [ 110.370993940506636, -7.787387265649015, 0.0 ], [ 110.371040790599054, -7.787363641769402, 0.0 ], [ 110.370943308189368, -7.787189052341152, 0.0 ], [ 110.371043280870595, -7.78714805374995, 0.0 ], [ 110.371187380382864, -7.787455286738048, 0.0 ], [ 110.371162013784087, -7.787465196718649, 0.0 ], [ 110.371048219351792, -7.78749722198408, 0.0 ] ] ] ] } },
{ "type": "Feature", "properties": { "D_NOP": "347106000400600180", "D_LUAS": 1733.92, "ASR": null, "KD PROPINS": null, "KD DATI2": null, "KD KECAMAT": null, "KD KELURAH": null, "KD BLOK": null, "NO URUT": null, "KD JNS OP": null, "THN PAJAK": null, "NO PERSIL": null, "LUAS BUMI": null, "LUAS BNG S": null, "NJOP BUMI": null, "NJOP BNG S": null, "NJOP SPPT": null, "NJOPTKP SP": null, "NJKP SPPT": null, "PBB TERHUT": null, "FAKTOR PEN": null, "PBB YG HAR": null, "FLG SYNC": null, "JML KRG BA": null, "FLG BAYAR": null, "ALAMAT OP": null, "NM KELURAH": null, "NM KECAMAT": null }, "geometry": { "type": "MultiPolygon", "coordinates": [ [ [ [ 110.370886329085479, -7.787686076692728, 0.0 ], [ 110.37064145693266, -7.787555037915667, 0.0 ], [ 110.370574289846587, -7.787512253941125, 0.0 ], [ 110.370558561451872, -7.787478047008003, 0.0 ], [ 110.37056083993059, -7.787454628306725, 0.0 ], [ 110.370582333701208, -7.787434041548216, 0.0 ], [ 110.370609742150378, -7.787408941931071, 0.0 ], [ 110.370640971595648, -7.787379145480505, 0.0 ], [ 110.370807311803176, -7.787265266225763, 0.0 ], [ 110.370943308189368, -7.787189052341152, 0.0 ], [ 110.371040790599054, -7.787363641769402, 0.0 ], [ 110.370993940506636, -7.787387265649015, 0.0 ], [ 110.371048219351792, -7.78749722198408, 0.0 ], [ 110.371030178400403, -7.787559412961789, 0.0 ], [ 110.370886329085479, -7.787686076692728, 0.0 ] ] ] ] } },
{ "type": "Feature", "properties": { "D_NOP": "347106000400600140", "D_LUAS": 763.17, "ASR": null, "KD PROPINS": null, "KD DATI2": null, "KD KECAMAT": null, "KD KELURAH": null, "KD BLOK": null, "NO URUT": null, "KD JNS OP": null, "THN PAJAK": null, "NO PERSIL": null, "LUAS BUMI": null, "LUAS BNG S": null, "NJOP BUMI": null, "NJOP BNG S": null, "NJOP SPPT": null, "NJOPTKP SP": null, "NJKP SPPT": null, "PBB TERHUT": null, "FAKTOR PEN": null, "PBB YG HAR": null, "FLG SYNC": null, "JML KRG BA": null, "FLG BAYAR": null, "ALAMAT OP": null, "NM KELURAH": null, "NM KECAMAT": null }, "geometry": { "type": "MultiPolygon", "coordinates": [ [ [ [ 110.371558097313752, -7.786594102495208, 0.0 ], [ 110.371702149531544, -7.786531646059408, 0.0 ], [ 110.371699487356736, -7.786511475604703, 0.0 ], [ 110.371740343698761, -7.786495167809855, 0.0 ], [ 110.371771893709251, -7.786501092686748, 0.0 ], [ 110.371869925753728, -7.786758700052546, 0.0 ], [ 110.371665647944937, -7.786837526060654, 0.0 ], [ 110.371558097313752, -7.786594102495208, 0.0 ] ] ] ] } },
{ "type": "Feature", "properties": { "D_NOP": "347106000400600130", "D_LUAS": 452.59, "ASR": null, "KD PROPINS": null, "KD DATI2": null, "KD KECAMAT": null, "KD KELURAH": null, "KD BLOK": null, "NO URUT": null, "KD JNS OP": null, "THN PAJAK": null, "NO PERSIL": null, "LUAS BUMI": null, "LUAS BNG S": null, "NJOP BUMI": null, "NJOP BNG S": null, "NJOP SPPT": null, "NJOPTKP SP": null, "NJKP SPPT": null, "PBB TERHUT": null, "FAKTOR PEN": null, "PBB YG HAR": null, "FLG SYNC": null, "JML KRG BA": null, "FLG BAYAR": null, "ALAMAT OP": null, "NM KELURAH": null, "NM KECAMAT": null }, "geometry": { "type": "MultiPolygon", "coordinates": [ [ [ [ 110.371869925753728, -7.786758700052546, 0.0 ], [ 110.371771893709251, -7.786501092686748, 0.0 ], [ 110.371877254631258, -7.786457388878198, 0.0 ], [ 110.371932672787111, -7.786605871166987, 0.0 ], [ 110.371966497297095, -7.786590999858995, 0.0 ], [ 110.372021065087054, -7.78670791983779, 0.0 ], [ 110.371869925753728, -7.786758700052546, 0.0 ] ] ] ] } },
{ "type": "Feature", "properties": { "D_NOP": "347106000400600120", "D_LUAS": 710.25, "ASR": null, "KD PROPINS": null, "KD DATI2": null, "KD KECAMAT": null, "KD KELURAH": null, "KD BLOK": null, "NO URUT": null, "KD JNS OP": null, "THN PAJAK": null, "NO PERSIL": null, "LUAS BUMI": null, "LUAS BNG S": null, "NJOP BUMI": null, "NJOP BNG S": null, "NJOP SPPT": null, "NJOPTKP SP": null, "NJKP SPPT": null, "PBB TERHUT": null, "FAKTOR PEN": null, "PBB YG HAR": null, "FLG SYNC": null, "JML KRG BA": null, "FLG BAYAR": null, "ALAMAT OP": null, "NM KELURAH": null, "NM KECAMAT": null }, "geometry": { "type": "MultiPolygon", "coordinates": [ [ [ [ 110.37179427833938, -7.786283996741778, 0.0 ], [ 110.37178682178326, -7.78626933558391, 0.0 ], [ 110.37181870148757, -7.786254732702808, 0.0 ], [ 110.371739137287307, -7.786100155632481, 0.0 ], [ 110.371752083898585, -7.786094115817772, 0.0 ], [ 110.371734052509098, -7.786049596173376, 0.0 ], [ 110.371900160727336, -7.785990518342985, 0.0 ], [ 110.371921258085152, -7.785984942759509, 0.0 ], [ 110.371939658650263, -7.785982437895418, 0.0 ], [ 110.371956184640055, -7.785983276267203, 0.0 ], [ 110.371970816665012, -7.786000480167697, 0.0 ], [ 110.372050050162898, -7.786176308415723, 0.0 ], [ 110.371828470415181, -7.786273376328304, 0.0 ], [ 110.371802633917582, -7.786297574038077, 0.0 ], [ 110.37179427833938, -7.786283996741778, 0.0 ] ] ] ] } },
{ "type": "Feature", "properties": { "D_NOP": "347106000400600110", "D_LUAS": 388.92, "ASR": null, "KD PROPINS": null, "KD DATI2": null, "KD KECAMAT": null, "KD KELURAH": null, "KD BLOK": null, "NO URUT": null, "KD JNS OP": null, "THN PAJAK": null, "NO PERSIL": null, "LUAS BUMI": null, "LUAS BNG S": null, "NJOP BUMI": null, "NJOP BNG S": null, "NJOP SPPT": null, "NJOPTKP SP": null, "NJKP SPPT": null, "PBB TERHUT": null, "FAKTOR PEN": null, "PBB YG HAR": null, "FLG SYNC": null, "JML KRG BA": null, "FLG BAYAR": null, "ALAMAT OP": null, "NM KELURAH": null, "NM KECAMAT": null }, "geometry": { "type": "MultiPolygon", "coordinates": [ [ [ [ 110.37173103958024, -7.786315102357028, 0.0 ], [ 110.371694278952788, -7.786242701663344, 0.0 ], [ 110.371675950464947, -7.786247015278183, 0.0 ], [ 110.371657074632139, -7.786217144490109, 0.0 ], [ 110.371635975643301, -7.786223805250143, 0.0 ], [ 110.371582377240287, -7.786108876190179, 0.0 ], [ 110.371734052509098, -7.786049596173376, 0.0 ], [ 110.371752083898585, -7.786094115817772, 0.0 ], [ 110.371739137287307, -7.786100155632481, 0.0 ], [ 110.37181870148757, -7.786254732702808, 0.0 ], [ 110.37178682178326, -7.78626933558391, 0.0 ], [ 110.37179427833938, -7.786283996741778, 0.0 ], [ 110.37173103958024, -7.786315102357028, 0.0 ] ] ] ] } },
{ "type": "Feature", "properties": { "D_NOP": "347106000400600100", "D_LUAS": 756.5, "ASR": null, "KD PROPINS": null, "KD DATI2": null, "KD KECAMAT": null, "KD KELURAH": null, "KD BLOK": null, "NO URUT": null, "KD JNS OP": null, "THN PAJAK": null, "NO PERSIL": null, "LUAS BUMI": null, "LUAS BNG S": null, "NJOP BUMI": null, "NJOP BNG S": null, "NJOP SPPT": null, "NJOPTKP SP": null, "NJKP SPPT": null, "PBB TERHUT": null, "FAKTOR PEN": null, "PBB YG HAR": null, "FLG SYNC": null, "JML KRG BA": null, "FLG BAYAR": null, "ALAMAT OP": null, "NM KELURAH": null, "NM KECAMAT": null }, "geometry": { "type": "MultiPolygon", "coordinates": [ [ [ [ 110.371481618700429, -7.786426507634766, 0.0 ], [ 110.371414908108889, -7.786278189425671, 0.0 ], [ 110.371388670214841, -7.786220454418372, 0.0 ], [ 110.371374657369728, -7.786189234336903, 0.0 ], [ 110.371582377240287, -7.786108876190179, 0.0 ], [ 110.371635975643301, -7.786223805250143, 0.0 ], [ 110.371657074632139, -7.786217144490109, 0.0 ], [ 110.371675950464947, -7.786247015278183, 0.0 ], [ 110.371694278952788, -7.786242701663344, 0.0 ], [ 110.37173103958024, -7.786315102357028, 0.0 ], [ 110.371481618700429, -7.786426507634766, 0.0 ] ] ] ] } },
{ "type": "Feature", "properties": { "D_NOP": "347106000400600090", "D_LUAS": 33.33, "ASR": null, "KD PROPINS": null, "KD DATI2": null, "KD KECAMAT": null, "KD KELURAH": null, "KD BLOK": null, "NO URUT": null, "KD JNS OP": null, "THN PAJAK": null, "NO PERSIL": null, "LUAS BUMI": null, "LUAS BNG S": null, "NJOP BUMI": null, "NJOP BNG S": null, "NJOP SPPT": null, "NJOPTKP SP": null, "NJKP SPPT": null, "PBB TERHUT": null, "FAKTOR PEN": null, "PBB YG HAR": null, "FLG SYNC": null, "JML KRG BA": null, "FLG BAYAR": null, "ALAMAT OP": null, "NM KELURAH": null, "NM KECAMAT": null }, "geometry": { "type": "MultiPolygon", "coordinates": [ [ [ [ 110.371349158109936, -7.78623803023233, 0.0 ], [ 110.371388670214841, -7.786220454418372, 0.0 ], [ 110.371414908243665, -7.786278098993089, 0.0 ], [ 110.371373603749831, -7.786294044361908, 0.0 ], [ 110.371349158109936, -7.78623803023233, 0.0 ] ] ] ] } },
{ "type": "Feature", "properties": { "D_NOP": "347106000400600080", "D_LUAS": 75.43, "ASR": null, "KD PROPINS": null, "KD DATI2": null, "KD KECAMAT": null, "KD KELURAH": null, "KD BLOK": null, "NO URUT": null, "KD JNS OP": null, "THN PAJAK": null, "NO PERSIL": null, "LUAS BUMI": null, "LUAS BNG S": null, "NJOP BUMI": null, "NJOP BNG S": null, "NJOP SPPT": null, "NJOPTKP SP": null, "NJKP SPPT": null, "PBB TERHUT": null, "FAKTOR PEN": null, "PBB YG HAR": null, "FLG SYNC": null, "JML KRG BA": null, "FLG BAYAR": null, "ALAMAT OP": null, "NM KELURAH": null, "NM KECAMAT": null }, "geometry": { "type": "MultiPolygon", "coordinates": [ [ [ [ 110.371144251151819, -7.786387844795958, 0.0 ], [ 110.371113026779909, -7.786314005345741, 0.0 ], [ 110.371184038504055, -7.786285986067577, 0.0 ], [ 110.371215259921087, -7.786361815030075, 0.0 ], [ 110.371144251151819, -7.786387844795958, 0.0 ] ] ] ] } },
{ "type": "Feature", "properties": { "D_NOP": "347106000400600070", "D_LUAS": 186.74, "ASR": null, "KD PROPINS": null, "KD DATI2": null, "KD KECAMAT": null, "KD KELURAH": null, "KD BLOK": null, "NO URUT": null, "KD JNS OP": null, "THN PAJAK": null, "NO PERSIL": null, "LUAS BUMI": null, "LUAS BNG S": null, "NJOP BUMI": null, "NJOP BNG S": null, "NJOP SPPT": null, "NJOPTKP SP": null, "NJKP SPPT": null, "PBB TERHUT": null, "FAKTOR PEN": null, "PBB YG HAR": null, "FLG SYNC": null, "JML KRG BA": null, "FLG BAYAR": null, "ALAMAT OP": null, "NM KELURAH": null, "NM KECAMAT": null }, "geometry": { "type": "MultiPolygon", "coordinates": [ [ [ [ 110.370957779245913, -7.786461813505665, 0.0 ], [ 110.370927587039077, -7.786397923179844, 0.0 ], [ 110.371113026779909, -7.786314005345741, 0.0 ], [ 110.371144251151819, -7.786387844795958, 0.0 ], [ 110.371022655092304, -7.786436226839478, 0.0 ], [ 110.370957779245913, -7.786461813505665, 0.0 ] ] ] ] } },
{ "type": "Feature", "properties": { "D_NOP": "347106000400600060", "D_LUAS": 55.69, "ASR": null, "KD PROPINS": null, "KD DATI2": null, "KD KECAMAT": null, "KD KELURAH": null, "KD BLOK": null, "NO URUT": null, "KD JNS OP": null, "THN PAJAK": null, "NO PERSIL": null, "LUAS BUMI": null, "LUAS BNG S": null, "NJOP BUMI": null, "NJOP BNG S": null, "NJOP SPPT": null, "NJOPTKP SP": null, "NJKP SPPT": null, "PBB TERHUT": null, "FAKTOR PEN": null, "PBB YG HAR": null, "FLG SYNC": null, "JML KRG BA": null, "FLG BAYAR": null, "ALAMAT OP": null, "NM KELURAH": null, "NM KECAMAT": null }, "geometry": { "type": "MultiPolygon", "coordinates": [ [ [ [ 110.370736046736226, -7.786560779675953, 0.0 ], [ 110.370715696064408, -7.786516980016187, 0.0 ], [ 110.370796072278083, -7.786477941908468, 0.0 ], [ 110.370820757853991, -7.786523466219915, 0.0 ], [ 110.370736046736226, -7.786560779675953, 0.0 ] ] ] ] } },
{ "type": "Feature", "properties": { "D_NOP": "347106000400600050", "D_LUAS": 6563.53, "ASR": null, "KD PROPINS": null, "KD DATI2": null, "KD KECAMAT": null, "KD KELURAH": null, "KD BLOK": null, "NO URUT": null, "KD JNS OP": null, "THN PAJAK": null, "NO PERSIL": null, "LUAS BUMI": null, "LUAS BNG S": null, "NJOP BUMI": null, "NJOP BNG S": null, "NJOP SPPT": null, "NJOPTKP SP": null, "NJKP SPPT": null, "PBB TERHUT": null, "FAKTOR PEN": null, "PBB YG HAR": null, "FLG SYNC": null, "JML KRG BA": null, "FLG BAYAR": null, "ALAMAT OP": null, "NM KELURAH": null, "NM KECAMAT": null }, "geometry": { "type": "MultiPolygon", "coordinates": [ [ [ [ 110.370817369189908, -7.786789785683237, 0.0 ], [ 110.370667319963218, -7.78646074947234, 0.0 ], [ 110.371374657369728, -7.786189234336903, 0.0 ], [ 110.371388670214841, -7.786220454418372, 0.0 ], [ 110.371414908108889, -7.786278189425671, 0.0 ], [ 110.371481618700429, -7.786426507634766, 0.0 ], [ 110.371558097313752, -7.786594102495208, 0.0 ], [ 110.371665647944937, -7.786837526060654, 0.0 ], [ 110.370955847092674, -7.787105420637443, 0.0 ], [ 110.370817369189908, -7.786789785683237, 0.0 ] ] ] ] } },
{ "type": "Feature", "properties": { "D_NOP": "347106000400600040", "D_LUAS": 1212.07, "ASR": null, "KD PROPINS": null, "KD DATI2": null, "KD KECAMAT": null, "KD KELURAH": null, "KD BLOK": null, "NO URUT": null, "KD JNS OP": null, "THN PAJAK": null, "NO PERSIL": null, "LUAS BUMI": null, "LUAS BNG S": null, "NJOP BUMI": null, "NJOP BNG S": null, "NJOP SPPT": null, "NJOPTKP SP": null, "NJKP SPPT": null, "PBB TERHUT": null, "FAKTOR PEN": null, "PBB YG HAR": null, "FLG SYNC": null, "JML KRG BA": null, "FLG BAYAR": null, "ALAMAT OP": null, "NM KELURAH": null, "NM KECAMAT": null }, "geometry": { "type": "MultiPolygon", "coordinates": [ [ [ [ 110.37057535506743, -7.786898759691022, 0.0 ], [ 110.370415535920728, -7.786551893647994, 0.0 ], [ 110.370667319963218, -7.78646074947234, 0.0 ], [ 110.370817369189908, -7.786789785683237, 0.0 ], [ 110.37057535506743, -7.786898759691022, 0.0 ] ] ] ] } },
{ "type": "Feature", "properties": { "D_NOP": "347106000400600030", "D_LUAS": 85.71, "ASR": null, "KD PROPINS": null, "KD DATI2": null, "KD KECAMAT": null, "KD KELURAH": null, "KD BLOK": null, "NO URUT": null, "KD JNS OP": null, "THN PAJAK": null, "NO PERSIL": null, "LUAS BUMI": null, "LUAS BNG S": null, "NJOP BUMI": null, "NJOP BNG S": null, "NJOP SPPT": null, "NJOPTKP SP": null, "NJKP SPPT": null, "PBB TERHUT": null, "FAKTOR PEN": null, "PBB YG HAR": null, "FLG SYNC": null, "JML KRG BA": null, "FLG BAYAR": null, "ALAMAT OP": null, "NM KELURAH": null, "NM KECAMAT": null }, "geometry": { "type": "MultiPolygon", "coordinates": [ [ [ [ 110.370529034027925, -7.786918676564051, 0.0 ], [ 110.370467580591509, -7.78680572524258, 0.0 ], [ 110.370521982864432, -7.786782745659218, 0.0 ], [ 110.37057535506743, -7.786898759691022, 0.0 ], [ 110.370529034027925, -7.786918676564051, 0.0 ] ] ] ] } },
{ "type": "Feature", "properties": { "D_NOP": "347106000400600020", "D_LUAS": 171.28, "ASR": null, "KD PROPINS": null, "KD DATI2": null, "KD KECAMAT": null, "KD KELURAH": null, "KD BLOK": null, "NO URUT": null, "KD JNS OP": null, "THN PAJAK": null, "NO PERSIL": null, "LUAS BUMI": null, "LUAS BNG S": null, "NJOP BUMI": null, "NJOP BNG S": null, "NJOP SPPT": null, "NJOPTKP SP": null, "NJKP SPPT": null, "PBB TERHUT": null, "FAKTOR PEN": null, "PBB YG HAR": null, "FLG SYNC": null, "JML KRG BA": null, "FLG BAYAR": null, "ALAMAT OP": null, "NM KELURAH": null, "NM KECAMAT": null }, "geometry": { "type": "MultiPolygon", "coordinates": [ [ [ [ 110.37039088350636, -7.787035220128, 0.0 ], [ 110.370374853846059, -7.787002459666571, 0.0 ], [ 110.370423197440616, -7.786980284996115, 0.0 ], [ 110.370361154936134, -7.786861183358963, 0.0 ], [ 110.370415413458488, -7.786834314968311, 0.0 ], [ 110.3704785931223, -7.786943108952595, 0.0 ], [ 110.370529034027925, -7.786918676564051, 0.0 ], [ 110.370545526168598, -7.786942213565663, 0.0 ], [ 110.37039088350636, -7.787035220128, 0.0 ] ] ] ] } },
{ "type": "Feature", "properties": { "D_NOP": "347106000400600010", "D_LUAS": 3009.44, "ASR": null, "KD PROPINS": null, "KD DATI2": null, "KD KECAMAT": null, "KD KELURAH": null, "KD BLOK": null, "NO URUT": null, "KD JNS OP": null, "THN PAJAK": null, "NO PERSIL": null, "LUAS BUMI": null, "LUAS BNG S": null, "NJOP BUMI": null, "NJOP BNG S": null, "NJOP SPPT": null, "NJOPTKP SP": null, "NJKP SPPT": null, "PBB TERHUT": null, "FAKTOR PEN": null, "PBB YG HAR": null, "FLG SYNC": null, "JML KRG BA": null, "FLG BAYAR": null, "ALAMAT OP": null, "NM KELURAH": null, "NM KECAMAT": null }, "geometry": { "type": "MultiPolygon", "coordinates": [ [ [ [ 110.37022456240733, -7.787236457285989, 0.0 ], [ 110.370054743018443, -7.787076048602393, 0.0 ], [ 110.369948182180664, -7.786871512252007, 0.0 ], [ 110.369938193975202, -7.786849522251579, 0.0 ], [ 110.369942198049358, -7.786822398376895, 0.0 ], [ 110.36994829620528, -7.786795187181121, 0.0 ], [ 110.369952817820476, -7.78677204311621, 0.0 ], [ 110.369958619676467, -7.78674293239208, 0.0 ], [ 110.370415535920728, -7.786551893647994, 0.0 ], [ 110.370521982864432, -7.786782745659218, 0.0 ], [ 110.37057535506743, -7.786898759691022, 0.0 ], [ 110.370529034027925, -7.786918676564051, 0.0 ], [ 110.370545526168598, -7.786942213565663, 0.0 ], [ 110.37039088350636, -7.787035220128, 0.0 ], [ 110.370318277789067, -7.787078881757505, 0.0 ], [ 110.37022456240733, -7.787236457285989, 0.0 ] ] ] ] } },
{ "type": "Feature", "properties": { "D_NOP": "347106000400500420", "D_LUAS": 288.47, "ASR": null, "KD PROPINS": null, "KD DATI2": null, "KD KECAMAT": null, "KD KELURAH": null, "KD BLOK": null, "NO URUT": null, "KD JNS OP": null, "THN PAJAK": null, "NO PERSIL": null, "LUAS BUMI": null, "LUAS BNG S": null, "NJOP BUMI": null, "NJOP BNG S": null, "NJOP SPPT": null, "NJOPTKP SP": null, "NJKP SPPT": null, "PBB TERHUT": null, "FAKTOR PEN": null, "PBB YG HAR": null, "FLG SYNC": null, "JML KRG BA": null, "FLG BAYAR": null, "ALAMAT OP": null, "NM KELURAH": null, "NM KECAMAT": null }, "geometry": { "type": "MultiPolygon", "coordinates": [ [ [ [ 110.376189333840557, -7.78840607146676, 0.0 ], [ 110.376192366960794, -7.788175653034311, 0.0 ], [ 110.376306481716767, -7.788179799983933, 0.0 ], [ 110.376313932894547, -7.788400467099497, 0.0 ], [ 110.376189333840557, -7.78840607146676, 0.0 ] ] ] ] } },
{ "type": "Feature", "properties": { "D_NOP": "347106000400500410", "D_LUAS": 336.74, "ASR": null, "KD PROPINS": null, "KD DATI2": null, "KD KECAMAT": null, "KD KELURAH": null, "KD BLOK": null, "NO URUT": null, "KD JNS OP": null, "THN PAJAK": null, "NO PERSIL": null, "LUAS BUMI": null, "LUAS BNG S": null, "NJOP BUMI": null, "NJOP BNG S": null, "NJOP SPPT": null, "NJOPTKP SP": null, "NJKP SPPT": null, "PBB TERHUT": null, "FAKTOR PEN": null, "PBB YG HAR": null, "FLG SYNC": null, "JML KRG BA": null, "FLG BAYAR": null, "ALAMAT OP": null, "NM KELURAH": null, "NM KECAMAT": null }, "geometry": { "type": "MultiPolygon", "coordinates": [ [ [ [ 110.376081266913403, -7.788408444547079, 0.0 ], [ 110.37609553457726, -7.788166648115666, 0.0 ], [ 110.376192366960794, -7.788175653034311, 0.0 ], [ 110.376189333840557, -7.78840607146676, 0.0 ], [ 110.376081266913403, -7.788408444547079, 0.0 ] ] ] ] } },
{ "type": "Feature", "properties": { "D_NOP": "347106000400500400", "D_LUAS": 352.37, "ASR": null, "KD PROPINS": null, "KD DATI2": null, "KD KECAMAT": null, "KD KELURAH": null, "KD BLOK": null, "NO URUT": null, "KD JNS OP": null, "THN PAJAK": null, "NO PERSIL": null, "LUAS BUMI": null, "LUAS BNG S": null, "NJOP BUMI": null, "NJOP BNG S": null, "NJOP SPPT": null, "NJOPTKP SP": null, "NJKP SPPT": null, "PBB TERHUT": null, "FAKTOR PEN": null, "PBB YG HAR": null, "FLG SYNC": null, "JML KRG BA": null, "FLG BAYAR": null, "ALAMAT OP": null, "NM KELURAH": null, "NM KECAMAT": null }, "geometry": { "type": "MultiPolygon", "coordinates": [ [ [ [ 110.375953404256137, -7.788395867039695, 0.0 ], [ 110.375982405140832, -7.788153640141276, 0.0 ], [ 110.37609553457726, -7.788166648115666, 0.0 ], [ 110.376081266913403, -7.788408444547079, 0.0 ], [ 110.375953404256137, -7.788395867039695, 0.0 ] ] ] ] } },
{ "type": "Feature", "properties": { "D_NOP": "347106000400500390", "D_LUAS": 338.86, "ASR": null, "KD PROPINS": null, "KD DATI2": null, "KD KECAMAT": null, "KD KELURAH": null, "KD BLOK": null, "NO URUT": null, "KD JNS OP": null, "THN PAJAK": null, "NO PERSIL": null, "LUAS BUMI": null, "LUAS BNG S": null, "NJOP BUMI": null, "NJOP BNG S": null, "NJOP SPPT": null, "NJOPTKP SP": null, "NJKP SPPT": null, "PBB TERHUT": null, "FAKTOR PEN": null, "PBB YG HAR": null, "FLG SYNC": null, "JML KRG BA": null, "FLG BAYAR": null, "ALAMAT OP": null, "NM KELURAH": null, "NM KECAMAT": null }, "geometry": { "type": "MultiPolygon", "coordinates": [ [ [ [ 110.375832513273281, -7.788371995654197, 0.0 ], [ 110.375880953419596, -7.788132962537948, 0.0 ], [ 110.375982405140832, -7.788153640141276, 0.0 ], [ 110.375953404256137, -7.788395867039695, 0.0 ], [ 110.375832513273281, -7.788371995654197, 0.0 ] ] ] ] } },
{ "type": "Feature", "properties": { "D_NOP": "347106000400500380", "D_LUAS": 356.49, "ASR": null, "KD PROPINS": null, "KD DATI2": null, "KD KECAMAT": null, "KD KELURAH": null, "KD BLOK": null, "NO URUT": null, "KD JNS OP": null, "THN PAJAK": null, "NO PERSIL": null, "LUAS BUMI": null, "LUAS BNG S": null, "NJOP BUMI": null, "NJOP BNG S": null, "NJOP SPPT": null, "NJOPTKP SP": null, "NJKP SPPT": null, "PBB TERHUT": null, "FAKTOR PEN": null, "PBB YG HAR": null, "FLG SYNC": null, "JML KRG BA": null, "FLG BAYAR": null, "ALAMAT OP": null, "NM KELURAH": null, "NM KECAMAT": null }, "geometry": { "type": "MultiPolygon", "coordinates": [ [ [ [ 110.375701693683141, -7.788336172478856, 0.0 ], [ 110.375758640680687, -7.788109722074018, 0.0 ], [ 110.375880953419596, -7.788132962537948, 0.0 ], [ 110.375832513273281, -7.788371995654197, 0.0 ], [ 110.375701693683141, -7.788336172478856, 0.0 ] ] ] ] } },
{ "type": "Feature", "properties": { "D_NOP": "347106000400500370", "D_LUAS": 3680.86, "ASR": null, "KD PROPINS": null, "KD DATI2": null, "KD KECAMAT": null, "KD KELURAH": null, "KD BLOK": null, "NO URUT": null, "KD JNS OP": null, "THN PAJAK": null, "NO PERSIL": null, "LUAS BUMI": null, "LUAS BNG S": null, "NJOP BUMI": null, "NJOP BNG S": null, "NJOP SPPT": null, "NJOPTKP SP": null, "NJKP SPPT": null, "PBB TERHUT": null, "FAKTOR PEN": null, "PBB YG HAR": null, "FLG SYNC": null, "JML KRG BA": null, "FLG BAYAR": null, "ALAMAT OP": null, "NM KELURAH": null, "NM KECAMAT": null }, "geometry": { "type": "MultiPolygon", "coordinates": [ [ [ [ 110.375381137598765, -7.78764985765607, 0.0 ], [ 110.375931280204199, -7.787932908742644, 0.0 ], [ 110.375880953419596, -7.788132962537948, 0.0 ], [ 110.375758640680687, -7.788109722074018, 0.0 ], [ 110.375701693683141, -7.788336172478856, 0.0 ], [ 110.375530445340715, -7.788280394487812, 0.0 ], [ 110.375231889981038, -7.788139964563314, 0.0 ], [ 110.375201277523217, -7.788106821030436, 0.0 ], [ 110.375188650916087, -7.788048292378689, 0.0 ], [ 110.375196373230324, -7.787984639046227, 0.0 ], [ 110.375247631795361, -7.787862539830628, 0.0 ], [ 110.375381137598765, -7.78764985765607, 0.0 ] ] ] ] } },
{ "type": "Feature", "properties": { "D_NOP": "347106000400500360", "D_LUAS": 2603.85, "ASR": null, "KD PROPINS": null, "KD DATI2": null, "KD KECAMAT": null, "KD KELURAH": null, "KD BLOK": null, "NO URUT": null, "KD JNS OP": null, "THN PAJAK": null, "NO PERSIL": null, "LUAS BUMI": null, "LUAS BNG S": null, "NJOP BUMI": null, "NJOP BNG S": null, "NJOP SPPT": null, "NJOPTKP SP": null, "NJKP SPPT": null, "PBB TERHUT": null, "FAKTOR PEN": null, "PBB YG HAR": null, "FLG SYNC": null, "JML KRG BA": null, "FLG BAYAR": null, "ALAMAT OP": null, "NM KELURAH": null, "NM KECAMAT": null }, "geometry": { "type": "MultiPolygon", "coordinates": [ [ [ [ 110.375381137598765, -7.78764985765607, 0.0 ], [ 110.375476885953432, -7.787481793632568, 0.0 ], [ 110.375533395512548, -7.787399221254655, 0.0 ], [ 110.375556290805093, -7.787391568185238, 0.0 ], [ 110.375586656732494, -7.787389171221998, 0.0 ], [ 110.376036803283441, -7.787476378186716, 0.0 ], [ 110.375931280204199, -7.787932908742644, 0.0 ], [ 110.375381137598765, -7.78764985765607, 0.0 ] ] ] ] } },
{ "type": "Feature", "properties": { "D_NOP": "347106000400500350", "D_LUAS": 66.01, "ASR": null, "KD PROPINS": null, "KD DATI2": null, "KD KECAMAT": null, "KD KELURAH": null, "KD BLOK": null, "NO URUT": null, "KD JNS OP": null, "THN PAJAK": null, "NO PERSIL": null, "LUAS BUMI": null, "LUAS BNG S": null, "NJOP BUMI": null, "NJOP BNG S": null, "NJOP SPPT": null, "NJOPTKP SP": null, "NJKP SPPT": null, "PBB TERHUT": null, "FAKTOR PEN": null, "PBB YG HAR": null, "FLG SYNC": null, "JML KRG BA": null, "FLG BAYAR": null, "ALAMAT OP": null, "NM KELURAH": null, "NM KECAMAT": null }, "geometry": { "type": "MultiPolygon", "coordinates": [ [ [ [ 110.374760700872145, -7.788727083233906, 0.0 ], [ 110.374774262877892, -7.788659097754962, 0.0 ], [ 110.374844572393243, -7.788650881631132, 0.0 ], [ 110.374854648656282, -7.788714561199007, 0.0 ], [ 110.374760700872145, -7.788727083233906, 0.0 ] ] ] ] } },
{ "type": "Feature", "properties": { "D_NOP": "347106000400500340", "D_LUAS": 76.77, "ASR": null, "KD PROPINS": null, "KD DATI2": null, "KD KECAMAT": null, "KD KELURAH": null, "KD BLOK": null, "NO URUT": null, "KD JNS OP": null, "THN PAJAK": null, "NO PERSIL": null, "LUAS BUMI": null, "LUAS BNG S": null, "NJOP BUMI": null, "NJOP BNG S": null, "NJOP SPPT": null, "NJOPTKP SP": null, "NJKP SPPT": null, "PBB TERHUT": null, "FAKTOR PEN": null, "PBB YG HAR": null, "FLG SYNC": null, "JML KRG BA": null, "FLG BAYAR": null, "ALAMAT OP": null, "NM KELURAH": null, "NM KECAMAT": null }, "geometry": { "type": "MultiPolygon", "coordinates": [ [ [ [ 110.374854648656282, -7.788714561199007, 0.0 ], [ 110.374844572393243, -7.788650881631132, 0.0 ], [ 110.374937632937119, -7.788631485373094, 0.0 ], [ 110.37494740444663, -7.788698962669152, 0.0 ], [ 110.374854648656282, -7.788714561199007, 0.0 ] ] ] ] } },
{ "type": "Feature", "properties": { "D_NOP": "347106000400500330", "D_LUAS": 121.38, "ASR": null, "KD PROPINS": null, "KD DATI2": null, "KD KECAMAT": null, "KD KELURAH": null, "KD BLOK": null, "NO URUT": null, "KD JNS OP": null, "THN PAJAK": null, "NO PERSIL": null, "LUAS BUMI": null, "LUAS BNG S": null, "NJOP BUMI": null, "NJOP BNG S": null, "NJOP SPPT": null, "NJOPTKP SP": null, "NJKP SPPT": null, "PBB TERHUT": null, "FAKTOR PEN": null, "PBB YG HAR": null, "FLG SYNC": null, "JML KRG BA": null, "FLG BAYAR": null, "ALAMAT OP": null, "NM KELURAH": null, "NM KECAMAT": null }, "geometry": { "type": "MultiPolygon", "coordinates": [ [ [ [ 110.375713806003617, -7.788590577892294, 0.0 ], [ 110.375733451214614, -7.788505147790611, 0.0 ], [ 110.375953690579095, -7.788556114458806, 0.0 ], [ 110.375713806003617, -7.788590577892294, 0.0 ] ] ] ] } },
{ "type": "Feature", "properties": { "D_NOP": "347106000400500320", "D_LUAS": 545.66, "ASR": null, "KD PROPINS": null, "KD DATI2": null, "KD KECAMAT": null, "KD KELURAH": null, "KD BLOK": null, "NO URUT": null, "KD JNS OP": null, "THN PAJAK": null, "NO PERSIL": null, "LUAS BUMI": null, "LUAS BNG S": null, "NJOP BUMI": null, "NJOP BNG S": null, "NJOP SPPT": null, "NJOPTKP SP": null, "NJKP SPPT": null, "PBB TERHUT": null, "FAKTOR PEN": null, "PBB YG HAR": null, "FLG SYNC": null, "JML KRG BA": null, "FLG BAYAR": null, "ALAMAT OP": null, "NM KELURAH": null, "NM KECAMAT": null }, "geometry": { "type": "MultiPolygon", "coordinates": [ [ [ [ 110.375419687422578, -7.788635361057636, 0.0 ], [ 110.375483388550492, -7.788443646867831, 0.0 ], [ 110.375733451214614, -7.788505147790611, 0.0 ], [ 110.375713806003617, -7.788590577892294, 0.0 ], [ 110.375419687422578, -7.788635361057636, 0.0 ] ] ] ] } },
{ "type": "Feature", "properties": { "D_NOP": "347106000400500310", "D_LUAS": 551.51, "ASR": null, "KD PROPINS": null, "KD DATI2": null, "KD KECAMAT": null, "KD KELURAH": null, "KD BLOK": null, "NO URUT": null, "KD JNS OP": null, "THN PAJAK": null, "NO PERSIL": null, "LUAS BUMI": null, "LUAS BNG S": null, "NJOP BUMI": null, "NJOP BNG S": null, "NJOP SPPT": null, "NJOPTKP SP": null, "NJKP SPPT": null, "PBB TERHUT": null, "FAKTOR PEN": null, "PBB YG HAR": null, "FLG SYNC": null, "JML KRG BA": null, "FLG BAYAR": null, "ALAMAT OP": null, "NM KELURAH": null, "NM KECAMAT": null }, "geometry": { "type": "MultiPolygon", "coordinates": [ [ [ [ 110.375195586947072, -7.788666682297928, 0.0 ], [ 110.375270924062377, -7.788394590511444, 0.0 ], [ 110.375483388550492, -7.788443646867831, 0.0 ], [ 110.375419687422578, -7.788635361057636, 0.0 ], [ 110.375195586947072, -7.788666682297928, 0.0 ] ] ] ] } },
{ "type": "Feature", "properties": { "D_NOP": "347106000400500300", "D_LUAS": 741.48, "ASR": null, "KD PROPINS": null, "KD DATI2": null, "KD KECAMAT": null, "KD KELURAH": null, "KD BLOK": null, "NO URUT": null, "KD JNS OP": null, "THN PAJAK": null, "NO PERSIL": null, "LUAS BUMI": null, "LUAS BNG S": null, "NJOP BUMI": null, "NJOP BNG S": null, "NJOP SPPT": null, "NJOPTKP SP": null, "NJKP SPPT": null, "PBB TERHUT": null, "FAKTOR PEN": null, "PBB YG HAR": null, "FLG SYNC": null, "JML KRG BA": null, "FLG BAYAR": null, "ALAMAT OP": null, "NM KELURAH": null, "NM KECAMAT": null }, "geometry": { "type": "MultiPolygon", "coordinates": [ [ [ [ 110.375051168164603, -7.788421215580419, 0.0 ], [ 110.375098766026994, -7.78839759234701, 0.0 ], [ 110.375045798197718, -7.788260056363719, 0.0 ], [ 110.375270924062377, -7.788394590511444, 0.0 ], [ 110.375195586947072, -7.788666682297928, 0.0 ], [ 110.375072618200988, -7.788682326776375, 0.0 ], [ 110.375051168164603, -7.788421215580419, 0.0 ] ] ] ] } },
{ "type": "Feature", "properties": { "D_NOP": "347106000400500290", "D_LUAS": 155.41, "ASR": null, "KD PROPINS": null, "KD DATI2": null, "KD KECAMAT": null, "KD KELURAH": null, "KD BLOK": null, "NO URUT": null, "KD JNS OP": null, "THN PAJAK": null, "NO PERSIL": null, "LUAS BUMI": null, "LUAS BNG S": null, "NJOP BUMI": null, "NJOP BNG S": null, "NJOP SPPT": null, "NJOPTKP SP": null, "NJKP SPPT": null, "PBB TERHUT": null, "FAKTOR PEN": null, "PBB YG HAR": null, "FLG SYNC": null, "JML KRG BA": null, "FLG BAYAR": null, "ALAMAT OP": null, "NM KELURAH": null, "NM KECAMAT": null }, "geometry": { "type": "MultiPolygon", "coordinates": [ [ [ [ 110.374950200557137, -7.788326202683323, 0.0 ], [ 110.375045798197718, -7.788260056363719, 0.0 ], [ 110.375098766026994, -7.78839759234701, 0.0 ], [ 110.375051168164603, -7.788421215580419, 0.0 ], [ 110.374991738187987, -7.788405302217758, 0.0 ], [ 110.374950200557137, -7.788326202683323, 0.0 ] ] ] ] } },
{ "type": "Feature", "properties": { "D_NOP": "347106000400500280", "D_LUAS": 546.3, "ASR": null, "KD PROPINS": null, "KD DATI2": null, "KD KECAMAT": null, "KD KELURAH": null, "KD BLOK": null, "NO URUT": null, "KD JNS OP": null, "THN PAJAK": null, "NO PERSIL": null, "LUAS BUMI": null, "LUAS BNG S": null, "NJOP BUMI": null, "NJOP BNG S": null, "NJOP SPPT": null, "NJOPTKP SP": null, "NJKP SPPT": null, "PBB TERHUT": null, "FAKTOR PEN": null, "PBB YG HAR": null, "FLG SYNC": null, "JML KRG BA": null, "FLG BAYAR": null, "ALAMAT OP": null, "NM KELURAH": null, "NM KECAMAT": null }, "geometry": { "type": "MultiPolygon", "coordinates": [ [ [ [ 110.37494740444663, -7.788698962669152, 0.0 ], [ 110.374937632937119, -7.788631485373094, 0.0 ], [ 110.374926259345301, -7.78853488634468, 0.0 ], [ 110.37486038151502, -7.788378702143856, 0.0 ], [ 110.374950200557137, -7.788326202683323, 0.0 ], [ 110.374991738187987, -7.788405302217758, 0.0 ], [ 110.375051168164603, -7.788421215580419, 0.0 ], [ 110.375072618200988, -7.788682326776375, 0.0 ], [ 110.37494740444663, -7.788698962669152, 0.0 ] ] ] ] } },
{ "type": "Feature", "properties": { "D_NOP": "347106000400500260", "D_LUAS": 617.07, "ASR": null, "KD PROPINS": null, "KD DATI2": null, "KD KECAMAT": null, "KD KELURAH": null, "KD BLOK": null, "NO URUT": null, "KD JNS OP": null, "THN PAJAK": null, "NO PERSIL": null, "LUAS BUMI": null, "LUAS BNG S": null, "NJOP BUMI": null, "NJOP BNG S": null, "NJOP SPPT": null, "NJOPTKP SP": null, "NJKP SPPT": null, "PBB TERHUT": null, "FAKTOR PEN": null, "PBB YG HAR": null, "FLG SYNC": null, "JML KRG BA": null, "FLG BAYAR": null, "ALAMAT OP": null, "NM KELURAH": null, "NM KECAMAT": null }, "geometry": { "type": "MultiPolygon", "coordinates": [ [ [ [ 110.374555969848728, -7.788758161398967, 0.0 ], [ 110.37455332604695, -7.788523846064518, 0.0 ], [ 110.374731856513478, -7.788459811699115, 0.0 ], [ 110.374780366797907, -7.788627817001156, 0.0 ], [ 110.374774262877892, -7.788659097754962, 0.0 ], [ 110.374760700872145, -7.788727083233906, 0.0 ], [ 110.374555969848728, -7.788758161398967, 0.0 ] ] ] ] } },
{ "type": "Feature", "properties": { "D_NOP": "347106000400500250", "D_LUAS": 400.67, "ASR": null, "KD PROPINS": null, "KD DATI2": null, "KD KECAMAT": null, "KD KELURAH": null, "KD BLOK": null, "NO URUT": null, "KD JNS OP": null, "THN PAJAK": null, "NO PERSIL": null, "LUAS BUMI": null, "LUAS BNG S": null, "NJOP BUMI": null, "NJOP BNG S": null, "NJOP SPPT": null, "NJOPTKP SP": null, "NJKP SPPT": null, "PBB TERHUT": null, "FAKTOR PEN": null, "PBB YG HAR": null, "FLG SYNC": null, "JML KRG BA": null, "FLG BAYAR": null, "ALAMAT OP": null, "NM KELURAH": null, "NM KECAMAT": null }, "geometry": { "type": "MultiPolygon", "coordinates": [ [ [ [ 110.374399274846667, -7.788772761153699, 0.0 ], [ 110.374395660413867, -7.788537449631771, 0.0 ], [ 110.37455332604695, -7.788523846064518, 0.0 ], [ 110.374555969848728, -7.788758161398967, 0.0 ], [ 110.374399274846667, -7.788772761153699, 0.0 ] ] ] ] } },
{ "type": "Feature", "properties": { "D_NOP": "347106000400500240", "D_LUAS": 363.2, "ASR": null, "KD PROPINS": null, "KD DATI2": null, "KD KECAMAT": null, "KD KELURAH": null, "KD BLOK": null, "NO URUT": null, "KD JNS OP": null, "THN PAJAK": null, "NO PERSIL": null, "LUAS BUMI": null, "LUAS BNG S": null, "NJOP BUMI": null, "NJOP BNG S": null, "NJOP SPPT": null, "NJOPTKP SP": null, "NJKP SPPT": null, "PBB TERHUT": null, "FAKTOR PEN": null, "PBB YG HAR": null, "FLG SYNC": null, "JML KRG BA": null, "FLG BAYAR": null, "ALAMAT OP": null, "NM KELURAH": null, "NM KECAMAT": null }, "geometry": { "type": "MultiPolygon", "coordinates": [ [ [ [ 110.374265465294712, -7.788786399871815, 0.0 ], [ 110.374264488774656, -7.788738921203243, 0.0 ], [ 110.374267779422723, -7.78853726088533, 0.0 ], [ 110.374395660413867, -7.788537449631771, 0.0 ], [ 110.374399274846667, -7.788772761153699, 0.0 ], [ 110.374265465294712, -7.788786399871815, 0.0 ] ] ] ] } },
{ "type": "Feature", "properties": { "D_NOP": "347106000400500230", "D_LUAS": 259.2, "ASR": null, "KD PROPINS": null, "KD DATI2": null, "KD KECAMAT": null, "KD KELURAH": null, "KD BLOK": null, "NO URUT": null, "KD JNS OP": null, "THN PAJAK": null, "NO PERSIL": null, "LUAS BUMI": null, "LUAS BNG S": null, "NJOP BUMI": null, "NJOP BNG S": null, "NJOP SPPT": null, "NJOPTKP SP": null, "NJKP SPPT": null, "PBB TERHUT": null, "FAKTOR PEN": null, "PBB YG HAR": null, "FLG SYNC": null, "JML KRG BA": null, "FLG BAYAR": null, "ALAMAT OP": null, "NM KELURAH": null, "NM KECAMAT": null }, "geometry": { "type": "MultiPolygon", "coordinates": [ [ [ [ 110.374029297446654, -7.788735137513626, 0.0 ], [ 110.374264488774656, -7.788738921203243, 0.0 ], [ 110.374265465294712, -7.788786399871815, 0.0 ], [ 110.374022848281228, -7.788797436195758, 0.0 ], [ 110.374029297446654, -7.788735137513626, 0.0 ] ] ] ] } },
{ "type": "Feature", "properties": { "D_NOP": "347106000400500070", "D_LUAS": 1138.8, "ASR": null, "KD PROPINS": null, "KD DATI2": null, "KD KECAMAT": null, "KD KELURAH": null, "KD BLOK": null, "NO URUT": null, "KD JNS OP": null, "THN PAJAK": null, "NO PERSIL": null, "LUAS BUMI": null, "LUAS BNG S": null, "NJOP BUMI": null, "NJOP BNG S": null, "NJOP SPPT": null, "NJOPTKP SP": null, "NJKP SPPT": null, "PBB TERHUT": null, "FAKTOR PEN": null, "PBB YG HAR": null, "FLG SYNC": null, "JML KRG BA": null, "FLG BAYAR": null, "ALAMAT OP": null, "NM KELURAH": null, "NM KECAMAT": null }, "geometry": { "type": "MultiPolygon", "coordinates": [ [ [ [ 110.37612620269779, -7.786595151175656, 0.0 ], [ 110.376166280151239, -7.786498627853558, 0.0 ], [ 110.376320462190563, -7.786564508920192, 0.0 ], [ 110.37659614719206, -7.786695318521372, 0.0 ], [ 110.376533875213667, -7.786831418846834, 0.0 ], [ 110.37641407947055, -7.786775174305201, 0.0 ], [ 110.376370095223024, -7.78688390034125, 0.0 ], [ 110.376149030139416, -7.786785003322319, 0.0 ], [ 110.376210648434977, -7.786635879769431, 0.0 ], [ 110.37612620269779, -7.786595151175656, 0.0 ] ] ] ] } },
{ "type": "Feature", "properties": { "D_NOP": "347106000400500060", "D_LUAS": 1364.63, "ASR": null, "KD PROPINS": null, "KD DATI2": null, "KD KECAMAT": null, "KD KELURAH": null, "KD BLOK": null, "NO URUT": null, "KD JNS OP": null, "THN PAJAK": null, "NO PERSIL": null, "LUAS BUMI": null, "LUAS BNG S": null, "NJOP BUMI": null, "NJOP BNG S": null, "NJOP SPPT": null, "NJOPTKP SP": null, "NJKP SPPT": null, "PBB TERHUT": null, "FAKTOR PEN": null, "PBB YG HAR": null, "FLG SYNC": null, "JML KRG BA": null, "FLG BAYAR": null, "ALAMAT OP": null, "NM KELURAH": null, "NM KECAMAT": null }, "geometry": { "type": "MultiPolygon", "coordinates": [ [ [ [ 110.375996815212943, -7.787108076773472, 0.0 ], [ 110.376149030139416, -7.786785003322319, 0.0 ], [ 110.376370095223024, -7.78688390034125, 0.0 ], [ 110.376436452820897, -7.786918181557649, 0.0 ], [ 110.376263828838702, -7.787236613023441, 0.0 ], [ 110.375996815212943, -7.787108076773472, 0.0 ] ] ] ] } },
{ "type": "Feature", "properties": { "D_NOP": "347106000400500050", "D_LUAS": 28.54, "ASR": null, "KD PROPINS": null, "KD DATI2": null, "KD KECAMAT": null, "KD KELURAH": null, "KD BLOK": null, "NO URUT": null, "KD JNS OP": null, "THN PAJAK": null, "NO PERSIL": null, "LUAS BUMI": null, "LUAS BNG S": null, "NJOP BUMI": null, "NJOP BNG S": null, "NJOP SPPT": null, "NJOPTKP SP": null, "NJKP SPPT": null, "PBB TERHUT": null, "FAKTOR PEN": null, "PBB YG HAR": null, "FLG SYNC": null, "JML KRG BA": null, "FLG BAYAR": null, "ALAMAT OP": null, "NM KELURAH": null, "NM KECAMAT": null }, "geometry": { "type": "MultiPolygon", "coordinates": [ [ [ [ 110.375499337423946, -7.786410287962299, 0.0 ], [ 110.375515389504287, -7.786377665346807, 0.0 ], [ 110.375578624098637, -7.786399733653111, 0.0 ], [ 110.375564370449425, -7.786429917232944, 0.0 ], [ 110.375499337423946, -7.786410287962299, 0.0 ] ] ] ] } },
{ "type": "Feature", "properties": { "D_NOP": "347106000400500040", "D_LUAS": 255.07, "ASR": null, "KD PROPINS": null, "KD DATI2": null, "KD KECAMAT": null, "KD KELURAH": null, "KD BLOK": null, "NO URUT": null, "KD JNS OP": null, "THN PAJAK": null, "NO PERSIL": null, "LUAS BUMI": null, "LUAS BNG S": null, "NJOP BUMI": null, "NJOP BNG S": null, "NJOP SPPT": null, "NJOPTKP SP": null, "NJKP SPPT": null, "PBB TERHUT": null, "FAKTOR PEN": null, "PBB YG HAR": null, "FLG SYNC": null, "JML KRG BA": null, "FLG BAYAR": null, "ALAMAT OP": null, "NM KELURAH": null, "NM KECAMAT": null }, "geometry": { "type": "MultiPolygon", "coordinates": [ [ [ [ 110.375515389504287, -7.786377665346807, 0.0 ], [ 110.375592828698984, -7.786200621443861, 0.0 ], [ 110.375733403083515, -7.786264312282814, 0.0 ], [ 110.375687811903603, -7.786347081648143, 0.0 ], [ 110.375615835634193, -7.786319574515294, 0.0 ], [ 110.375578624098637, -7.786399733653111, 0.0 ], [ 110.375515389504287, -7.786377665346807, 0.0 ] ] ] ] } },
{ "type": "Feature", "properties": { "D_NOP": "347106000400500030", "D_LUAS": 10813.1, "ASR": null, "KD PROPINS": null, "KD DATI2": null, "KD KECAMAT": null, "KD KELURAH": null, "KD BLOK": null, "NO URUT": null, "KD JNS OP": null, "THN PAJAK": null, "NO PERSIL": null, "LUAS BUMI": null, "LUAS BNG S": null, "NJOP BUMI": null, "NJOP BNG S": null, "NJOP SPPT": null, "NJOPTKP SP": null, "NJKP SPPT": null, "PBB TERHUT": null, "FAKTOR PEN": null, "PBB YG HAR": null, "FLG SYNC": null, "JML KRG BA": null, "FLG BAYAR": null, "ALAMAT OP": null, "NM KELURAH": null, "NM KECAMAT": null }, "geometry": { "type": "MultiPolygon", "coordinates": [ [ [ [ 110.375592828698984, -7.786200621443861, 0.0 ], [ 110.375600544417409, -7.786191860819435, 0.0 ], [ 110.375500018978528, -7.786152012762033, 0.0 ], [ 110.375511179092243, -7.785988797911649, 0.0 ], [ 110.375701906850338, -7.786019916355309, 0.0 ], [ 110.375751677379014, -7.786043954332613, 0.0 ], [ 110.376271390440678, -7.786270168221584, 0.0 ], [ 110.376166280151239, -7.786498627853558, 0.0 ], [ 110.37612620269779, -7.786595151175656, 0.0 ], [ 110.376210648434977, -7.786635879769431, 0.0 ], [ 110.376149030139416, -7.786785003322319, 0.0 ], [ 110.375996815212943, -7.787108076773472, 0.0 ], [ 110.376263828838702, -7.787236613023441, 0.0 ], [ 110.376283561917944, -7.787243334084581, 0.0 ], [ 110.376202205908498, -7.787388811284667, 0.0 ], [ 110.376035726227073, -7.787395620067747, 0.0 ], [ 110.375892797654814, -7.787355890538399, 0.0 ], [ 110.375812082448718, -7.7873209550682, 0.0 ], [ 110.375657128488029, -7.787220708186521, 0.0 ], [ 110.375506631377405, -7.787140905640151, 0.0 ], [ 110.375338785921954, -7.78706008272422, 0.0 ], [ 110.375239763359588, -7.787015263000662, 0.0 ], [ 110.375403127044166, -7.786638037013737, 0.0 ], [ 110.375499337423946, -7.786410287962299, 0.0 ], [ 110.375515389504287, -7.786377665346807, 0.0 ], [ 110.375592828698984, -7.786200621443861, 0.0 ] ] ] ] } },
{ "type": "Feature", "properties": { "D_NOP": "347106000400500020", "D_LUAS": 2721.48, "ASR": null, "KD PROPINS": null, "KD DATI2": null, "KD KECAMAT": null, "KD KELURAH": null, "KD BLOK": null, "NO URUT": null, "KD JNS OP": null, "THN PAJAK": null, "NO PERSIL": null, "LUAS BUMI": null, "LUAS BNG S": null, "NJOP BUMI": null, "NJOP BNG S": null, "NJOP SPPT": null, "NJOPTKP SP": null, "NJKP SPPT": null, "PBB TERHUT": null, "FAKTOR PEN": null, "PBB YG HAR": null, "FLG SYNC": null, "JML KRG BA": null, "FLG BAYAR": null, "ALAMAT OP": null, "NM KELURAH": null, "NM KECAMAT": null }, "geometry": { "type": "MultiPolygon", "coordinates": [ [ [ [ 110.375089970539321, -7.786409775279156, 0.0 ], [ 110.375149495691673, -7.78595742750736, 0.0 ], [ 110.375511179092243, -7.785988797911649, 0.0 ], [ 110.375500018978528, -7.786152012762033, 0.0 ], [ 110.375600544417409, -7.786191860819435, 0.0 ], [ 110.375592828698984, -7.786200621443861, 0.0 ], [ 110.375515389504287, -7.786377665346807, 0.0 ], [ 110.375499337423946, -7.786410287962299, 0.0 ], [ 110.375403127044166, -7.786638037013737, 0.0 ], [ 110.375342350826855, -7.786521379549755, 0.0 ], [ 110.375089970539321, -7.786409775279156, 0.0 ] ] ] ] } },
{ "type": "Feature", "properties": { "D_NOP": "347106000400500010", "D_LUAS": 7243.97, "ASR": null, "KD PROPINS": null, "KD DATI2": null, "KD KECAMAT": null, "KD KELURAH": null, "KD BLOK": null, "NO URUT": null, "KD JNS OP": null, "THN PAJAK": null, "NO PERSIL": null, "LUAS BUMI": null, "LUAS BNG S": null, "NJOP BUMI": null, "NJOP BNG S": null, "NJOP SPPT": null, "NJOPTKP SP": null, "NJKP SPPT": null, "PBB TERHUT": null, "FAKTOR PEN": null, "PBB YG HAR": null, "FLG SYNC": null, "JML KRG BA": null, "FLG BAYAR": null, "ALAMAT OP": null, "NM KELURAH": null, "NM KECAMAT": null }, "geometry": { "type": "MultiPolygon", "coordinates": [ [ [ [ 110.375239763359588, -7.787015263000662, 0.0 ], [ 110.374993128448239, -7.786861796717962, 0.0 ], [ 110.374546338166041, -7.786680453088571, 0.0 ], [ 110.374531566096039, -7.786656737897351, 0.0 ], [ 110.374516794295843, -7.786632841840469, 0.0 ], [ 110.374595775713644, -7.785970809167056, 0.0 ], [ 110.374603532343173, -7.785934466608848, 0.0 ], [ 110.374619938409495, -7.785915319044474, 0.0 ], [ 110.374633636438233, -7.785906838559776, 0.0 ], [ 110.374658472685482, -7.785901449216531, 0.0 ], [ 110.375149495691673, -7.78595742750736, 0.0 ], [ 110.375089970539321, -7.786409775279156, 0.0 ], [ 110.375342350826855, -7.786521379549755, 0.0 ], [ 110.375403127044166, -7.786638037013737, 0.0 ], [ 110.375239763359588, -7.787015263000662, 0.0 ] ] ] ] } },
{ "type": "Feature", "properties": { "D_NOP": "347106000400300550", "D_LUAS": 766.61, "ASR": null, "KD PROPINS": null, "KD DATI2": null, "KD KECAMAT": null, "KD KELURAH": null, "KD BLOK": null, "NO URUT": null, "KD JNS OP": null, "THN PAJAK": null, "NO PERSIL": null, "LUAS BUMI": null, "LUAS BNG S": null, "NJOP BUMI": null, "NJOP BNG S": null, "NJOP SPPT": null, "NJOPTKP SP": null, "NJKP SPPT": null, "PBB TERHUT": null, "FAKTOR PEN": null, "PBB YG HAR": null, "FLG SYNC": null, "JML KRG BA": null, "FLG BAYAR": null, "ALAMAT OP": null, "NM KELURAH": null, "NM KECAMAT": null }, "geometry": { "type": "MultiPolygon", "coordinates": [ [ [ [ 110.378601249718344, -7.783502724832907, 0.0 ], [ 110.378603811131697, -7.783286865233017, 0.0 ], [ 110.378659231443166, -7.783282967367238, 0.0 ], [ 110.378663764045015, -7.783201222655843, 0.0 ], [ 110.378822374678933, -7.783204710536703, 0.0 ], [ 110.378831955899059, -7.783503424476515, 0.0 ], [ 110.378601249718344, -7.783502724832907, 0.0 ] ] ] ] } },
{ "type": "Feature", "properties": { "D_NOP": "347106000400300540", "D_LUAS": 20.15, "ASR": null, "KD PROPINS": null, "KD DATI2": null, "KD KECAMAT": null, "KD KELURAH": null, "KD BLOK": null, "NO URUT": null, "KD JNS OP": null, "THN PAJAK": null, "NO PERSIL": null, "LUAS BUMI": null, "LUAS BNG S": null, "NJOP BUMI": null, "NJOP BNG S": null, "NJOP SPPT": null, "NJOPTKP SP": null, "NJKP SPPT": null, "PBB TERHUT": null, "FAKTOR PEN": null, "PBB YG HAR": null, "FLG SYNC": null, "JML KRG BA": null, "FLG BAYAR": null, "ALAMAT OP": null, "NM KELURAH": null, "NM KECAMAT": null }, "geometry": { "type": "MultiPolygon", "coordinates": [ [ [ [ 110.377001799362333, -7.784502284559371, 0.0 ], [ 110.376998187320211, -7.784466829565758, 0.0 ], [ 110.377044255438747, -7.784465902471714, 0.0 ], [ 110.377049589108381, -7.784500274799425, 0.0 ], [ 110.377001799362333, -7.784502284559371, 0.0 ] ] ] ] } },
{ "type": "Feature", "properties": { "D_NOP": "347106000400300530", "D_LUAS": 20.54, "ASR": null, "KD PROPINS": null, "KD DATI2": null, "KD KECAMAT": null, "KD KELURAH": null, "KD BLOK": null, "NO URUT": null, "KD JNS OP": null, "THN PAJAK": null, "NO PERSIL": null, "LUAS BUMI": null, "LUAS BNG S": null, "NJOP BUMI": null, "NJOP BNG S": null, "NJOP SPPT": null, "NJOPTKP SP": null, "NJKP SPPT": null, "PBB TERHUT": null, "FAKTOR PEN": null, "PBB YG HAR": null, "FLG SYNC": null, "JML KRG BA": null, "FLG BAYAR": null, "ALAMAT OP": null, "NM KELURAH": null, "NM KECAMAT": null }, "geometry": { "type": "MultiPolygon", "coordinates": [ [ [ [ 110.377049589108381, -7.784500274799425, 0.0 ], [ 110.377044255438747, -7.784465902471714, 0.0 ], [ 110.377092342712615, -7.784464978338173, 0.0 ], [ 110.377097749967987, -7.784500164669568, 0.0 ], [ 110.377049589108381, -7.784500274799425, 0.0 ] ] ] ] } },
{ "type": "Feature", "properties": { "D_NOP": "347106000400300520", "D_LUAS": 83.07, "ASR": null, "KD PROPINS": null, "KD DATI2": null, "KD KECAMAT": null, "KD KELURAH": null, "KD BLOK": null, "NO URUT": null, "KD JNS OP": null, "THN PAJAK": null, "NO PERSIL": null, "LUAS BUMI": null, "LUAS BNG S": null, "NJOP BUMI": null, "NJOP BNG S": null, "NJOP SPPT": null, "NJOPTKP SP": null, "NJKP SPPT": null, "PBB TERHUT": null, "FAKTOR PEN": null, "PBB YG HAR": null, "FLG SYNC": null, "JML KRG BA": null, "FLG BAYAR": null, "ALAMAT OP": null, "NM KELURAH": null, "NM KECAMAT": null }, "geometry": { "type": "MultiPolygon", "coordinates": [ [ [ [ 110.377029463121872, -7.784354557871704, 0.0 ], [ 110.376919452317111, -7.784357290123433, 0.0 ], [ 110.376916286579075, -7.784323463576942, 0.0 ], [ 110.37695929176337, -7.784320361602169, 0.0 ], [ 110.37695845659718, -7.784278218654544, 0.0 ], [ 110.377026435455718, -7.784277866343842, 0.0 ], [ 110.377029463121872, -7.784354557871704, 0.0 ] ] ] ] } },
{ "type": "Feature", "properties": { "D_NOP": "347106000400300510", "D_LUAS": 62.91, "ASR": null, "KD PROPINS": null, "KD DATI2": null, "KD KECAMAT": null, "KD KELURAH": null, "KD BLOK": null, "NO URUT": null, "KD JNS OP": null, "THN PAJAK": null, "NO PERSIL": null, "LUAS BUMI": null, "LUAS BNG S": null, "NJOP BUMI": null, "NJOP BNG S": null, "NJOP SPPT": null, "NJOPTKP SP": null, "NJKP SPPT": null, "PBB TERHUT": null, "FAKTOR PEN": null, "PBB YG HAR": null, "FLG SYNC": null, "JML KRG BA": null, "FLG BAYAR": null, "ALAMAT OP": null, "NM KELURAH": null, "NM KECAMAT": null }, "geometry": { "type": "MultiPolygon", "coordinates": [ [ [ [ 110.377055640285491, -7.78435260679711, 0.0 ], [ 110.377051111336399, -7.784279711244951, 0.0 ], [ 110.377123878208906, -7.784278099890687, 0.0 ], [ 110.377126242588105, -7.784348188844922, 0.0 ], [ 110.377055640285491, -7.78435260679711, 0.0 ] ] ] ] } },
{ "type": "Feature", "properties": { "D_NOP": "347106000400300500", "D_LUAS": 69.59, "ASR": null, "KD PROPINS": null, "KD DATI2": null, "KD KECAMAT": null, "KD KELURAH": null, "KD BLOK": null, "NO URUT": null, "KD JNS OP": null, "THN PAJAK": null, "NO PERSIL": null, "LUAS BUMI": null, "LUAS BNG S": null, "NJOP BUMI": null, "NJOP BNG S": null, "NJOP SPPT": null, "NJOPTKP SP": null, "NJKP SPPT": null, "PBB TERHUT": null, "FAKTOR PEN": null, "PBB YG HAR": null, "FLG SYNC": null, "JML KRG BA": null, "FLG BAYAR": null, "ALAMAT OP": null, "NM KELURAH": null, "NM KECAMAT": null }, "geometry": { "type": "MultiPolygon", "coordinates": [ [ [ [ 110.377156074797171, -7.784352573433425, 0.0 ], [ 110.377148632879326, -7.784277231915462, 0.0 ], [ 110.377228352214132, -7.784277258544887, 0.0 ], [ 110.377232287197813, -7.784347259373181, 0.0 ], [ 110.377156074797171, -7.784352573433425, 0.0 ] ] ] ] } },
{ "type": "Feature", "properties": { "D_NOP": "347106000400300490", "D_LUAS": 65.72, "ASR": null, "KD PROPINS": null, "KD DATI2": null, "KD KECAMAT": null, "KD KELURAH": null, "KD BLOK": null, "NO URUT": null, "KD JNS OP": null, "THN PAJAK": null, "NO PERSIL": null, "LUAS BUMI": null, "LUAS BNG S": null, "NJOP BUMI": null, "NJOP BNG S": null, "NJOP SPPT": null, "NJOPTKP SP": null, "NJKP SPPT": null, "PBB TERHUT": null, "FAKTOR PEN": null, "PBB YG HAR": null, "FLG SYNC": null, "JML KRG BA": null, "FLG BAYAR": null, "ALAMAT OP": null, "NM KELURAH": null, "NM KECAMAT": null }, "geometry": { "type": "MultiPolygon", "coordinates": [ [ [ [ 110.377281998802445, -7.78446182039262, 0.0 ], [ 110.377279098365889, -7.784400231341421, 0.0 ], [ 110.377361736151542, -7.784398996172195, 0.0 ], [ 110.377366722931242, -7.78446574296095, 0.0 ], [ 110.377281998802445, -7.78446182039262, 0.0 ] ] ] ] } },
{ "type": "Feature", "properties": { "D_NOP": "347106000400300480", "D_LUAS": 38.46, "ASR": null, "KD PROPINS": null, "KD DATI2": null, "KD KECAMAT": null, "KD KELURAH": null, "KD BLOK": null, "NO URUT": null, "KD JNS OP": null, "THN PAJAK": null, "NO PERSIL": null, "LUAS BUMI": null, "LUAS BNG S": null, "NJOP BUMI": null, "NJOP BNG S": null, "NJOP SPPT": null, "NJOPTKP SP": null, "NJKP SPPT": null, "PBB TERHUT": null, "FAKTOR PEN": null, "PBB YG HAR": null, "FLG SYNC": null, "JML KRG BA": null, "FLG BAYAR": null, "ALAMAT OP": null, "NM KELURAH": null, "NM KECAMAT": null }, "geometry": { "type": "MultiPolygon", "coordinates": [ [ [ [ 110.377281998802445, -7.78446182039262, 0.0 ], [ 110.377366722931242, -7.78446574296095, 0.0 ], [ 110.377368315181855, -7.784501647153087, 0.0 ], [ 110.377284857960802, -7.784500710729744, 0.0 ], [ 110.377281998802445, -7.78446182039262, 0.0 ] ] ] ] } },
{ "type": "Feature", "properties": { "D_NOP": "347106000400300470", "D_LUAS": 47.69, "ASR": null, "KD PROPINS": null, "KD DATI2": null, "KD KECAMAT": null, "KD KELURAH": null, "KD BLOK": null, "NO URUT": null, "KD JNS OP": null, "THN PAJAK": null, "NO PERSIL": null, "LUAS BUMI": null, "LUAS BNG S": null, "NJOP BUMI": null, "NJOP BNG S": null, "NJOP SPPT": null, "NJOPTKP SP": null, "NJKP SPPT": null, "PBB TERHUT": null, "FAKTOR PEN": null, "PBB YG HAR": null, "FLG SYNC": null, "JML KRG BA": null, "FLG BAYAR": null, "ALAMAT OP": null, "NM KELURAH": null, "NM KECAMAT": null }, "geometry": { "type": "MultiPolygon", "coordinates": [ [ [ [ 110.377229125296978, -7.784564112779173, 0.0 ], [ 110.377225531524928, -7.784516268508266, 0.0 ], [ 110.37725455060648, -7.784514231162252, 0.0 ], [ 110.37727418843167, -7.784636073087473, 0.0 ], [ 110.377243672869582, -7.784638650834091, 0.0 ], [ 110.377229125296978, -7.784564112779173, 0.0 ] ] ] ] } },
{ "type": "Feature", "properties": { "D_NOP": "347106000400300460", "D_LUAS": 43.86, "ASR": null, "KD PROPINS": null, "KD DATI2": null, "KD KECAMAT": null, "KD KELURAH": null, "KD BLOK": null, "NO URUT": null, "KD JNS OP": null, "THN PAJAK": null, "NO PERSIL": null, "LUAS BUMI": null, "LUAS BNG S": null, "NJOP BUMI": null, "NJOP BNG S": null, "NJOP SPPT": null, "NJOPTKP SP": null, "NJKP SPPT": null, "PBB TERHUT": null, "FAKTOR PEN": null, "PBB YG HAR": null, "FLG SYNC": null, "JML KRG BA": null, "FLG BAYAR": null, "ALAMAT OP": null, "NM KELURAH": null, "NM KECAMAT": null }, "geometry": { "type": "MultiPolygon", "coordinates": [ [ [ [ 110.377193717721596, -7.784638396612882, 0.0 ], [ 110.377181333940797, -7.784567207751048, 0.0 ], [ 110.377229125296978, -7.784564112779173, 0.0 ], [ 110.377243672869582, -7.784638650834091, 0.0 ], [ 110.377193717721596, -7.784638396612882, 0.0 ] ] ] ] } },
{ "type": "Feature", "properties": { "D_NOP": "347106000400300450", "D_LUAS": 86.68, "ASR": null, "KD PROPINS": null, "KD DATI2": null, "KD KECAMAT": null, "KD KELURAH": null, "KD BLOK": null, "NO URUT": null, "KD JNS OP": null, "THN PAJAK": null, "NO PERSIL": null, "LUAS BUMI": null, "LUAS BNG S": null, "NJOP BUMI": null, "NJOP BNG S": null, "NJOP SPPT": null, "NJOPTKP SP": null, "NJKP SPPT": null, "PBB TERHUT": null, "FAKTOR PEN": null, "PBB YG HAR": null, "FLG SYNC": null, "JML KRG BA": null, "FLG BAYAR": null, "ALAMAT OP": null, "NM KELURAH": null, "NM KECAMAT": null }, "geometry": { "type": "MultiPolygon", "coordinates": [ [ [ [ 110.377098661681742, -7.784642416926287, 0.0 ], [ 110.377084265304532, -7.784566793895927, 0.0 ], [ 110.377181333940797, -7.784567207751048, 0.0 ], [ 110.377193717721596, -7.784638396612882, 0.0 ], [ 110.377098661681742, -7.784642416926287, 0.0 ] ] ] ] } },
{ "type": "Feature", "properties": { "D_NOP": "347106000400300440", "D_LUAS": 53.69, "ASR": null, "KD PROPINS": null, "KD DATI2": null, "KD KECAMAT": null, "KD KELURAH": null, "KD BLOK": null, "NO URUT": null, "KD JNS OP": null, "THN PAJAK": null, "NO PERSIL": null, "LUAS BUMI": null, "LUAS BNG S": null, "NJOP BUMI": null, "NJOP BNG S": null, "NJOP SPPT": null, "NJOPTKP SP": null, "NJKP SPPT": null, "PBB TERHUT": null, "FAKTOR PEN": null, "PBB YG HAR": null, "FLG SYNC": null, "JML KRG BA": null, "FLG BAYAR": null, "ALAMAT OP": null, "NM KELURAH": null, "NM KECAMAT": null }, "geometry": { "type": "MultiPolygon", "coordinates": [ [ [ [ 110.377042193822092, -7.784646584332864, 0.0 ], [ 110.377028776051134, -7.784566621960717, 0.0 ], [ 110.377084265304532, -7.784566793895927, 0.0 ], [ 110.377098661681742, -7.784642416926287, 0.0 ], [ 110.377042193822092, -7.784646584332864, 0.0 ] ] ] ] } },
{ "type": "Feature", "properties": { "D_NOP": "347106000400300430", "D_LUAS": 48.31, "ASR": null, "KD PROPINS": null, "KD DATI2": null, "KD KECAMAT": null, "KD KELURAH": null, "KD BLOK": null, "NO URUT": null, "KD JNS OP": null, "THN PAJAK": null, "NO PERSIL": null, "LUAS BUMI": null, "LUAS BNG S": null, "NJOP BUMI": null, "NJOP BNG S": null, "NJOP SPPT": null, "NJOPTKP SP": null, "NJKP SPPT": null, "PBB TERHUT": null, "FAKTOR PEN": null, "PBB YG HAR": null, "FLG SYNC": null, "JML KRG BA": null, "FLG BAYAR": null, "ALAMAT OP": null, "NM KELURAH": null, "NM KECAMAT": null }, "geometry": { "type": "MultiPolygon", "coordinates": [ [ [ [ 110.376992015526469, -7.784645515864192, 0.0 ], [ 110.376978368339536, -7.78456898960349, 0.0 ], [ 110.377028776051134, -7.784566621960717, 0.0 ], [ 110.377042193822092, -7.784646584332864, 0.0 ], [ 110.376992015526469, -7.784645515864192, 0.0 ] ] ] ] } },
{ "type": "Feature", "properties": { "D_NOP": "347106000400300420", "D_LUAS": 39.87, "ASR": null, "KD PROPINS": null, "KD DATI2": null, "KD KECAMAT": null, "KD KELURAH": null, "KD BLOK": null, "NO URUT": null, "KD JNS OP": null, "THN PAJAK": null, "NO PERSIL": null, "LUAS BUMI": null, "LUAS BNG S": null, "NJOP BUMI": null, "NJOP BNG S": null, "NJOP SPPT": null, "NJOPTKP SP": null, "NJKP SPPT": null, "PBB TERHUT": null, "FAKTOR PEN": null, "PBB YG HAR": null, "FLG SYNC": null, "JML KRG BA": null, "FLG BAYAR": null, "ALAMAT OP": null, "NM KELURAH": null, "NM KECAMAT": null }, "geometry": { "type": "MultiPolygon", "coordinates": [ [ [ [ 110.376950586506553, -7.784644731541531, 0.0 ], [ 110.376934096217155, -7.784569105432078, 0.0 ], [ 110.376978368339536, -7.78456898960349, 0.0 ], [ 110.376992015526469, -7.784645515864192, 0.0 ], [ 110.376950586506553, -7.784644731541531, 0.0 ] ] ] ] } },
{ "type": "Feature", "properties": { "D_NOP": "347106000400300410", "D_LUAS": 56.57, "ASR": null, "KD PROPINS": null, "KD DATI2": null, "KD KECAMAT": null, "KD KELURAH": null, "KD BLOK": null, "NO URUT": null, "KD JNS OP": null, "THN PAJAK": null, "NO PERSIL": null, "LUAS BUMI": null, "LUAS BNG S": null, "NJOP BUMI": null, "NJOP BNG S": null, "NJOP SPPT": null, "NJOPTKP SP": null, "NJKP SPPT": null, "PBB TERHUT": null, "FAKTOR PEN": null, "PBB YG HAR": null, "FLG SYNC": null, "JML KRG BA": null, "FLG BAYAR": null, "ALAMAT OP": null, "NM KELURAH": null, "NM KECAMAT": null }, "geometry": { "type": "MultiPolygon", "coordinates": [ [ [ [ 110.376889556449257, -7.784649163524104, 0.0 ], [ 110.376876285736742, -7.78457091959005, 0.0 ], [ 110.376934096217155, -7.784569105432078, 0.0 ], [ 110.376950586506553, -7.784644731541531, 0.0 ], [ 110.376889556449257, -7.784649163524104, 0.0 ] ] ] ] } },
{ "type": "Feature", "properties": { "D_NOP": "347106000400300400", "D_LUAS": 40.75, "ASR": null, "KD PROPINS": null, "KD DATI2": null, "KD KECAMAT": null, "KD KELURAH": null, "KD BLOK": null, "NO URUT": null, "KD JNS OP": null, "THN PAJAK": null, "NO PERSIL": null, "LUAS BUMI": null, "LUAS BNG S": null, "NJOP BUMI": null, "NJOP BNG S": null, "NJOP SPPT": null, "NJOPTKP SP": null, "NJKP SPPT": null, "PBB TERHUT": null, "FAKTOR PEN": null, "PBB YG HAR": null, "FLG SYNC": null, "JML KRG BA": null, "FLG BAYAR": null, "ALAMAT OP": null, "NM KELURAH": null, "NM KECAMAT": null }, "geometry": { "type": "MultiPolygon", "coordinates": [ [ [ [ 110.376845289528916, -7.784645752468322, 0.0 ], [ 110.37683306071807, -7.784570946513614, 0.0 ], [ 110.376876285736742, -7.78457091959005, 0.0 ], [ 110.376889556449257, -7.784649163524104, 0.0 ], [ 110.376845289528916, -7.784645752468322, 0.0 ] ] ] ] } },
{ "type": "Feature", "properties": { "D_NOP": "347106000400300390", "D_LUAS": 92.35, "ASR": null, "KD PROPINS": null, "KD DATI2": null, "KD KECAMAT": null, "KD KELURAH": null, "KD BLOK": null, "NO URUT": null, "KD JNS OP": null, "THN PAJAK": null, "NO PERSIL": null, "LUAS BUMI": null, "LUAS BNG S": null, "NJOP BUMI": null, "NJOP BNG S": null, "NJOP SPPT": null, "NJOPTKP SP": null, "NJKP SPPT": null, "PBB TERHUT": null, "FAKTOR PEN": null, "PBB YG HAR": null, "FLG SYNC": null, "JML KRG BA": null, "FLG BAYAR": null, "ALAMAT OP": null, "NM KELURAH": null, "NM KECAMAT": null }, "geometry": { "type": "MultiPolygon", "coordinates": [ [ [ [ 110.376780590000863, -7.784653615492675, 0.0 ], [ 110.37675989693345, -7.784537469276025, 0.0 ], [ 110.376829148353721, -7.784536304974339, 0.0 ], [ 110.37683306071807, -7.784570946513614, 0.0 ], [ 110.376844391992719, -7.784645841582429, 0.0 ], [ 110.376845289528916, -7.784645752468322, 0.0 ], [ 110.376780590000863, -7.784653615492675, 0.0 ] ] ] ] } },
{ "type": "Feature", "properties": { "D_NOP": "347106000400300380", "D_LUAS": 252.02, "ASR": null, "KD PROPINS": null, "KD DATI2": null, "KD KECAMAT": null, "KD KELURAH": null, "KD BLOK": null, "NO URUT": null, "KD JNS OP": null, "THN PAJAK": null, "NO PERSIL": null, "LUAS BUMI": null, "LUAS BNG S": null, "NJOP BUMI": null, "NJOP BNG S": null, "NJOP SPPT": null, "NJOPTKP SP": null, "NJKP SPPT": null, "PBB TERHUT": null, "FAKTOR PEN": null, "PBB YG HAR": null, "FLG SYNC": null, "JML KRG BA": null, "FLG BAYAR": null, "ALAMAT OP": null, "NM KELURAH": null, "NM KECAMAT": null }, "geometry": { "type": "MultiPolygon", "coordinates": [ [ [ [ 110.377386001244673, -7.784375157512375, 0.0 ], [ 110.377616041333511, -7.784371425664963, 0.0 ], [ 110.377621812082552, -7.784464399141733, 0.0 ], [ 110.377618895658301, -7.784464304429155, 0.0 ], [ 110.377393875090462, -7.784461894206669, 0.0 ], [ 110.377386001244673, -7.784375157512375, 0.0 ] ] ] ] } },
{ "type": "Feature", "properties": { "D_NOP": "347106000400300370", "D_LUAS": 259.72, "ASR": null, "KD PROPINS": null, "KD DATI2": null, "KD KECAMAT": null, "KD KELURAH": null, "KD BLOK": null, "NO URUT": null, "KD JNS OP": null, "THN PAJAK": null, "NO PERSIL": null, "LUAS BUMI": null, "LUAS BNG S": null, "NJOP BUMI": null, "NJOP BNG S": null, "NJOP SPPT": null, "NJOPTKP SP": null, "NJKP SPPT": null, "PBB TERHUT": null, "FAKTOR PEN": null, "PBB YG HAR": null, "FLG SYNC": null, "JML KRG BA": null, "FLG BAYAR": null, "ALAMAT OP": null, "NM KELURAH": null, "NM KECAMAT": null }, "geometry": { "type": "MultiPolygon", "coordinates": [ [ [ [ 110.377386001244673, -7.784375157512375, 0.0 ], [ 110.377383897074139, -7.78428074249242, 0.0 ], [ 110.377614603091985, -7.784281804562405, 0.0 ], [ 110.377616041333511, -7.784371425664963, 0.0 ], [ 110.377386001244673, -7.784375157512375, 0.0 ] ] ] ] } },
{ "type": "Feature", "properties": { "D_NOP": "347106000400300360", "D_LUAS": 169.69, "ASR": null, "KD PROPINS": null, "KD DATI2": null, "KD KECAMAT": null, "KD KELURAH": null, "KD BLOK": null, "NO URUT": null, "KD JNS OP": null, "THN PAJAK": null, "NO PERSIL": null, "LUAS BUMI": null, "LUAS BNG S": null, "NJOP BUMI": null, "NJOP BNG S": null, "NJOP SPPT": null, "NJOPTKP SP": null, "NJKP SPPT": null, "PBB TERHUT": null, "FAKTOR PEN": null, "PBB YG HAR": null, "FLG SYNC": null, "JML KRG BA": null, "FLG BAYAR": null, "ALAMAT OP": null, "NM KELURAH": null, "NM KECAMAT": null }, "geometry": { "type": "MultiPolygon", "coordinates": [ [ [ [ 110.377016771156349, -7.784188233166128, 0.0 ], [ 110.377012878670556, -7.784038832332838, 0.0 ], [ 110.377106057910666, -7.784039602214516, 0.0 ], [ 110.377109652764332, -7.784188007850727, 0.0 ], [ 110.377016771156349, -7.784188233166128, 0.0 ] ] ] ] } },
{ "type": "Feature", "properties": { "D_NOP": "347106000400300350", "D_LUAS": 162.73, "ASR": null, "KD PROPINS": null, "KD DATI2": null, "KD KECAMAT": null, "KD KELURAH": null, "KD BLOK": null, "NO URUT": null, "KD JNS OP": null, "THN PAJAK": null, "NO PERSIL": null, "LUAS BUMI": null, "LUAS BNG S": null, "NJOP BUMI": null, "NJOP BNG S": null, "NJOP SPPT": null, "NJOPTKP SP": null, "NJKP SPPT": null, "PBB TERHUT": null, "FAKTOR PEN": null, "PBB YG HAR": null, "FLG SYNC": null, "JML KRG BA": null, "FLG BAYAR": null, "ALAMAT OP": null, "NM KELURAH": null, "NM KECAMAT": null }, "geometry": { "type": "MultiPolygon", "coordinates": [ [ [ [ 110.376873258869338, -7.784189921438657, 0.0 ], [ 110.376871830548282, -7.784043056348744, 0.0 ], [ 110.376960824183939, -7.78404228275423, 0.0 ], [ 110.376967342352771, -7.784186080605099, 0.0 ], [ 110.376901380125744, -7.784188154094759, 0.0 ], [ 110.376873258869338, -7.784189921438657, 0.0 ] ] ] ] } },
{ "type": "Feature", "properties": { "D_NOP": "347106000400300340", "D_LUAS": 164.14, "ASR": null, "KD PROPINS": null, "KD DATI2": null, "KD KECAMAT": null, "KD KELURAH": null, "KD BLOK": null, "NO URUT": null, "KD JNS OP": null, "THN PAJAK": null, "NO PERSIL": null, "LUAS BUMI": null, "LUAS BNG S": null, "NJOP BUMI": null, "NJOP BNG S": null, "NJOP SPPT": null, "NJOPTKP SP": null, "NJKP SPPT": null, "PBB TERHUT": null, "FAKTOR PEN": null, "PBB YG HAR": null, "FLG SYNC": null, "JML KRG BA": null, "FLG BAYAR": null, "ALAMAT OP": null, "NM KELURAH": null, "NM KECAMAT": null }, "geometry": { "type": "MultiPolygon", "coordinates": [ [ [ [ 110.376781802692875, -7.784187074078991, 0.0 ], [ 110.376778574391082, -7.784043733228561, 0.0 ], [ 110.376871830548282, -7.784043056348744, 0.0 ], [ 110.376873258869338, -7.784189921438657, 0.0 ], [ 110.376781802692875, -7.784187074078991, 0.0 ] ] ] ] } },
{ "type": "Feature", "properties": { "D_NOP": "347106000400300330", "D_LUAS": 84.32, "ASR": null, "KD PROPINS": null, "KD DATI2": null, "KD KECAMAT": null, "KD KELURAH": null, "KD BLOK": null, "NO URUT": null, "KD JNS OP": null, "THN PAJAK": null, "NO PERSIL": null, "LUAS BUMI": null, "LUAS BNG S": null, "NJOP BUMI": null, "NJOP BNG S": null, "NJOP SPPT": null, "NJOPTKP SP": null, "NJKP SPPT": null, "PBB TERHUT": null, "FAKTOR PEN": null, "PBB YG HAR": null, "FLG SYNC": null, "JML KRG BA": null, "FLG BAYAR": null, "ALAMAT OP": null, "NM KELURAH": null, "NM KECAMAT": null }, "geometry": { "type": "MultiPolygon", "coordinates": [ [ [ [ 110.376809051381031, -7.784472248970172, 0.0 ], [ 110.376799627908966, -7.7843714929019, 0.0 ], [ 110.376869027667198, -7.784371142705423, 0.0 ], [ 110.376878156830514, -7.784468642757528, 0.0 ], [ 110.376809051381031, -7.784472248970172, 0.0 ] ] ] ] } },
{ "type": "Feature", "properties": { "D_NOP": "347106000400300320", "D_LUAS": 131.4, "ASR": null, "KD PROPINS": null, "KD DATI2": null, "KD KECAMAT": null, "KD KELURAH": null, "KD BLOK": null, "NO URUT": null, "KD JNS OP": null, "THN PAJAK": null, "NO PERSIL": null, "LUAS BUMI": null, "LUAS BNG S": null, "NJOP BUMI": null, "NJOP BNG S": null, "NJOP SPPT": null, "NJOPTKP SP": null, "NJKP SPPT": null, "PBB TERHUT": null, "FAKTOR PEN": null, "PBB YG HAR": null, "FLG SYNC": null, "JML KRG BA": null, "FLG BAYAR": null, "ALAMAT OP": null, "NM KELURAH": null, "NM KECAMAT": null }, "geometry": { "type": "MultiPolygon", "coordinates": [ [ [ [ 110.376307869600083, -7.784712696708309, 0.0 ], [ 110.376303056087295, -7.784630033991239, 0.0 ], [ 110.376346955229138, -7.784629284650527, 0.0 ], [ 110.376353205629741, -7.784650545565004, 0.0 ], [ 110.376357241133732, -7.784652450589255, 0.0 ], [ 110.376458425811492, -7.784650881140695, 0.0 ], [ 110.376446964742811, -7.784714438595794, 0.0 ], [ 110.376307869600083, -7.784712696708309, 0.0 ] ] ] ] } },
{ "type": "Feature", "properties": { "D_NOP": "347106000400300310", "D_LUAS": 274.05, "ASR": null, "KD PROPINS": null, "KD DATI2": null, "KD KECAMAT": null, "KD KELURAH": null, "KD BLOK": null, "NO URUT": null, "KD JNS OP": null, "THN PAJAK": null, "NO PERSIL": null, "LUAS BUMI": null, "LUAS BNG S": null, "NJOP BUMI": null, "NJOP BNG S": null, "NJOP SPPT": null, "NJOPTKP SP": null, "NJKP SPPT": null, "PBB TERHUT": null, "FAKTOR PEN": null, "PBB YG HAR": null, "FLG SYNC": null, "JML KRG BA": null, "FLG BAYAR": null, "ALAMAT OP": null, "NM KELURAH": null, "NM KECAMAT": null }, "geometry": { "type": "MultiPolygon", "coordinates": [ [ [ [ 110.376303056087295, -7.784630033991239, 0.0 ], [ 110.376311767248964, -7.784504345118859, 0.0 ], [ 110.376469267222731, -7.78450059765339, 0.0 ], [ 110.376458425811492, -7.784650881140695, 0.0 ], [ 110.376357241133732, -7.784652450589255, 0.0 ], [ 110.376353205629741, -7.784650545565004, 0.0 ], [ 110.376346955229138, -7.784629284650527, 0.0 ], [ 110.376303056087295, -7.784630033991239, 0.0 ] ] ] ] } },
{ "type": "Feature", "properties": { "D_NOP": "347106000400300300", "D_LUAS": 99.71, "ASR": null, "KD PROPINS": null, "KD DATI2": null, "KD KECAMAT": null, "KD KELURAH": null, "KD BLOK": null, "NO URUT": null, "KD JNS OP": null, "THN PAJAK": null, "NO PERSIL": null, "LUAS BUMI": null, "LUAS BNG S": null, "NJOP BUMI": null, "NJOP BNG S": null, "NJOP SPPT": null, "NJOPTKP SP": null, "NJKP SPPT": null, "PBB TERHUT": null, "FAKTOR PEN": null, "PBB YG HAR": null, "FLG SYNC": null, "JML KRG BA": null, "FLG BAYAR": null, "ALAMAT OP": null, "NM KELURAH": null, "NM KECAMAT": null }, "geometry": { "type": "MultiPolygon", "coordinates": [ [ [ [ 110.376546178016866, -7.784427550526632, 0.0 ], [ 110.376535640607216, -7.78432154771334, 0.0 ], [ 110.376621940621121, -7.784321764996575, 0.0 ], [ 110.37661483195059, -7.784425842783079, 0.0 ], [ 110.376546178016866, -7.784427550526632, 0.0 ] ] ] ] } },
{ "type": "Feature", "properties": { "D_NOP": "347106000400300290", "D_LUAS": 98.62, "ASR": null, "KD PROPINS": null, "KD DATI2": null, "KD KECAMAT": null, "KD KELURAH": null, "KD BLOK": null, "NO URUT": null, "KD JNS OP": null, "THN PAJAK": null, "NO PERSIL": null, "LUAS BUMI": null, "LUAS BNG S": null, "NJOP BUMI": null, "NJOP BNG S": null, "NJOP SPPT": null, "NJOPTKP SP": null, "NJKP SPPT": null, "PBB TERHUT": null, "FAKTOR PEN": null, "PBB YG HAR": null, "FLG SYNC": null, "JML KRG BA": null, "FLG BAYAR": null, "ALAMAT OP": null, "NM KELURAH": null, "NM KECAMAT": null }, "geometry": { "type": "MultiPolygon", "coordinates": [ [ [ [ 110.37646832825159, -7.784427526515326, 0.0 ], [ 110.376461829704667, -7.78432116790789, 0.0 ], [ 110.376535640607216, -7.78432154771334, 0.0 ], [ 110.376546178016866, -7.784427550526632, 0.0 ], [ 110.37646832825159, -7.784427526515326, 0.0 ] ] ] ] } },
{ "type": "Feature", "properties": { "D_NOP": "347106000400300280", "D_LUAS": 68.32, "ASR": null, "KD PROPINS": null, "KD DATI2": null, "KD KECAMAT": null, "KD KELURAH": null, "KD BLOK": null, "NO URUT": null, "KD JNS OP": null, "THN PAJAK": null, "NO PERSIL": null, "LUAS BUMI": null, "LUAS BNG S": null, "NJOP BUMI": null, "NJOP BNG S": null, "NJOP SPPT": null, "NJOPTKP SP": null, "NJKP SPPT": null, "PBB TERHUT": null, "FAKTOR PEN": null, "PBB YG HAR": null, "FLG SYNC": null, "JML KRG BA": null, "FLG BAYAR": null, "ALAMAT OP": null, "NM KELURAH": null, "NM KECAMAT": null }, "geometry": { "type": "MultiPolygon", "coordinates": [ [ [ [ 110.376415975118277, -7.784430614695157, 0.0 ], [ 110.376411051850027, -7.784321002820822, 0.0 ], [ 110.376461829704667, -7.78432116790789, 0.0 ], [ 110.37646832825159, -7.784427526515326, 0.0 ], [ 110.376415975118277, -7.784430614695157, 0.0 ] ] ] ] } },
{ "type": "Feature", "properties": { "D_NOP": "347106000400300270", "D_LUAS": 71.9, "ASR": null, "KD PROPINS": null, "KD DATI2": null, "KD KECAMAT": null, "KD KELURAH": null, "KD BLOK": null, "NO URUT": null, "KD JNS OP": null, "THN PAJAK": null, "NO PERSIL": null, "LUAS BUMI": null, "LUAS BNG S": null, "NJOP BUMI": null, "NJOP BNG S": null, "NJOP SPPT": null, "NJOPTKP SP": null, "NJKP SPPT": null, "PBB TERHUT": null, "FAKTOR PEN": null, "PBB YG HAR": null, "FLG SYNC": null, "JML KRG BA": null, "FLG BAYAR": null, "ALAMAT OP": null, "NM KELURAH": null, "NM KECAMAT": null }, "geometry": { "type": "MultiPolygon", "coordinates": [ [ [ [ 110.376364226001115, -7.78442981514336, 0.0 ], [ 110.376354362758377, -7.784323089857461, 0.0 ], [ 110.376411051850027, -7.784321002820822, 0.0 ], [ 110.376415975118277, -7.784430614695157, 0.0 ], [ 110.376364226001115, -7.78442981514336, 0.0 ] ] ] ] } },
{ "type": "Feature", "properties": { "D_NOP": "347106000400300260", "D_LUAS": 85.1, "ASR": null, "KD PROPINS": null, "KD DATI2": null, "KD KECAMAT": null, "KD KELURAH": null, "KD BLOK": null, "NO URUT": null, "KD JNS OP": null, "THN PAJAK": null, "NO PERSIL": null, "LUAS BUMI": null, "LUAS BNG S": null, "NJOP BUMI": null, "NJOP BNG S": null, "NJOP SPPT": null, "NJOPTKP SP": null, "NJKP SPPT": null, "PBB TERHUT": null, "FAKTOR PEN": null, "PBB YG HAR": null, "FLG SYNC": null, "JML KRG BA": null, "FLG BAYAR": null, "ALAMAT OP": null, "NM KELURAH": null, "NM KECAMAT": null }, "geometry": { "type": "MultiPolygon", "coordinates": [ [ [ [ 110.376299306698542, -7.784434603055646, 0.0 ], [ 110.376293042304752, -7.784321643194088, 0.0 ], [ 110.376354362758377, -7.784323089857461, 0.0 ], [ 110.376364226001115, -7.78442981514336, 0.0 ], [ 110.376299306698542, -7.784434603055646, 0.0 ] ] ] ] } },
{ "type": "Feature", "properties": { "D_NOP": "347106000400300250", "D_LUAS": 31.06, "ASR": null, "KD PROPINS": null, "KD DATI2": null, "KD KECAMAT": null, "KD KELURAH": null, "KD BLOK": null, "NO URUT": null, "KD JNS OP": null, "THN PAJAK": null, "NO PERSIL": null, "LUAS BUMI": null, "LUAS BNG S": null, "NJOP BUMI": null, "NJOP BNG S": null, "NJOP SPPT": null, "NJOPTKP SP": null, "NJKP SPPT": null, "PBB TERHUT": null, "FAKTOR PEN": null, "PBB YG HAR": null, "FLG SYNC": null, "JML KRG BA": null, "FLG BAYAR": null, "ALAMAT OP": null, "NM KELURAH": null, "NM KECAMAT": null }, "geometry": { "type": "MultiPolygon", "coordinates": [ [ [ [ 110.376199298410071, -7.784247531245363, 0.0 ], [ 110.376196756671291, -7.784196342505579, 0.0 ], [ 110.376246188540179, -7.784196415204825, 0.0 ], [ 110.376249104469736, -7.784247423629347, 0.0 ], [ 110.376199298410071, -7.784247531245363, 0.0 ] ] ] ] } },
{ "type": "Feature", "properties": { "D_NOP": "347106000400300240", "D_LUAS": 32.42, "ASR": null, "KD PROPINS": null, "KD DATI2": null, "KD KECAMAT": null, "KD KELURAH": null, "KD BLOK": null, "NO URUT": null, "KD JNS OP": null, "THN PAJAK": null, "NO PERSIL": null, "LUAS BUMI": null, "LUAS BNG S": null, "NJOP BUMI": null, "NJOP BNG S": null, "NJOP SPPT": null, "NJOPTKP SP": null, "NJKP SPPT": null, "PBB TERHUT": null, "FAKTOR PEN": null, "PBB YG HAR": null, "FLG SYNC": null, "JML KRG BA": null, "FLG BAYAR": null, "ALAMAT OP": null, "NM KELURAH": null, "NM KECAMAT": null }, "geometry": { "type": "MultiPolygon", "coordinates": [ [ [ [ 110.376198550210688, -7.784298353414875, 0.0 ], [ 110.376199298410071, -7.784247531245363, 0.0 ], [ 110.376249104469736, -7.784247423629347, 0.0 ], [ 110.376251345342638, -7.78429978755401, 0.0 ], [ 110.376198550210688, -7.784298353414875, 0.0 ] ] ] ] } },
{ "type": "Feature", "properties": { "D_NOP": "347106000400300230", "D_LUAS": 64.2, "ASR": null, "KD PROPINS": null, "KD DATI2": null, "KD KECAMAT": null, "KD KELURAH": null, "KD BLOK": null, "NO URUT": null, "KD JNS OP": null, "THN PAJAK": null, "NO PERSIL": null, "LUAS BUMI": null, "LUAS BNG S": null, "NJOP BUMI": null, "NJOP BNG S": null, "NJOP SPPT": null, "NJOPTKP SP": null, "NJKP SPPT": null, "PBB TERHUT": null, "FAKTOR PEN": null, "PBB YG HAR": null, "FLG SYNC": null, "JML KRG BA": null, "FLG BAYAR": null, "ALAMAT OP": null, "NM KELURAH": null, "NM KECAMAT": null }, "geometry": { "type": "MultiPolygon", "coordinates": [ [ [ [ 110.376198550210688, -7.784298353414875, 0.0 ], [ 110.376252093043732, -7.784299879086468, 0.0 ], [ 110.376253213142377, -7.784402160304311, 0.0 ], [ 110.376204604803831, -7.784401455785187, 0.0 ], [ 110.376198550210688, -7.784298353414875, 0.0 ] ] ] ] } },
{ "type": "Feature", "properties": { "D_NOP": "347106000400300220", "D_LUAS": 305.18, "ASR": null, "KD PROPINS": null, "KD DATI2": null, "KD KECAMAT": null, "KD KELURAH": null, "KD BLOK": null, "NO URUT": null, "KD JNS OP": null, "THN PAJAK": null, "NO PERSIL": null, "LUAS BUMI": null, "LUAS BNG S": null, "NJOP BUMI": null, "NJOP BNG S": null, "NJOP SPPT": null, "NJOPTKP SP": null, "NJKP SPPT": null, "PBB TERHUT": null, "FAKTOR PEN": null, "PBB YG HAR": null, "FLG SYNC": null, "JML KRG BA": null, "FLG BAYAR": null, "ALAMAT OP": null, "NM KELURAH": null, "NM KECAMAT": null }, "geometry": { "type": "MultiPolygon", "coordinates": [ [ [ [ 110.376574087571313, -7.784720865348259, 0.0 ], [ 110.37658465552299, -7.78450257593524, 0.0 ], [ 110.376698702266225, -7.784501477496537, 0.0 ], [ 110.376686034287189, -7.784723923742663, 0.0 ], [ 110.376574087571313, -7.784720865348259, 0.0 ] ] ] ] } },
{ "type": "Feature", "properties": { "D_NOP": "347106000400300210", "D_LUAS": 315.46, "ASR": null, "KD PROPINS": null, "KD DATI2": null, "KD KECAMAT": null, "KD KELURAH": null, "KD BLOK": null, "NO URUT": null, "KD JNS OP": null, "THN PAJAK": null, "NO PERSIL": null, "LUAS BUMI": null, "LUAS BNG S": null, "NJOP BUMI": null, "NJOP BNG S": null, "NJOP SPPT": null, "NJOPTKP SP": null, "NJKP SPPT": null, "PBB TERHUT": null, "FAKTOR PEN": null, "PBB YG HAR": null, "FLG SYNC": null, "JML KRG BA": null, "FLG BAYAR": null, "ALAMAT OP": null, "NM KELURAH": null, "NM KECAMAT": null }, "geometry": { "type": "MultiPolygon", "coordinates": [ [ [ [ 110.376458425811492, -7.784650881140695, 0.0 ], [ 110.376469267222731, -7.78450059765339, 0.0 ], [ 110.37658465552299, -7.78450257593524, 0.0 ], [ 110.376574087571313, -7.784720865348259, 0.0 ], [ 110.376446964742811, -7.784714438595794, 0.0 ], [ 110.376458425811492, -7.784650881140695, 0.0 ] ] ] ] } },
{ "type": "Feature", "properties": { "D_NOP": "347106000400300200", "D_LUAS": 256.92, "ASR": null, "KD PROPINS": null, "KD DATI2": null, "KD KECAMAT": null, "KD KELURAH": null, "KD BLOK": null, "NO URUT": null, "KD JNS OP": null, "THN PAJAK": null, "NO PERSIL": null, "LUAS BUMI": null, "LUAS BNG S": null, "NJOP BUMI": null, "NJOP BNG S": null, "NJOP SPPT": null, "NJOPTKP SP": null, "NJKP SPPT": null, "PBB TERHUT": null, "FAKTOR PEN": null, "PBB YG HAR": null, "FLG SYNC": null, "JML KRG BA": null, "FLG BAYAR": null, "ALAMAT OP": null, "NM KELURAH": null, "NM KECAMAT": null }, "geometry": { "type": "MultiPolygon", "coordinates": [ [ [ [ 110.375736252117264, -7.784339181910607, 0.0 ], [ 110.375809774716117, -7.784332236356764, 0.0 ], [ 110.375810423794803, -7.784449528728417, 0.0 ], [ 110.37578925497921, -7.784452934022062, 0.0 ], [ 110.375789766391591, -7.784562177665833, 0.0 ], [ 110.37577480647586, -7.78456432603639, 0.0 ], [ 110.375781375750577, -7.784673307296876, 0.0 ], [ 110.375752278931401, -7.784677333949054, 0.0 ], [ 110.375732036412145, -7.784661207105565, 0.0 ], [ 110.375725286513074, -7.78462375796805, 0.0 ], [ 110.375736252117264, -7.784339181910607, 0.0 ] ] ] ] } },
{ "type": "Feature", "properties": { "D_NOP": "347106000400300190", "D_LUAS": 1892.6, "ASR": null, "KD PROPINS": null, "KD DATI2": null, "KD KECAMAT": null, "KD KELURAH": null, "KD BLOK": null, "NO URUT": null, "KD JNS OP": null, "THN PAJAK": null, "NO PERSIL": null, "LUAS BUMI": null, "LUAS BNG S": null, "NJOP BUMI": null, "NJOP BNG S": null, "NJOP SPPT": null, "NJOPTKP SP": null, "NJKP SPPT": null, "PBB TERHUT": null, "FAKTOR PEN": null, "PBB YG HAR": null, "FLG SYNC": null, "JML KRG BA": null, "FLG BAYAR": null, "ALAMAT OP": null, "NM KELURAH": null, "NM KECAMAT": null }, "geometry": { "type": "MultiPolygon", "coordinates": [ [ [ [ 110.375750843538171, -7.783575226598225, 0.0 ], [ 110.375713717442409, -7.783496766669126, 0.0 ], [ 110.37566176524092, -7.783481678349953, 0.0 ], [ 110.375589899132308, -7.783481120401007, 0.0 ], [ 110.375559985935467, -7.783480985933285, 0.0 ], [ 110.375552482405411, -7.783346410795147, 0.0 ], [ 110.375561328291667, -7.78302873318499, 0.0 ], [ 110.375838014003676, -7.783037460209873, 0.0 ], [ 110.375834781086013, -7.783352433115246, 0.0 ], [ 110.375834533594883, -7.783519733545968, 0.0 ], [ 110.375834447038585, -7.783578243480084, 0.0 ], [ 110.375750843538171, -7.783575226598225, 0.0 ] ] ] ] } },
{ "type": "Feature", "properties": { "D_NOP": "347106000400300180", "D_LUAS": 1060.51, "ASR": null, "KD PROPINS": "34", "KD DATI2": "71", "KD KECAMAT": "060", "KD KELURAH": "004", "KD BLOK": "003", "NO URUT": "0018", "KD JNS OP": "0", "THN PAJAK": "2023", "NO PERSIL": null, "LUAS BUMI": "1138", "LUAS BNG S": 640, "NJOP BUMI": 20910750000.0, "NJOP BNG S": 970240000.0, "NJOP SPPT": 21880990000.0, "NJOPTKP SP": 0.0, "NJKP SPPT": 0, "PBB TERHUT": 54702475, "FAKTOR PEN": 13069219.0, "PBB YG HAR": 41633256, "FLG SYNC": "0", "JML KRG BA": "0", "FLG BAYAR": "0", "ALAMAT OP": "JL SUDIRMAN,JEND. 62 RW 02 RT 006", "NM KELURAH": "KOTABARU", "NM KECAMAT": "GONDOKUSUMAN" }, "geometry": { "type": "MultiPolygon", "coordinates": [ [ [ [ 110.375834781086013, -7.783352433115246, 0.0 ], [ 110.375838014003676, -7.783037460209873, 0.0 ], [ 110.37612135371316, -7.783047372468659, 0.0 ], [ 110.376154174471523, -7.783053570172641, 0.0 ], [ 110.376156620124306, -7.783068585625572, 0.0 ], [ 110.376147819876294, -7.783355697040223, 0.0 ], [ 110.375834781086013, -7.783352433115246, 0.0 ] ] ] ] } },
{ "type": "Feature", "properties": { "D_NOP": "347106000400300170", "D_LUAS": 749.43, "ASR": null, "KD PROPINS": null, "KD DATI2": null, "KD KECAMAT": null, "KD KELURAH": null, "KD BLOK": null, "NO URUT": null, "KD JNS OP": null, "THN PAJAK": null, "NO PERSIL": null, "LUAS BUMI": null, "LUAS BNG S": null, "NJOP BUMI": null, "NJOP BNG S": null, "NJOP SPPT": null, "NJOPTKP SP": null, "NJKP SPPT": null, "PBB TERHUT": null, "FAKTOR PEN": null, "PBB YG HAR": null, "FLG SYNC": null, "JML KRG BA": null, "FLG BAYAR": null, "ALAMAT OP": null, "NM KELURAH": null, "NM KECAMAT": null }, "geometry": { "type": "MultiPolygon", "coordinates": [ [ [ [ 110.375834447038585, -7.783578243480084, 0.0 ], [ 110.375834533594883, -7.783519733545968, 0.0 ], [ 110.375834781086013, -7.783352433115246, 0.0 ], [ 110.376147819876294, -7.783355697040223, 0.0 ], [ 110.376141972048813, -7.783517382406313, 0.0 ], [ 110.376052456950987, -7.783567440982033, 0.0 ], [ 110.375834447038585, -7.783578243480084, 0.0 ] ] ] ] } },
{ "type": "Feature", "properties": { "D_NOP": "347106000400300160", "D_LUAS": 632.78, "ASR": null, "KD PROPINS": null, "KD DATI2": null, "KD KECAMAT": null, "KD KELURAH": null, "KD BLOK": null, "NO URUT": null, "KD JNS OP": null, "THN PAJAK": null, "NO PERSIL": null, "LUAS BUMI": null, "LUAS BNG S": null, "NJOP BUMI": null, "NJOP BNG S": null, "NJOP SPPT": null, "NJOPTKP SP": null, "NJKP SPPT": null, "PBB TERHUT": null, "FAKTOR PEN": null, "PBB YG HAR": null, "FLG SYNC": null, "JML KRG BA": null, "FLG BAYAR": null, "ALAMAT OP": null, "NM KELURAH": null, "NM KECAMAT": null }, "geometry": { "type": "MultiPolygon", "coordinates": [ [ [ [ 110.375342414957373, -7.783649955887572, 0.0 ], [ 110.375351001160425, -7.783507808086502, 0.0 ], [ 110.375559985935467, -7.783480985933285, 0.0 ], [ 110.375589899132308, -7.783481120401007, 0.0 ], [ 110.37566176524092, -7.783481678349953, 0.0 ], [ 110.375713717442409, -7.783496766669126, 0.0 ], [ 110.375750843538171, -7.783575226598225, 0.0 ], [ 110.375655569422534, -7.78357517680631, 0.0 ], [ 110.375655453935451, -7.783653220193096, 0.0 ], [ 110.375342414957373, -7.783649955887572, 0.0 ] ] ] ] } },
{ "type": "Feature", "properties": { "D_NOP": "347106000400300150", "D_LUAS": 513.0, "ASR": null, "KD PROPINS": null, "KD DATI2": null, "KD KECAMAT": null, "KD KELURAH": null, "KD BLOK": null, "NO URUT": null, "KD JNS OP": null, "THN PAJAK": null, "NO PERSIL": null, "LUAS BUMI": null, "LUAS BNG S": null, "NJOP BUMI": null, "NJOP BNG S": null, "NJOP SPPT": null, "NJOPTKP SP": null, "NJKP SPPT": null, "PBB TERHUT": null, "FAKTOR PEN": null, "PBB YG HAR": null, "FLG SYNC": null, "JML KRG BA": null, "FLG BAYAR": null, "ALAMAT OP": null, "NM KELURAH": null, "NM KECAMAT": null }, "geometry": { "type": "MultiPolygon", "coordinates": [ [ [ [ 110.375347821403764, -7.783786607890013, 0.0 ], [ 110.375347965869537, -7.783689031054686, 0.0 ], [ 110.375342414957373, -7.783649955887572, 0.0 ], [ 110.375655453935451, -7.783653220193096, 0.0 ], [ 110.375649634812831, -7.783795372080186, 0.0 ], [ 110.375347821403764, -7.783786607890013, 0.0 ] ] ] ] } },
{ "type": "Feature", "properties": { "D_NOP": "347106000400300140", "D_LUAS": 486.11, "ASR": null, "KD PROPINS": null, "KD DATI2": null, "KD KECAMAT": null, "KD KELURAH": null, "KD BLOK": null, "NO URUT": null, "KD JNS OP": null, "THN PAJAK": null, "NO PERSIL": null, "LUAS BUMI": null, "LUAS BNG S": null, "NJOP BUMI": null, "NJOP BNG S": null, "NJOP SPPT": null, "NJOPTKP SP": null, "NJKP SPPT": null, "PBB TERHUT": null, "FAKTOR PEN": null, "PBB YG HAR": null, "FLG SYNC": null, "JML KRG BA": null, "FLG BAYAR": null, "ALAMAT OP": null, "NM KELURAH": null, "NM KECAMAT": null }, "geometry": { "type": "MultiPolygon", "coordinates": [ [ [ [ 110.375350386214762, -7.78392316527407, 0.0 ], [ 110.375347693538629, -7.78387297107568, 0.0 ], [ 110.375347821403764, -7.783786607890013, 0.0 ], [ 110.375649634812831, -7.783795372080186, 0.0 ], [ 110.375646669764151, -7.783929208344346, 0.0 ], [ 110.375350386214762, -7.78392316527407, 0.0 ] ] ] ] } },
{ "type": "Feature", "properties": { "D_NOP": "347106000400300120", "D_LUAS": 488.83, "ASR": null, "KD PROPINS": null, "KD DATI2": null, "KD KECAMAT": null, "KD KELURAH": null, "KD BLOK": null, "NO URUT": null, "KD JNS OP": null, "THN PAJAK": null, "NO PERSIL": null, "LUAS BUMI": null, "LUAS BNG S": null, "NJOP BUMI": null, "NJOP BNG S": null, "NJOP SPPT": null, "NJOPTKP SP": null, "NJKP SPPT": null, "PBB TERHUT": null, "FAKTOR PEN": null, "PBB YG HAR": null, "FLG SYNC": null, "JML KRG BA": null, "FLG BAYAR": null, "ALAMAT OP": null, "NM KELURAH": null, "NM KECAMAT": null }, "geometry": { "type": "MultiPolygon", "coordinates": [ [ [ [ 110.375355582313119, -7.784201886974605, 0.0 ], [ 110.375358547328901, -7.784068141154312, 0.0 ], [ 110.375638075476587, -7.784076872548025, 0.0 ], [ 110.375629493358034, -7.784216307378116, 0.0 ], [ 110.375355582313119, -7.784201886974605, 0.0 ] ] ] ] } },
{ "type": "Feature", "properties": { "D_NOP": "347106000400300110", "D_LUAS": 530.08, "ASR": null, "KD PROPINS": null, "KD DATI2": null, "KD KECAMAT": null, "KD KELURAH": null, "KD BLOK": null, "NO URUT": null, "KD JNS OP": null, "THN PAJAK": null, "NO PERSIL": null, "LUAS BUMI": null, "LUAS BNG S": null, "NJOP BUMI": null, "NJOP BNG S": null, "NJOP SPPT": null, "NJOPTKP SP": null, "NJKP SPPT": null, "PBB TERHUT": null, "FAKTOR PEN": null, "PBB YG HAR": null, "FLG SYNC": null, "JML KRG BA": null, "FLG BAYAR": null, "ALAMAT OP": null, "NM KELURAH": null, "NM KECAMAT": null }, "geometry": { "type": "MultiPolygon", "coordinates": [ [ [ [ 110.375349746464011, -7.78435525249429, 0.0 ], [ 110.375351353333741, -7.784229643631584, 0.0 ], [ 110.375355582313119, -7.784201886974605, 0.0 ], [ 110.375629493358034, -7.784216307378116, 0.0 ], [ 110.375626420581341, -7.784372389962464, 0.0 ], [ 110.375349746464011, -7.78435525249429, 0.0 ] ] ] ] } },
{ "type": "Feature", "properties": { "D_NOP": "347106000400300100", "D_LUAS": 766.87, "ASR": null, "KD PROPINS": null, "KD DATI2": null, "KD KECAMAT": null, "KD KELURAH": null, "KD BLOK": null, "NO URUT": null, "KD JNS OP": null, "THN PAJAK": null, "NO PERSIL": null, "LUAS BUMI": null, "LUAS BNG S": null, "NJOP BUMI": null, "NJOP BNG S": null, "NJOP SPPT": null, "NJOPTKP SP": null, "NJKP SPPT": null, "PBB TERHUT": null, "FAKTOR PEN": null, "PBB YG HAR": null, "FLG SYNC": null, "JML KRG BA": null, "FLG BAYAR": null, "ALAMAT OP": null, "NM KELURAH": null, "NM KECAMAT": null }, "geometry": { "type": "MultiPolygon", "coordinates": [ [ [ [ 110.375352233266128, -7.784594993641325, 0.0 ], [ 110.375349746464011, -7.78435525249429, 0.0 ], [ 110.375626420581341, -7.784372389962464, 0.0 ], [ 110.37561771892166, -7.784592581152082, 0.0 ], [ 110.375605728394277, -7.784609564875988, 0.0 ], [ 110.375566531920782, -7.784616199199286, 0.0 ], [ 110.375352233266128, -7.784594993641325, 0.0 ] ] ] ] } },
{ "type": "Feature", "properties": { "D_NOP": "347106000400300090", "D_LUAS": 618.88, "ASR": null, "KD PROPINS": null, "KD DATI2": null, "KD KECAMAT": null, "KD KELURAH": null, "KD BLOK": null, "NO URUT": null, "KD JNS OP": null, "THN PAJAK": null, "NO PERSIL": null, "LUAS BUMI": null, "LUAS BNG S": null, "NJOP BUMI": null, "NJOP BNG S": null, "NJOP SPPT": null, "NJOPTKP SP": null, "NJKP SPPT": null, "PBB TERHUT": null, "FAKTOR PEN": null, "PBB YG HAR": null, "FLG SYNC": null, "JML KRG BA": null, "FLG BAYAR": null, "ALAMAT OP": null, "NM KELURAH": null, "NM KECAMAT": null }, "geometry": { "type": "MultiPolygon", "coordinates": [ [ [ [ 110.375207398883489, -7.784580401479113, 0.0 ], [ 110.375221280770901, -7.784346743451016, 0.0 ], [ 110.375227017107093, -7.784210107867096, 0.0 ], [ 110.375351353333741, -7.784229643631584, 0.0 ], [ 110.375349746464011, -7.78435525249429, 0.0 ], [ 110.375352233266128, -7.784594993641325, 0.0 ], [ 110.375207398883489, -7.784580401479113, 0.0 ] ] ] ] } },
{ "type": "Feature", "properties": { "D_NOP": "347106000400300080", "D_LUAS": 1040.36, "ASR": null, "KD PROPINS": null, "KD DATI2": null, "KD KECAMAT": null, "KD KELURAH": null, "KD BLOK": null, "NO URUT": null, "KD JNS OP": null, "THN PAJAK": null, "NO PERSIL": null, "LUAS BUMI": null, "LUAS BNG S": null, "NJOP BUMI": null, "NJOP BNG S": null, "NJOP SPPT": null, "NJOPTKP SP": null, "NJKP SPPT": null, "PBB TERHUT": null, "FAKTOR PEN": null, "PBB YG HAR": null, "FLG SYNC": null, "JML KRG BA": null, "FLG BAYAR": null, "ALAMAT OP": null, "NM KELURAH": null, "NM KECAMAT": null }, "geometry": { "type": "MultiPolygon", "coordinates": [ [ [ [ 110.374894973934545, -7.784313706825421, 0.0 ], [ 110.375221280770901, -7.784346743451016, 0.0 ], [ 110.375207398883489, -7.784580401479113, 0.0 ], [ 110.374935813431648, -7.784560919974195, 0.0 ], [ 110.374881330424586, -7.78453777929933, 0.0 ], [ 110.374867366546184, -7.784523832059919, 0.0 ], [ 110.374868847332763, -7.784483410762371, 0.0 ], [ 110.374894973934545, -7.784313706825421, 0.0 ] ] ] ] } },
{ "type": "Feature", "properties": { "D_NOP": "347106000400300070", "D_LUAS": 637.55, "ASR": null, "KD PROPINS": null, "KD DATI2": null, "KD KECAMAT": null, "KD KELURAH": null, "KD BLOK": null, "NO URUT": null, "KD JNS OP": null, "THN PAJAK": null, "NO PERSIL": null, "LUAS BUMI": null, "LUAS BNG S": null, "NJOP BUMI": null, "NJOP BNG S": null, "NJOP SPPT": null, "NJOPTKP SP": null, "NJKP SPPT": null, "PBB TERHUT": null, "FAKTOR PEN": null, "PBB YG HAR": null, "FLG SYNC": null, "JML KRG BA": null, "FLG BAYAR": null, "ALAMAT OP": null, "NM KELURAH": null, "NM KECAMAT": null }, "geometry": { "type": "MultiPolygon", "coordinates": [ [ [ [ 110.374894973934545, -7.784313706825421, 0.0 ], [ 110.374922427853662, -7.784156665438156, 0.0 ], [ 110.375227017107093, -7.784210107867096, 0.0 ], [ 110.375221280770901, -7.784346743451016, 0.0 ], [ 110.374894973934545, -7.784313706825421, 0.0 ] ] ] ] } },
{ "type": "Feature", "properties": { "D_NOP": "347106000400300060", "D_LUAS": 931.8, "ASR": null, "KD PROPINS": null, "KD DATI2": null, "KD KECAMAT": null, "KD KELURAH": null, "KD BLOK": null, "NO URUT": null, "KD JNS OP": null, "THN PAJAK": null, "NO PERSIL": null, "LUAS BUMI": null, "LUAS BNG S": null, "NJOP BUMI": null, "NJOP BNG S": null, "NJOP SPPT": null, "NJOPTKP SP": null, "NJKP SPPT": null, "PBB TERHUT": null, "FAKTOR PEN": null, "PBB YG HAR": null, "FLG SYNC": null, "JML KRG BA": null, "FLG BAYAR": null, "ALAMAT OP": null, "NM KELURAH": null, "NM KECAMAT": null }, "geometry": { "type": "MultiPolygon", "coordinates": [ [ [ [ 110.374922427853662, -7.784156665438156, 0.0 ], [ 110.374953403400923, -7.783995017160949, 0.0 ], [ 110.375358547328901, -7.784068141154312, 0.0 ], [ 110.375355582313119, -7.784201886974605, 0.0 ], [ 110.375351353333741, -7.784229643631584, 0.0 ], [ 110.375227017107093, -7.784210107867096, 0.0 ], [ 110.374922427853662, -7.784156665438156, 0.0 ] ] ] ] } },
{ "type": "Feature", "properties": { "D_NOP": "347106000400300050", "D_LUAS": 891.34, "ASR": null, "KD PROPINS": null, "KD DATI2": null, "KD KECAMAT": null, "KD KELURAH": null, "KD BLOK": null, "NO URUT": null, "KD JNS OP": null, "THN PAJAK": null, "NO PERSIL": null, "LUAS BUMI": null, "LUAS BNG S": null, "NJOP BUMI": null, "NJOP BNG S": null, "NJOP SPPT": null, "NJOPTKP SP": null, "NJKP SPPT": null, "PBB TERHUT": null, "FAKTOR PEN": null, "PBB YG HAR": null, "FLG SYNC": null, "JML KRG BA": null, "FLG BAYAR": null, "ALAMAT OP": null, "NM KELURAH": null, "NM KECAMAT": null }, "geometry": { "type": "MultiPolygon", "coordinates": [ [ [ [ 110.374953403400923, -7.783995017160949, 0.0 ], [ 110.37499702692557, -7.783776414822245, 0.0 ], [ 110.375347693538629, -7.78387297107568, 0.0 ], [ 110.375350386214762, -7.78392316527407, 0.0 ], [ 110.375358547328901, -7.784068141154312, 0.0 ], [ 110.374953403400923, -7.783995017160949, 0.0 ] ] ] ] } },
{ "type": "Feature", "properties": { "D_NOP": "347106000400300040", "D_LUAS": 807.36, "ASR": null, "KD PROPINS": null, "KD DATI2": null, "KD KECAMAT": null, "KD KELURAH": null, "KD BLOK": null, "NO URUT": null, "KD JNS OP": null, "THN PAJAK": null, "NO PERSIL": null, "LUAS BUMI": null, "LUAS BNG S": null, "NJOP BUMI": null, "NJOP BNG S": null, "NJOP SPPT": null, "NJOPTKP SP": null, "NJKP SPPT": null, "PBB TERHUT": null, "FAKTOR PEN": null, "PBB YG HAR": null, "FLG SYNC": null, "JML KRG BA": null, "FLG BAYAR": null, "ALAMAT OP": null, "NM KELURAH": null, "NM KECAMAT": null }, "geometry": { "type": "MultiPolygon", "coordinates": [ [ [ [ 110.37499702692557, -7.783776414822245, 0.0 ], [ 110.375035348988519, -7.78360274978785, 0.0 ], [ 110.375347965869537, -7.783689031054686, 0.0 ], [ 110.375347821403764, -7.783786607890013, 0.0 ], [ 110.375347693538629, -7.78387297107568, 0.0 ], [ 110.37499702692557, -7.783776414822245, 0.0 ] ] ] ] } },
{ "type": "Feature", "properties": { "D_NOP": "347106000400300030", "D_LUAS": 722.6, "ASR": null, "KD PROPINS": null, "KD DATI2": null, "KD KECAMAT": null, "KD KELURAH": null, "KD BLOK": null, "NO URUT": null, "KD JNS OP": null, "THN PAJAK": null, "NO PERSIL": null, "LUAS BUMI": null, "LUAS BNG S": null, "NJOP BUMI": null, "NJOP BNG S": null, "NJOP SPPT": null, "NJOPTKP SP": null, "NJKP SPPT": null, "PBB TERHUT": null, "FAKTOR PEN": null, "PBB YG HAR": null, "FLG SYNC": null, "JML KRG BA": null, "FLG BAYAR": null, "ALAMAT OP": null, "NM KELURAH": null, "NM KECAMAT": null }, "geometry": { "type": "MultiPolygon", "coordinates": [ [ [ [ 110.375035348988519, -7.78360274978785, 0.0 ], [ 110.375063267427976, -7.783434947553961, 0.0 ], [ 110.375351001160425, -7.783507808086502, 0.0 ], [ 110.375342414957373, -7.783649955887572, 0.0 ], [ 110.375347965869537, -7.783689031054686, 0.0 ], [ 110.375035348988519, -7.78360274978785, 0.0 ] ] ] ] } },
{ "type": "Feature", "properties": { "D_NOP": "347106000400300020", "D_LUAS": 966.94, "ASR": null, "KD PROPINS": null, "KD DATI2": null, "KD KECAMAT": null, "KD KELURAH": null, "KD BLOK": null, "NO URUT": null, "KD JNS OP": null, "THN PAJAK": null, "NO PERSIL": null, "LUAS BUMI": null, "LUAS BNG S": null, "NJOP BUMI": null, "NJOP BNG S": null, "NJOP SPPT": null, "NJOPTKP SP": null, "NJKP SPPT": null, "PBB TERHUT": null, "FAKTOR PEN": null, "PBB YG HAR": null, "FLG SYNC": null, "JML KRG BA": null, "FLG BAYAR": null, "ALAMAT OP": null, "NM KELURAH": null, "NM KECAMAT": null }, "geometry": { "type": "MultiPolygon", "coordinates": [ [ [ [ 110.375063267427976, -7.783434947553961, 0.0 ], [ 110.375100454815069, -7.783269962388371, 0.0 ], [ 110.375302435298934, -7.783326961290836, 0.0 ], [ 110.375309706416459, -7.783315396593682, 0.0 ], [ 110.375348952249396, -7.783325854166812, 0.0 ], [ 110.375349082670979, -7.783338786257063, 0.0 ], [ 110.375460056267926, -7.783342205244502, 0.0 ], [ 110.375462495739086, -7.783361380601733, 0.0 ], [ 110.375552482405411, -7.783346410795147, 0.0 ], [ 110.375559985935467, -7.783480985933285, 0.0 ], [ 110.375351001160425, -7.783507808086502, 0.0 ], [ 110.375063267427976, -7.783434947553961, 0.0 ] ] ] ] } },
{ "type": "Feature", "properties": { "D_NOP": "347106000400300010", "D_LUAS": 1728.36, "ASR": null, "KD PROPINS": null, "KD DATI2": null, "KD KECAMAT": null, "KD KELURAH": null, "KD BLOK": null, "NO URUT": null, "KD JNS OP": null, "THN PAJAK": null, "NO PERSIL": null, "LUAS BUMI": null, "LUAS BNG S": null, "NJOP BUMI": null, "NJOP BNG S": null, "NJOP SPPT": null, "NJOPTKP SP": null, "NJKP SPPT": null, "PBB TERHUT": null, "FAKTOR PEN": null, "PBB YG HAR": null, "FLG SYNC": null, "JML KRG BA": null, "FLG BAYAR": null, "ALAMAT OP": null, "NM KELURAH": null, "NM KECAMAT": null }, "geometry": { "type": "MultiPolygon", "coordinates": [ [ [ [ 110.375100454815069, -7.783269962388371, 0.0 ], [ 110.375138827262091, -7.783062204222644, 0.0 ], [ 110.375144920863477, -7.783037796328624, 0.0 ], [ 110.375166549558102, -7.78302679537956, 0.0 ], [ 110.375183762692814, -7.783018048746859, 0.0 ], [ 110.375248971401433, -7.783019682147916, 0.0 ], [ 110.375561328291667, -7.78302873318499, 0.0 ], [ 110.375552482405411, -7.783346410795147, 0.0 ], [ 110.375462495739086, -7.783361380601733, 0.0 ], [ 110.375460056267926, -7.783342205244502, 0.0 ], [ 110.375349082670979, -7.783338786257063, 0.0 ], [ 110.375348952249396, -7.783325854166812, 0.0 ], [ 110.375309706416459, -7.783315396593682, 0.0 ], [ 110.375302435298934, -7.783326961290836, 0.0 ], [ 110.375100454815069, -7.783269962388371, 0.0 ] ] ] ] } },
{ "type": "Feature", "properties": { "D_NOP": "347106000400200810", "D_LUAS": 828.66, "ASR": null, "KD PROPINS": null, "KD DATI2": null, "KD KECAMAT": null, "KD KELURAH": null, "KD BLOK": null, "NO URUT": null, "KD JNS OP": null, "THN PAJAK": null, "NO PERSIL": null, "LUAS BUMI": null, "LUAS BNG S": null, "NJOP BUMI": null, "NJOP BNG S": null, "NJOP SPPT": null, "NJOPTKP SP": null, "NJKP SPPT": null, "PBB TERHUT": null, "FAKTOR PEN": null, "PBB YG HAR": null, "FLG SYNC": null, "JML KRG BA": null, "FLG BAYAR": null, "ALAMAT OP": null, "NM KELURAH": null, "NM KECAMAT": null }, "geometry": { "type": "MultiPolygon", "coordinates": [ [ [ [ 110.373336062119961, -7.785654424084272, 0.0 ], [ 110.373108932261914, -7.785662046464958, 0.0 ], [ 110.373110648176805, -7.785362897273222, 0.0 ], [ 110.3731277744333, -7.78536237999285, 0.0 ], [ 110.373301137120876, -7.785353050345218, 0.0 ], [ 110.373333067445316, -7.785354634888332, 0.0 ], [ 110.373336062119961, -7.785654424084272, 0.0 ] ] ] ] } },
{ "type": "Feature", "properties": { "D_NOP": "347106000400200280", "D_LUAS": 949.76, "ASR": null, "KD PROPINS": null, "KD DATI2": null, "KD KECAMAT": null, "KD KELURAH": null, "KD BLOK": null, "NO URUT": null, "KD JNS OP": null, "THN PAJAK": null, "NO PERSIL": null, "LUAS BUMI": null, "LUAS BNG S": null, "NJOP BUMI": null, "NJOP BNG S": null, "NJOP SPPT": null, "NJOPTKP SP": null, "NJKP SPPT": null, "PBB TERHUT": null, "FAKTOR PEN": null, "PBB YG HAR": null, "FLG SYNC": null, "JML KRG BA": null, "FLG BAYAR": null, "ALAMAT OP": null, "NM KELURAH": null, "NM KECAMAT": null }, "geometry": { "type": "MultiPolygon", "coordinates": [ [ [ [ 110.372994434370227, -7.784004243801894, 0.0 ], [ 110.372806255587975, -7.784019972188428, 0.0 ], [ 110.372797802179775, -7.783569152131122, 0.0 ], [ 110.372836762533012, -7.783570385364699, 0.0 ], [ 110.372990392033714, -7.783554063282466, 0.0 ], [ 110.372994434370227, -7.784004243801894, 0.0 ] ] ] ] } },
{ "type": "Feature", "properties": { "D_NOP": "347106000400200880", "D_LUAS": 31.95, "ASR": null, "KD PROPINS": null, "KD DATI2": null, "KD KECAMAT": null, "KD KELURAH": null, "KD BLOK": null, "NO URUT": null, "KD JNS OP": null, "THN PAJAK": null, "NO PERSIL": null, "LUAS BUMI": null, "LUAS BNG S": null, "NJOP BUMI": null, "NJOP BNG S": null, "NJOP SPPT": null, "NJOPTKP SP": null, "NJKP SPPT": null, "PBB TERHUT": null, "FAKTOR PEN": null, "PBB YG HAR": null, "FLG SYNC": null, "JML KRG BA": null, "FLG BAYAR": null, "ALAMAT OP": null, "NM KELURAH": null, "NM KECAMAT": null }, "geometry": { "type": "MultiPolygon", "coordinates": [ [ [ [ 110.373333844716711, -7.786341529294411, 0.0 ], [ 110.373408863752616, -7.786334315100977, 0.0 ], [ 110.373413955182684, -7.78638053379027, 0.0 ], [ 110.373337440462294, -7.786387745773483, 0.0 ], [ 110.373333844716711, -7.786341529294411, 0.0 ] ] ] ] } },
{ "type": "Feature", "properties": { "D_NOP": "347106000400200870", "D_LUAS": 35.29, "ASR": null, "KD PROPINS": null, "KD DATI2": null, "KD KECAMAT": null, "KD KELURAH": null, "KD BLOK": null, "NO URUT": null, "KD JNS OP": null, "THN PAJAK": null, "NO PERSIL": null, "LUAS BUMI": null, "LUAS BNG S": null, "NJOP BUMI": null, "NJOP BNG S": null, "NJOP SPPT": null, "NJOPTKP SP": null, "NJKP SPPT": null, "PBB TERHUT": null, "FAKTOR PEN": null, "PBB YG HAR": null, "FLG SYNC": null, "JML KRG BA": null, "FLG BAYAR": null, "ALAMAT OP": null, "NM KELURAH": null, "NM KECAMAT": null }, "geometry": { "type": "MultiPolygon", "coordinates": [ [ [ [ 110.373349960483097, -7.786165480433012, 0.0 ], [ 110.373348081403634, -7.78612152731078, 0.0 ], [ 110.37340850843087, -7.786120440980661, 0.0 ], [ 110.373410916242548, -7.786160868004816, 0.0 ], [ 110.373349960483097, -7.786165480433012, 0.0 ] ] ] ] } },
{ "type": "Feature", "properties": { "D_NOP": "347106000400200850", "D_LUAS": 982.84, "ASR": null, "KD PROPINS": null, "KD DATI2": null, "KD KECAMAT": null, "KD KELURAH": null, "KD BLOK": null, "NO URUT": null, "KD JNS OP": null, "THN PAJAK": null, "NO PERSIL": null, "LUAS BUMI": null, "LUAS BNG S": null, "NJOP BUMI": null, "NJOP BNG S": null, "NJOP SPPT": null, "NJOPTKP SP": null, "NJKP SPPT": null, "PBB TERHUT": null, "FAKTOR PEN": null, "PBB YG HAR": null, "FLG SYNC": null, "JML KRG BA": null, "FLG BAYAR": null, "ALAMAT OP": null, "NM KELURAH": null, "NM KECAMAT": null }, "geometry": { "type": "MultiPolygon", "coordinates": [ [ [ [ 110.372079564587295, -7.785590438082568, 0.0 ], [ 110.372380612309541, -7.785461112681656, 0.0 ], [ 110.372466586366372, -7.785680539445696, 0.0 ], [ 110.372207229764612, -7.785785238468146, 0.0 ], [ 110.372190551521854, -7.785786208537121, 0.0 ], [ 110.37215901434341, -7.785771692598784, 0.0 ], [ 110.372138414968717, -7.785744170531216, 0.0 ], [ 110.372079564587295, -7.785590438082568, 0.0 ] ] ] ] } },
{ "type": "Feature", "properties": { "D_NOP": "347106000400200840", "D_LUAS": 869.71, "ASR": null, "KD PROPINS": null, "KD DATI2": null, "KD KECAMAT": null, "KD KELURAH": null, "KD BLOK": null, "NO URUT": null, "KD JNS OP": null, "THN PAJAK": null, "NO PERSIL": null, "LUAS BUMI": null, "LUAS BNG S": null, "NJOP BUMI": null, "NJOP BNG S": null, "NJOP SPPT": null, "NJOPTKP SP": null, "NJKP SPPT": null, "PBB TERHUT": null, "FAKTOR PEN": null, "PBB YG HAR": null, "FLG SYNC": null, "JML KRG BA": null, "FLG BAYAR": null, "ALAMAT OP": null, "NM KELURAH": null, "NM KECAMAT": null }, "geometry": { "type": "MultiPolygon", "coordinates": [ [ [ [ 110.372466586366372, -7.785680539445696, 0.0 ], [ 110.372380612309541, -7.785461112681656, 0.0 ], [ 110.37251957510901, -7.785401090078326, 0.0 ], [ 110.372563870016066, -7.785385691608221, 0.0 ], [ 110.372687275903189, -7.785377192625368, 0.0 ], [ 110.372692301784269, -7.785668574544038, 0.0 ], [ 110.372466586366372, -7.785680539445696, 0.0 ] ] ] ] } },
{ "type": "Feature", "properties": { "D_NOP": "347106000400200830", "D_LUAS": 750.97, "ASR": null, "KD PROPINS": null, "KD DATI2": null, "KD KECAMAT": null, "KD KELURAH": null, "KD BLOK": null, "NO URUT": null, "KD JNS OP": null, "THN PAJAK": null, "NO PERSIL": null, "LUAS BUMI": null, "LUAS BNG S": null, "NJOP BUMI": null, "NJOP BNG S": null, "NJOP SPPT": null, "NJOPTKP SP": null, "NJKP SPPT": null, "PBB TERHUT": null, "FAKTOR PEN": null, "PBB YG HAR": null, "FLG SYNC": null, "JML KRG BA": null, "FLG BAYAR": null, "ALAMAT OP": null, "NM KELURAH": null, "NM KECAMAT": null }, "geometry": { "type": "MultiPolygon", "coordinates": [ [ [ [ 110.372692301784269, -7.785668574544038, 0.0 ], [ 110.372687275903189, -7.785377192625368, 0.0 ], [ 110.372701035282645, -7.785377755575482, 0.0 ], [ 110.372898468215382, -7.785375244158457, 0.0 ], [ 110.372900202416446, -7.785667525546362, 0.0 ], [ 110.372692301784269, -7.785668574544038, 0.0 ] ] ] ] } },
{ "type": "Feature", "properties": { "D_NOP": "347106000400200820", "D_LUAS": 754.22, "ASR": null, "KD PROPINS": null, "KD DATI2": null, "KD KECAMAT": null, "KD KELURAH": null, "KD BLOK": null, "NO URUT": null, "KD JNS OP": null, "THN PAJAK": null, "NO PERSIL": null, "LUAS BUMI": null, "LUAS BNG S": null, "NJOP BUMI": null, "NJOP BNG S": null, "NJOP SPPT": null, "NJOPTKP SP": null, "NJKP SPPT": null, "PBB TERHUT": null, "FAKTOR PEN": null, "PBB YG HAR": null, "FLG SYNC": null, "JML KRG BA": null, "FLG BAYAR": null, "ALAMAT OP": null, "NM KELURAH": null, "NM KECAMAT": null }, "geometry": { "type": "MultiPolygon", "coordinates": [ [ [ [ 110.372900202416446, -7.785667525546362, 0.0 ], [ 110.372898468215382, -7.785375244158457, 0.0 ], [ 110.373110648176805, -7.785362897273222, 0.0 ], [ 110.373108932261914, -7.785662046464958, 0.0 ], [ 110.372900202416446, -7.785667525546362, 0.0 ] ] ] ] } },
{ "type": "Feature", "properties": { "D_NOP": "347106000400200800", "D_LUAS": 822.21, "ASR": null, "KD PROPINS": null, "KD DATI2": null, "KD KECAMAT": null, "KD KELURAH": null, "KD BLOK": null, "NO URUT": null, "KD JNS OP": null, "THN PAJAK": null, "NO PERSIL": null, "LUAS BUMI": null, "LUAS BNG S": null, "NJOP BUMI": null, "NJOP BNG S": null, "NJOP SPPT": null, "NJOPTKP SP": null, "NJKP SPPT": null, "PBB TERHUT": null, "FAKTOR PEN": null, "PBB YG HAR": null, "FLG SYNC": null, "JML KRG BA": null, "FLG BAYAR": null, "ALAMAT OP": null, "NM KELURAH": null, "NM KECAMAT": null }, "geometry": { "type": "MultiPolygon", "coordinates": [ [ [ [ 110.373336062119961, -7.785654424084272, 0.0 ], [ 110.373333067445316, -7.785354634888332, 0.0 ], [ 110.373504646338375, -7.785337887030083, 0.0 ], [ 110.37353844706017, -7.785338931723954, 0.0 ], [ 110.373549426812716, -7.785650127260829, 0.0 ], [ 110.373336062119961, -7.785654424084272, 0.0 ] ] ] ] } },
{ "type": "Feature", "properties": { "D_NOP": "347106000400200790", "D_LUAS": 856.15, "ASR": null, "KD PROPINS": null, "KD DATI2": null, "KD KECAMAT": null, "KD KELURAH": null, "KD BLOK": null, "NO URUT": null, "KD JNS OP": null, "THN PAJAK": null, "NO PERSIL": null, "LUAS BUMI": null, "LUAS BNG S": null, "NJOP BUMI": null, "NJOP BNG S": null, "NJOP SPPT": null, "NJOPTKP SP": null, "NJKP SPPT": null, "PBB TERHUT": null, "FAKTOR PEN": null, "PBB YG HAR": null, "FLG SYNC": null, "JML KRG BA": null, "FLG BAYAR": null, "ALAMAT OP": null, "NM KELURAH": null, "NM KECAMAT": null }, "geometry": { "type": "MultiPolygon", "coordinates": [ [ [ [ 110.373549426812716, -7.785650127260829, 0.0 ], [ 110.37353844706017, -7.785338931723954, 0.0 ], [ 110.373708380302688, -7.785322452649563, 0.0 ], [ 110.373770147148022, -7.785325528147227, 0.0 ], [ 110.373774338673911, -7.785625319132149, 0.0 ], [ 110.373549426812716, -7.785650127260829, 0.0 ] ] ] ] } },
{ "type": "Feature", "properties": { "D_NOP": "347106000400200780", "D_LUAS": 786.35, "ASR": null, "KD PROPINS": null, "KD DATI2": null, "KD KECAMAT": null, "KD KELURAH": null, "KD BLOK": null, "NO URUT": null, "KD JNS OP": null, "THN PAJAK": null, "NO PERSIL": null, "LUAS BUMI": null, "LUAS BNG S": null, "NJOP BUMI": null, "NJOP BNG S": null, "NJOP SPPT": null, "NJOPTKP SP": null, "NJKP SPPT": null, "PBB TERHUT": null, "FAKTOR PEN": null, "PBB YG HAR": null, "FLG SYNC": null, "JML KRG BA": null, "FLG BAYAR": null, "ALAMAT OP": null, "NM KELURAH": null, "NM KECAMAT": null }, "geometry": { "type": "MultiPolygon", "coordinates": [ [ [ [ 110.373774338673911, -7.785625319132149, 0.0 ], [ 110.373770147148022, -7.785325528147227, 0.0 ], [ 110.373901387181647, -7.785329248807131, 0.0 ], [ 110.373987669642105, -7.785341403749197, 0.0 ], [ 110.373983070132084, -7.785618754426378, 0.0 ], [ 110.373774338673911, -7.785625319132149, 0.0 ] ] ] ] } },
{ "type": "Feature", "properties": { "D_NOP": "347106000400200770", "D_LUAS": 730.92, "ASR": null, "KD PROPINS": null, "KD DATI2": null, "KD KECAMAT": null, "KD KELURAH": null, "KD BLOK": null, "NO URUT": null, "KD JNS OP": null, "THN PAJAK": null, "NO PERSIL": null, "LUAS BUMI": null, "LUAS BNG S": null, "NJOP BUMI": null, "NJOP BNG S": null, "NJOP SPPT": null, "NJOPTKP SP": null, "NJKP SPPT": null, "PBB TERHUT": null, "FAKTOR PEN": null, "PBB YG HAR": null, "FLG SYNC": null, "JML KRG BA": null, "FLG BAYAR": null, "ALAMAT OP": null, "NM KELURAH": null, "NM KECAMAT": null }, "geometry": { "type": "MultiPolygon", "coordinates": [ [ [ [ 110.373983070132084, -7.785618754426378, 0.0 ], [ 110.373987669642105, -7.785341403749197, 0.0 ], [ 110.374099221061428, -7.785358931506321, 0.0 ], [ 110.374224304441171, -7.785379101755082, 0.0 ], [ 110.374210244987381, -7.78563120772808, 0.0 ], [ 110.373983070132084, -7.785618754426378, 0.0 ] ] ] ] } },
{ "type": "Feature", "properties": { "D_NOP": "347106000400200760", "D_LUAS": 861.74, "ASR": null, "KD PROPINS": null, "KD DATI2": null, "KD KECAMAT": null, "KD KELURAH": null, "KD BLOK": null, "NO URUT": null, "KD JNS OP": null, "THN PAJAK": null, "NO PERSIL": null, "LUAS BUMI": null, "LUAS BNG S": null, "NJOP BUMI": null, "NJOP BNG S": null, "NJOP SPPT": null, "NJOPTKP SP": null, "NJKP SPPT": null, "PBB TERHUT": null, "FAKTOR PEN": null, "PBB YG HAR": null, "FLG SYNC": null, "JML KRG BA": null, "FLG BAYAR": null, "ALAMAT OP": null, "NM KELURAH": null, "NM KECAMAT": null }, "geometry": { "type": "MultiPolygon", "coordinates": [ [ [ [ 110.374210244987381, -7.78563120772808, 0.0 ], [ 110.374224304441171, -7.785379101755082, 0.0 ], [ 110.374286666622524, -7.785384167579154, 0.0 ], [ 110.374520158158077, -7.785423488576924, 0.0 ], [ 110.374495502033355, -7.785610015140415, 0.0 ], [ 110.374487305685818, -7.785640298048683, 0.0 ], [ 110.374481013663356, -7.785647161662684, 0.0 ], [ 110.374464405648084, -7.785651206641759, 0.0 ], [ 110.374210244987381, -7.78563120772808, 0.0 ] ] ] ] } },
{ "type": "Feature", "properties": { "D_NOP": "347106000400200750", "D_LUAS": 1031.03, "ASR": null, "KD PROPINS": null, "KD DATI2": null, "KD KECAMAT": null, "KD KELURAH": null, "KD BLOK": null, "NO URUT": null, "KD JNS OP": null, "THN PAJAK": null, "NO PERSIL": null, "LUAS BUMI": null, "LUAS BNG S": null, "NJOP BUMI": null, "NJOP BNG S": null, "NJOP SPPT": null, "NJOPTKP SP": null, "NJKP SPPT": null, "PBB TERHUT": null, "FAKTOR PEN": null, "PBB YG HAR": null, "FLG SYNC": null, "JML KRG BA": null, "FLG BAYAR": null, "ALAMAT OP": null, "NM KELURAH": null, "NM KECAMAT": null }, "geometry": { "type": "MultiPolygon", "coordinates": [ [ [ [ 110.374286666622524, -7.785384167579154, 0.0 ], [ 110.374337141318833, -7.785034176566846, 0.0 ], [ 110.374473746925446, -7.785050565555297, 0.0 ], [ 110.374490936155169, -7.785058006400912, 0.0 ], [ 110.374521295879489, -7.785059678969458, 0.0 ], [ 110.374538193350872, -7.785062145577104, 0.0 ], [ 110.374544994367085, -7.785065049458042, 0.0 ], [ 110.374552014504957, -7.78507148054256, 0.0 ], [ 110.374559037458738, -7.78507601254161, 0.0 ], [ 110.374565068784364, -7.78509365583905, 0.0 ], [ 110.374563234424244, -7.785120330819791, 0.0 ], [ 110.374520158158077, -7.785423488576924, 0.0 ], [ 110.374286666622524, -7.785384167579154, 0.0 ] ] ] ] } },
{ "type": "Feature", "properties": { "D_NOP": "347106000400200740", "D_LUAS": 842.9, "ASR": null, "KD PROPINS": "34", "KD DATI2": "71", "KD KECAMAT": "060", "KD KELURAH": "004", "KD BLOK": "002", "NO URUT": "0074", "KD JNS OP": "0", "THN PAJAK": "2023", "NO PERSIL": "GB292", "LUAS BUMI": "827", "LUAS BNG S": 1394, "NJOP BUMI": 8646285000.0, "NJOP BNG S": 3659250000.0, "NJOP SPPT": 12305535000.0, "NJOPTKP SP": 20000000.0, "NJKP SPPT": 0, "PBB TERHUT": 30713838, "FAKTOR PEN": 5403929.0, "PBB YG HAR": 25309909, "FLG SYNC": "0", "JML KRG BA": "0", "FLG BAYAR": "0", "ALAMAT OP": "JL SUPADI 18 RW 03 RT 004", "NM KELURAH": "KOTABARU", "NM KECAMAT": "GONDOKUSUMAN" }, "geometry": { "type": "MultiPolygon", "coordinates": [ [ [ [ 110.374099221061428, -7.785358931506321, 0.0 ], [ 110.374144320746879, -7.785002692730634, 0.0 ], [ 110.374337141318833, -7.785034176566846, 0.0 ], [ 110.374286666622524, -7.785384167579154, 0.0 ], [ 110.374224304441171, -7.785379101755082, 0.0 ], [ 110.374099221061428, -7.785358931506321, 0.0 ] ] ] ] } },
{ "type": "Feature", "properties": { "D_NOP": "347106000400200730", "D_LUAS": 884.76, "ASR": null, "KD PROPINS": null, "KD DATI2": null, "KD KECAMAT": null, "KD KELURAH": null, "KD BLOK": null, "NO URUT": null, "KD JNS OP": null, "THN PAJAK": null, "NO PERSIL": null, "LUAS BUMI": null, "LUAS BNG S": null, "NJOP BUMI": null, "NJOP BNG S": null, "NJOP SPPT": null, "NJOPTKP SP": null, "NJKP SPPT": null, "PBB TERHUT": null, "FAKTOR PEN": null, "PBB YG HAR": null, "FLG SYNC": null, "JML KRG BA": null, "FLG BAYAR": null, "ALAMAT OP": null, "NM KELURAH": null, "NM KECAMAT": null }, "geometry": { "type": "MultiPolygon", "coordinates": [ [ [ [ 110.373901387181647, -7.785329248807131, 0.0 ], [ 110.373930607141872, -7.784990349724949, 0.0 ], [ 110.374144320746879, -7.785002692730634, 0.0 ], [ 110.374099221061428, -7.785358931506321, 0.0 ], [ 110.373987669642105, -7.785341403749197, 0.0 ], [ 110.373901387181647, -7.785329248807131, 0.0 ] ] ] ] } },
{ "type": "Feature", "properties": { "D_NOP": "347106000400200720", "D_LUAS": 842.49, "ASR": null, "KD PROPINS": null, "KD DATI2": null, "KD KECAMAT": null, "KD KELURAH": null, "KD BLOK": null, "NO URUT": null, "KD JNS OP": null, "THN PAJAK": null, "NO PERSIL": null, "LUAS BUMI": null, "LUAS BNG S": null, "NJOP BUMI": null, "NJOP BNG S": null, "NJOP SPPT": null, "NJOPTKP SP": null, "NJKP SPPT": null, "PBB TERHUT": null, "FAKTOR PEN": null, "PBB YG HAR": null, "FLG SYNC": null, "JML KRG BA": null, "FLG BAYAR": null, "ALAMAT OP": null, "NM KELURAH": null, "NM KECAMAT": null }, "geometry": { "type": "MultiPolygon", "coordinates": [ [ [ [ 110.373708380302688, -7.785322452649563, 0.0 ], [ 110.373721764559093, -7.784971231344214, 0.0 ], [ 110.373930607141872, -7.784990349724949, 0.0 ], [ 110.373901387181647, -7.785329248807131, 0.0 ], [ 110.373770147148022, -7.785325528147227, 0.0 ], [ 110.373708380302688, -7.785322452649563, 0.0 ] ] ] ] } },
{ "type": "Feature", "properties": { "D_NOP": "347106000400200710", "D_LUAS": 925.97, "ASR": null, "KD PROPINS": null, "KD DATI2": null, "KD KECAMAT": null, "KD KELURAH": null, "KD BLOK": null, "NO URUT": null, "KD JNS OP": null, "THN PAJAK": null, "NO PERSIL": null, "LUAS BUMI": null, "LUAS BNG S": null, "NJOP BUMI": null, "NJOP BNG S": null, "NJOP SPPT": null, "NJOPTKP SP": null, "NJKP SPPT": null, "PBB TERHUT": null, "FAKTOR PEN": null, "PBB YG HAR": null, "FLG SYNC": null, "JML KRG BA": null, "FLG BAYAR": null, "ALAMAT OP": null, "NM KELURAH": null, "NM KECAMAT": null }, "geometry": { "type": "MultiPolygon", "coordinates": [ [ [ [ 110.373504646338375, -7.785337887030083, 0.0 ], [ 110.373500993677766, -7.784977506862644, 0.0 ], [ 110.373721764559093, -7.784971231344214, 0.0 ], [ 110.373708380302688, -7.785322452649563, 0.0 ], [ 110.37353844706017, -7.785338931723954, 0.0 ], [ 110.373504646338375, -7.785337887030083, 0.0 ] ] ] ] } },
{ "type": "Feature", "properties": { "D_NOP": "347106000400200700", "D_LUAS": 957.14, "ASR": null, "KD PROPINS": null, "KD DATI2": null, "KD KECAMAT": null, "KD KELURAH": null, "KD BLOK": null, "NO URUT": null, "KD JNS OP": null, "THN PAJAK": null, "NO PERSIL": null, "LUAS BUMI": null, "LUAS BNG S": null, "NJOP BUMI": null, "NJOP BNG S": null, "NJOP SPPT": null, "NJOPTKP SP": null, "NJKP SPPT": null, "PBB TERHUT": null, "FAKTOR PEN": null, "PBB YG HAR": null, "FLG SYNC": null, "JML KRG BA": null, "FLG BAYAR": null, "ALAMAT OP": null, "NM KELURAH": null, "NM KECAMAT": null }, "geometry": { "type": "MultiPolygon", "coordinates": [ [ [ [ 110.373301137120876, -7.785353050345218, 0.0 ], [ 110.373293535750648, -7.784982807178054, 0.0 ], [ 110.373500993677766, -7.784977506862644, 0.0 ], [ 110.373504646338375, -7.785337887030083, 0.0 ], [ 110.373333067445316, -7.785354634888332, 0.0 ], [ 110.373301137120876, -7.785353050345218, 0.0 ] ] ] ] } },
{ "type": "Feature", "properties": { "D_NOP": "347106000400200690", "D_LUAS": 737.54, "ASR": null, "KD PROPINS": null, "KD DATI2": null, "KD KECAMAT": null, "KD KELURAH": null, "KD BLOK": null, "NO URUT": null, "KD JNS OP": null, "THN PAJAK": null, "NO PERSIL": null, "LUAS BUMI": null, "LUAS BNG S": null, "NJOP BUMI": null, "NJOP BNG S": null, "NJOP SPPT": null, "NJOPTKP SP": null, "NJKP SPPT": null, "PBB TERHUT": null, "FAKTOR PEN": null, "PBB YG HAR": null, "FLG SYNC": null, "JML KRG BA": null, "FLG BAYAR": null, "ALAMAT OP": null, "NM KELURAH": null, "NM KECAMAT": null }, "geometry": { "type": "MultiPolygon", "coordinates": [ [ [ [ 110.3731277744333, -7.78536237999285, 0.0 ], [ 110.373126164232701, -7.784986538856203, 0.0 ], [ 110.373293535750648, -7.784982807178054, 0.0 ], [ 110.373301137120876, -7.785353050345218, 0.0 ], [ 110.3731277744333, -7.78536237999285, 0.0 ] ] ] ] } },
{ "type": "Feature", "properties": { "D_NOP": "347106000400200680", "D_LUAS": 1037.51, "ASR": null, "KD PROPINS": null, "KD DATI2": null, "KD KECAMAT": null, "KD KELURAH": null, "KD BLOK": null, "NO URUT": null, "KD JNS OP": null, "THN PAJAK": null, "NO PERSIL": null, "LUAS BUMI": null, "LUAS BNG S": null, "NJOP BUMI": null, "NJOP BNG S": null, "NJOP SPPT": null, "NJOPTKP SP": null, "NJKP SPPT": null, "PBB TERHUT": null, "FAKTOR PEN": null, "PBB YG HAR": null, "FLG SYNC": null, "JML KRG BA": null, "FLG BAYAR": null, "ALAMAT OP": null, "NM KELURAH": null, "NM KECAMAT": null }, "geometry": { "type": "MultiPolygon", "coordinates": [ [ [ [ 110.372898468215382, -7.785375244158457, 0.0 ], [ 110.37289430710959, -7.785005096531942, 0.0 ], [ 110.373126164232701, -7.784986538856203, 0.0 ], [ 110.3731277744333, -7.78536237999285, 0.0 ], [ 110.373110648176805, -7.785362897273222, 0.0 ], [ 110.372898468215382, -7.785375244158457, 0.0 ] ] ] ] } },
{ "type": "Feature", "properties": { "D_NOP": "347106000400200670", "D_LUAS": 958.17, "ASR": null, "KD PROPINS": null, "KD DATI2": null, "KD KECAMAT": null, "KD KELURAH": null, "KD BLOK": null, "NO URUT": null, "KD JNS OP": null, "THN PAJAK": null, "NO PERSIL": null, "LUAS BUMI": null, "LUAS BNG S": null, "NJOP BUMI": null, "NJOP BNG S": null, "NJOP SPPT": null, "NJOPTKP SP": null, "NJKP SPPT": null, "PBB TERHUT": null, "FAKTOR PEN": null, "PBB YG HAR": null, "FLG SYNC": null, "JML KRG BA": null, "FLG BAYAR": null, "ALAMAT OP": null, "NM KELURAH": null, "NM KECAMAT": null }, "geometry": { "type": "MultiPolygon", "coordinates": [ [ [ [ 110.372701035282645, -7.785377755575482, 0.0 ], [ 110.37268054948008, -7.785022414793163, 0.0 ], [ 110.37289430710959, -7.785005096531942, 0.0 ], [ 110.372898468215382, -7.785375244158457, 0.0 ], [ 110.372701035282645, -7.785377755575482, 0.0 ] ] ] ] } },
{ "type": "Feature", "properties": { "D_NOP": "347106000400200660", "D_LUAS": 851.24, "ASR": null, "KD PROPINS": null, "KD DATI2": null, "KD KECAMAT": null, "KD KELURAH": null, "KD BLOK": null, "NO URUT": null, "KD JNS OP": null, "THN PAJAK": null, "NO PERSIL": null, "LUAS BUMI": null, "LUAS BNG S": null, "NJOP BUMI": null, "NJOP BNG S": null, "NJOP SPPT": null, "NJOPTKP SP": null, "NJKP SPPT": null, "PBB TERHUT": null, "FAKTOR PEN": null, "PBB YG HAR": null, "FLG SYNC": null, "JML KRG BA": null, "FLG BAYAR": null, "ALAMAT OP": null, "NM KELURAH": null, "NM KECAMAT": null }, "geometry": { "type": "MultiPolygon", "coordinates": [ [ [ [ 110.37251957510901, -7.785401090078326, 0.0 ], [ 110.372511356994323, -7.785345371314522, 0.0 ], [ 110.372499783574028, -7.785282955558747, 0.0 ], [ 110.372460643984283, -7.78505021405283, 0.0 ], [ 110.37263237770577, -7.785029849457382, 0.0 ], [ 110.37268054948008, -7.785022414793163, 0.0 ], [ 110.372701035282645, -7.785377755575482, 0.0 ], [ 110.372687275903189, -7.785377192625368, 0.0 ], [ 110.372563870016066, -7.785385691608221, 0.0 ], [ 110.37251957510901, -7.785401090078326, 0.0 ] ] ] ] } },
{ "type": "Feature", "properties": { "D_NOP": "347106000400200650", "D_LUAS": 549.76, "ASR": null, "KD PROPINS": null, "KD DATI2": null, "KD KECAMAT": null, "KD KELURAH": null, "KD BLOK": null, "NO URUT": null, "KD JNS OP": null, "THN PAJAK": null, "NO PERSIL": null, "LUAS BUMI": null, "LUAS BNG S": null, "NJOP BUMI": null, "NJOP BNG S": null, "NJOP SPPT": null, "NJOPTKP SP": null, "NJKP SPPT": null, "PBB TERHUT": null, "FAKTOR PEN": null, "PBB YG HAR": null, "FLG SYNC": null, "JML KRG BA": null, "FLG BAYAR": null, "ALAMAT OP": null, "NM KELURAH": null, "NM KECAMAT": null }, "geometry": { "type": "MultiPolygon", "coordinates": [ [ [ [ 110.372079564587295, -7.785590438082568, 0.0 ], [ 110.372029625407436, -7.785478950936821, 0.0 ], [ 110.372207942339287, -7.785406959152579, 0.0 ], [ 110.372217343541152, -7.785421442316788, 0.0 ], [ 110.372250190912581, -7.785409825111206, 0.0 ], [ 110.372259440260933, -7.785425845407298, 0.0 ], [ 110.372368517709162, -7.785397158795028, 0.0 ], [ 110.372373962650627, -7.785406752729911, 0.0 ], [ 110.372418259984215, -7.785389726488718, 0.0 ], [ 110.372415594683048, -7.785371635985026, 0.0 ], [ 110.372426678265327, -7.785361162182878, 0.0 ], [ 110.37241318804206, -7.785330485500888, 0.0 ], [ 110.372421567035332, -7.785328327513633, 0.0 ], [ 110.372443258318128, -7.785325646629333, 0.0 ], [ 110.372447354599345, -7.785336956790742, 0.0 ], [ 110.372462162965121, -7.785336164808816, 0.0 ], [ 110.372475216463926, -7.785358792324277, 0.0 ], [ 110.372511356994323, -7.785345371314522, 0.0 ], [ 110.37251957510901, -7.785401090078326, 0.0 ], [ 110.372380612309541, -7.785461112681656, 0.0 ], [ 110.372079564587295, -7.785590438082568, 0.0 ] ] ] ] } },
{ "type": "Feature", "properties": { "D_NOP": "347106000400200640", "D_LUAS": 1849.67, "ASR": null, "KD PROPINS": null, "KD DATI2": null, "KD KECAMAT": null, "KD KELURAH": null, "KD BLOK": null, "NO URUT": null, "KD JNS OP": null, "THN PAJAK": null, "NO PERSIL": null, "LUAS BUMI": null, "LUAS BNG S": null, "NJOP BUMI": null, "NJOP BNG S": null, "NJOP SPPT": null, "NJOPTKP SP": null, "NJKP SPPT": null, "PBB TERHUT": null, "FAKTOR PEN": null, "PBB YG HAR": null, "FLG SYNC": null, "JML KRG BA": null, "FLG BAYAR": null, "ALAMAT OP": null, "NM KELURAH": null, "NM KECAMAT": null }, "geometry": { "type": "MultiPolygon", "coordinates": [ [ [ [ 110.372029625407436, -7.785478950936821, 0.0 ], [ 110.371936739695968, -7.785230665807266, 0.0 ], [ 110.371935350718942, -7.785209231179103, 0.0 ], [ 110.37193455045076, -7.785194218150872, 0.0 ], [ 110.371945711111437, -7.785182207118514, 0.0 ], [ 110.371956867193717, -7.78517327079389, 0.0 ], [ 110.372115178024032, -7.785127294054949, 0.0 ], [ 110.372183027179275, -7.785113648718959, 0.0 ], [ 110.372460643984283, -7.78505021405283, 0.0 ], [ 110.372499484170575, -7.785283135981322, 0.0 ], [ 110.372479293674317, -7.785282382643104, 0.0 ], [ 110.372466648266553, -7.785236785800985, 0.0 ], [ 110.37240530863312, -7.785248179994946, 0.0 ], [ 110.372421567035332, -7.785328327513633, 0.0 ], [ 110.37241318804206, -7.785330485500888, 0.0 ], [ 110.372426678265327, -7.785361162182878, 0.0 ], [ 110.372415594683048, -7.785371635985026, 0.0 ], [ 110.372418259984215, -7.785389726488718, 0.0 ], [ 110.372373962650627, -7.785406752729911, 0.0 ], [ 110.372368664854406, -7.785398786803128, 0.0 ], [ 110.372368517709162, -7.785397158795028, 0.0 ], [ 110.372259440260933, -7.785425845407298, 0.0 ], [ 110.372250190912581, -7.785409825111206, 0.0 ], [ 110.372217343541152, -7.785421442316788, 0.0 ], [ 110.372207942339287, -7.785406959152579, 0.0 ], [ 110.372029625407436, -7.785478950936821, 0.0 ] ] ] ] } },
{ "type": "Feature", "properties": { "D_NOP": "347106000400200630", "D_LUAS": 95.36, "ASR": null, "KD PROPINS": null, "KD DATI2": null, "KD KECAMAT": null, "KD KELURAH": null, "KD BLOK": null, "NO URUT": null, "KD JNS OP": null, "THN PAJAK": null, "NO PERSIL": null, "LUAS BUMI": null, "LUAS BNG S": null, "NJOP BUMI": null, "NJOP BNG S": null, "NJOP SPPT": null, "NJOPTKP SP": null, "NJKP SPPT": null, "PBB TERHUT": null, "FAKTOR PEN": null, "PBB YG HAR": null, "FLG SYNC": null, "JML KRG BA": null, "FLG BAYAR": null, "ALAMAT OP": null, "NM KELURAH": null, "NM KECAMAT": null }, "geometry": { "type": "MultiPolygon", "coordinates": [ [ [ [ 110.372421567035332, -7.785328327513633, 0.0 ], [ 110.37240530863312, -7.785248179994946, 0.0 ], [ 110.372466648266553, -7.785236785800985, 0.0 ], [ 110.372479293674317, -7.785282382643104, 0.0 ], [ 110.372499484170575, -7.785283135981322, 0.0 ], [ 110.372511356994323, -7.785345371314522, 0.0 ], [ 110.372475216463926, -7.785358792324277, 0.0 ], [ 110.372462162965121, -7.785336164808816, 0.0 ], [ 110.372447354599345, -7.785336956790742, 0.0 ], [ 110.372443258318128, -7.785325646629333, 0.0 ], [ 110.372421567035332, -7.785328327513633, 0.0 ] ] ] ] } },
{ "type": "Feature", "properties": { "D_NOP": "347106000400200620", "D_LUAS": 1080.6, "ASR": null, "KD PROPINS": null, "KD DATI2": null, "KD KECAMAT": null, "KD KELURAH": null, "KD BLOK": null, "NO URUT": null, "KD JNS OP": null, "THN PAJAK": null, "NO PERSIL": null, "LUAS BUMI": null, "LUAS BNG S": null, "NJOP BUMI": null, "NJOP BNG S": null, "NJOP SPPT": null, "NJOPTKP SP": null, "NJKP SPPT": null, "PBB TERHUT": null, "FAKTOR PEN": null, "PBB YG HAR": null, "FLG SYNC": null, "JML KRG BA": null, "FLG BAYAR": null, "ALAMAT OP": null, "NM KELURAH": null, "NM KECAMAT": null }, "geometry": { "type": "MultiPolygon", "coordinates": [ [ [ [ 110.372029799944116, -7.7847086446773, 0.0 ], [ 110.37212945062393, -7.7850342598418, 0.0 ], [ 110.371974070929838, -7.785070474188372, 0.0 ], [ 110.371957465075752, -7.785073072147806, 0.0 ], [ 110.371942576819777, -7.785077300440484, 0.0 ], [ 110.371920813188822, -7.785078353402574, 0.0 ], [ 110.371892031618287, -7.785071528316892, 0.0 ], [ 110.371868955952024, -7.785049699837535, 0.0 ], [ 110.371770724651128, -7.784775452553944, 0.0 ], [ 110.372029799944116, -7.7847086446773, 0.0 ] ] ] ] } },
{ "type": "Feature", "properties": { "D_NOP": "347106000400200610", "D_LUAS": 780.51, "ASR": null, "KD PROPINS": null, "KD DATI2": null, "KD KECAMAT": null, "KD KELURAH": null, "KD BLOK": null, "NO URUT": null, "KD JNS OP": null, "THN PAJAK": null, "NO PERSIL": null, "LUAS BUMI": null, "LUAS BNG S": null, "NJOP BUMI": null, "NJOP BNG S": null, "NJOP SPPT": null, "NJOPTKP SP": null, "NJKP SPPT": null, "PBB TERHUT": null, "FAKTOR PEN": null, "PBB YG HAR": null, "FLG SYNC": null, "JML KRG BA": null, "FLG BAYAR": null, "ALAMAT OP": null, "NM KELURAH": null, "NM KECAMAT": null }, "geometry": { "type": "MultiPolygon", "coordinates": [ [ [ [ 110.37212945062393, -7.7850342598418, 0.0 ], [ 110.372029799944116, -7.7847086446773, 0.0 ], [ 110.372202917989938, -7.784662508949033, 0.0 ], [ 110.37221151768729, -7.784662792977112, 0.0 ], [ 110.372304587146971, -7.784988669667432, 0.0 ], [ 110.37212945062393, -7.7850342598418, 0.0 ] ] ] ] } },
{ "type": "Feature", "properties": { "D_NOP": "347106000400200600", "D_LUAS": 611.5, "ASR": null, "KD PROPINS": null, "KD DATI2": null, "KD KECAMAT": null, "KD KELURAH": null, "KD BLOK": null, "NO URUT": null, "KD JNS OP": null, "THN PAJAK": null, "NO PERSIL": null, "LUAS BUMI": null, "LUAS BNG S": null, "NJOP BUMI": null, "NJOP BNG S": null, "NJOP SPPT": null, "NJOPTKP SP": null, "NJKP SPPT": null, "PBB TERHUT": null, "FAKTOR PEN": null, "PBB YG HAR": null, "FLG SYNC": null, "JML KRG BA": null, "FLG BAYAR": null, "ALAMAT OP": null, "NM KELURAH": null, "NM KECAMAT": null }, "geometry": { "type": "MultiPolygon", "coordinates": [ [ [ [ 110.372304587146971, -7.784988669667432, 0.0 ], [ 110.37221151768729, -7.784662792977112, 0.0 ], [ 110.372368551062351, -7.784620793277562, 0.0 ], [ 110.37244701659283, -7.784960936715382, 0.0 ], [ 110.372304587146971, -7.784988669667432, 0.0 ] ] ] ] } },
{ "type": "Feature", "properties": { "D_NOP": "347106000400200590", "D_LUAS": 602.58, "ASR": null, "KD PROPINS": null, "KD DATI2": null, "KD KECAMAT": null, "KD KELURAH": null, "KD BLOK": null, "NO URUT": null, "KD JNS OP": null, "THN PAJAK": null, "NO PERSIL": null, "LUAS BUMI": null, "LUAS BNG S": null, "NJOP BUMI": null, "NJOP BNG S": null, "NJOP SPPT": null, "NJOPTKP SP": null, "NJKP SPPT": null, "PBB TERHUT": null, "FAKTOR PEN": null, "PBB YG HAR": null, "FLG SYNC": null, "JML KRG BA": null, "FLG BAYAR": null, "ALAMAT OP": null, "NM KELURAH": null, "NM KECAMAT": null }, "geometry": { "type": "MultiPolygon", "coordinates": [ [ [ [ 110.37244701659283, -7.784960936715382, 0.0 ], [ 110.372368551062351, -7.784620793277562, 0.0 ], [ 110.372383206741418, -7.78462208102485, 0.0 ], [ 110.372514269642082, -7.784593879055048, 0.0 ], [ 110.372562964445194, -7.784938680937254, 0.0 ], [ 110.37244701659283, -7.784960936715382, 0.0 ] ] ] ] } },
{ "type": "Feature", "properties": { "D_NOP": "347106000400200580", "D_LUAS": 198.07, "ASR": null, "KD PROPINS": null, "KD DATI2": null, "KD KECAMAT": null, "KD KELURAH": null, "KD BLOK": null, "NO URUT": null, "KD JNS OP": null, "THN PAJAK": null, "NO PERSIL": null, "LUAS BUMI": null, "LUAS BNG S": null, "NJOP BUMI": null, "NJOP BNG S": null, "NJOP SPPT": null, "NJOPTKP SP": null, "NJKP SPPT": null, "PBB TERHUT": null, "FAKTOR PEN": null, "PBB YG HAR": null, "FLG SYNC": null, "JML KRG BA": null, "FLG BAYAR": null, "ALAMAT OP": null, "NM KELURAH": null, "NM KECAMAT": null }, "geometry": { "type": "MultiPolygon", "coordinates": [ [ [ [ 110.372562964445194, -7.784938680937254, 0.0 ], [ 110.372514269642082, -7.784593879055048, 0.0 ], [ 110.372562072426092, -7.78458309784078, 0.0 ], [ 110.372606053080702, -7.784929791835594, 0.0 ], [ 110.372562964445194, -7.784938680937254, 0.0 ] ] ] ] } },
{ "type": "Feature", "properties": { "D_NOP": "347106000400200570", "D_LUAS": 517.53, "ASR": null, "KD PROPINS": null, "KD DATI2": null, "KD KECAMAT": null, "KD KELURAH": null, "KD BLOK": null, "NO URUT": null, "KD JNS OP": null, "THN PAJAK": null, "NO PERSIL": null, "LUAS BUMI": null, "LUAS BNG S": null, "NJOP BUMI": null, "NJOP BNG S": null, "NJOP SPPT": null, "NJOPTKP SP": null, "NJKP SPPT": null, "PBB TERHUT": null, "FAKTOR PEN": null, "PBB YG HAR": null, "FLG SYNC": null, "JML KRG BA": null, "FLG BAYAR": null, "ALAMAT OP": null, "NM KELURAH": null, "NM KECAMAT": null }, "geometry": { "type": "MultiPolygon", "coordinates": [ [ [ [ 110.372606053080702, -7.784929791835594, 0.0 ], [ 110.372562072426092, -7.78458309784078, 0.0 ], [ 110.372579805256379, -7.784576974643692, 0.0 ], [ 110.372682216112608, -7.784555422260029, 0.0 ], [ 110.372720500811113, -7.784910518076337, 0.0 ], [ 110.372606053080702, -7.784929791835594, 0.0 ] ] ] ] } },
{ "type": "Feature", "properties": { "D_NOP": "347106000400200560", "D_LUAS": 1138.76, "ASR": null, "KD PROPINS": null, "KD DATI2": null, "KD KECAMAT": null, "KD KELURAH": null, "KD BLOK": null, "NO URUT": null, "KD JNS OP": null, "THN PAJAK": null, "NO PERSIL": null, "LUAS BUMI": null, "LUAS BNG S": null, "NJOP BUMI": null, "NJOP BNG S": null, "NJOP SPPT": null, "NJOPTKP SP": null, "NJKP SPPT": null, "PBB TERHUT": null, "FAKTOR PEN": null, "PBB YG HAR": null, "FLG SYNC": null, "JML KRG BA": null, "FLG BAYAR": null, "ALAMAT OP": null, "NM KELURAH": null, "NM KECAMAT": null }, "geometry": { "type": "MultiPolygon", "coordinates": [ [ [ [ 110.372720500811113, -7.784910518076337, 0.0 ], [ 110.372682216112608, -7.784555422260029, 0.0 ], [ 110.372713712192478, -7.784547239459675, 0.0 ], [ 110.372954393512359, -7.784528694909587, 0.0 ], [ 110.372959262686408, -7.784573466349079, 0.0 ], [ 110.372977034836921, -7.784893082170701, 0.0 ], [ 110.372720500811113, -7.784910518076337, 0.0 ] ] ] ] } },
{ "type": "Feature", "properties": { "D_NOP": "347106000400200550", "D_LUAS": 809.14, "ASR": null, "KD PROPINS": null, "KD DATI2": null, "KD KECAMAT": null, "KD KELURAH": null, "KD BLOK": null, "NO URUT": null, "KD JNS OP": null, "THN PAJAK": null, "NO PERSIL": null, "LUAS BUMI": null, "LUAS BNG S": null, "NJOP BUMI": null, "NJOP BNG S": null, "NJOP SPPT": null, "NJOPTKP SP": null, "NJKP SPPT": null, "PBB TERHUT": null, "FAKTOR PEN": null, "PBB YG HAR": null, "FLG SYNC": null, "JML KRG BA": null, "FLG BAYAR": null, "ALAMAT OP": null, "NM KELURAH": null, "NM KECAMAT": null }, "geometry": { "type": "MultiPolygon", "coordinates": [ [ [ [ 110.372977034836921, -7.784893082170701, 0.0 ], [ 110.372959262686408, -7.784573466349079, 0.0 ], [ 110.373112281788949, -7.784565553600688, 0.0 ], [ 110.373172933210057, -7.784564286752736, 0.0 ], [ 110.373167454157766, -7.784879617870817, 0.0 ], [ 110.372977034836921, -7.784893082170701, 0.0 ] ] ] ] } },
{ "type": "Feature", "properties": { "D_NOP": "347106000400200540", "D_LUAS": 759.61, "ASR": null, "KD PROPINS": null, "KD DATI2": null, "KD KECAMAT": null, "KD KELURAH": null, "KD BLOK": null, "NO URUT": null, "KD JNS OP": null, "THN PAJAK": null, "NO PERSIL": null, "LUAS BUMI": null, "LUAS BNG S": null, "NJOP BUMI": null, "NJOP BNG S": null, "NJOP SPPT": null, "NJOPTKP SP": null, "NJKP SPPT": null, "PBB TERHUT": null, "FAKTOR PEN": null, "PBB YG HAR": null, "FLG SYNC": null, "JML KRG BA": null, "FLG BAYAR": null, "ALAMAT OP": null, "NM KELURAH": null, "NM KECAMAT": null }, "geometry": { "type": "MultiPolygon", "coordinates": [ [ [ [ 110.373167454157766, -7.784879617870817, 0.0 ], [ 110.373172933210057, -7.784564286752736, 0.0 ], [ 110.373197165074458, -7.784562966073388, 0.0 ], [ 110.373368806875334, -7.784553995559929, 0.0 ], [ 110.373369390004157, -7.784866260933624, 0.0 ], [ 110.373167454157766, -7.784879617870817, 0.0 ] ] ] ] } },
{ "type": "Feature", "properties": { "D_NOP": "347106000400200530", "D_LUAS": 1853.17, "ASR": null, "KD PROPINS": null, "KD DATI2": null, "KD KECAMAT": null, "KD KELURAH": null, "KD BLOK": null, "NO URUT": null, "KD JNS OP": null, "THN PAJAK": null, "NO PERSIL": null, "LUAS BUMI": null, "LUAS BNG S": null, "NJOP BUMI": null, "NJOP BNG S": null, "NJOP SPPT": null, "NJOPTKP SP": null, "NJKP SPPT": null, "PBB TERHUT": null, "FAKTOR PEN": null, "PBB YG HAR": null, "FLG SYNC": null, "JML KRG BA": null, "FLG BAYAR": null, "ALAMAT OP": null, "NM KELURAH": null, "NM KECAMAT": null }, "geometry": { "type": "MultiPolygon", "coordinates": [ [ [ [ 110.373369390004157, -7.784866260933624, 0.0 ], [ 110.373368806875334, -7.784553995559929, 0.0 ], [ 110.373374483068091, -7.784508606672564, 0.0 ], [ 110.373585975714562, -7.784505573078831, 0.0 ], [ 110.373795376979388, -7.784500818067859, 0.0 ], [ 110.373775474848429, -7.784859987853327, 0.0 ], [ 110.373369390004157, -7.784866260933624, 0.0 ] ] ] ] } },
{ "type": "Feature", "properties": { "D_NOP": "347106000400200520", "D_LUAS": 988.12, "ASR": null, "KD PROPINS": null, "KD DATI2": null, "KD KECAMAT": null, "KD KELURAH": null, "KD BLOK": null, "NO URUT": null, "KD JNS OP": null, "THN PAJAK": null, "NO PERSIL": null, "LUAS BUMI": null, "LUAS BNG S": null, "NJOP BUMI": null, "NJOP BNG S": null, "NJOP SPPT": null, "NJOPTKP SP": null, "NJKP SPPT": null, "PBB TERHUT": null, "FAKTOR PEN": null, "PBB YG HAR": null, "FLG SYNC": null, "JML KRG BA": null, "FLG BAYAR": null, "ALAMAT OP": null, "NM KELURAH": null, "NM KECAMAT": null }, "geometry": { "type": "MultiPolygon", "coordinates": [ [ [ [ 110.373775474848429, -7.784859987853327, 0.0 ], [ 110.373795376979388, -7.784500818067859, 0.0 ], [ 110.373993598471557, -7.784521005912057, 0.0 ], [ 110.374006756474031, -7.784523647885166, 0.0 ], [ 110.373968147895212, -7.784890024707282, 0.0 ], [ 110.373775474848429, -7.784859987853327, 0.0 ] ] ] ] } },
{ "type": "Feature", "properties": { "D_NOP": "347106000400200510", "D_LUAS": 984.77, "ASR": null, "KD PROPINS": null, "KD DATI2": null, "KD KECAMAT": null, "KD KELURAH": null, "KD BLOK": null, "NO URUT": null, "KD JNS OP": null, "THN PAJAK": null, "NO PERSIL": null, "LUAS BUMI": null, "LUAS BNG S": null, "NJOP BUMI": null, "NJOP BNG S": null, "NJOP SPPT": null, "NJOPTKP SP": null, "NJKP SPPT": null, "PBB TERHUT": null, "FAKTOR PEN": null, "PBB YG HAR": null, "FLG SYNC": null, "JML KRG BA": null, "FLG BAYAR": null, "ALAMAT OP": null, "NM KELURAH": null, "NM KECAMAT": null }, "geometry": { "type": "MultiPolygon", "coordinates": [ [ [ [ 110.373968147895212, -7.784890024707282, 0.0 ], [ 110.374006756474031, -7.784523647885166, 0.0 ], [ 110.374202652060049, -7.784548986871586, 0.0 ], [ 110.374227488229451, -7.784543597547308, 0.0 ], [ 110.374187085702886, -7.784909519592659, 0.0 ], [ 110.373968147895212, -7.784890024707282, 0.0 ] ] ] ] } },
{ "type": "Feature", "properties": { "D_NOP": "347106000400200500", "D_LUAS": 406.77, "ASR": null, "KD PROPINS": null, "KD DATI2": null, "KD KECAMAT": null, "KD KELURAH": null, "KD BLOK": null, "NO URUT": null, "KD JNS OP": null, "THN PAJAK": null, "NO PERSIL": null, "LUAS BUMI": null, "LUAS BNG S": null, "NJOP BUMI": null, "NJOP BNG S": null, "NJOP SPPT": null, "NJOPTKP SP": null, "NJKP SPPT": null, "PBB TERHUT": null, "FAKTOR PEN": null, "PBB YG HAR": null, "FLG SYNC": null, "JML KRG BA": null, "FLG BAYAR": null, "ALAMAT OP": null, "NM KELURAH": null, "NM KECAMAT": null }, "geometry": { "type": "MultiPolygon", "coordinates": [ [ [ [ 110.374187085702886, -7.784909519592659, 0.0 ], [ 110.374227488229451, -7.784543597547308, 0.0 ], [ 110.374322896815073, -7.784553957218329, 0.0 ], [ 110.374269853263868, -7.784921669284788, 0.0 ], [ 110.374187085702886, -7.784909519592659, 0.0 ] ] ] ] } },
{ "type": "Feature", "properties": { "D_NOP": "347106000400200490", "D_LUAS": 1456.05, "ASR": null, "KD PROPINS": null, "KD DATI2": null, "KD KECAMAT": null, "KD KELURAH": null, "KD BLOK": null, "NO URUT": null, "KD JNS OP": null, "THN PAJAK": null, "NO PERSIL": null, "LUAS BUMI": null, "LUAS BNG S": null, "NJOP BUMI": null, "NJOP BNG S": null, "NJOP SPPT": null, "NJOPTKP SP": null, "NJKP SPPT": null, "PBB TERHUT": null, "FAKTOR PEN": null, "PBB YG HAR": null, "FLG SYNC": null, "JML KRG BA": null, "FLG BAYAR": null, "ALAMAT OP": null, "NM KELURAH": null, "NM KECAMAT": null }, "geometry": { "type": "MultiPolygon", "coordinates": [ [ [ [ 110.374269853263868, -7.784921669284788, 0.0 ], [ 110.374322896815073, -7.784553957218329, 0.0 ], [ 110.374634470332026, -7.784587696033305, 0.0 ], [ 110.374592014965813, -7.784926123534762, 0.0 ], [ 110.37458451368245, -7.784941576487525, 0.0 ], [ 110.374573210905282, -7.784948613580361, 0.0 ], [ 110.374561833076015, -7.784955831427833, 0.0 ], [ 110.374513518999137, -7.784958382726094, 0.0 ], [ 110.37438821070063, -7.784938664403281, 0.0 ], [ 110.374269853263868, -7.784921669284788, 0.0 ] ] ] ] } },
{ "type": "Feature", "properties": { "D_NOP": "347106000400200480", "D_LUAS": 1014.19, "ASR": null, "KD PROPINS": "34", "KD DATI2": "71", "KD KECAMAT": "060", "KD KELURAH": "004", "KD BLOK": "002", "NO URUT": "0048", "KD JNS OP": "0", "THN PAJAK": "2023", "NO PERSIL": null, "LUAS BUMI": "970", "LUAS BNG S": 327, "NJOP BUMI": 14651850000.0, "NJOP BNG S": 269121000.0, "NJOP SPPT": 14920971000.0, "NJOPTKP SP": 20000000.0, "NJKP SPPT": 0, "PBB TERHUT": 37252428, "FAKTOR PEN": 9157407.0, "PBB YG HAR": 28095021, "FLG SYNC": "0", "JML KRG BA": "0", "FLG BAYAR": "0", "ALAMAT OP": "JL SUROTO 07 RW 01 RT 003", "NM KELURAH": "KOTABARU", "NM KECAMAT": "GONDOKUSUMAN" }, "geometry": { "type": "MultiPolygon", "coordinates": [ [ [ [ 110.374356239683109, -7.784409856469863, 0.0 ], [ 110.374369467605703, -7.784314921507173, 0.0 ], [ 110.374670269721932, -7.784350272184911, 0.0 ], [ 110.374634470332026, -7.784587696033305, 0.0 ], [ 110.374322896815073, -7.784553957218329, 0.0 ], [ 110.374227488229451, -7.784543597547308, 0.0 ], [ 110.374242531045894, -7.78448556186466, 0.0 ], [ 110.374267801023322, -7.784490211222026, 0.0 ], [ 110.374274858570445, -7.784471411605375, 0.0 ], [ 110.374298034207598, -7.784476329169542, 0.0 ], [ 110.374297669410765, -7.78447017919878, 0.0 ], [ 110.374312028912655, -7.784469476920207, 0.0 ], [ 110.3743248404149, -7.784403208553794, 0.0 ], [ 110.374356239683109, -7.784409856469863, 0.0 ] ] ] ] } },
{ "type": "Feature", "properties": { "D_NOP": "347106000400200470", "D_LUAS": 659.2, "ASR": null, "KD PROPINS": "34", "KD DATI2": "71", "KD KECAMAT": "060", "KD KELURAH": "004", "KD BLOK": "002", "NO URUT": "0047", "KD JNS OP": "0", "THN PAJAK": "2023", "NO PERSIL": null, "LUAS BUMI": "738", "LUAS BNG S": 329, "NJOP BUMI": 7715790000.0, "NJOP BNG S": 270767000.0, "NJOP SPPT": 7986557000.0, "NJOPTKP SP": 20000000.0, "NJKP SPPT": 0, "PBB TERHUT": 9559868, "FAKTOR PEN": 2314737.0, "PBB YG HAR": 7245131, "FLG SYNC": "0", "JML KRG BA": "0", "FLG BAYAR": "0", "ALAMAT OP": "JL SABIRIN 22 RW 01 RT 003", "NM KELURAH": "KOTABARU", "NM KECAMAT": "GONDOKUSUMAN" }, "geometry": { "type": "MultiPolygon", "coordinates": [ [ [ [ 110.37424541720651, -7.784253967641074, 0.0 ], [ 110.374259299955341, -7.784171332514047, 0.0 ], [ 110.37459756550939, -7.784208728026419, 0.0 ], [ 110.374616262978492, -7.784207670401865, 0.0 ], [ 110.374635250331906, -7.784212853069786, 0.0 ], [ 110.374646082537112, -7.784220555832385, 0.0 ], [ 110.374654530787581, -7.784222105646782, 0.0 ], [ 110.374669622969009, -7.784231623346495, 0.0 ], [ 110.374678579557326, -7.784243392820768, 0.0 ], [ 110.374685878578575, -7.784263479672338, 0.0 ], [ 110.374670269721932, -7.784350272184911, 0.0 ], [ 110.374369467605703, -7.784314921507173, 0.0 ], [ 110.374308756850908, -7.784305788666023, 0.0 ], [ 110.374307665276362, -7.784285439668283, 0.0 ], [ 110.374288674974196, -7.784282246503737, 0.0 ], [ 110.37429169367357, -7.784263802659235, 0.0 ], [ 110.37424541720651, -7.784253967641074, 0.0 ] ] ] ] } },
{ "type": "Feature", "properties": { "D_NOP": "347106000400200460", "D_LUAS": 304.49, "ASR": null, "KD PROPINS": "34", "KD DATI2": "71", "KD KECAMAT": "060", "KD KELURAH": "004", "KD BLOK": "002", "NO URUT": "0046", "KD JNS OP": "0", "THN PAJAK": "2023", "NO PERSIL": null, "LUAS BUMI": "253", "LUAS BNG S": 253, "NJOP BUMI": 2645115000.0, "NJOP BNG S": 208219000.0, "NJOP SPPT": 2853334000.0, "NJOPTKP SP": 20000000.0, "NJKP SPPT": 0, "PBB TERHUT": 1983334, "FAKTOR PEN": 462895.0, "PBB YG HAR": 1520439, "FLG SYNC": "0", "JML KRG BA": "0", "FLG BAYAR": "0", "ALAMAT OP": "JL SABIRIN 22 RW 01 RT 003", "NM KELURAH": "KOTABARU", "NM KECAMAT": "GONDOKUSUMAN" }, "geometry": { "type": "MultiPolygon", "coordinates": [ [ [ [ 110.37424541720651, -7.784253967641074, 0.0 ], [ 110.37429169367357, -7.784263802659235, 0.0 ], [ 110.374288674974196, -7.784282246503737, 0.0 ], [ 110.374307665276362, -7.784285439668283, 0.0 ], [ 110.374308756850908, -7.784305788666023, 0.0 ], [ 110.374369467605703, -7.784314921507173, 0.0 ], [ 110.374356239683109, -7.784409856469863, 0.0 ], [ 110.3743248404149, -7.784403208553794, 0.0 ], [ 110.374312028912655, -7.784469476920207, 0.0 ], [ 110.374297669410765, -7.78447017919878, 0.0 ], [ 110.374298034207598, -7.784476329169542, 0.0 ], [ 110.374274858570445, -7.784471411605375, 0.0 ], [ 110.374267801023322, -7.784490211222026, 0.0 ], [ 110.374242531045894, -7.78448556186466, 0.0 ], [ 110.374227488229451, -7.784543597547308, 0.0 ], [ 110.374202652060049, -7.784548986871586, 0.0 ], [ 110.37424541720651, -7.784253967641074, 0.0 ] ] ] ] } },
{ "type": "Feature", "properties": { "D_NOP": "347106000400200450", "D_LUAS": 1000.02, "ASR": null, "KD PROPINS": "34", "KD DATI2": "71", "KD KECAMAT": "060", "KD KELURAH": "004", "KD BLOK": "002", "NO URUT": "0045", "KD JNS OP": "0", "THN PAJAK": "2023", "NO PERSIL": null, "LUAS BUMI": "1009", "LUAS BNG S": 272, "NJOP BUMI": 10549095000.0, "NJOP BNG S": 223856000.0, "NJOP SPPT": 10772951000.0, "NJOPTKP SP": 20000000.0, "NJKP SPPT": 0, "PBB TERHUT": 26882378, "FAKTOR PEN": 6593185.0, "PBB YG HAR": 20289193, "FLG SYNC": "0", "JML KRG BA": "0", "FLG BAYAR": "0", "ALAMAT OP": "JL SABIRIN 20 RW 01 RT 003", "NM KELURAH": "KOTABARU", "NM KECAMAT": "GONDOKUSUMAN" }, "geometry": { "type": "MultiPolygon", "coordinates": [ [ [ [ 110.373993598471557, -7.784521005912057, 0.0 ], [ 110.374032353718178, -7.784156528382853, 0.0 ], [ 110.374259299955341, -7.784171332514047, 0.0 ], [ 110.37424541720651, -7.784253967641074, 0.0 ], [ 110.374202652060049, -7.784548986871586, 0.0 ], [ 110.373993598471557, -7.784521005912057, 0.0 ] ] ] ] } },
{ "type": "Feature", "properties": { "D_NOP": "347106000400200440", "D_LUAS": 930.74, "ASR": null, "KD PROPINS": "34", "KD DATI2": "71", "KD KECAMAT": "060", "KD KELURAH": "004", "KD BLOK": "002", "NO URUT": "0044", "KD JNS OP": "0", "THN PAJAK": "2023", "NO PERSIL": null, "LUAS BUMI": "733", "LUAS BNG S": 375, "NJOP BUMI": 7663515000.0, "NJOP BNG S": 308625000.0, "NJOP SPPT": 7972140000.0, "NJOPTKP SP": 20000000.0, "NJKP SPPT": 0, "PBB TERHUT": 9542568, "FAKTOR PEN": 2299054.0, "PBB YG HAR": 7243514, "FLG SYNC": "0", "JML KRG BA": "0", "FLG BAYAR": "0", "ALAMAT OP": "JL SABIRIN 18 RW 01 RT 003", "NM KELURAH": "KOTABARU", "NM KECAMAT": "GONDOKUSUMAN" }, "geometry": { "type": "MultiPolygon", "coordinates": [ [ [ [ 110.373795376979388, -7.784500818067859, 0.0 ], [ 110.373813484518479, -7.784141464757682, 0.0 ], [ 110.374032353718178, -7.784156528382853, 0.0 ], [ 110.373993598471557, -7.784521005912057, 0.0 ], [ 110.373795376979388, -7.784500818067859, 0.0 ] ] ] ] } },
{ "type": "Feature", "properties": { "D_NOP": "347106000400200430", "D_LUAS": 962.32, "ASR": null, "KD PROPINS": "34", "KD DATI2": "71", "KD KECAMAT": "060", "KD KELURAH": "004", "KD BLOK": "002", "NO URUT": "0043", "KD JNS OP": "0", "THN PAJAK": "2023", "NO PERSIL": null, "LUAS BUMI": "1028", "LUAS BNG S": 595, "NJOP BUMI": 10747740000.0, "NJOP BNG S": 489685000.0, "NJOP SPPT": 11237425000.0, "NJOPTKP SP": 20000000.0, "NJKP SPPT": 0, "PBB TERHUT": 28043563, "FAKTOR PEN": 8849961.0, "PBB YG HAR": 19193602, "FLG SYNC": "0", "JML KRG BA": "0", "FLG BAYAR": "0", "ALAMAT OP": "JL SABIRIN 16 RW 01 RT 003", "NM KELURAH": "KOTABARU", "NM KECAMAT": "GONDOKUSUMAN" }, "geometry": { "type": "MultiPolygon", "coordinates": [ [ [ [ 110.373578722522723, -7.784505019769111, 0.0 ], [ 110.373589140444409, -7.784136973575149, 0.0 ], [ 110.373813484518479, -7.784141464757682, 0.0 ], [ 110.373795376979388, -7.784500818067859, 0.0 ], [ 110.373578722522723, -7.784505019769111, 0.0 ] ] ] ] } },
{ "type": "Feature", "properties": { "D_NOP": "347106000400200420", "D_LUAS": 970.06, "ASR": null, "KD PROPINS": "34", "KD DATI2": "71", "KD KECAMAT": "060", "KD KELURAH": "004", "KD BLOK": "002", "NO URUT": "0042", "KD JNS OP": "0", "THN PAJAK": "2023", "NO PERSIL": null, "LUAS BUMI": "1016", "LUAS BNG S": 550, "NJOP BUMI": 10622280000.0, "NJOP BNG S": 277750000.0, "NJOP SPPT": 10900030000.0, "NJOPTKP SP": 20000000.0, "NJKP SPPT": 0, "PBB TERHUT": 27200075, "FAKTOR PEN": 13835328.0, "PBB YG HAR": 13364747, "FLG SYNC": "0", "JML KRG BA": "0", "FLG BAYAR": "0", "ALAMAT OP": "JL SABIRIN 14 RW 01 RT 003", "NM KELURAH": "KOTABARU", "NM KECAMAT": "GONDOKUSUMAN" }, "geometry": { "type": "MultiPolygon", "coordinates": [ [ [ [ 110.373374632232071, -7.784508878191404, 0.0 ], [ 110.373375410524801, -7.7841359344028, 0.0 ], [ 110.373589140444409, -7.784136973575149, 0.0 ], [ 110.373578722522723, -7.784505019769111, 0.0 ], [ 110.373585975714562, -7.784505573078831, 0.0 ], [ 110.373374632232071, -7.784508878191404, 0.0 ] ] ] ] } },
{ "type": "Feature", "properties": { "D_NOP": "347106000400200410", "D_LUAS": 885.54, "ASR": null, "KD PROPINS": "34", "KD DATI2": "71", "KD KECAMAT": "060", "KD KELURAH": "004", "KD BLOK": "002", "NO URUT": "0041", "KD JNS OP": "0", "THN PAJAK": "2023", "NO PERSIL": null, "LUAS BUMI": "920", "LUAS BNG S": 525, "NJOP BUMI": 9618600000.0, "NJOP BNG S": 432075000.0, "NJOP SPPT": 10050675000.0, "NJOPTKP SP": 20000000.0, "NJKP SPPT": 0, "PBB TERHUT": 25076688, "FAKTOR PEN": 6011625.0, "PBB YG HAR": 19065063, "FLG SYNC": "0", "JML KRG BA": "0", "FLG BAYAR": "0", "ALAMAT OP": "JL SABIRIN 12 RW 01 RT 003", "NM KELURAH": "KOTABARU", "NM KECAMAT": "GONDOKUSUMAN" }, "geometry": { "type": "MultiPolygon", "coordinates": [ [ [ [ 110.373197165074458, -7.784562966073388, 0.0 ], [ 110.373205862830162, -7.78414490802707, 0.0 ], [ 110.373375410524801, -7.7841359344028, 0.0 ], [ 110.373374483068091, -7.784508606672564, 0.0 ], [ 110.373368806875334, -7.784553995559929, 0.0 ], [ 110.373197165074458, -7.784562966073388, 0.0 ] ] ] ] } },
{ "type": "Feature", "properties": { "D_NOP": "347106000400200400", "D_LUAS": 448.07, "ASR": null, "KD PROPINS": "34", "KD DATI2": "71", "KD KECAMAT": "060", "KD KELURAH": "004", "KD BLOK": "002", "NO URUT": "0040", "KD JNS OP": "0", "THN PAJAK": "2023", "NO PERSIL": null, "LUAS BUMI": "481", "LUAS BNG S": 237, "NJOP BUMI": 5028855000.0, "NJOP BNG S": 195051000.0, "NJOP SPPT": 5223906000.0, "NJOPTKP SP": 20000000.0, "NJKP SPPT": 0, "PBB TERHUT": 6244687, "FAKTOR PEN": 1508656.0, "PBB YG HAR": 4736031, "FLG SYNC": "0", "JML KRG BA": "0", "FLG BAYAR": "0", "ALAMAT OP": "JL SABIRIN 10 RW 01 RT 003", "NM KELURAH": "KOTABARU", "NM KECAMAT": "GONDOKUSUMAN" }, "geometry": { "type": "MultiPolygon", "coordinates": [ [ [ [ 110.373112281788949, -7.784565553600688, 0.0 ], [ 110.373108939634321, -7.784147387334786, 0.0 ], [ 110.373205862830162, -7.78414490802707, 0.0 ], [ 110.373197165074458, -7.784562966073388, 0.0 ], [ 110.373164104862141, -7.784566896256333, 0.0 ], [ 110.373112281788949, -7.784565553600688, 0.0 ] ] ] ] } },
{ "type": "Feature", "properties": { "D_NOP": "347106000400200390", "D_LUAS": 856.6, "ASR": null, "KD PROPINS": "34", "KD DATI2": "71", "KD KECAMAT": "060", "KD KELURAH": "004", "KD BLOK": "002", "NO URUT": "0039", "KD JNS OP": "0", "THN PAJAK": "2023", "NO PERSIL": null, "LUAS BUMI": "925", "LUAS BNG S": 325, "NJOP BUMI": 9670875000.0, "NJOP BNG S": 390000000.0, "NJOP SPPT": 10060875000.0, "NJOPTKP SP": 20000000.0, "NJKP SPPT": 0, "PBB TERHUT": 25102188, "FAKTOR PEN": 6044297.0, "PBB YG HAR": 19057891, "FLG SYNC": "0", "JML KRG BA": "0", "FLG BAYAR": "0", "ALAMAT OP": "JL SABIRIN 8 RW 01 RT 003", "NM KELURAH": "KOTABARU", "NM KECAMAT": "GONDOKUSUMAN" }, "geometry": { "type": "MultiPolygon", "coordinates": [ [ [ [ 110.372959262686408, -7.784573466349079, 0.0 ], [ 110.372954393512359, -7.784528694909587, 0.0 ], [ 110.372913880714322, -7.784163105595221, 0.0 ], [ 110.373108939634321, -7.784147387334786, 0.0 ], [ 110.373112281788949, -7.784565553600688, 0.0 ], [ 110.372959262686408, -7.784573466349079, 0.0 ] ] ] ] } },
{ "type": "Feature", "properties": { "D_NOP": "347106000400200380", "D_LUAS": 1153.38, "ASR": null, "KD PROPINS": "34", "KD DATI2": "71", "KD KECAMAT": "060", "KD KELURAH": "004", "KD BLOK": "002", "NO URUT": "0038", "KD JNS OP": "0", "THN PAJAK": "2023", "NO PERSIL": null, "LUAS BUMI": "1224", "LUAS BNG S": 1553, "NJOP BUMI": 12796920000.0, "NJOP BNG S": 2846649000.0, "NJOP SPPT": 15643569000.0, "NJOPTKP SP": 20000000.0, "NJKP SPPT": 0, "PBB TERHUT": 39058923, "FAKTOR PEN": 7998075.0, "PBB YG HAR": 31060848, "FLG SYNC": "0", "JML KRG BA": "0", "FLG BAYAR": "0", "ALAMAT OP": "JL SABIRIN 6 RW 01 RT 003", "NM KELURAH": "KOTABARU", "NM KECAMAT": "GONDOKUSUMAN" }, "geometry": { "type": "MultiPolygon", "coordinates": [ [ [ [ 110.372713712192478, -7.784547239459675, 0.0 ], [ 110.372645438822531, -7.784192461015018, 0.0 ], [ 110.372913880714322, -7.784163105595221, 0.0 ], [ 110.372954393512359, -7.784528694909587, 0.0 ], [ 110.372713712192478, -7.784547239459675, 0.0 ] ] ] ] } },
{ "type": "Feature", "properties": { "D_NOP": "347106000400200370", "D_LUAS": 700.51, "ASR": null, "KD PROPINS": "34", "KD DATI2": "71", "KD KECAMAT": "060", "KD KELURAH": "004", "KD BLOK": "002", "NO URUT": "0037", "KD JNS OP": "0", "THN PAJAK": "2023", "NO PERSIL": null, "LUAS BUMI": "717", "LUAS BNG S": 293, "NJOP BUMI": 7496235000.0, "NJOP BNG S": 174335000.0, "NJOP SPPT": 7670570000.0, "NJOPTKP SP": 20000000.0, "NJKP SPPT": 0, "PBB TERHUT": 9180684, "FAKTOR PEN": 2248870.0, "PBB YG HAR": 6931814, "FLG SYNC": "0", "JML KRG BA": "0", "FLG BAYAR": "0", "ALAMAT OP": "JL SABIRIN 4 RW 01 RT 003", "NM KELURAH": "KOTABARU", "NM KECAMAT": "GONDOKUSUMAN" }, "geometry": { "type": "MultiPolygon", "coordinates": [ [ [ [ 110.372579805256379, -7.784576974643692, 0.0 ], [ 110.372496505374045, -7.784218918374259, 0.0 ], [ 110.372645438822531, -7.784192461015018, 0.0 ], [ 110.372713712192478, -7.784547239459675, 0.0 ], [ 110.372682216112608, -7.784555422260029, 0.0 ], [ 110.372579805256379, -7.784576974643692, 0.0 ] ] ] ] } },
{ "type": "Feature", "properties": { "D_NOP": "347106000400200360", "D_LUAS": 949.26, "ASR": null, "KD PROPINS": null, "KD DATI2": null, "KD KECAMAT": null, "KD KELURAH": null, "KD BLOK": null, "NO URUT": null, "KD JNS OP": null, "THN PAJAK": null, "NO PERSIL": null, "LUAS BUMI": null, "LUAS BNG S": null, "NJOP BUMI": null, "NJOP BNG S": null, "NJOP SPPT": null, "NJOPTKP SP": null, "NJKP SPPT": null, "PBB TERHUT": null, "FAKTOR PEN": null, "PBB YG HAR": null, "FLG SYNC": null, "JML KRG BA": null, "FLG BAYAR": null, "ALAMAT OP": null, "NM KELURAH": null, "NM KECAMAT": null }, "geometry": { "type": "MultiPolygon", "coordinates": [ [ [ [ 110.372383206741418, -7.78462208102485, 0.0 ], [ 110.372283375178355, -7.784267165411416, 0.0 ], [ 110.372496505374045, -7.784218918374259, 0.0 ], [ 110.372579805256379, -7.784576974643692, 0.0 ], [ 110.372562072426092, -7.78458309784078, 0.0 ], [ 110.372514269642082, -7.784593879055048, 0.0 ], [ 110.372383206741418, -7.78462208102485, 0.0 ] ] ] ] } },
{ "type": "Feature", "properties": { "D_NOP": "347106000400200330", "D_LUAS": 930.48, "ASR": null, "KD PROPINS": null, "KD DATI2": null, "KD KECAMAT": null, "KD KELURAH": null, "KD BLOK": null, "NO URUT": null, "KD JNS OP": null, "THN PAJAK": null, "NO PERSIL": null, "LUAS BUMI": null, "LUAS BNG S": null, "NJOP BUMI": null, "NJOP BNG S": null, "NJOP SPPT": null, "NJOPTKP SP": null, "NJKP SPPT": null, "PBB TERHUT": null, "FAKTOR PEN": null, "PBB YG HAR": null, "FLG SYNC": null, "JML KRG BA": null, "FLG BAYAR": null, "ALAMAT OP": null, "NM KELURAH": null, "NM KECAMAT": null }, "geometry": { "type": "MultiPolygon", "coordinates": [ [ [ [ 110.372202917989938, -7.784662508949033, 0.0 ], [ 110.372083172648786, -7.784322033070892, 0.0 ], [ 110.372283375178355, -7.784267165411416, 0.0 ], [ 110.372383206741418, -7.78462208102485, 0.0 ], [ 110.372368551062351, -7.784620793277562, 0.0 ], [ 110.37221151768729, -7.784662792977112, 0.0 ], [ 110.372202917989938, -7.784662508949033, 0.0 ] ] ] ] } },
{ "type": "Feature", "properties": { "D_NOP": "347106000400200320", "D_LUAS": 1812.44, "ASR": null, "KD PROPINS": null, "KD DATI2": null, "KD KECAMAT": null, "KD KELURAH": null, "KD BLOK": null, "NO URUT": null, "KD JNS OP": null, "THN PAJAK": null, "NO PERSIL": null, "LUAS BUMI": null, "LUAS BNG S": null, "NJOP BUMI": null, "NJOP BNG S": null, "NJOP SPPT": null, "NJOPTKP SP": null, "NJKP SPPT": null, "PBB TERHUT": null, "FAKTOR PEN": null, "PBB YG HAR": null, "FLG SYNC": null, "JML KRG BA": null, "FLG BAYAR": null, "ALAMAT OP": null, "NM KELURAH": null, "NM KECAMAT": null }, "geometry": { "type": "MultiPolygon", "coordinates": [ [ [ [ 110.371770724651128, -7.784775452553944, 0.0 ], [ 110.37167135730185, -7.784510879879385, 0.0 ], [ 110.371677393180079, -7.784475167870092, 0.0 ], [ 110.371683382320811, -7.784470835968893, 0.0 ], [ 110.371688935151795, -7.784458183604704, 0.0 ], [ 110.371698888218731, -7.784453586277164, 0.0 ], [ 110.371712811407235, -7.78444456362396, 0.0 ], [ 110.372083172648786, -7.784322033070892, 0.0 ], [ 110.372202917989938, -7.784662508949033, 0.0 ], [ 110.372029799944116, -7.7847086446773, 0.0 ], [ 110.371770724651128, -7.784775452553944, 0.0 ] ] ] ] } },
{ "type": "Feature", "properties": { "D_NOP": "347106000400200310", "D_LUAS": 5355.99, "ASR": null, "KD PROPINS": null, "KD DATI2": null, "KD KECAMAT": null, "KD KELURAH": null, "KD BLOK": null, "NO URUT": null, "KD JNS OP": null, "THN PAJAK": null, "NO PERSIL": null, "LUAS BUMI": null, "LUAS BNG S": null, "NJOP BUMI": null, "NJOP BNG S": null, "NJOP SPPT": null, "NJOPTKP SP": null, "NJKP SPPT": null, "PBB TERHUT": null, "FAKTOR PEN": null, "PBB YG HAR": null, "FLG SYNC": null, "JML KRG BA": null, "FLG BAYAR": null, "ALAMAT OP": null, "NM KELURAH": null, "NM KECAMAT": null }, "geometry": { "type": "MultiPolygon", "coordinates": [ [ [ [ 110.371501293597717, -7.783761753992547, 0.0 ], [ 110.372278822356222, -7.783859035446806, 0.0 ], [ 110.372309055785635, -7.783593659915428, 0.0 ], [ 110.37244126741551, -7.783597382422196, 0.0 ], [ 110.372409621928256, -7.783856877747949, 0.0 ], [ 110.372462085384612, -7.784081228723335, 0.0 ], [ 110.371996261781547, -7.784229843807767, 0.0 ], [ 110.371767293663325, -7.784317405393349, 0.0 ], [ 110.371650259527172, -7.784366156162247, 0.0 ], [ 110.371627973257716, -7.784366665741159, 0.0 ], [ 110.37160412596549, -7.784360842710928, 0.0 ], [ 110.371585905346677, -7.784343000455543, 0.0 ], [ 110.371537207851233, -7.784301781382102, 0.0 ], [ 110.371475964101805, -7.784098307293492, 0.0 ], [ 110.371501293597717, -7.783761753992547, 0.0 ] ] ] ] } },
{ "type": "Feature", "properties": { "D_NOP": "347106000400200300", "D_LUAS": 1111.43, "ASR": null, "KD PROPINS": null, "KD DATI2": null, "KD KECAMAT": null, "KD KELURAH": null, "KD BLOK": null, "NO URUT": null, "KD JNS OP": null, "THN PAJAK": null, "NO PERSIL": null, "LUAS BUMI": null, "LUAS BNG S": null, "NJOP BUMI": null, "NJOP BNG S": null, "NJOP SPPT": null, "NJOPTKP SP": null, "NJKP SPPT": null, "PBB TERHUT": null, "FAKTOR PEN": null, "PBB YG HAR": null, "FLG SYNC": null, "JML KRG BA": null, "FLG BAYAR": null, "ALAMAT OP": null, "NM KELURAH": null, "NM KECAMAT": null }, "geometry": { "type": "MultiPolygon", "coordinates": [ [ [ [ 110.372409621928256, -7.783856877747949, 0.0 ], [ 110.372441266877487, -7.783597744152631, 0.0 ], [ 110.37262062063769, -7.783582274159762, 0.0 ], [ 110.37258620909553, -7.78389150345952, 0.0 ], [ 110.372618134637378, -7.784047095109418, 0.0 ], [ 110.372462085384612, -7.784081228723335, 0.0 ], [ 110.372409621928256, -7.783856877747949, 0.0 ] ] ] ] } },
{ "type": "Feature", "properties": { "D_NOP": "347106000400200290", "D_LUAS": 1300.96, "ASR": null, "KD PROPINS": null, "KD DATI2": null, "KD KECAMAT": null, "KD KELURAH": null, "KD BLOK": null, "NO URUT": null, "KD JNS OP": null, "THN PAJAK": null, "NO PERSIL": null, "LUAS BUMI": null, "LUAS BNG S": null, "NJOP BUMI": null, "NJOP BNG S": null, "NJOP SPPT": null, "NJOPTKP SP": null, "NJKP SPPT": null, "PBB TERHUT": null, "FAKTOR PEN": null, "PBB YG HAR": null, "FLG SYNC": null, "JML KRG BA": null, "FLG BAYAR": null, "ALAMAT OP": null, "NM KELURAH": null, "NM KECAMAT": null }, "geometry": { "type": "MultiPolygon", "coordinates": [ [ [ [ 110.37258620909553, -7.78389150345952, 0.0 ], [ 110.37262062063769, -7.783582274159762, 0.0 ], [ 110.372653234090905, -7.78357698686048, 0.0 ], [ 110.372797802179775, -7.783569152131122, 0.0 ], [ 110.372806255587975, -7.784019972188428, 0.0 ], [ 110.372618134637378, -7.784047095109418, 0.0 ], [ 110.37258620909553, -7.78389150345952, 0.0 ] ] ] ] } },
{ "type": "Feature", "properties": { "D_NOP": "347106000400200270", "D_LUAS": 932.33, "ASR": null, "KD PROPINS": null, "KD DATI2": null, "KD KECAMAT": null, "KD KELURAH": null, "KD BLOK": null, "NO URUT": null, "KD JNS OP": null, "THN PAJAK": null, "NO PERSIL": null, "LUAS BUMI": null, "LUAS BNG S": null, "NJOP BUMI": null, "NJOP BNG S": null, "NJOP SPPT": null, "NJOPTKP SP": null, "NJKP SPPT": null, "PBB TERHUT": null, "FAKTOR PEN": null, "PBB YG HAR": null, "FLG SYNC": null, "JML KRG BA": null, "FLG BAYAR": null, "ALAMAT OP": null, "NM KELURAH": null, "NM KECAMAT": null }, "geometry": { "type": "MultiPolygon", "coordinates": [ [ [ [ 110.372994434370227, -7.784004243801894, 0.0 ], [ 110.372990393512012, -7.7835530685237, 0.0 ], [ 110.373029511360897, -7.783548966436253, 0.0 ], [ 110.373192396247447, -7.783544595091818, 0.0 ], [ 110.373191895775093, -7.783629782066167, 0.0 ], [ 110.373163842625758, -7.783636070907297, 0.0 ], [ 110.373164196144543, -7.784002143468373, 0.0 ], [ 110.372994434370227, -7.784004243801894, 0.0 ] ] ] ] } },
{ "type": "Feature", "properties": { "D_NOP": "347106000400200260", "D_LUAS": 839.58, "ASR": null, "KD PROPINS": null, "KD DATI2": null, "KD KECAMAT": null, "KD KELURAH": null, "KD BLOK": null, "NO URUT": null, "KD JNS OP": null, "THN PAJAK": null, "NO PERSIL": null, "LUAS BUMI": null, "LUAS BNG S": null, "NJOP BUMI": null, "NJOP BNG S": null, "NJOP SPPT": null, "NJOPTKP SP": null, "NJKP SPPT": null, "PBB TERHUT": null, "FAKTOR PEN": null, "PBB YG HAR": null, "FLG SYNC": null, "JML KRG BA": null, "FLG BAYAR": null, "ALAMAT OP": null, "NM KELURAH": null, "NM KECAMAT": null }, "geometry": { "type": "MultiPolygon", "coordinates": [ [ [ [ 110.373164196144543, -7.784002143468373, 0.0 ], [ 110.373163842625758, -7.783636070907297, 0.0 ], [ 110.373191895775093, -7.783629782066167, 0.0 ], [ 110.373192396247447, -7.783544595091818, 0.0 ], [ 110.373340329041312, -7.783537126879216, 0.0 ], [ 110.373306665613498, -7.783997561056286, 0.0 ], [ 110.373164196144543, -7.784002143468373, 0.0 ] ] ] ] } },
{ "type": "Feature", "properties": { "D_NOP": "347106000400200250", "D_LUAS": 2101.8, "ASR": null, "KD PROPINS": null, "KD DATI2": null, "KD KECAMAT": null, "KD KELURAH": null, "KD BLOK": null, "NO URUT": null, "KD JNS OP": null, "THN PAJAK": null, "NO PERSIL": null, "LUAS BUMI": null, "LUAS BNG S": null, "NJOP BUMI": null, "NJOP BNG S": null, "NJOP SPPT": null, "NJOPTKP SP": null, "NJKP SPPT": null, "PBB TERHUT": null, "FAKTOR PEN": null, "PBB YG HAR": null, "FLG SYNC": null, "JML KRG BA": null, "FLG BAYAR": null, "ALAMAT OP": null, "NM KELURAH": null, "NM KECAMAT": null }, "geometry": { "type": "MultiPolygon", "coordinates": [ [ [ [ 110.373306665613498, -7.783997561056286, 0.0 ], [ 110.373340329041312, -7.783537126879216, 0.0 ], [ 110.373343790727517, -7.783472201228482, 0.0 ], [ 110.373696164515891, -7.783476158107947, 0.0 ], [ 110.373681968079879, -7.783669301661848, 0.0 ], [ 110.373657467372425, -7.784002872171676, 0.0 ], [ 110.373306665613498, -7.783997561056286, 0.0 ] ] ] ] } },
{ "type": "Feature", "properties": { "D_NOP": "347106000400200240", "D_LUAS": 771.61, "ASR": null, "KD PROPINS": null, "KD DATI2": null, "KD KECAMAT": null, "KD KELURAH": null, "KD BLOK": null, "NO URUT": null, "KD JNS OP": null, "THN PAJAK": null, "NO PERSIL": null, "LUAS BUMI": null, "LUAS BNG S": null, "NJOP BUMI": null, "NJOP BNG S": null, "NJOP SPPT": null, "NJOPTKP SP": null, "NJKP SPPT": null, "PBB TERHUT": null, "FAKTOR PEN": null, "PBB YG HAR": null, "FLG SYNC": null, "JML KRG BA": null, "FLG BAYAR": null, "ALAMAT OP": null, "NM KELURAH": null, "NM KECAMAT": null }, "geometry": { "type": "MultiPolygon", "coordinates": [ [ [ [ 110.373657467372425, -7.784002872171676, 0.0 ], [ 110.373681968079879, -7.783669301661848, 0.0 ], [ 110.37386211536122, -7.783673456238221, 0.0 ], [ 110.373840972128889, -7.784012367262817, 0.0 ], [ 110.373657467372425, -7.784002872171676, 0.0 ] ] ] ] } },
{ "type": "Feature", "properties": { "D_NOP": "347106000400200230", "D_LUAS": 806.8, "ASR": null, "KD PROPINS": null, "KD DATI2": null, "KD KECAMAT": null, "KD KELURAH": null, "KD BLOK": null, "NO URUT": null, "KD JNS OP": null, "THN PAJAK": null, "NO PERSIL": null, "LUAS BUMI": null, "LUAS BNG S": null, "NJOP BUMI": null, "NJOP BNG S": null, "NJOP SPPT": null, "NJOPTKP SP": null, "NJKP SPPT": null, "PBB TERHUT": null, "FAKTOR PEN": null, "PBB YG HAR": null, "FLG SYNC": null, "JML KRG BA": null, "FLG BAYAR": null, "ALAMAT OP": null, "NM KELURAH": null, "NM KECAMAT": null }, "geometry": { "type": "MultiPolygon", "coordinates": [ [ [ [ 110.373840972128889, -7.784012367262817, 0.0 ], [ 110.37386211536122, -7.783673456238221, 0.0 ], [ 110.374047944710227, -7.78367861388469, 0.0 ], [ 110.374024497429048, -7.784008026082594, 0.0 ], [ 110.373840972128889, -7.784012367262817, 0.0 ] ] ] ] } },
{ "type": "Feature", "properties": { "D_NOP": "347106000400200220", "D_LUAS": 496.38, "ASR": null, "KD PROPINS": null, "KD DATI2": null, "KD KECAMAT": null, "KD KELURAH": null, "KD BLOK": null, "NO URUT": null, "KD JNS OP": null, "THN PAJAK": null, "NO PERSIL": null, "LUAS BUMI": null, "LUAS BNG S": null, "NJOP BUMI": null, "NJOP BNG S": null, "NJOP SPPT": null, "NJOPTKP SP": null, "NJKP SPPT": null, "PBB TERHUT": null, "FAKTOR PEN": null, "PBB YG HAR": null, "FLG SYNC": null, "JML KRG BA": null, "FLG BAYAR": null, "ALAMAT OP": null, "NM KELURAH": null, "NM KECAMAT": null }, "geometry": { "type": "MultiPolygon", "coordinates": [ [ [ [ 110.374047944710227, -7.78367861388469, 0.0 ], [ 110.374066646837832, -7.78342235483731, 0.0 ], [ 110.374158392393284, -7.783431623926465, 0.0 ], [ 110.374102476121266, -7.784021886949883, 0.0 ], [ 110.374024497429048, -7.784008026082594, 0.0 ], [ 110.374047944710227, -7.78367861388469, 0.0 ] ] ] ] } },
{ "type": "Feature", "properties": { "D_NOP": "347106000400200210", "D_LUAS": 1643.73, "ASR": null, "KD PROPINS": null, "KD DATI2": null, "KD KECAMAT": null, "KD KELURAH": null, "KD BLOK": null, "NO URUT": null, "KD JNS OP": null, "THN PAJAK": null, "NO PERSIL": null, "LUAS BUMI": null, "LUAS BNG S": null, "NJOP BUMI": null, "NJOP BNG S": null, "NJOP SPPT": null, "NJOPTKP SP": null, "NJKP SPPT": null, "PBB TERHUT": null, "FAKTOR PEN": null, "PBB YG HAR": null, "FLG SYNC": null, "JML KRG BA": null, "FLG BAYAR": null, "ALAMAT OP": null, "NM KELURAH": null, "NM KECAMAT": null }, "geometry": { "type": "MultiPolygon", "coordinates": [ [ [ [ 110.374102476121266, -7.784021886949883, 0.0 ], [ 110.374158392393284, -7.783431623926465, 0.0 ], [ 110.374375759284888, -7.783450935473962, 0.0 ], [ 110.374364708570653, -7.783540176385438, 0.0 ], [ 110.374345589518853, -7.783674260081888, 0.0 ], [ 110.374340136054656, -7.783720824948443, 0.0 ], [ 110.374330905870821, -7.783792705437755, 0.0 ], [ 110.374321757976446, -7.783859521808995, 0.0 ], [ 110.374309049794235, -7.783956989658554, 0.0 ], [ 110.374296577891229, -7.784046409333179, 0.0 ], [ 110.374102476121266, -7.784021886949883, 0.0 ] ] ] ] } },
{ "type": "Feature", "properties": { "D_NOP": "347106000400200140", "D_LUAS": 1129.44, "ASR": null, "KD PROPINS": null, "KD DATI2": null, "KD KECAMAT": null, "KD KELURAH": null, "KD BLOK": null, "NO URUT": null, "KD JNS OP": null, "THN PAJAK": null, "NO PERSIL": null, "LUAS BUMI": null, "LUAS BNG S": null, "NJOP BUMI": null, "NJOP BNG S": null, "NJOP SPPT": null, "NJOPTKP SP": null, "NJKP SPPT": null, "PBB TERHUT": null, "FAKTOR PEN": null, "PBB YG HAR": null, "FLG SYNC": null, "JML KRG BA": null, "FLG BAYAR": null, "ALAMAT OP": null, "NM KELURAH": null, "NM KECAMAT": null }, "geometry": { "type": "MultiPolygon", "coordinates": [ [ [ [ 110.374409851289855, -7.784062402166017, 0.0 ], [ 110.374430827404467, -7.783835898848599, 0.0 ], [ 110.374774123038875, -7.783859917558851, 0.0 ], [ 110.374743704426137, -7.784049419955553, 0.0 ], [ 110.374741000965145, -7.784057012328881, 0.0 ], [ 110.374729842018823, -7.784067938252427, 0.0 ], [ 110.374698391968764, -7.784095564337096, 0.0 ], [ 110.374598570443865, -7.784085740847881, 0.0 ], [ 110.374409851289855, -7.784062402166017, 0.0 ] ] ] ] } },
{ "type": "Feature", "properties": { "D_NOP": "347106000400200120", "D_LUAS": 548.72, "ASR": null, "KD PROPINS": null, "KD DATI2": null, "KD KECAMAT": null, "KD KELURAH": null, "KD BLOK": null, "NO URUT": null, "KD JNS OP": null, "THN PAJAK": null, "NO PERSIL": null, "LUAS BUMI": null, "LUAS BNG S": null, "NJOP BUMI": null, "NJOP BNG S": null, "NJOP SPPT": null, "NJOPTKP SP": null, "NJKP SPPT": null, "PBB TERHUT": null, "FAKTOR PEN": null, "PBB YG HAR": null, "FLG SYNC": null, "JML KRG BA": null, "FLG BAYAR": null, "ALAMAT OP": null, "NM KELURAH": null, "NM KECAMAT": null }, "geometry": { "type": "MultiPolygon", "coordinates": [ [ [ [ 110.374556165803924, -7.783532410209824, 0.0 ], [ 110.374564208254995, -7.783454559392528, 0.0 ], [ 110.374567523938751, -7.783387101381976, 0.0 ], [ 110.374840500543968, -7.783426118608574, 0.0 ], [ 110.374807418081716, -7.783596535762191, 0.0 ], [ 110.37457108841906, -7.783555402154448, 0.0 ], [ 110.374556165803924, -7.783532410209824, 0.0 ] ] ] ] } },
{ "type": "Feature", "properties": { "D_NOP": "347106000400200100", "D_LUAS": 2552.24, "ASR": null, "KD PROPINS": null, "KD DATI2": null, "KD KECAMAT": null, "KD KELURAH": null, "KD BLOK": null, "NO URUT": null, "KD JNS OP": null, "THN PAJAK": null, "NO PERSIL": null, "LUAS BUMI": null, "LUAS BNG S": null, "NJOP BUMI": null, "NJOP BNG S": null, "NJOP SPPT": null, "NJOPTKP SP": null, "NJKP SPPT": null, "PBB TERHUT": null, "FAKTOR PEN": null, "PBB YG HAR": null, "FLG SYNC": null, "JML KRG BA": null, "FLG BAYAR": null, "ALAMAT OP": null, "NM KELURAH": null, "NM KECAMAT": null }, "geometry": { "type": "MultiPolygon", "coordinates": [ [ [ [ 110.374066646837832, -7.78342235483731, 0.0 ], [ 110.374104078150907, -7.782941940422072, 0.0 ], [ 110.374562846088608, -7.782960884500475, 0.0 ], [ 110.374559963308741, -7.782988552700049, 0.0 ], [ 110.374518694736878, -7.783384135532233, 0.0 ], [ 110.374501473531154, -7.783398308094065, 0.0 ], [ 110.374466079044183, -7.783413086885387, 0.0 ], [ 110.374423572498713, -7.783433009856599, 0.0 ], [ 110.374375759284888, -7.783450935473962, 0.0 ], [ 110.374158392393284, -7.783431623926465, 0.0 ], [ 110.374066646837832, -7.78342235483731, 0.0 ] ] ] ] } },
{ "type": "Feature", "properties": { "D_NOP": "347106000400200090", "D_LUAS": 3434.73, "ASR": null, "KD PROPINS": null, "KD DATI2": null, "KD KECAMAT": null, "KD KELURAH": null, "KD BLOK": null, "NO URUT": null, "KD JNS OP": null, "THN PAJAK": null, "NO PERSIL": null, "LUAS BUMI": null, "LUAS BNG S": null, "NJOP BUMI": null, "NJOP BNG S": null, "NJOP SPPT": null, "NJOPTKP SP": null, "NJKP SPPT": null, "PBB TERHUT": null, "FAKTOR PEN": null, "PBB YG HAR": null, "FLG SYNC": null, "JML KRG BA": null, "FLG BAYAR": null, "ALAMAT OP": null, "NM KELURAH": null, "NM KECAMAT": null }, "geometry": { "type": "MultiPolygon", "coordinates": [ [ [ [ 110.373681968079879, -7.783669301661848, 0.0 ], [ 110.373696164515891, -7.783476158107947, 0.0 ], [ 110.373708856288829, -7.783339442413378, 0.0 ], [ 110.373737042168997, -7.782941398717607, 0.0 ], [ 110.374104078150907, -7.782941940422072, 0.0 ], [ 110.374066646837832, -7.78342235483731, 0.0 ], [ 110.374047944710227, -7.78367861388469, 0.0 ], [ 110.37386211536122, -7.783673456238221, 0.0 ], [ 110.373681968079879, -7.783669301661848, 0.0 ] ] ] ] } },
{ "type": "Feature", "properties": { "D_NOP": "347106000400200080", "D_LUAS": 529.22, "ASR": null, "KD PROPINS": "34", "KD DATI2": "71", "KD KECAMAT": "060", "KD KELURAH": "004", "KD BLOK": "002", "NO URUT": "0008", "KD JNS OP": "0", "THN PAJAK": "2023", "NO PERSIL": null, "LUAS BUMI": "552", "LUAS BNG S": 756, "NJOP BUMI": 10143000000.0, "NJOP BNG S": 1146096000.0, "NJOP SPPT": 11289096000.0, "NJOPTKP SP": 20000000.0, "NJKP SPPT": 0, "PBB TERHUT": 28172740, "FAKTOR PEN": 6339375.0, "PBB YG HAR": 21833365, "FLG SYNC": "0", "JML KRG BA": "0", "FLG BAYAR": "0", "ALAMAT OP": "JL SUDIRMAN,JEND. 48 RW 01 RT 002", "NM KELURAH": "KOTABARU", "NM KECAMAT": "GONDOKUSUMAN" }, "geometry": { "type": "MultiPolygon", "coordinates": [ [ [ [ 110.373582715567821, -7.783326685989991, 0.0 ], [ 110.373603936658242, -7.78293541448922, 0.0 ], [ 110.373737042168997, -7.782941398717607, 0.0 ], [ 110.373708856288829, -7.783339442413378, 0.0 ], [ 110.373582715567821, -7.783326685989991, 0.0 ] ] ] ] } },
{ "type": "Feature", "properties": { "D_NOP": "347106000400200070", "D_LUAS": 1991.88, "ASR": null, "KD PROPINS": "34", "KD DATI2": "71", "KD KECAMAT": "060", "KD KELURAH": "004", "KD BLOK": "002", "NO URUT": "0007", "KD JNS OP": "0", "THN PAJAK": "2023", "NO PERSIL": "GB65", "LUAS BUMI": "1897", "LUAS BNG S": 1174, "NJOP BUMI": 34857375000.0, "NJOP BNG S": 4930800000.0, "NJOP SPPT": 39788175000.0, "NJOPTKP SP": 0.0, "NJKP SPPT": 0, "PBB TERHUT": 99470438, "FAKTOR PEN": 21785860.0, "PBB YG HAR": 77684578, "FLG SYNC": "0", "JML KRG BA": "0", "FLG BAYAR": "0", "ALAMAT OP": "JL JEND.SUDIRMAN 48 RW 01 RT 002", "NM KELURAH": "KOTABARU", "NM KECAMAT": "GONDOKUSUMAN" }, "geometry": { "type": "MultiPolygon", "coordinates": [ [ [ [ 110.373343790727517, -7.783472201228482, 0.0 ], [ 110.373344744802765, -7.78293051003726, 0.0 ], [ 110.373603936658242, -7.78293541448922, 0.0 ], [ 110.373582715567821, -7.783326685989991, 0.0 ], [ 110.373708856288829, -7.783339442413378, 0.0 ], [ 110.373696164515891, -7.783476158107947, 0.0 ], [ 110.373343790727517, -7.783472201228482, 0.0 ] ] ] ] } },
{ "type": "Feature", "properties": { "D_NOP": "347106000400200060", "D_LUAS": 2520.94, "ASR": null, "KD PROPINS": "34", "KD DATI2": "71", "KD KECAMAT": "060", "KD KELURAH": "004", "KD BLOK": "002", "NO URUT": "0006", "KD JNS OP": "0", "THN PAJAK": "2023", "NO PERSIL": null, "LUAS BUMI": "2135", "LUAS BNG S": 1176, "NJOP BUMI": 39230625000.0, "NJOP BNG S": 699720000.0, "NJOP SPPT": 39930345000.0, "NJOPTKP SP": 20000000.0, "NJKP SPPT": 0, "PBB TERHUT": 99775863, "FAKTOR PEN": 24519141.0, "PBB YG HAR": 75256722, "FLG SYNC": "0", "JML KRG BA": "0", "FLG BAYAR": "0", "ALAMAT OP": "JL SUDIRMAN,JEND. 46 RW 01 RT 002", "NM KELURAH": "KOTABARU", "NM KECAMAT": "GONDOKUSUMAN" }, "geometry": { "type": "MultiPolygon", "coordinates": [ [ [ [ 110.373029511360897, -7.783548966436253, 0.0 ], [ 110.373044180930265, -7.782936938818523, 0.0 ], [ 110.373344744802765, -7.78293051003726, 0.0 ], [ 110.373343790727517, -7.783472201228482, 0.0 ], [ 110.373340329041312, -7.783537126879216, 0.0 ], [ 110.373192396247447, -7.783544595091818, 0.0 ], [ 110.373029511360897, -7.783548966436253, 0.0 ] ] ] ] } },
{ "type": "Feature", "properties": { "D_NOP": "347106000400200050", "D_LUAS": 1333.49, "ASR": null, "KD PROPINS": "34", "KD DATI2": "71", "KD KECAMAT": "060", "KD KELURAH": "004", "KD BLOK": "002", "NO URUT": "0005", "KD JNS OP": "0", "THN PAJAK": "2023", "NO PERSIL": null, "LUAS BUMI": "1153", "LUAS BNG S": 805, "NJOP BUMI": 21186375000.0, "NJOP BNG S": 966000000.0, "NJOP SPPT": 22152375000.0, "NJOPTKP SP": 20000000.0, "NJKP SPPT": 0, "PBB TERHUT": 55330938, "FAKTOR PEN": 15345958.0, "PBB YG HAR": 39984980, "FLG SYNC": "0", "JML KRG BA": "0", "FLG BAYAR": "0", "ALAMAT OP": "JL SUDIRMAN,JEND. 44 RW 01 RT 002", "NM KELURAH": "KOTABARU", "NM KECAMAT": "GONDOKUSUMAN" }, "geometry": { "type": "MultiPolygon", "coordinates": [ [ [ [ 110.372836762533012, -7.783570385364699, 0.0 ], [ 110.372853776201509, -7.782941179006992, 0.0 ], [ 110.373044180930265, -7.782936938818523, 0.0 ], [ 110.373029511360897, -7.783548966436253, 0.0 ], [ 110.372990392033714, -7.783554063282466, 0.0 ], [ 110.372836762533012, -7.783570385364699, 0.0 ] ] ] ] } },
{ "type": "Feature", "properties": { "D_NOP": "347106000400200040", "D_LUAS": 1396.49, "ASR": null, "KD PROPINS": "34", "KD DATI2": "71", "KD KECAMAT": "060", "KD KELURAH": "004", "KD BLOK": "002", "NO URUT": "0004", "KD JNS OP": "0", "THN PAJAK": "2023", "NO PERSIL": "B0184", "LUAS BUMI": "1183", "LUAS BNG S": 3732, "NJOP BUMI": 21737625000.0, "NJOP BNG S": 18006900000.0, "NJOP SPPT": 39744525000.0, "NJOPTKP SP": 0.0, "NJKP SPPT": 0, "PBB TERHUT": 99361313, "FAKTOR PEN": 13586016.0, "PBB YG HAR": 85775297, "FLG SYNC": "0", "JML KRG BA": "0", "FLG BAYAR": "0", "ALAMAT OP": "JL SUDIRMAN,JEND. 42 RW 01 RT 002", "NM KELURAH": "KOTABARU", "NM KECAMAT": "GONDOKUSUMAN" }, "geometry": { "type": "MultiPolygon", "coordinates": [ [ [ [ 110.372653234090905, -7.78357698686048, 0.0 ], [ 110.372667933115906, -7.782945516288475, 0.0 ], [ 110.372853776201509, -7.782941179006992, 0.0 ], [ 110.372836762533012, -7.783570385364699, 0.0 ], [ 110.372797802179775, -7.783569152131122, 0.0 ], [ 110.372653234090905, -7.78357698686048, 0.0 ] ] ] ] } },
{ "type": "Feature", "properties": { "D_NOP": "347106000400200020", "D_LUAS": 186.1, "ASR": null, "KD PROPINS": "34", "KD DATI2": "71", "KD KECAMAT": "060", "KD KELURAH": "004", "KD BLOK": "002", "NO URUT": "0002", "KD JNS OP": "0", "THN PAJAK": "2023", "NO PERSIL": null, "LUAS BUMI": "250", "LUAS BNG S": 175, "NJOP BUMI": 4593750000.0, "NJOP BNG S": 88375000.0, "NJOP SPPT": 4682125000.0, "NJOPTKP SP": 20000000.0, "NJKP SPPT": 0, "PBB TERHUT": 3263488, "FAKTOR PEN": 803907.0, "PBB YG HAR": 2459581, "FLG SYNC": "0", "JML KRG BA": "0", "FLG BAYAR": "0", "ALAMAT OP": "JL SUDIRMAN,JEND. 40 RW 01 RT 002", "NM KELURAH": "KOTABARU", "NM KECAMAT": "GONDOKUSUMAN" }, "geometry": { "type": "MultiPolygon", "coordinates": [ [ [ [ 110.372401340725844, -7.783089452715494, 0.0 ], [ 110.372565354700527, -7.783080019031616, 0.0 ], [ 110.37257480689982, -7.78326135079385, 0.0 ], [ 110.37240429868352, -7.78326272634777, 0.0 ], [ 110.372401340725844, -7.783089452715494, 0.0 ] ] ] ] } },
{ "type": "Feature", "properties": { "D_NOP": "347106000400200010", "D_LUAS": 8120.94, "ASR": null, "KD PROPINS": "34", "KD DATI2": "71", "KD KECAMAT": "060", "KD KELURAH": "004", "KD BLOK": "002", "NO URUT": "0001", "KD JNS OP": "0", "THN PAJAK": "2023", "NO PERSIL": null, "LUAS BUMI": "6100", "LUAS BNG S": 164, "NJOP BUMI": 112087500000.0, "NJOP BNG S": 248624000.0, "NJOP SPPT": 112336124000.0, "NJOPTKP SP": 20000000.0, "NJKP SPPT": 0, "PBB TERHUT": 336948372, "FAKTOR PEN": 84065625.0, "PBB YG HAR": 252882747, "FLG SYNC": "0", "JML KRG BA": "0", "FLG BAYAR": "0", "ALAMAT OP": "JL SUDIRMAN,JEND. 38 RW 01 RT 003", "NM KELURAH": "KOTABARU", "NM KECAMAT": "GONDOKUSUMAN" }, "geometry": { "type": "MultiPolygon", "coordinates": [ [ [ [ 110.371501293597717, -7.783761753992547, 0.0 ], [ 110.371646594504384, -7.782910363660011, 0.0 ], [ 110.372360724990941, -7.782944247969372, 0.0 ], [ 110.372309055785635, -7.783593659915428, 0.0 ], [ 110.372278822356222, -7.783859035446806, 0.0 ], [ 110.371501293597717, -7.783761753992547, 0.0 ] ] ] ] } },
{ "type": "Feature", "properties": { "D_NOP": "347106000400101150", "D_LUAS": 24.82, "ASR": null, "KD PROPINS": "34", "KD DATI2": "71", "KD KECAMAT": "060", "KD KELURAH": "004", "KD BLOK": "001", "NO URUT": "0115", "KD JNS OP": "0", "THN PAJAK": "2023", "NO PERSIL": null, "LUAS BUMI": "21", "LUAS BNG S": 21, "NJOP BUMI": 58359000.0, "NJOP BNG S": 3402000.0, "NJOP SPPT": 61761000.0, "NJOPTKP SP": 20000000.0, "NJKP SPPT": 0, "PBB TERHUT": 20881, "FAKTOR PEN": 7295.0, "PBB YG HAR": 13586, "FLG SYNC": "0", "JML KRG BA": "0", "FLG BAYAR": "0", "ALAMAT OP": "KP LEDOK CODE  RW 04 RT 018", "NM KELURAH": "KOTABARU", "NM KECAMAT": "GONDOKUSUMAN" }, "geometry": { "type": "MultiPolygon", "coordinates": [ [ [ [ 110.368551575067499, -7.787031942221114, 0.0 ], [ 110.368542393132216, -7.78697097688976, 0.0 ], [ 110.36857328265107, -7.786968490776692, 0.0 ], [ 110.368583549204942, -7.787004317425326, 0.0 ], [ 110.368581119429237, -7.787028821075408, 0.0 ], [ 110.368551575067499, -7.787031942221114, 0.0 ] ] ] ] } },
{ "type": "Feature", "properties": { "D_NOP": "347106000400101140", "D_LUAS": 22.18, "ASR": null, "KD PROPINS": "34", "KD DATI2": "71", "KD KECAMAT": "060", "KD KELURAH": "004", "KD BLOK": "001", "NO URUT": "0114", "KD JNS OP": "0", "THN PAJAK": "2023", "NO PERSIL": null, "LUAS BUMI": "21", "LUAS BNG S": 21, "NJOP BUMI": 58359000.0, "NJOP BNG S": 3402000.0, "NJOP SPPT": 61761000.0, "NJOPTKP SP": 20000000.0, "NJKP SPPT": 0, "PBB TERHUT": 20881, "FAKTOR PEN": 7295.0, "PBB YG HAR": 13586, "FLG SYNC": "0", "JML KRG BA": "0", "FLG BAYAR": "0", "ALAMAT OP": "KP LEDOK CODE  RW 04 RT 018", "NM KELURAH": "KOTABARU", "NM KECAMAT": "GONDOKUSUMAN" }, "geometry": { "type": "MultiPolygon", "coordinates": [ [ [ [ 110.368506546926753, -7.787037391554048, 0.0 ], [ 110.368498341385816, -7.786973624262044, 0.0 ], [ 110.368527959308693, -7.786971317123828, 0.0 ], [ 110.368533473718614, -7.787034356945778, 0.0 ], [ 110.368506546926753, -7.787037391554048, 0.0 ] ] ] ] } },
{ "type": "Feature", "properties": { "D_NOP": "347106000400101130", "D_LUAS": 23.43, "ASR": null, "KD PROPINS": "34", "KD DATI2": "71", "KD KECAMAT": "060", "KD KELURAH": "004", "KD BLOK": "001", "NO URUT": "0113", "KD JNS OP": "0", "THN PAJAK": "2023", "NO PERSIL": null, "LUAS BUMI": "21", "LUAS BNG S": 21, "NJOP BUMI": 58359000.0, "NJOP BNG S": 3402000.0, "NJOP SPPT": 61761000.0, "NJOPTKP SP": 20000000.0, "NJKP SPPT": 0, "PBB TERHUT": 20881, "FAKTOR PEN": 7295.0, "PBB YG HAR": 13586, "FLG SYNC": "0", "JML KRG BA": "0", "FLG BAYAR": "0", "ALAMAT OP": "KP LEDOK CODE  RW 04 RT 018", "NM KELURAH": "KOTABARU", "NM KECAMAT": "GONDOKUSUMAN" }, "geometry": { "type": "MultiPolygon", "coordinates": [ [ [ [ 110.36846316958237, -7.787039135599346, 0.0 ], [ 110.368454138717297, -7.786977175732157, 0.0 ], [ 110.368485701291192, -7.786974690628083, 0.0 ], [ 110.368493614330163, -7.787034026281053, 0.0 ], [ 110.36846316958237, -7.787039135599346, 0.0 ] ] ] ] } },
{ "type": "Feature", "properties": { "D_NOP": "347106000400101120", "D_LUAS": 21.46, "ASR": null, "KD PROPINS": "34", "KD DATI2": "71", "KD KECAMAT": "060", "KD KELURAH": "004", "KD BLOK": "001", "NO URUT": "0112", "KD JNS OP": "0", "THN PAJAK": "2023", "NO PERSIL": null, "LUAS BUMI": "21", "LUAS BNG S": 21, "NJOP BUMI": 58359000.0, "NJOP BNG S": 3402000.0, "NJOP SPPT": 61761000.0, "NJOPTKP SP": 20000000.0, "NJKP SPPT": 0, "PBB TERHUT": 20881, "FAKTOR PEN": 7295.0, "PBB YG HAR": 13586, "FLG SYNC": "0", "JML KRG BA": "0", "FLG BAYAR": "0", "ALAMAT OP": "KP LEDOK CODE  RW 04 RT 018", "NM KELURAH": "KOTABARU", "NM KECAMAT": "GONDOKUSUMAN" }, "geometry": { "type": "MultiPolygon", "coordinates": [ [ [ [ 110.368416421682653, -7.787044401495493, 0.0 ], [ 110.368409037152503, -7.786981720618508, 0.0 ], [ 110.368437982156777, -7.786979322051528, 0.0 ], [ 110.368444395178258, -7.78704154931761, 0.0 ], [ 110.368416421682653, -7.787044401495493, 0.0 ] ] ] ] } },
{ "type": "Feature", "properties": { "D_NOP": "347106000400101110", "D_LUAS": 18.97, "ASR": null, "KD PROPINS": "34", "KD DATI2": "71", "KD KECAMAT": "060", "KD KELURAH": "004", "KD BLOK": "001", "NO URUT": "0111", "KD JNS OP": "0", "THN PAJAK": "2023", "NO PERSIL": null, "LUAS BUMI": "20", "LUAS BNG S": 20, "NJOP BUMI": 55580000.0, "NJOP BNG S": 3240000.0, "NJOP SPPT": 58820000.0, "NJOPTKP SP": 20000000.0, "NJKP SPPT": 0, "PBB TERHUT": 19410, "FAKTOR PEN": 6947.0, "PBB YG HAR": 12463, "FLG SYNC": "0", "JML KRG BA": "0", "FLG BAYAR": "0", "ALAMAT OP": "KP LEDOK CODE  RW 04 RT 018", "NM KELURAH": "KOTABARU", "NM KECAMAT": "GONDOKUSUMAN" }, "geometry": { "type": "MultiPolygon", "coordinates": [ [ [ [ 110.368359359434223, -7.787045763413516, 0.0 ], [ 110.368354930915316, -7.787006689880329, 0.0 ], [ 110.368393675043237, -7.787002678125846, 0.0 ], [ 110.368398176995271, -7.787042656095539, 0.0 ], [ 110.368359359434223, -7.787045763413516, 0.0 ] ] ] ] } },
{ "type": "Feature", "properties": { "D_NOP": "347106000400101100", "D_LUAS": 24.59, "ASR": null, "KD PROPINS": "34", "KD DATI2": "71", "KD KECAMAT": "060", "KD KELURAH": "004", "KD BLOK": "001", "NO URUT": "0110", "KD JNS OP": "0", "THN PAJAK": "2023", "NO PERSIL": null, "LUAS BUMI": "15", "LUAS BNG S": 15, "NJOP BUMI": 41685000.0, "NJOP BNG S": 1980000.0, "NJOP SPPT": 43665000.0, "NJOPTKP SP": 20000000.0, "NJKP SPPT": 0, "PBB TERHUT": 11833, "FAKTOR PEN": 5211.0, "PBB YG HAR": 6622, "FLG SYNC": "0", "JML KRG BA": "0", "FLG BAYAR": "0", "ALAMAT OP": "KP LEDOK CODE  RW 04 RT 018", "NM KELURAH": "KOTABARU", "NM KECAMAT": "GONDOKUSUMAN" }, "geometry": { "type": "MultiPolygon", "coordinates": [ [ [ [ 110.368344166358327, -7.786953861134112, 0.0 ], [ 110.368313051269951, -7.786957160788889, 0.0 ], [ 110.368305074309703, -7.786890590421522, 0.0 ], [ 110.368335664551878, -7.786888194312252, 0.0 ], [ 110.368338692086496, -7.786913972148338, 0.0 ], [ 110.368344166358327, -7.786953861134112, 0.0 ] ] ] ] } },
{ "type": "Feature", "properties": { "D_NOP": "347106000400101090", "D_LUAS": 30.72, "ASR": null, "KD PROPINS": "34", "KD DATI2": "71", "KD KECAMAT": "060", "KD KELURAH": "004", "KD BLOK": "001", "NO URUT": "0109", "KD JNS OP": "0", "THN PAJAK": "2023", "NO PERSIL": null, "LUAS BUMI": "47", "LUAS BNG S": 47, "NJOP BUMI": 130613000.0, "NJOP BNG S": 6204000.0, "NJOP SPPT": 136817000.0, "NJOPTKP SP": 20000000.0, "NJKP SPPT": 0, "PBB TERHUT": 58409, "FAKTOR PEN": 16327.0, "PBB YG HAR": 42082, "FLG SYNC": "0", "JML KRG BA": "0", "FLG BAYAR": "0", "ALAMAT OP": "KP LEDOK CODE  RW 04 RT 018", "NM KELURAH": "KOTABARU", "NM KECAMAT": "GONDOKUSUMAN" }, "geometry": { "type": "MultiPolygon", "coordinates": [ [ [ [ 110.368344166358327, -7.786953861134112, 0.0 ], [ 110.368338692086496, -7.786913972148338, 0.0 ], [ 110.368406676277559, -7.786910275250686, 0.0 ], [ 110.368407819323124, -7.78694599787892, 0.0 ], [ 110.368344166358327, -7.786953861134112, 0.0 ] ] ] ] } },
{ "type": "Feature", "properties": { "D_NOP": "347106000400101080", "D_LUAS": 35.67, "ASR": null, "KD PROPINS": "34", "KD DATI2": "71", "KD KECAMAT": "060", "KD KELURAH": "004", "KD BLOK": "001", "NO URUT": "0108", "KD JNS OP": "0", "THN PAJAK": "2023", "NO PERSIL": null, "LUAS BUMI": "32", "LUAS BNG S": 32, "NJOP BUMI": 88928000.0, "NJOP BNG S": 5184000.0, "NJOP SPPT": 94112000.0, "NJOPTKP SP": 20000000.0, "NJKP SPPT": 0, "PBB TERHUT": 37056, "FAKTOR PEN": 11116.0, "PBB YG HAR": 25940, "FLG SYNC": "0", "JML KRG BA": "0", "FLG BAYAR": "0", "ALAMAT OP": "KP LEDOK CODE  RW 04 RT 018", "NM KELURAH": "KOTABARU", "NM KECAMAT": "GONDOKUSUMAN" }, "geometry": { "type": "MultiPolygon", "coordinates": [ [ [ [ 110.368490015428051, -7.786940332618605, 0.0 ], [ 110.368485367826935, -7.78689773188318, 0.0 ], [ 110.368553655348705, -7.786891231998936, 0.0 ], [ 110.368558229391525, -7.786933018730101, 0.0 ], [ 110.368490015428051, -7.786940332618605, 0.0 ] ] ] ] } },
{ "type": "Feature", "properties": { "D_NOP": "347106000400101070", "D_LUAS": 21.32, "ASR": null, "KD PROPINS": "34", "KD DATI2": "71", "KD KECAMAT": "060", "KD KELURAH": "004", "KD BLOK": "001", "NO URUT": "0107", "KD JNS OP": "0", "THN PAJAK": "2023", "NO PERSIL": null, "LUAS BUMI": "23", "LUAS BNG S": 23, "NJOP BUMI": 63917000.0, "NJOP BNG S": 3726000.0, "NJOP SPPT": 67643000.0, "NJOPTKP SP": 20000000.0, "NJKP SPPT": 0, "PBB TERHUT": 23822, "FAKTOR PEN": 7990.0, "PBB YG HAR": 15832, "FLG SYNC": "0", "JML KRG BA": "0", "FLG BAYAR": "0", "ALAMAT OP": "KP LEDOK CODE  RW 04 RT 018", "NM KELURAH": "KOTABARU", "NM KECAMAT": "GONDOKUSUMAN" }, "geometry": { "type": "MultiPolygon", "coordinates": [ [ [ [ 110.368509809508623, -7.786856259666234, 0.0 ], [ 110.368505147146109, -7.786823516075796, 0.0 ], [ 110.368556456427456, -7.786818528259082, 0.0 ], [ 110.368562089765092, -7.786852087189831, 0.0 ], [ 110.368509809508623, -7.786856259666234, 0.0 ] ] ] ] } },
{ "type": "Feature", "properties": { "D_NOP": "347106000400101060", "D_LUAS": 39.3, "ASR": null, "KD PROPINS": null, "KD DATI2": null, "KD KECAMAT": null, "KD KELURAH": null, "KD BLOK": null, "NO URUT": null, "KD JNS OP": null, "THN PAJAK": null, "NO PERSIL": null, "LUAS BUMI": null, "LUAS BNG S": null, "NJOP BUMI": null, "NJOP BNG S": null, "NJOP SPPT": null, "NJOPTKP SP": null, "NJKP SPPT": null, "PBB TERHUT": null, "FAKTOR PEN": null, "PBB YG HAR": null, "FLG SYNC": null, "JML KRG BA": null, "FLG BAYAR": null, "ALAMAT OP": null, "NM KELURAH": null, "NM KECAMAT": null }, "geometry": { "type": "MultiPolygon", "coordinates": [ [ [ [ 110.368423079695219, -7.786943036331142, 0.0 ], [ 110.368415636903237, -7.786869322575003, 0.0 ], [ 110.36846170807263, -7.78686649735296, 0.0 ], [ 110.368464366738422, -7.786938847492123, 0.0 ], [ 110.368423079695219, -7.786943036331142, 0.0 ] ] ] ] } },
{ "type": "Feature", "properties": { "D_NOP": "347106000400101050", "D_LUAS": 32.7, "ASR": null, "KD PROPINS": "34", "KD DATI2": "71", "KD KECAMAT": "060", "KD KELURAH": "004", "KD BLOK": "001", "NO URUT": "0105", "KD JNS OP": "0", "THN PAJAK": "2023", "NO PERSIL": null, "LUAS BUMI": "30", "LUAS BNG S": 30, "NJOP BUMI": 83370000.0, "NJOP BNG S": 4860000.0, "NJOP SPPT": 88230000.0, "NJOPTKP SP": 20000000.0, "NJKP SPPT": 0, "PBB TERHUT": 34115, "FAKTOR PEN": 10421.0, "PBB YG HAR": 23694, "FLG SYNC": "0", "JML KRG BA": "0", "FLG BAYAR": "0", "ALAMAT OP": "KP LEDOK CODE  RW 04 RT 018", "NM KELURAH": "KOTABARU", "NM KECAMAT": "GONDOKUSUMAN" }, "geometry": { "type": "MultiPolygon", "coordinates": [ [ [ [ 110.368396378024741, -7.786845690945862, 0.0 ], [ 110.36839089020512, -7.786814845212414, 0.0 ], [ 110.368476604373541, -7.786807014807946, 0.0 ], [ 110.368478575464124, -7.786839121360965, 0.0 ], [ 110.368396378024741, -7.786845690945862, 0.0 ] ] ] ] } },
{ "type": "Feature", "properties": { "D_NOP": "347106000400101040", "D_LUAS": 29.5, "ASR": null, "KD PROPINS": "34", "KD DATI2": "71", "KD KECAMAT": "060", "KD KELURAH": "004", "KD BLOK": "001", "NO URUT": "0104", "KD JNS OP": "0", "THN PAJAK": "2023", "NO PERSIL": null, "LUAS BUMI": "24", "LUAS BNG S": 24, "NJOP BUMI": 66696000.0, "NJOP BNG S": 3888000.0, "NJOP SPPT": 70584000.0, "NJOPTKP SP": 20000000.0, "NJKP SPPT": 0, "PBB TERHUT": 25292, "FAKTOR PEN": 8337.0, "PBB YG HAR": 16955, "FLG SYNC": "0", "JML KRG BA": "0", "FLG BAYAR": "0", "ALAMAT OP": "KP LEDOK CODE  RW 04 RT 018", "NM KELURAH": "KOTABARU", "NM KECAMAT": "GONDOKUSUMAN" }, "geometry": { "type": "MultiPolygon", "coordinates": [ [ [ [ 110.368396455898562, -7.786793692246081, 0.0 ], [ 110.368392690950913, -7.786760949991873, 0.0 ], [ 110.368470250017367, -7.786755549123187, 0.0 ], [ 110.368474619876935, -7.786783861074657, 0.0 ], [ 110.368396455898562, -7.786793692246081, 0.0 ] ] ] ] } },
{ "type": "Feature", "properties": { "D_NOP": "347106000400101030", "D_LUAS": 16.34, "ASR": null, "KD PROPINS": "34", "KD DATI2": "71", "KD KECAMAT": "060", "KD KELURAH": "004", "KD BLOK": "001", "NO URUT": "0103", "KD JNS OP": "0", "THN PAJAK": "2023", "NO PERSIL": null, "LUAS BUMI": "20", "LUAS BNG S": 20, "NJOP BUMI": 55580000.0, "NJOP BNG S": 3240000.0, "NJOP SPPT": 58820000.0, "NJOPTKP SP": 20000000.0, "NJKP SPPT": 0, "PBB TERHUT": 19410, "FAKTOR PEN": 6947.0, "PBB YG HAR": 12463, "FLG SYNC": "0", "JML KRG BA": "0", "FLG BAYAR": "0", "ALAMAT OP": "KP LEDOK CODE  RW 04 RT 018", "NM KELURAH": "KOTABARU", "NM KECAMAT": "GONDOKUSUMAN" }, "geometry": { "type": "MultiPolygon", "coordinates": [ [ [ [ 110.36842391723782, -7.786733324092943, 0.0 ], [ 110.368422241223669, -7.786703930961136, 0.0 ], [ 110.368469134996673, -7.786701106962146, 0.0 ], [ 110.368473209918534, -7.786726615059894, 0.0 ], [ 110.36842391723782, -7.786733324092943, 0.0 ] ] ] ] } },
{ "type": "Feature", "properties": { "D_NOP": "347106000400101020", "D_LUAS": 31.63, "ASR": null, "KD PROPINS": "34", "KD DATI2": "71", "KD KECAMAT": "060", "KD KELURAH": "004", "KD BLOK": "001", "NO URUT": "0102", "KD JNS OP": "0", "THN PAJAK": "2023", "NO PERSIL": null, "LUAS BUMI": "45", "LUAS BNG S": 45, "NJOP BUMI": 125055000.0, "NJOP BNG S": 5940000.0, "NJOP SPPT": 130995000.0, "NJOPTKP SP": 20000000.0, "NJKP SPPT": 0, "PBB TERHUT": 55498, "FAKTOR PEN": 15632.0, "PBB YG HAR": 39866, "FLG SYNC": "0", "JML KRG BA": "0", "FLG BAYAR": "0", "ALAMAT OP": "KP LEDOK CODE  RW 04 RT 018", "NM KELURAH": "KOTABARU", "NM KECAMAT": "GONDOKUSUMAN" }, "geometry": { "type": "MultiPolygon", "coordinates": [ [ [ [ 110.36850173633907, -7.78680397752722, 0.0 ], [ 110.368498648635125, -7.786768432867515, 0.0 ], [ 110.368570602031667, -7.786760943678732, 0.0 ], [ 110.368573764525536, -7.786796488449776, 0.0 ], [ 110.36850173633907, -7.78680397752722, 0.0 ] ] ] ] } },
{ "type": "Feature", "properties": { "D_NOP": "347106000400101010", "D_LUAS": 34.93, "ASR": null, "KD PROPINS": "34", "KD DATI2": "71", "KD KECAMAT": "060", "KD KELURAH": "004", "KD BLOK": "001", "NO URUT": "0101", "KD JNS OP": "0", "THN PAJAK": "2023", "NO PERSIL": null, "LUAS BUMI": "25", "LUAS BNG S": 25, "NJOP BUMI": 69475000.0, "NJOP BNG S": 4050000.0, "NJOP SPPT": 73525000.0, "NJOPTKP SP": 20000000.0, "NJKP SPPT": 0, "PBB TERHUT": 26763, "FAKTOR PEN": 8685.0, "PBB YG HAR": 18078, "FLG SYNC": "0", "JML KRG BA": "0", "FLG BAYAR": "0", "ALAMAT OP": "KP LEDOK CODE  RW 04 RT 018", "NM KELURAH": "KOTABARU", "NM KECAMAT": "GONDOKUSUMAN" }, "geometry": { "type": "MultiPolygon", "coordinates": [ [ [ [ 110.36850225464238, -7.7867574958785, 0.0 ], [ 110.368497754035374, -7.786716613583608, 0.0 ], [ 110.368567089719292, -7.786709301361393, 0.0 ], [ 110.368572264876633, -7.786749189900644, 0.0 ], [ 110.36850225464238, -7.7867574958785, 0.0 ] ] ] ] } },
{ "type": "Feature", "properties": { "D_NOP": "347106000400101000", "D_LUAS": 21.19, "ASR": null, "KD PROPINS": "34", "KD DATI2": "71", "KD KECAMAT": "060", "KD KELURAH": "004", "KD BLOK": "001", "NO URUT": "0100", "KD JNS OP": "0", "THN PAJAK": "2023", "NO PERSIL": null, "LUAS BUMI": "17", "LUAS BNG S": 17, "NJOP BUMI": 47243000.0, "NJOP BNG S": 2754000.0, "NJOP SPPT": 49997000.0, "NJOPTKP SP": 20000000.0, "NJKP SPPT": 0, "PBB TERHUT": 14999, "FAKTOR PEN": 5906.0, "PBB YG HAR": 9093, "FLG SYNC": "0", "JML KRG BA": "0", "FLG BAYAR": "0", "ALAMAT OP": "KP LEDOK CODE  RW 04 RT 018", "NM KELURAH": "KOTABARU", "NM KECAMAT": "GONDOKUSUMAN" }, "geometry": { "type": "MultiPolygon", "coordinates": [ [ [ [ 110.368529288925799, -7.786682657844871, 0.0 ], [ 110.368524404783869, -7.786648195702337, 0.0 ], [ 110.368574891286642, -7.786643297089006, 0.0 ], [ 110.368581200386501, -7.786675048371504, 0.0 ], [ 110.368529288925799, -7.786682657844871, 0.0 ] ] ] ] } },
{ "type": "Feature", "properties": { "D_NOP": "347106000400100990", "D_LUAS": 19.32, "ASR": null, "KD PROPINS": "34", "KD DATI2": "71", "KD KECAMAT": "060", "KD KELURAH": "004", "KD BLOK": "001", "NO URUT": "0099", "KD JNS OP": "0", "THN PAJAK": "2023", "NO PERSIL": null, "LUAS BUMI": "15", "LUAS BNG S": 15, "NJOP BUMI": 41685000.0, "NJOP BNG S": 2430000.0, "NJOP SPPT": 44115000.0, "NJOPTKP SP": 20000000.0, "NJKP SPPT": 0, "PBB TERHUT": 12058, "FAKTOR PEN": 5211.0, "PBB YG HAR": 6847, "FLG SYNC": "0", "JML KRG BA": "0", "FLG BAYAR": "0", "ALAMAT OP": "KP LEDOK CODE  RW 04 RT 018", "NM KELURAH": "KOTABARU", "NM KECAMAT": "GONDOKUSUMAN" }, "geometry": { "type": "MultiPolygon", "coordinates": [ [ [ [ 110.368451727164327, -7.786689867375964, 0.0 ], [ 110.36844713945554, -7.786657214329063, 0.0 ], [ 110.368495831148664, -7.786652313051976, 0.0 ], [ 110.368499372971414, -7.786684241079129, 0.0 ], [ 110.368451727164327, -7.786689867375964, 0.0 ] ] ] ] } },
{ "type": "Feature", "properties": { "D_NOP": "347106000400100980", "D_LUAS": 15.61, "ASR": null, "KD PROPINS": "34", "KD DATI2": "71", "KD KECAMAT": "060", "KD KELURAH": "004", "KD BLOK": "001", "NO URUT": "0098", "KD JNS OP": "0", "THN PAJAK": "2023", "NO PERSIL": null, "LUAS BUMI": "20", "LUAS BNG S": 20, "NJOP BUMI": 55580000.0, "NJOP BNG S": 3240000.0, "NJOP SPPT": 58820000.0, "NJOPTKP SP": 20000000.0, "NJKP SPPT": 0, "PBB TERHUT": 19410, "FAKTOR PEN": 6947.0, "PBB YG HAR": 12463, "FLG SYNC": "0", "JML KRG BA": "0", "FLG BAYAR": "0", "ALAMAT OP": "KP LEDOK CODE  RW 04 RT 018", "NM KELURAH": "KOTABARU", "NM KECAMAT": "GONDOKUSUMAN" }, "geometry": { "type": "MultiPolygon", "coordinates": [ [ [ [ 110.368464077695208, -7.786632460991362, 0.0 ], [ 110.368461049882669, -7.78660686402041, 0.0 ], [ 110.368506751166606, -7.786601325258434, 0.0 ], [ 110.368511943920311, -7.786629457569925, 0.0 ], [ 110.368464077695208, -7.786632460991362, 0.0 ] ] ] ] } },
{ "type": "Feature", "properties": { "D_NOP": "347106000400100970", "D_LUAS": 19.05, "ASR": null, "KD PROPINS": "34", "KD DATI2": "71", "KD KECAMAT": "060", "KD KELURAH": "004", "KD BLOK": "001", "NO URUT": "0097", "KD JNS OP": "0", "THN PAJAK": "2023", "NO PERSIL": null, "LUAS BUMI": "25", "LUAS BNG S": 25, "NJOP BUMI": 69475000.0, "NJOP BNG S": 4050000.0, "NJOP SPPT": 73525000.0, "NJOPTKP SP": 20000000.0, "NJKP SPPT": 0, "PBB TERHUT": 26763, "FAKTOR PEN": 8685.0, "PBB YG HAR": 18078, "FLG SYNC": "0", "JML KRG BA": "0", "FLG BAYAR": "0", "ALAMAT OP": "KP LEDOK CODE  RW 04 RT 018", "NM KELURAH": "KOTABARU", "NM KECAMAT": "GONDOKUSUMAN" }, "geometry": { "type": "MultiPolygon", "coordinates": [ [ [ [ 110.368544623079671, -7.786630410565907, 0.0 ], [ 110.368538241636415, -7.786597031386269, 0.0 ], [ 110.368586636759559, -7.786590411434597, 0.0 ], [ 110.368590254591382, -7.786621525680245, 0.0 ], [ 110.368544623079671, -7.786630410565907, 0.0 ] ] ] ] } },
{ "type": "Feature", "properties": { "D_NOP": "347106000400100960", "D_LUAS": 16.24, "ASR": null, "KD PROPINS": "34", "KD DATI2": "71", "KD KECAMAT": "060", "KD KELURAH": "004", "KD BLOK": "001", "NO URUT": "0096", "KD JNS OP": "0", "THN PAJAK": "2023", "NO PERSIL": null, "LUAS BUMI": "18", "LUAS BNG S": 18, "NJOP BUMI": 50022000.0, "NJOP BNG S": 2916000.0, "NJOP SPPT": 52938000.0, "NJOPTKP SP": 20000000.0, "NJKP SPPT": 0, "PBB TERHUT": 16469, "FAKTOR PEN": 6253.0, "PBB YG HAR": 10216, "FLG SYNC": "0", "JML KRG BA": "0", "FLG BAYAR": "0", "ALAMAT OP": "KP LEDOK CODE  RW 04 RT 018", "NM KELURAH": "KOTABARU", "NM KECAMAT": "GONDOKUSUMAN" }, "geometry": { "type": "MultiPolygon", "coordinates": [ [ [ [ 110.368574469614074, -7.786575291050355, 0.0 ], [ 110.368568115247072, -7.786523825365832, 0.0 ], [ 110.368595485563674, -7.786524227855085, 0.0 ], [ 110.368599674724607, -7.786573339064313, 0.0 ], [ 110.368574469614074, -7.786575291050355, 0.0 ] ] ] ] } },
{ "type": "Feature", "properties": { "D_NOP": "347106000400100950", "D_LUAS": 59.6, "ASR": null, "KD PROPINS": "34", "KD DATI2": "71", "KD KECAMAT": "060", "KD KELURAH": "004", "KD BLOK": "001", "NO URUT": "0095", "KD JNS OP": "0", "THN PAJAK": "2023", "NO PERSIL": null, "LUAS BUMI": "63", "LUAS BNG S": 63, "NJOP BUMI": 607635000.0, "NJOP BNG S": 19530000.0, "NJOP SPPT": 627165000.0, "NJOPTKP SP": 20000000.0, "NJKP SPPT": 0, "PBB TERHUT": 303583, "FAKTOR PEN": 75955.0, "PBB YG HAR": 227628, "FLG SYNC": "0", "JML KRG BA": "0", "FLG BAYAR": "0", "ALAMAT OP": "JL ACHMAD JAZULI 71 RW 04 RT 018", "NM KELURAH": "KOTABARU", "NM KECAMAT": "GONDOKUSUMAN" }, "geometry": { "type": "MultiPolygon", "coordinates": [ [ [ [ 110.368575785946661, -7.786894882266026, 0.0 ], [ 110.368592910487124, -7.786745693769406, 0.0 ], [ 110.368624912405039, -7.786749449165954, 0.0 ], [ 110.368617238883488, -7.786829832433629, 0.0 ], [ 110.368604346194587, -7.786899717732243, 0.0 ], [ 110.368575785946661, -7.786894882266026, 0.0 ] ] ] ] } },
{ "type": "Feature", "properties": { "D_NOP": "347106000400100940", "D_LUAS": 109.67, "ASR": null, "KD PROPINS": "34", "KD DATI2": "71", "KD KECAMAT": "060", "KD KELURAH": "004", "KD BLOK": "001", "NO URUT": "0094", "KD JNS OP": "0", "THN PAJAK": "2023", "NO PERSIL": null, "LUAS BUMI": "105", "LUAS BNG S": 90, "NJOP BUMI": 1012725000.0, "NJOP BNG S": 53550000.0, "NJOP SPPT": 1066275000.0, "NJOPTKP SP": 20000000.0, "NJKP SPPT": 0, "PBB TERHUT": 523138, "FAKTOR PEN": 126591.0, "PBB YG HAR": 396547, "FLG SYNC": "0", "JML KRG BA": "0", "FLG BAYAR": "0", "ALAMAT OP": "JL ACHMAD JAZULI 72 RW 04 RT 018", "NM KELURAH": "KOTABARU", "NM KECAMAT": "GONDOKUSUMAN" }, "geometry": { "type": "MultiPolygon", "coordinates": [ [ [ [ 110.368592910487124, -7.786745693769406, 0.0 ], [ 110.368607379536144, -7.786621912912277, 0.0 ], [ 110.36865307184803, -7.786472495649958, 0.0 ], [ 110.368683265399582, -7.786485291620904, 0.0 ], [ 110.36863704419477, -7.786638325408688, 0.0 ], [ 110.368624912405039, -7.786749449165954, 0.0 ], [ 110.368592910487124, -7.786745693769406, 0.0 ] ] ] ] } },
{ "type": "Feature", "properties": { "D_NOP": "347106000400100910", "D_LUAS": 4164.52, "ASR": null, "KD PROPINS": null, "KD DATI2": null, "KD KECAMAT": null, "KD KELURAH": null, "KD BLOK": null, "NO URUT": null, "KD JNS OP": null, "THN PAJAK": null, "NO PERSIL": null, "LUAS BUMI": null, "LUAS BNG S": null, "NJOP BUMI": null, "NJOP BNG S": null, "NJOP SPPT": null, "NJOPTKP SP": null, "NJKP SPPT": null, "PBB TERHUT": null, "FAKTOR PEN": null, "PBB YG HAR": null, "FLG SYNC": null, "JML KRG BA": null, "FLG BAYAR": null, "ALAMAT OP": null, "NM KELURAH": null, "NM KECAMAT": null }, "geometry": { "type": "MultiPolygon", "coordinates": [ [ [ [ 110.368928626401484, -7.786238775503359, 0.0 ], [ 110.369137381662284, -7.785966431429744, 0.0 ], [ 110.369368829768746, -7.785721612530805, 0.0 ], [ 110.369513821080844, -7.785581205206738, 0.0 ], [ 110.369528869618009, -7.78556983305399, 0.0 ], [ 110.36956057273261, -7.785573316631286, 0.0 ], [ 110.369570400377654, -7.785602631451889, 0.0 ], [ 110.369560120716599, -7.786025841425347, 0.0 ], [ 110.369570680700903, -7.786315694074958, 0.0 ], [ 110.369579476391266, -7.786334969326759, 0.0 ], [ 110.369587608895984, -7.786347642002052, 0.0 ], [ 110.36955061070708, -7.786384393120811, 0.0 ], [ 110.369465878280167, -7.786385894918784, 0.0 ], [ 110.369255166998556, -7.786515985541708, 0.0 ], [ 110.368928626401484, -7.786238775503359, 0.0 ] ] ] ] } },
{ "type": "Feature", "properties": { "D_NOP": "347106000400100900", "D_LUAS": 1157.78, "ASR": null, "KD PROPINS": "34", "KD DATI2": "71", "KD KECAMAT": "060", "KD KELURAH": "004", "KD BLOK": "001", "NO URUT": "0090", "KD JNS OP": "0", "THN PAJAK": "2023", "NO PERSIL": null, "LUAS BUMI": "1116", "LUAS BNG S": 310, "NJOP BUMI": 11667780000.0, "NJOP BNG S": 255130000.0, "NJOP SPPT": 11922910000.0, "NJOPTKP SP": 20000000.0, "NJKP SPPT": 0, "PBB TERHUT": 29757275, "FAKTOR PEN": 7292362.0, "PBB YG HAR": 22464913, "FLG SYNC": "0", "JML KRG BA": "0", "FLG BAYAR": "0", "ALAMAT OP": "JL I DEWA NYOMAN OKA 24 RW 01 RT 020", "NM KELURAH": "KOTABARU", "NM KECAMAT": "GONDOKUSUMAN" }, "geometry": { "type": "MultiPolygon", "coordinates": [ [ [ [ 110.369812442003351, -7.786475938549884, 0.0 ], [ 110.370156975753304, -7.78622278658995, 0.0 ], [ 110.370184033798239, -7.786282060235286, 0.0 ], [ 110.370170480114609, -7.786293977227201, 0.0 ], [ 110.370256778856358, -7.78649558958349, 0.0 ], [ 110.369973009086408, -7.786622135619243, 0.0 ], [ 110.369889829838769, -7.786585115454995, 0.0 ], [ 110.369812442003351, -7.786475938549884, 0.0 ] ] ] ] } },
{ "type": "Feature", "properties": { "D_NOP": "347106000400100890", "D_LUAS": 960.55, "ASR": null, "KD PROPINS": null, "KD DATI2": null, "KD KECAMAT": null, "KD KELURAH": null, "KD BLOK": null, "NO URUT": null, "KD JNS OP": null, "THN PAJAK": null, "NO PERSIL": null, "LUAS BUMI": null, "LUAS BNG S": null, "NJOP BUMI": null, "NJOP BNG S": null, "NJOP SPPT": null, "NJOPTKP SP": null, "NJKP SPPT": null, "PBB TERHUT": null, "FAKTOR PEN": null, "PBB YG HAR": null, "FLG SYNC": null, "JML KRG BA": null, "FLG BAYAR": null, "ALAMAT OP": null, "NM KELURAH": null, "NM KECAMAT": null }, "geometry": { "type": "MultiPolygon", "coordinates": [ [ [ [ 110.369812442003351, -7.786475938549884, 0.0 ], [ 110.369761892329805, -7.786322941641647, 0.0 ], [ 110.369746011874199, -7.786140334318988, 0.0 ], [ 110.370129905020761, -7.786172013603442, 0.0 ], [ 110.370156975753304, -7.78622278658995, 0.0 ], [ 110.369812442003351, -7.786475938549884, 0.0 ] ] ] ] } },
{ "type": "Feature", "properties": { "D_NOP": "347106000400100880", "D_LUAS": 1079.06, "ASR": null, "KD PROPINS": null, "KD DATI2": null, "KD KECAMAT": null, "KD KELURAH": null, "KD BLOK": null, "NO URUT": null, "KD JNS OP": null, "THN PAJAK": null, "NO PERSIL": null, "LUAS BUMI": null, "LUAS BNG S": null, "NJOP BUMI": null, "NJOP BNG S": null, "NJOP SPPT": null, "NJOPTKP SP": null, "NJKP SPPT": null, "PBB TERHUT": null, "FAKTOR PEN": null, "PBB YG HAR": null, "FLG SYNC": null, "JML KRG BA": null, "FLG BAYAR": null, "ALAMAT OP": null, "NM KELURAH": null, "NM KECAMAT": null }, "geometry": { "type": "MultiPolygon", "coordinates": [ [ [ [ 110.370129905020761, -7.786172013603442, 0.0 ], [ 110.369746011874199, -7.786140334318988, 0.0 ], [ 110.36978077895742, -7.785995150996929, 0.0 ], [ 110.369845798880093, -7.785923172723008, 0.0 ], [ 110.370034463868976, -7.785832839426557, 0.0 ], [ 110.370060850673681, -7.785940945767996, 0.0 ], [ 110.370174057802956, -7.786151731816814, 0.0 ], [ 110.370129905020761, -7.786172013603442, 0.0 ] ] ] ] } },
{ "type": "Feature", "properties": { "D_NOP": "347106000400100870", "D_LUAS": 760.9, "ASR": null, "KD PROPINS": "34", "KD DATI2": "71", "KD KECAMAT": "060", "KD KELURAH": "004", "KD BLOK": "001", "NO URUT": "0087", "KD JNS OP": "0", "THN PAJAK": "2023", "NO PERSIL": null, "LUAS BUMI": "785", "LUAS BNG S": 372, "NJOP BUMI": 7571325000.0, "NJOP BNG S": 306156000.0, "NJOP SPPT": 7877481000.0, "NJOPTKP SP": 20000000.0, "NJKP SPPT": 0, "PBB TERHUT": 9428977, "FAKTOR PEN": 2271397.0, "PBB YG HAR": 7157580, "FLG SYNC": "0", "JML KRG BA": "0", "FLG BAYAR": "0", "ALAMAT OP": "JL SUNARYO 2 RW 01 RT 020", "NM KELURAH": "KOTABARU", "NM KECAMAT": "GONDOKUSUMAN" }, "geometry": { "type": "MultiPolygon", "coordinates": [ [ [ [ 110.370174057802956, -7.786151731816814, 0.0 ], [ 110.370060850673681, -7.785940945767996, 0.0 ], [ 110.370034463868976, -7.785832839426557, 0.0 ], [ 110.370178076887143, -7.785763962125468, 0.0 ], [ 110.370289685618729, -7.786043565101084, 0.0 ], [ 110.370309943485765, -7.786099392196055, 0.0 ], [ 110.370174057802956, -7.786151731816814, 0.0 ] ] ] ] } },
{ "type": "Feature", "properties": { "D_NOP": "347106000400100850", "D_LUAS": 1165.87, "ASR": null, "KD PROPINS": "34", "KD DATI2": "71", "KD KECAMAT": "060", "KD KELURAH": "004", "KD BLOK": "001", "NO URUT": "0085", "KD JNS OP": "0", "THN PAJAK": "2023", "NO PERSIL": null, "LUAS BUMI": "1212", "LUAS BNG S": 677, "NJOP BUMI": 11689740000.0, "NJOP BNG S": 1026332000.0, "NJOP SPPT": 12716072000.0, "NJOPTKP SP": 20000000.0, "NJKP SPPT": 0, "PBB TERHUT": 31740180, "FAKTOR PEN": 7306087.0, "PBB YG HAR": 24434093, "FLG SYNC": "0", "JML KRG BA": "0", "FLG BAYAR": "0", "ALAMAT OP": "JL PATTIMURA 3 RW 01 RT 020", "NM KELURAH": "KOTABARU", "NM KECAMAT": "GONDOKUSUMAN" }, "geometry": { "type": "MultiPolygon", "coordinates": [ [ [ [ 110.370438537338288, -7.786423061118979, 0.0 ], [ 110.370402030443842, -7.786331127231063, 0.0 ], [ 110.37034488582529, -7.786187344725131, 0.0 ], [ 110.370309943485765, -7.786099392196055, 0.0 ], [ 110.370289685618729, -7.786043565101084, 0.0 ], [ 110.370428954203305, -7.785979383770051, 0.0 ], [ 110.370461281006186, -7.785965866849736, 0.0 ], [ 110.370620290769892, -7.786353878576115, 0.0 ], [ 110.370438537338288, -7.786423061118979, 0.0 ] ] ] ] } },
{ "type": "Feature", "properties": { "D_NOP": "347106000400100840", "D_LUAS": 517.94, "ASR": null, "KD PROPINS": "34", "KD DATI2": "71", "KD KECAMAT": "060", "KD KELURAH": "004", "KD BLOK": "001", "NO URUT": "0084", "KD JNS OP": "0", "THN PAJAK": "2023", "NO PERSIL": null, "LUAS BUMI": "594", "LUAS BNG S": 278, "NJOP BUMI": 5729130000.0, "NJOP BNG S": 165410000.0, "NJOP SPPT": 5894540000.0, "NJOPTKP SP": 20000000.0, "NJKP SPPT": 0, "PBB TERHUT": 7049448, "FAKTOR PEN": 1718739.0, "PBB YG HAR": 5330709, "FLG SYNC": "0", "JML KRG BA": "0", "FLG BAYAR": "0", "ALAMAT OP": "JL SUNARYO 4 RW 01 RT 020", "NM KELURAH": "KOTABARU", "NM KECAMAT": "GONDOKUSUMAN" }, "geometry": { "type": "MultiPolygon", "coordinates": [ [ [ [ 110.370289685618729, -7.786043565101084, 0.0 ], [ 110.370178076887143, -7.785763962125468, 0.0 ], [ 110.370310534948274, -7.785703207156235, 0.0 ], [ 110.370428954203305, -7.785979383770051, 0.0 ], [ 110.370289685618729, -7.786043565101084, 0.0 ] ] ] ] } },
{ "type": "Feature", "properties": { "D_NOP": "347106000400100830", "D_LUAS": 510.69, "ASR": null, "KD PROPINS": "34", "KD DATI2": "71", "KD KECAMAT": "060", "KD KELURAH": "004", "KD BLOK": "001", "NO URUT": "0083", "KD JNS OP": "0", "THN PAJAK": "2023", "NO PERSIL": "HP89", "LUAS BUMI": "548", "LUAS BNG S": 266, "NJOP BUMI": 5285460000.0, "NJOP BNG S": 218918000.0, "NJOP SPPT": 5504378000.0, "NJOPTKP SP": 20000000.0, "NJKP SPPT": 0, "PBB TERHUT": 6581254, "FAKTOR PEN": 1585638.0, "PBB YG HAR": 4995616, "FLG SYNC": "0", "JML KRG BA": "0", "FLG BAYAR": "0", "ALAMAT OP": "JL SUNARYO 6 RW 01 RT 020", "NM KELURAH": "KOTABARU", "NM KECAMAT": "GONDOKUSUMAN" }, "geometry": { "type": "MultiPolygon", "coordinates": [ [ [ [ 110.370428954203305, -7.785979383770051, 0.0 ], [ 110.370310534948274, -7.785703207156235, 0.0 ], [ 110.370448147915809, -7.785645896240337, 0.0 ], [ 110.370563212106461, -7.785915285384881, 0.0 ], [ 110.370461281006186, -7.785965866849736, 0.0 ], [ 110.370428954203305, -7.785979383770051, 0.0 ] ] ] ] } },
{ "type": "Feature", "properties": { "D_NOP": "347106000400100820", "D_LUAS": 896.24, "ASR": null, "KD PROPINS": "34", "KD DATI2": "71", "KD KECAMAT": "060", "KD KELURAH": "004", "KD BLOK": "001", "NO URUT": "0082", "KD JNS OP": "0", "THN PAJAK": "2023", "NO PERSIL": null, "LUAS BUMI": "885", "LUAS BNG S": 559, "NJOP BUMI": 8535825000.0, "NJOP BNG S": 847444000.0, "NJOP SPPT": 9383269000.0, "NJOPTKP SP": 20000000.0, "NJKP SPPT": 0, "PBB TERHUT": 11235923, "FAKTOR PEN": 2560748.0, "PBB YG HAR": 8675175, "FLG SYNC": "0", "JML KRG BA": "0", "FLG BAYAR": "0", "ALAMAT OP": "JL PATTIMURA 5 RW 01 RT 020", "NM KELURAH": "KOTABARU", "NM KECAMAT": "GONDOKUSUMAN" }, "geometry": { "type": "MultiPolygon", "coordinates": [ [ [ [ 110.370620290769892, -7.786353878576115, 0.0 ], [ 110.370461281006186, -7.785965866849736, 0.0 ], [ 110.370563212106461, -7.785915285384881, 0.0 ], [ 110.370610732673242, -7.785893290325231, 0.0 ], [ 110.370771442346168, -7.786294869442868, 0.0 ], [ 110.370620290769892, -7.786353878576115, 0.0 ] ] ] ] } },
{ "type": "Feature", "properties": { "D_NOP": "347106000400100810", "D_LUAS": 1149.21, "ASR": null, "KD PROPINS": "34", "KD DATI2": "71", "KD KECAMAT": "060", "KD KELURAH": "004", "KD BLOK": "001", "NO URUT": "0081", "KD JNS OP": "0", "THN PAJAK": "2023", "NO PERSIL": null, "LUAS BUMI": "1035", "LUAS BNG S": 778, "NJOP BUMI": 9982575000.0, "NJOP BNG S": 462910000.0, "NJOP SPPT": 10445485000.0, "NJOPTKP SP": 20000000.0, "NJKP SPPT": 0, "PBB TERHUT": 26063713, "FAKTOR PEN": 8221570.0, "PBB YG HAR": 17842143, "FLG SYNC": "0", "JML KRG BA": "0", "FLG BAYAR": "0", "ALAMAT OP": "JL PATTIMURA 7 RW 01 RT 020", "NM KELURAH": "KOTABARU", "NM KECAMAT": "GONDOKUSUMAN" }, "geometry": { "type": "MultiPolygon", "coordinates": [ [ [ [ 110.370771442346168, -7.786294869442868, 0.0 ], [ 110.370610732673242, -7.785893290325231, 0.0 ], [ 110.370708313739499, -7.785851112613326, 0.0 ], [ 110.370816289717979, -7.785808950300814, 0.0 ], [ 110.370837461725287, -7.785803465315174, 0.0 ], [ 110.370911164485889, -7.785976753414114, 0.0 ], [ 110.371005866227506, -7.786210481743278, 0.0 ], [ 110.370771442346168, -7.786294869442868, 0.0 ] ] ] ] } },
{ "type": "Feature", "properties": { "D_NOP": "347106000400100800", "D_LUAS": 611.88, "ASR": null, "KD PROPINS": "34", "KD DATI2": "71", "KD KECAMAT": "060", "KD KELURAH": "004", "KD BLOK": "001", "NO URUT": "0080", "KD JNS OP": "0", "THN PAJAK": "2023", "NO PERSIL": null, "LUAS BUMI": "697", "LUAS BNG S": 295, "NJOP BUMI": 6722565000.0, "NJOP BNG S": 242785000.0, "NJOP SPPT": 6965350000.0, "NJOPTKP SP": 20000000.0, "NJKP SPPT": 0, "PBB TERHUT": 8334420, "FAKTOR PEN": 2964417.0, "PBB YG HAR": 5370003, "FLG SYNC": "0", "JML KRG BA": "0", "FLG BAYAR": "0", "ALAMAT OP": "JL SUNARYO 8 RW 01 RT 020", "NM KELURAH": "KOTABARU", "NM KECAMAT": "GONDOKUSUMAN" }, "geometry": { "type": "MultiPolygon", "coordinates": [ [ [ [ 110.370563212106461, -7.785915285384881, 0.0 ], [ 110.370448147915809, -7.785645896240337, 0.0 ], [ 110.370599381724688, -7.785581732602929, 0.0 ], [ 110.370708313739499, -7.785851112613326, 0.0 ], [ 110.370610732673242, -7.785893290325231, 0.0 ], [ 110.370563212106461, -7.785915285384881, 0.0 ] ] ] ] } },
{ "type": "Feature", "properties": { "D_NOP": "347106000400100790", "D_LUAS": 416.07, "ASR": null, "KD PROPINS": "34", "KD DATI2": "71", "KD KECAMAT": "060", "KD KELURAH": "004", "KD BLOK": "001", "NO URUT": "0079", "KD JNS OP": "0", "THN PAJAK": "2023", "NO PERSIL": null, "LUAS BUMI": "451", "LUAS BNG S": 238, "NJOP BUMI": 4349895000.0, "NJOP BNG S": 195874000.0, "NJOP SPPT": 4545769000.0, "NJOPTKP SP": 20000000.0, "NJKP SPPT": 0, "PBB TERHUT": 3168038, "FAKTOR PEN": 761231.0, "PBB YG HAR": 2406807, "FLG SYNC": "0", "JML KRG BA": "0", "FLG BAYAR": "0", "ALAMAT OP": "JL SUNARYO 10 RW 01 RT 020", "NM KELURAH": "KOTABARU", "NM KECAMAT": "GONDOKUSUMAN" }, "geometry": { "type": "MultiPolygon", "coordinates": [ [ [ [ 110.370708313739499, -7.785851112613326, 0.0 ], [ 110.370599381724688, -7.785581732602929, 0.0 ], [ 110.37070998032911, -7.785536047326972, 0.0 ], [ 110.370816289717979, -7.785808950300814, 0.0 ], [ 110.370708313739499, -7.785851112613326, 0.0 ] ] ] ] } },
{ "type": "Feature", "properties": { "D_NOP": "347106000400100780", "D_LUAS": 446.69, "ASR": null, "KD PROPINS": "34", "KD DATI2": "71", "KD KECAMAT": "060", "KD KELURAH": "004", "KD BLOK": "001", "NO URUT": "0078", "KD JNS OP": "0", "THN PAJAK": "2023", "NO PERSIL": null, "LUAS BUMI": "396", "LUAS BNG S": 212, "NJOP BUMI": 3819420000.0, "NJOP BNG S": 148400000.0, "NJOP SPPT": 3967820000.0, "NJOPTKP SP": 20000000.0, "NJKP SPPT": 0, "PBB TERHUT": 2763474, "FAKTOR PEN": 668398.0, "PBB YG HAR": 2095076, "FLG SYNC": "0", "JML KRG BA": "0", "FLG BAYAR": "0", "ALAMAT OP": "JL PATTIMURA 9 RW 01 RT 020", "NM KELURAH": "KOTABARU", "NM KECAMAT": "GONDOKUSUMAN" }, "geometry": { "type": "MultiPolygon", "coordinates": [ [ [ [ 110.370911164485889, -7.785976753414114, 0.0 ], [ 110.370837461725287, -7.785803465315174, 0.0 ], [ 110.370989871045268, -7.785753410795133, 0.0 ], [ 110.371042239971928, -7.785739833123221, 0.0 ], [ 110.371104818377816, -7.785900805837573, 0.0 ], [ 110.370911164485889, -7.785976753414114, 0.0 ] ] ] ] } },
{ "type": "Feature", "properties": { "D_NOP": "347106000400100770", "D_LUAS": 624.29, "ASR": null, "KD PROPINS": "34", "KD DATI2": "71", "KD KECAMAT": "060", "KD KELURAH": "004", "KD BLOK": "001", "NO URUT": "0077", "KD JNS OP": "0", "THN PAJAK": "2023", "NO PERSIL": null, "LUAS BUMI": "616", "LUAS BNG S": 240, "NJOP BUMI": 5941320000.0, "NJOP BNG S": 197520000.0, "NJOP SPPT": 6138840000.0, "NJOPTKP SP": 20000000.0, "NJKP SPPT": 0, "PBB TERHUT": 7342608, "FAKTOR PEN": 1782396.0, "PBB YG HAR": 5560212, "FLG SYNC": "0", "JML KRG BA": "0", "FLG BAYAR": "0", "ALAMAT OP": "JL PATTIMURA 9 RW 01 RT 020", "NM KELURAH": "KOTABARU", "NM KECAMAT": "GONDOKUSUMAN" }, "geometry": { "type": "MultiPolygon", "coordinates": [ [ [ [ 110.371005866227506, -7.786210481743278, 0.0 ], [ 110.370911164485889, -7.785976753414114, 0.0 ], [ 110.371104818377816, -7.785900805837573, 0.0 ], [ 110.371196811688876, -7.7861454724806, 0.0 ], [ 110.371005866227506, -7.786210481743278, 0.0 ] ] ] ] } },
{ "type": "Feature", "properties": { "D_NOP": "347106000400100760", "D_LUAS": 714.21, "ASR": null, "KD PROPINS": "34", "KD DATI2": "71", "KD KECAMAT": "060", "KD KELURAH": "004", "KD BLOK": "001", "NO URUT": "0076", "KD JNS OP": "0", "THN PAJAK": "2023", "NO PERSIL": null, "LUAS BUMI": "786", "LUAS BNG S": 207, "NJOP BUMI": 7580970000.0, "NJOP BNG S": 144900000.0, "NJOP SPPT": 7725870000.0, "NJOPTKP SP": 20000000.0, "NJKP SPPT": 0, "PBB TERHUT": 9247044, "FAKTOR PEN": 2274291.0, "PBB YG HAR": 6972753, "FLG SYNC": "0", "JML KRG BA": "0", "FLG BAYAR": "0", "ALAMAT OP": "JL SUNARYO 12 RW 01 RT 020", "NM KELURAH": "KOTABARU", "NM KECAMAT": "GONDOKUSUMAN" }, "geometry": { "type": "MultiPolygon", "coordinates": [ [ [ [ 110.370989871045268, -7.785753410795133, 0.0 ], [ 110.370837461725287, -7.785803465315174, 0.0 ], [ 110.370816289717979, -7.785808950300814, 0.0 ], [ 110.37070998032911, -7.785536047326972, 0.0 ], [ 110.37088134070251, -7.785465311856112, 0.0 ], [ 110.370989871045268, -7.785753410795133, 0.0 ] ] ] ] } },
{ "type": "Feature", "properties": { "D_NOP": "347106000400100750", "D_LUAS": 1095.56, "ASR": null, "KD PROPINS": "34", "KD DATI2": "71", "KD KECAMAT": "060", "KD KELURAH": "004", "KD BLOK": "001", "NO URUT": "0075", "KD JNS OP": "0", "THN PAJAK": "2023", "NO PERSIL": null, "LUAS BUMI": "1099", "LUAS BNG S": 411, "NJOP BUMI": 10599855000.0, "NJOP BNG S": 623076000.0, "NJOP SPPT": 11222931000.0, "NJOPTKP SP": 20000000.0, "NJKP SPPT": 0, "PBB TERHUT": 28007328, "FAKTOR PEN": 6624910.0, "PBB YG HAR": 21382418, "FLG SYNC": "0", "JML KRG BA": "0", "FLG BAYAR": "0", "ALAMAT OP": "JL SUNARYO 14 RW 01 RT 020", "NM KELURAH": "KOTABARU", "NM KECAMAT": "GONDOKUSUMAN" }, "geometry": { "type": "MultiPolygon", "coordinates": [ [ [ [ 110.370989871045268, -7.785753410795133, 0.0 ], [ 110.37088134070251, -7.785465311856112, 0.0 ], [ 110.371132757496127, -7.785369192993224, 0.0 ], [ 110.371241926809361, -7.785680262753177, 0.0 ], [ 110.371042239971928, -7.785739833123221, 0.0 ], [ 110.370989871045268, -7.785753410795133, 0.0 ] ] ] ] } },
{ "type": "Feature", "properties": { "D_NOP": "347106000400100740", "D_LUAS": 1015.49, "ASR": null, "KD PROPINS": "34", "KD DATI2": "71", "KD KECAMAT": "060", "KD KELURAH": "004", "KD BLOK": "001", "NO URUT": "0074", "KD JNS OP": "0", "THN PAJAK": "2023", "NO PERSIL": null, "LUAS BUMI": "1032", "LUAS BNG S": 385, "NJOP BUMI": 9953640000.0, "NJOP BNG S": 316855000.0, "NJOP SPPT": 10270495000.0, "NJOPTKP SP": 20000000.0, "NJKP SPPT": 0, "PBB TERHUT": 25626238, "FAKTOR PEN": 9131807.0, "PBB YG HAR": 16494431, "FLG SYNC": "0", "JML KRG BA": "0", "FLG BAYAR": "0", "ALAMAT OP": "JL PATTIMURA 11 RW 01 RT 020", "NM KELURAH": "KOTABARU", "NM KECAMAT": "GONDOKUSUMAN" }, "geometry": { "type": "MultiPolygon", "coordinates": [ [ [ [ 110.371042239971928, -7.785739833123221, 0.0 ], [ 110.371241926809361, -7.785680262753177, 0.0 ], [ 110.371377818005101, -7.786075655455621, 0.0 ], [ 110.371196811688876, -7.7861454724806, 0.0 ], [ 110.371104818377816, -7.785900805837573, 0.0 ], [ 110.371042239971928, -7.785739833123221, 0.0 ] ] ] ] } },
{ "type": "Feature", "properties": { "D_NOP": "347106000400100730", "D_LUAS": 976.52, "ASR": null, "KD PROPINS": "34", "KD DATI2": "71", "KD KECAMAT": "060", "KD KELURAH": "004", "KD BLOK": "001", "NO URUT": "0073", "KD JNS OP": "0", "THN PAJAK": "2023", "NO PERSIL": "M25", "LUAS BUMI": "1034", "LUAS BNG S": 580, "NJOP BUMI": 9972930000.0, "NJOP BNG S": 1063140000.0, "NJOP SPPT": 11036070000.0, "NJOPTKP SP": 20000000.0, "NJKP SPPT": 0, "PBB TERHUT": 27540175, "FAKTOR PEN": 6233081.0, "PBB YG HAR": 21307094, "FLG SYNC": "0", "JML KRG BA": "0", "FLG BAYAR": "0", "ALAMAT OP": "JL PATTIMURA 15A RW 01 RT 020", "NM KELURAH": "KOTABARU", "NM KECAMAT": "GONDOKUSUMAN" }, "geometry": { "type": "MultiPolygon", "coordinates": [ [ [ [ 110.371241926809361, -7.785680262753177, 0.0 ], [ 110.371414381434022, -7.785627976974293, 0.0 ], [ 110.37154603274783, -7.786008170643086, 0.0 ], [ 110.371377818005101, -7.786075655455621, 0.0 ], [ 110.371241926809361, -7.785680262753177, 0.0 ] ] ] ] } },
{ "type": "Feature", "properties": { "D_NOP": "347106000400100720", "D_LUAS": 766.77, "ASR": null, "KD PROPINS": "34", "KD DATI2": "71", "KD KECAMAT": "060", "KD KELURAH": "004", "KD BLOK": "001", "NO URUT": "0072", "KD JNS OP": "0", "THN PAJAK": "2023", "NO PERSIL": null, "LUAS BUMI": "740", "LUAS BNG S": 396, "NJOP BUMI": 7137300000.0, "NJOP BNG S": 325908000.0, "NJOP SPPT": 7463208000.0, "NJOPTKP SP": 20000000.0, "NJKP SPPT": 0, "PBB TERHUT": 8931850, "FAKTOR PEN": 2141190.0, "PBB YG HAR": 6790660, "FLG SYNC": "0", "JML KRG BA": "0", "FLG BAYAR": "0", "ALAMAT OP": "JL SUNARYO 16 RW 01 RT 020", "NM KELURAH": "KOTABARU", "NM KECAMAT": "GONDOKUSUMAN" }, "geometry": { "type": "MultiPolygon", "coordinates": [ [ [ [ 110.371241926809361, -7.785680262753177, 0.0 ], [ 110.371132757496127, -7.785369192993224, 0.0 ], [ 110.371307694954581, -7.785306782458687, 0.0 ], [ 110.371414381434022, -7.785627976974293, 0.0 ], [ 110.371241926809361, -7.785680262753177, 0.0 ] ] ] ] } },
{ "type": "Feature", "properties": { "D_NOP": "347106000400100710", "D_LUAS": 467.0, "ASR": null, "KD PROPINS": "34", "KD DATI2": "71", "KD KECAMAT": "060", "KD KELURAH": "004", "KD BLOK": "001", "NO URUT": "0071", "KD JNS OP": "0", "THN PAJAK": "2023", "NO PERSIL": "M.105", "LUAS BUMI": "572", "LUAS BNG S": 187, "NJOP BUMI": 5516940000.0, "NJOP BNG S": 130900000.0, "NJOP SPPT": 5647840000.0, "NJOPTKP SP": 20000000.0, "NJKP SPPT": 0, "PBB TERHUT": 6753408, "FAKTOR PEN": 1655082.0, "PBB YG HAR": 5098326, "FLG SYNC": "0", "JML KRG BA": "0", "FLG BAYAR": "0", "ALAMAT OP": "JL SUNARYO 18 RW 01 RT 020", "NM KELURAH": "KOTABARU", "NM KECAMAT": "GONDOKUSUMAN" }, "geometry": { "type": "MultiPolygon", "coordinates": [ [ [ [ 110.371414381434022, -7.785627976974293, 0.0 ], [ 110.371307694954581, -7.785306782458687, 0.0 ], [ 110.371404507773704, -7.785278168347422, 0.0 ], [ 110.371531367313196, -7.785611872465339, 0.0 ], [ 110.371470608091798, -7.785635204504739, 0.0 ], [ 110.371454712054927, -7.785613115345665, 0.0 ], [ 110.371414381434022, -7.785627976974293, 0.0 ] ] ] ] } },
{ "type": "Feature", "properties": { "D_NOP": "347106000400100700", "D_LUAS": 635.79, "ASR": null, "KD PROPINS": "34", "KD DATI2": "71", "KD KECAMAT": "060", "KD KELURAH": "004", "KD BLOK": "001", "NO URUT": "0070", "KD JNS OP": "0", "THN PAJAK": "2023", "NO PERSIL": null, "LUAS BUMI": "552", "LUAS BNG S": 185, "NJOP BUMI": 5324040000.0, "NJOP BNG S": 222000000.0, "NJOP SPPT": 5546040000.0, "NJOPTKP SP": 20000000.0, "NJKP SPPT": 0, "PBB TERHUT": 6631248, "FAKTOR PEN": 1597212.0, "PBB YG HAR": 5034036, "FLG SYNC": "0", "JML KRG BA": "0", "FLG BAYAR": "0", "ALAMAT OP": "JL PATTIMURA 15 RW 01 RT 020", "NM KELURAH": "KOTABARU", "NM KECAMAT": "GONDOKUSUMAN" }, "geometry": { "type": "MultiPolygon", "coordinates": [ [ [ [ 110.371414381434022, -7.785627976974293, 0.0 ], [ 110.371454712054927, -7.785613115345665, 0.0 ], [ 110.371470608091798, -7.785635204504739, 0.0 ], [ 110.371531367313196, -7.785611872465339, 0.0 ], [ 110.371558405181091, -7.785684801356759, 0.0 ], [ 110.371590500727692, -7.785776276462146, 0.0 ], [ 110.371629563134462, -7.78575933298425, 0.0 ], [ 110.371697181668495, -7.785950788945123, 0.0 ], [ 110.37154603274783, -7.786008170643086, 0.0 ], [ 110.371414381434022, -7.785627976974293, 0.0 ] ] ] ] } },
{ "type": "Feature", "properties": { "D_NOP": "347106000400100690", "D_LUAS": 1121.97, "ASR": null, "KD PROPINS": "34", "KD DATI2": "71", "KD KECAMAT": "060", "KD KELURAH": "004", "KD BLOK": "001", "NO URUT": "0069", "KD JNS OP": "0", "THN PAJAK": "2023", "NO PERSIL": null, "LUAS BUMI": "1352", "LUAS BNG S": 263, "NJOP BUMI": 16487640000.0, "NJOP BNG S": 216449000.0, "NJOP SPPT": 16704089000.0, "NJOPTKP SP": 20000000.0, "NJKP SPPT": 0, "PBB TERHUT": 41710223, "FAKTOR PEN": 10304775.0, "PBB YG HAR": 31405448, "FLG SYNC": "0", "JML KRG BA": "0", "FLG BAYAR": "0", "ALAMAT OP": "JL FARIDAN M NOTO 3/13 RW 01 RT 020", "NM KELURAH": "KOTABARU", "NM KECAMAT": "GONDOKUSUMAN" }, "geometry": { "type": "MultiPolygon", "coordinates": [ [ [ [ 110.371590500727692, -7.785776276462146, 0.0 ], [ 110.371558405181091, -7.785684801356759, 0.0 ], [ 110.371850529609247, -7.785571741028249, 0.0 ], [ 110.37195213453613, -7.785790286701479, 0.0 ], [ 110.371953726724186, -7.785825919577754, 0.0 ], [ 110.371936715546497, -7.785849587772964, 0.0 ], [ 110.371909533783906, -7.785873240903031, 0.0 ], [ 110.371697181668495, -7.785950788945123, 0.0 ], [ 110.371629563134462, -7.78575933298425, 0.0 ], [ 110.371590500727692, -7.785776276462146, 0.0 ] ] ] ] } },
{ "type": "Feature", "properties": { "D_NOP": "347106000400100680", "D_LUAS": 296.3, "ASR": null, "KD PROPINS": "34", "KD DATI2": "71", "KD KECAMAT": "060", "KD KELURAH": "004", "KD BLOK": "001", "NO URUT": "0068", "KD JNS OP": "0", "THN PAJAK": "2023", "NO PERSIL": null, "LUAS BUMI": "304", "LUAS BNG S": 161, "NJOP BUMI": 3707280000.0, "NJOP BNG S": 112700000.0, "NJOP SPPT": 3819980000.0, "NJOPTKP SP": 20000000.0, "NJKP SPPT": 0, "PBB TERHUT": 2659986, "FAKTOR PEN": 648774.0, "PBB YG HAR": 2011212, "FLG SYNC": "0", "JML KRG BA": "0", "FLG BAYAR": "0", "ALAMAT OP": "JL FARIDAN M NOTO 3/13 RW 01 RT 020", "NM KELURAH": "KOTABARU", "NM KECAMAT": "GONDOKUSUMAN" }, "geometry": { "type": "MultiPolygon", "coordinates": [ [ [ [ 110.371531367313196, -7.785611872465339, 0.0 ], [ 110.371813323545453, -7.785497169299189, 0.0 ], [ 110.371850529609247, -7.785571741028249, 0.0 ], [ 110.371558405181091, -7.785684801356759, 0.0 ], [ 110.371531367313196, -7.785611872465339, 0.0 ] ] ] ] } },
{ "type": "Feature", "properties": { "D_NOP": "347106000400100670", "D_LUAS": 1195.41, "ASR": null, "KD PROPINS": "34", "KD DATI2": "71", "KD KECAMAT": "060", "KD KELURAH": "004", "KD BLOK": "001", "NO URUT": "0067", "KD JNS OP": "0", "THN PAJAK": "2023", "NO PERSIL": null, "LUAS BUMI": "1448", "LUAS BNG S": 382, "NJOP BUMI": 17658360000.0, "NJOP BNG S": 458400000.0, "NJOP SPPT": 18116760000.0, "NJOPTKP SP": 20000000.0, "NJKP SPPT": 0, "PBB TERHUT": 45241900, "FAKTOR PEN": 16167289.0, "PBB YG HAR": 29074611, "FLG SYNC": "0", "JML KRG BA": "0", "FLG BAYAR": "0", "ALAMAT OP": "JL FARIDAN M NOTO 15 RW 01 RT 020", "NM KELURAH": "KOTABARU", "NM KECAMAT": "GONDOKUSUMAN" }, "geometry": { "type": "MultiPolygon", "coordinates": [ [ [ [ 110.371531367313196, -7.785611872465339, 0.0 ], [ 110.371404507773704, -7.785278168347422, 0.0 ], [ 110.371616318315318, -7.785212556752227, 0.0 ], [ 110.371669932617337, -7.785216343935639, 0.0 ], [ 110.371694886625747, -7.785232297077413, 0.0 ], [ 110.371713968185844, -7.785274647891116, 0.0 ], [ 110.371813323545453, -7.785497169299189, 0.0 ], [ 110.371531367313196, -7.785611872465339, 0.0 ] ] ] ] } },
{ "type": "Feature", "properties": { "D_NOP": "347106000400100640", "D_LUAS": 3507.3, "ASR": null, "KD PROPINS": "34", "KD DATI2": "71", "KD KECAMAT": "060", "KD KELURAH": "004", "KD BLOK": "001", "NO URUT": "0064", "KD JNS OP": "0", "THN PAJAK": "2023", "NO PERSIL": null, "LUAS BUMI": "3372", "LUAS BNG S": 4635, "NJOP BUMI": 41121540000.0, "NJOP BNG S": 4486680000.0, "NJOP SPPT": 45608220000.0, "NJOPTKP SP": 20000000.0, "NJKP SPPT": 0, "PBB TERHUT": 113970550, "FAKTOR PEN": 47768359.0, "PBB YG HAR": 66202191, "FLG SYNC": "0", "JML KRG BA": "0", "FLG BAYAR": "0", "ALAMAT OP": "JL I DEWA NYOMAN OKA 32 RW 01 RT 020", "NM KELURAH": "KOTABARU", "NM KECAMAT": "GONDOKUSUMAN" }, "geometry": { "type": "MultiPolygon", "coordinates": [ [ [ [ 110.370220237255353, -7.785124665130997, 0.0 ], [ 110.370572195417012, -7.784806502576633, 0.0 ], [ 110.370832298703021, -7.785103508015983, 0.0 ], [ 110.37087864715393, -7.785365922245045, 0.0 ], [ 110.370452282321025, -7.785531414500307, 0.0 ], [ 110.370377296345637, -7.785316163631824, 0.0 ], [ 110.370220237255353, -7.785124665130997, 0.0 ] ] ] ] } },
{ "type": "Feature", "properties": { "D_NOP": "347106000400100630", "D_LUAS": 1803.42, "ASR": null, "KD PROPINS": null, "KD DATI2": null, "KD KECAMAT": null, "KD KELURAH": null, "KD BLOK": null, "NO URUT": null, "KD JNS OP": null, "THN PAJAK": null, "NO PERSIL": null, "LUAS BUMI": null, "LUAS BNG S": null, "NJOP BUMI": null, "NJOP BNG S": null, "NJOP SPPT": null, "NJOPTKP SP": null, "NJKP SPPT": null, "PBB TERHUT": null, "FAKTOR PEN": null, "PBB YG HAR": null, "FLG SYNC": null, "JML KRG BA": null, "FLG BAYAR": null, "ALAMAT OP": null, "NM KELURAH": null, "NM KECAMAT": null }, "geometry": { "type": "MultiPolygon", "coordinates": [ [ [ [ 110.370832298703021, -7.785103508015983, 0.0 ], [ 110.370572195417012, -7.784806502576633, 0.0 ], [ 110.370765950182317, -7.784612450062825, 0.0 ], [ 110.370874983785882, -7.784512774032219, 0.0 ], [ 110.371108115772842, -7.784792647503509, 0.0 ], [ 110.371026836802372, -7.784885672729101, 0.0 ], [ 110.370832298703021, -7.785103508015983, 0.0 ] ] ] ] } },
{ "type": "Feature", "properties": { "D_NOP": "347106000400100610", "D_LUAS": 588.26, "ASR": null, "KD PROPINS": "34", "KD DATI2": "71", "KD KECAMAT": "060", "KD KELURAH": "004", "KD BLOK": "001", "NO URUT": "0061", "KD JNS OP": "0", "THN PAJAK": "2023", "NO PERSIL": null, "LUAS BUMI": "728", "LUAS BNG S": 318, "NJOP BUMI": 7021560000.0, "NJOP BNG S": 261714000.0, "NJOP SPPT": 7283274000.0, "NJOPTKP SP": 20000000.0, "NJKP SPPT": 0, "PBB TERHUT": 8715929, "FAKTOR PEN": 2106468.0, "PBB YG HAR": 6609461, "FLG SYNC": "0", "JML KRG BA": "0", "FLG BAYAR": "0", "ALAMAT OP": "JL SUNARYO 3 RW 01 RT 020", "NM KELURAH": "KOTABARU", "NM KECAMAT": "GONDOKUSUMAN" }, "geometry": { "type": "MultiPolygon", "coordinates": [ [ [ [ 110.37116882604748, -7.785253582957541, 0.0 ], [ 110.371026836802372, -7.784885672729101, 0.0 ], [ 110.371108115772842, -7.784792647503509, 0.0 ], [ 110.37120238987626, -7.785012177209083, 0.0 ], [ 110.371289364528153, -7.785212072164702, 0.0 ], [ 110.37116882604748, -7.785253582957541, 0.0 ] ] ] ] } },
{ "type": "Feature", "properties": { "D_NOP": "347106000400100600", "D_LUAS": 1107.55, "ASR": null, "KD PROPINS": "34", "KD DATI2": "71", "KD KECAMAT": "060", "KD KELURAH": "004", "KD BLOK": "001", "NO URUT": "0060", "KD JNS OP": "0", "THN PAJAK": "2023", "NO PERSIL": "GB225", "LUAS BUMI": "1144", "LUAS BNG S": 707, "NJOP BUMI": 13951080000.0, "NJOP BNG S": 684376000.0, "NJOP SPPT": 14635456000.0, "NJOPTKP SP": 20000000.0, "NJKP SPPT": 0, "PBB TERHUT": 36538640, "FAKTOR PEN": 12892307.0, "PBB YG HAR": 23646333, "FLG SYNC": "0", "JML KRG BA": "0", "FLG BAYAR": "0", "ALAMAT OP": "JL FARIDAN M NOTO 7 RW 01 RT 020", "NM KELURAH": "KOTABARU", "NM KECAMAT": "GONDOKUSUMAN" }, "geometry": { "type": "MultiPolygon", "coordinates": [ [ [ [ 110.37120238987626, -7.785012177209083, 0.0 ], [ 110.371566405381472, -7.784882764860991, 0.0 ], [ 110.371641068249062, -7.785064283657495, 0.0 ], [ 110.371633702955194, -7.785088780029304, 0.0 ], [ 110.371610268355653, -7.785107103161342, 0.0 ], [ 110.371289364528153, -7.785212072164702, 0.0 ], [ 110.37120238987626, -7.785012177209083, 0.0 ] ] ] ] } },
{ "type": "Feature", "properties": { "D_NOP": "347106000400100590", "D_LUAS": 828.32, "ASR": null, "KD PROPINS": "34", "KD DATI2": "71", "KD KECAMAT": "060", "KD KELURAH": "004", "KD BLOK": "001", "NO URUT": "0059", "KD JNS OP": "0", "THN PAJAK": "2023", "NO PERSIL": "GB215", "LUAS BUMI": "560", "LUAS BNG S": 959, "NJOP BUMI": 6829200000.0, "NJOP BNG S": 1150800000.0, "NJOP SPPT": 7980000000.0, "NJOPTKP SP": 0.0, "NJKP SPPT": 0, "PBB TERHUT": 9576000, "FAKTOR PEN": 2048760.0, "PBB YG HAR": 7527240, "FLG SYNC": "0", "JML KRG BA": "0", "FLG BAYAR": "0", "ALAMAT OP": "JL FARIDAN M NOTO 7 RW 01 RT 020", "NM KELURAH": "KOTABARU", "NM KECAMAT": "GONDOKUSUMAN" }, "geometry": { "type": "MultiPolygon", "coordinates": [ [ [ [ 110.371108115772842, -7.784792647503509, 0.0 ], [ 110.371269203217352, -7.784740164032804, 0.0 ], [ 110.371277765041327, -7.784765859635016, 0.0 ], [ 110.371308812455169, -7.784757676277326, 0.0 ], [ 110.371323202273373, -7.784786816963785, 0.0 ], [ 110.371499018405231, -7.784736796921421, 0.0 ], [ 110.371566405381472, -7.784882764860991, 0.0 ], [ 110.37120238987626, -7.785012177209083, 0.0 ], [ 110.371108115772842, -7.784792647503509, 0.0 ] ] ] ] } },
{ "type": "Feature", "properties": { "D_NOP": "347106000400100580", "D_LUAS": 119.07, "ASR": null, "KD PROPINS": "34", "KD DATI2": "71", "KD KECAMAT": "060", "KD KELURAH": "004", "KD BLOK": "001", "NO URUT": "0058", "KD JNS OP": "0", "THN PAJAK": "2023", "NO PERSIL": null, "LUAS BUMI": "534", "LUAS BNG S": 1351, "NJOP BUMI": 6512130000.0, "NJOP BNG S": 1307768000.0, "NJOP SPPT": 7819898000.0, "NJOPTKP SP": 20000000.0, "NJKP SPPT": 0, "PBB TERHUT": 9359878, "FAKTOR PEN": 1953639.0, "PBB YG HAR": 7406239, "FLG SYNC": "0", "JML KRG BA": "0", "FLG BAYAR": "0", "ALAMAT OP": "JL FARIDAN M NOTO 19 RW 01 RT 020", "NM KELURAH": "KOTABARU", "NM KECAMAT": "GONDOKUSUMAN" }, "geometry": { "type": "MultiPolygon", "coordinates": [ [ [ [ 110.371269203217352, -7.784740164032804, 0.0 ], [ 110.371475768144833, -7.784681598467365, 0.0 ], [ 110.371499018405231, -7.784736796921421, 0.0 ], [ 110.371323202273373, -7.784786816963785, 0.0 ], [ 110.371308812455169, -7.784757676277326, 0.0 ], [ 110.371277765041327, -7.784765859635016, 0.0 ], [ 110.371269203217352, -7.784740164032804, 0.0 ] ] ] ] } },
{ "type": "Feature", "properties": { "D_NOP": "347106000400100570", "D_LUAS": 1973.13, "ASR": null, "KD PROPINS": null, "KD DATI2": null, "KD KECAMAT": null, "KD KELURAH": null, "KD BLOK": null, "NO URUT": null, "KD JNS OP": null, "THN PAJAK": null, "NO PERSIL": null, "LUAS BUMI": null, "LUAS BNG S": null, "NJOP BUMI": null, "NJOP BNG S": null, "NJOP SPPT": null, "NJOPTKP SP": null, "NJKP SPPT": null, "PBB TERHUT": null, "FAKTOR PEN": null, "PBB YG HAR": null, "FLG SYNC": null, "JML KRG BA": null, "FLG BAYAR": null, "ALAMAT OP": null, "NM KELURAH": null, "NM KECAMAT": null }, "geometry": { "type": "MultiPolygon", "coordinates": [ [ [ [ 110.371108115772842, -7.784792647503509, 0.0 ], [ 110.370874983785882, -7.784512774032219, 0.0 ], [ 110.371175165046083, -7.784312187133268, 0.0 ], [ 110.371279381195393, -7.784283584008262, 0.0 ], [ 110.37130067977705, -7.784293472753312, 0.0 ], [ 110.371315244483682, -7.784305612335464, 0.0 ], [ 110.371475768144833, -7.784681598467365, 0.0 ], [ 110.371269203217352, -7.784740164032804, 0.0 ], [ 110.371108115772842, -7.784792647503509, 0.0 ] ] ] ] } },
{ "type": "Feature", "properties": { "D_NOP": "347106000400700070", "D_LUAS": 4979.28, "ASR": null, "KD PROPINS": null, "KD DATI2": null, "KD KECAMAT": null, "KD KELURAH": null, "KD BLOK": null, "NO URUT": null, "KD JNS OP": null, "THN PAJAK": null, "NO PERSIL": null, "LUAS BUMI": null, "LUAS BNG S": null, "NJOP BUMI": null, "NJOP BNG S": null, "NJOP SPPT": null, "NJOPTKP SP": null, "NJKP SPPT": null, "PBB TERHUT": null, "FAKTOR PEN": null, "PBB YG HAR": null, "FLG SYNC": null, "JML KRG BA": null, "FLG BAYAR": null, "ALAMAT OP": null, "NM KELURAH": null, "NM KECAMAT": null }, "geometry": { "type": "MultiPolygon", "coordinates": [ [ [ [ 110.369600605594997, -7.787708945397869, 0.0 ], [ 110.36949346490357, -7.78779225548716, 0.0 ], [ 110.369554530192318, -7.787864602058845, 0.0 ], [ 110.369082152941232, -7.788241455969594, 0.0 ], [ 110.36903338749832, -7.788245543295472, 0.0 ], [ 110.36892895073089, -7.788071033542367, 0.0 ], [ 110.368796454493747, -7.787707025431905, 0.0 ], [ 110.368799841159927, -7.787692742103415, 0.0 ], [ 110.368838898629093, -7.787629316477827, 0.0 ], [ 110.368999228733614, -7.787584067474705, 0.0 ], [ 110.369173033472748, -7.787479785882924, 0.0 ], [ 110.369332267165007, -7.787367524457146, 0.0 ], [ 110.36950125685857, -7.787582553555891, 0.0 ], [ 110.369600605594997, -7.787708945397869, 0.0 ] ] ] ] } },
{ "type": "Feature", "properties": { "D_NOP": "347106000400700150", "D_LUAS": 25475.86, "ASR": null, "KD PROPINS": null, "KD DATI2": null, "KD KECAMAT": null, "KD KELURAH": null, "KD BLOK": null, "NO URUT": null, "KD JNS OP": null, "THN PAJAK": null, "NO PERSIL": null, "LUAS BUMI": null, "LUAS BNG S": null, "NJOP BUMI": null, "NJOP BNG S": null, "NJOP SPPT": null, "NJOPTKP SP": null, "NJKP SPPT": null, "PBB TERHUT": null, "FAKTOR PEN": null, "PBB YG HAR": null, "FLG SYNC": null, "JML KRG BA": null, "FLG BAYAR": null, "ALAMAT OP": null, "NM KELURAH": null, "NM KECAMAT": null }, "geometry": { "type": "MultiPolygon", "coordinates": [ [ [ [ 110.369120612812623, -7.78837752403154, 0.0 ], [ 110.369193018871499, -7.788317584448564, 0.0 ], [ 110.369378037988284, -7.788165661432531, 0.0 ], [ 110.369841443938327, -7.787786713875239, 0.0 ], [ 110.370160293869148, -7.787556312887466, 0.0 ], [ 110.370214592434849, -7.787552776240598, 0.0 ], [ 110.370279713069408, -7.787563724901456, 0.0 ], [ 110.370406267913609, -7.787650457003809, 0.0 ], [ 110.370745613620244, -7.787867547270451, 0.0 ], [ 110.371084413822231, -7.787999358385598, 0.0 ], [ 110.371350431351644, -7.788042798940585, 0.0 ], [ 110.371392456361932, -7.788045302941946, 0.0 ], [ 110.371435801334684, -7.788065352853481, 0.0 ], [ 110.371474416986814, -7.788097423307538, 0.0 ], [ 110.371476307994214, -7.788133237487878, 0.0 ], [ 110.37141992112403, -7.788233262958573, 0.0 ], [ 110.370547712563521, -7.788834160475859, 0.0 ], [ 110.370235707233533, -7.789087813066743, 0.0 ], [ 110.370097492039292, -7.78919703131302, 0.0 ], [ 110.370019518193885, -7.789229471218128, 0.0 ], [ 110.369927108762866, -7.78921332726921, 0.0 ], [ 110.369838821492579, -7.789141121131761, 0.0 ], [ 110.369335651898894, -7.788704577461713, 0.0 ], [ 110.369128587747227, -7.788445541311936, 0.0 ], [ 110.369120612812623, -7.78837752403154, 0.0 ] ], [ [ 110.370051802185657, -7.788644148059539, 0.0 ], [ 110.370282143515453, -7.78894083841106, 0.0 ], [ 110.370426120741783, -7.788829096533883, 0.0 ], [ 110.370337750464188, -7.788712307030768, 0.0 ], [ 110.370277637450286, -7.788753274201131, 0.0 ], [ 110.370146732118002, -7.788574927206049, 0.0 ], [ 110.370051802185657, -7.788644148059539, 0.0 ] ], [ [ 110.370014724586198, -7.789134328850624, 0.0 ], [ 110.370195077612223, -7.789002203324698, 0.0 ], [ 110.369679261954033, -7.788320387669964, 0.0 ], [ 110.369772628426261, -7.78824646207112, 0.0 ], [ 110.369706354521554, -7.788156473396548, 0.0 ], [ 110.369249045180524, -7.788508933039636, 0.0 ], [ 110.369337431602247, -7.78861468997465, 0.0 ], [ 110.369577890454281, -7.788446390596969, 0.0 ], [ 110.369689912822437, -7.788599478936002, 0.0 ], [ 110.369500050483182, -7.788739457754422, 0.0 ], [ 110.369657763082031, -7.788944612884741, 0.0 ], [ 110.369860266433051, -7.788803025002574, 0.0 ], [ 110.370005427245161, -7.789000293710523, 0.0 ], [ 110.369946872871196, -7.789049130792571, 0.0 ], [ 110.370014724586198, -7.789134328850624, 0.0 ] ], [ [ 110.370877695638484, -7.788109379632528, 0.0 ], [ 110.370992666583376, -7.788391700450189, 0.0 ], [ 110.371329481384095, -7.788250401506267, 0.0 ], [ 110.37126966247763, -7.788094225837851, 0.0 ], [ 110.3711004886745, -7.78815230403541, 0.0 ], [ 110.371056385773485, -7.788038745489247, 0.0 ], [ 110.370877695638484, -7.788109379632528, 0.0 ] ] ] ] } },
{ "type": "Feature", "properties": { "D_NOP": "347106000400600350", "D_LUAS": 0.0, "ASR": null, "KD PROPINS": null, "KD DATI2": null, "KD KECAMAT": null, "KD KELURAH": null, "KD BLOK": null, "NO URUT": null, "KD JNS OP": null, "THN PAJAK": null, "NO PERSIL": null, "LUAS BUMI": null, "LUAS BNG S": null, "NJOP BUMI": null, "NJOP BNG S": null, "NJOP SPPT": null, "NJOPTKP SP": null, "NJKP SPPT": null, "PBB TERHUT": null, "FAKTOR PEN": null, "PBB YG HAR": null, "FLG SYNC": null, "JML KRG BA": null, "FLG BAYAR": null, "ALAMAT OP": null, "NM KELURAH": null, "NM KECAMAT": null }, "geometry": { "type": "MultiPolygon", "coordinates": [ [ [ [ 110.370886329085479, -7.787686076692728, 0.0 ], [ 110.371030178400403, -7.787559412961789, 0.0 ], [ 110.371048219351792, -7.78749722198408, 0.0 ], [ 110.371162013784087, -7.787465196718649, 0.0 ], [ 110.37102518860948, -7.787746058783727, 0.0 ], [ 110.370886329085479, -7.787686076692728, 0.0 ] ] ] ] } },
{ "type": "Feature", "properties": { "D_NOP": "347106000400400280", "D_LUAS": 26142.04, "ASR": null, "KD PROPINS": null, "KD DATI2": null, "KD KECAMAT": null, "KD KELURAH": null, "KD BLOK": null, "NO URUT": null, "KD JNS OP": null, "THN PAJAK": null, "NO PERSIL": null, "LUAS BUMI": null, "LUAS BNG S": null, "NJOP BUMI": null, "NJOP BNG S": null, "NJOP SPPT": null, "NJOPTKP SP": null, "NJKP SPPT": null, "PBB TERHUT": null, "FAKTOR PEN": null, "PBB YG HAR": null, "FLG SYNC": null, "JML KRG BA": null, "FLG BAYAR": null, "ALAMAT OP": null, "NM KELURAH": null, "NM KECAMAT": null }, "geometry": { "type": "MultiPolygon", "coordinates": [ [ [ [ 110.376446964742811, -7.784714438595794, 0.0 ], [ 110.376574087571313, -7.784720865348259, 0.0 ], [ 110.376686034287189, -7.784723923742663, 0.0 ], [ 110.377814608989638, -7.784765552241852, 0.0 ], [ 110.378336339982269, -7.784789468145196, 0.0 ], [ 110.378284701383507, -7.785068830099774, 0.0 ], [ 110.378141807949874, -7.785918689778657, 0.0 ], [ 110.377893126402881, -7.785884864850339, 0.0 ], [ 110.377645420432046, -7.785848780388953, 0.0 ], [ 110.377613649563813, -7.786043164454032, 0.0 ], [ 110.377579560093281, -7.786237725975065, 0.0 ], [ 110.376226799507677, -7.786030636421808, 0.0 ], [ 110.37613451924453, -7.785977959176022, 0.0 ], [ 110.37612265751639, -7.785958408227589, 0.0 ], [ 110.376131765862681, -7.785867627040093, 0.0 ], [ 110.376307869600083, -7.784712696708309, 0.0 ], [ 110.376446964742811, -7.784714438595794, 0.0 ] ], [ [ 110.377907640712834, -7.785728527682507, 0.0 ], [ 110.37790153454614, -7.785761526728384, 0.0 ], [ 110.377894894088271, -7.785801850054043, 0.0 ], [ 110.377946631388227, -7.785810788374783, 0.0 ], [ 110.377952974040028, -7.785769560282242, 0.0 ], [ 110.377960125841923, -7.785737467098039, 0.0 ], [ 110.377963991958353, -7.785702113509956, 0.0 ], [ 110.377913149942074, -7.78569462343184, 0.0 ], [ 110.377907640712834, -7.785728527682507, 0.0 ] ], [ [ 110.37804347924525, -7.785656832789025, 0.0 ], [ 110.377998694715586, -7.785649351605734, 0.0 ], [ 110.377991147396187, -7.785696094338874, 0.0 ], [ 110.378039226149497, -7.785701048234022, 0.0 ], [ 110.37804347924525, -7.785656832789025, 0.0 ] ], [ [ 110.377973131477077, -7.785640632552237, 0.0 ], [ 110.377984551281827, -7.785604928311969, 0.0 ], [ 110.377988264359445, -7.785571925753823, 0.0 ], [ 110.37794086280968, -7.785564169427915, 0.0 ], [ 110.377934008278132, -7.785597529108685, 0.0 ], [ 110.377925729653356, -7.785633057089453, 0.0 ], [ 110.37791977759214, -7.785662981643848, 0.0 ], [ 110.377969043144901, -7.785674538888438, 0.0 ], [ 110.377973131477077, -7.785640632552237, 0.0 ] ] ] ] } },
{ "type": "Feature", "properties": { "D_NOP": "347106000400500220", "D_LUAS": 0.0, "ASR": null, "KD PROPINS": null, "KD DATI2": null, "KD KECAMAT": null, "KD KELURAH": null, "KD BLOK": null, "NO URUT": null, "KD JNS OP": null, "THN PAJAK": null, "NO PERSIL": null, "LUAS BUMI": null, "LUAS BNG S": null, "NJOP BUMI": null, "NJOP BNG S": null, "NJOP SPPT": null, "NJOPTKP SP": null, "NJKP SPPT": null, "PBB TERHUT": null, "FAKTOR PEN": null, "PBB YG HAR": null, "FLG SYNC": null, "JML KRG BA": null, "FLG BAYAR": null, "ALAMAT OP": null, "NM KELURAH": null, "NM KECAMAT": null }, "geometry": { "type": "MultiPolygon", "coordinates": [ [ [ [ 110.374267779422723, -7.78853726088533, 0.0 ], [ 110.374264488774656, -7.788738921203243, 0.0 ], [ 110.374029297446654, -7.788735137513626, 0.0 ], [ 110.374051613472645, -7.788563619425849, 0.0 ], [ 110.374059567045478, -7.788545815906414, 0.0 ], [ 110.374082398243388, -7.788531018637213, 0.0 ], [ 110.374267779422723, -7.78853726088533, 0.0 ] ] ] ] } },
{ "type": "Feature", "properties": { "D_NOP": "347106000400700310", "D_LUAS": 1647.34, "ASR": null, "KD PROPINS": null, "KD DATI2": null, "KD KECAMAT": null, "KD KELURAH": null, "KD BLOK": null, "NO URUT": null, "KD JNS OP": null, "THN PAJAK": null, "NO PERSIL": null, "LUAS BUMI": null, "LUAS BNG S": null, "NJOP BUMI": null, "NJOP BNG S": null, "NJOP SPPT": null, "NJOPTKP SP": null, "NJKP SPPT": null, "PBB TERHUT": null, "FAKTOR PEN": null, "PBB YG HAR": null, "FLG SYNC": null, "JML KRG BA": null, "FLG BAYAR": null, "ALAMAT OP": null, "NM KELURAH": null, "NM KECAMAT": null }, "geometry": { "type": "MultiPolygon", "coordinates": [ [ [ [ 110.371445728848002, -7.788730138848984, 0.0 ], [ 110.371445654198624, -7.788730048305538, 0.0 ], [ 110.371317985642634, -7.788537237190841, 0.0 ], [ 110.371553790687742, -7.788379962522199, 0.0 ], [ 110.371612311775607, -7.788353281174267, 0.0 ], [ 110.37167547863038, -7.788370647463425, 0.0 ], [ 110.371806520803858, -7.788457566702584, 0.0 ], [ 110.37165251088129, -7.788928674045249, 0.0 ], [ 110.371595711678211, -7.788853711513188, 0.0 ], [ 110.371540335955885, -7.788777032862681, 0.0 ], [ 110.371488848357217, -7.788700812134988, 0.0 ], [ 110.371445728848002, -7.788730138848984, 0.0 ] ] ] ] } },
{ "type": "Feature", "properties": { "D_NOP": "347106000400200030", "D_LUAS": 2396.84, "ASR": null, "KD PROPINS": "34", "KD DATI2": "71", "KD KECAMAT": "060", "KD KELURAH": "004", "KD BLOK": "002", "NO URUT": "0003", "KD JNS OP": "0", "THN PAJAK": "2023", "NO PERSIL": null, "LUAS BUMI": "1844", "LUAS BNG S": 358, "NJOP BUMI": 33883500000.0, "NJOP BNG S": 180790000.0, "NJOP SPPT": 34064290000.0, "NJOPTKP SP": 20000000.0, "NJKP SPPT": 0, "PBB TERHUT": 85110725, "FAKTOR PEN": 21177187.0, "PBB YG HAR": 63933538, "FLG SYNC": "0", "JML KRG BA": "0", "FLG BAYAR": "0", "ALAMAT OP": "JL SUDIRMAN,JEND. 40 RW 01 RT 002", "NM KELURAH": "KOTABARU", "NM KECAMAT": "GONDOKUSUMAN" }, "geometry": { "type": "MultiPolygon", "coordinates": [ [ [ [ 110.372360724990941, -7.782944247969372, 0.0 ], [ 110.372667933115906, -7.782945516288475, 0.0 ], [ 110.372653234090905, -7.78357698686048, 0.0 ], [ 110.37262062063769, -7.783582274159762, 0.0 ], [ 110.37244126741551, -7.783597382422196, 0.0 ], [ 110.372309055785635, -7.783593659915428, 0.0 ], [ 110.372360724990941, -7.782944247969372, 0.0 ] ], [ [ 110.37240429868352, -7.78326272634777, 0.0 ], [ 110.37257480689982, -7.78326135079385, 0.0 ], [ 110.372565354700527, -7.783080019031616, 0.0 ], [ 110.372401340725844, -7.783089452715494, 0.0 ], [ 110.37240429868352, -7.78326272634777, 0.0 ] ] ] ] } },
{ "type": "Feature", "properties": { "D_NOP": "347106000400600540", "D_LUAS": 0.0, "ASR": null, "KD PROPINS": null, "KD DATI2": null, "KD KECAMAT": null, "KD KELURAH": null, "KD BLOK": null, "NO URUT": null, "KD JNS OP": null, "THN PAJAK": null, "NO PERSIL": null, "LUAS BUMI": null, "LUAS BNG S": null, "NJOP BUMI": null, "NJOP BNG S": null, "NJOP SPPT": null, "NJOPTKP SP": null, "NJKP SPPT": null, "PBB TERHUT": null, "FAKTOR PEN": null, "PBB YG HAR": null, "FLG SYNC": null, "JML KRG BA": null, "FLG BAYAR": null, "ALAMAT OP": null, "NM KELURAH": null, "NM KECAMAT": null }, "geometry": { "type": "MultiPolygon", "coordinates": [ [ [ [ 110.373285479007251, -7.788240637114082, 0.0 ], [ 110.373332506940542, -7.788248302991242, 0.0 ], [ 110.373342369517303, -7.788204005498396, 0.0 ], [ 110.373401512813061, -7.78826178904867, 0.0 ], [ 110.373477006099975, -7.788287945275457, 0.0 ], [ 110.373402884760452, -7.788797967148085, 0.0 ], [ 110.373278980721224, -7.788788740696172, 0.0 ], [ 110.373210039470919, -7.788782037167935, 0.0 ], [ 110.373285479007251, -7.788240637114082, 0.0 ] ] ] ] } },
{ "type": "Feature", "properties": { "D_NOP": "347106000400700760", "D_LUAS": 133.08, "ASR": null, "KD PROPINS": null, "KD DATI2": null, "KD KECAMAT": null, "KD KELURAH": null, "KD BLOK": null, "NO URUT": null, "KD JNS OP": null, "THN PAJAK": null, "NO PERSIL": null, "LUAS BUMI": null, "LUAS BNG S": null, "NJOP BUMI": null, "NJOP BNG S": null, "NJOP SPPT": null, "NJOPTKP SP": null, "NJKP SPPT": null, "PBB TERHUT": null, "FAKTOR PEN": null, "PBB YG HAR": null, "FLG SYNC": null, "JML KRG BA": null, "FLG BAYAR": null, "ALAMAT OP": null, "NM KELURAH": null, "NM KECAMAT": null }, "geometry": { "type": "MultiPolygon", "coordinates": [ [ [ [ 110.36955139128483, -7.789113654334522, 0.0 ], [ 110.369606667372764, -7.789056673490041, 0.0 ], [ 110.369651332503182, -7.789094088633036, 0.0 ], [ 110.369600239600729, -7.789154240850385, 0.0 ], [ 110.36955139128483, -7.789113654334522, 0.0 ] ] ] ] } },
{ "type": "Feature", "properties": { "D_NOP": "347106000400700750", "D_LUAS": 138.4, "ASR": null, "KD PROPINS": null, "KD DATI2": null, "KD KECAMAT": null, "KD KELURAH": null, "KD BLOK": null, "NO URUT": null, "KD JNS OP": null, "THN PAJAK": null, "NO PERSIL": null, "LUAS BUMI": null, "LUAS BNG S": null, "NJOP BUMI": null, "NJOP BNG S": null, "NJOP SPPT": null, "NJOPTKP SP": null, "NJKP SPPT": null, "PBB TERHUT": null, "FAKTOR PEN": null, "PBB YG HAR": null, "FLG SYNC": null, "JML KRG BA": null, "FLG BAYAR": null, "ALAMAT OP": null, "NM KELURAH": null, "NM KECAMAT": null }, "geometry": { "type": "MultiPolygon", "coordinates": [ [ [ [ 110.369502099547248, -7.789069540277548, 0.0 ], [ 110.369553637235356, -7.789012011282895, 0.0 ], [ 110.369606667372764, -7.789056673490041, 0.0 ], [ 110.36955139128483, -7.789113654334522, 0.0 ], [ 110.369502099547248, -7.789069540277548, 0.0 ] ] ] ] } },
{ "type": "Feature", "properties": { "D_NOP": "347106000400700770", "D_LUAS": 0.0, "ASR": null, "KD PROPINS": null, "KD DATI2": null, "KD KECAMAT": null, "KD KELURAH": null, "KD BLOK": null, "NO URUT": null, "KD JNS OP": null, "THN PAJAK": null, "NO PERSIL": null, "LUAS BUMI": null, "LUAS BNG S": null, "NJOP BUMI": null, "NJOP BNG S": null, "NJOP SPPT": null, "NJOPTKP SP": null, "NJKP SPPT": null, "PBB TERHUT": null, "FAKTOR PEN": null, "PBB YG HAR": null, "FLG SYNC": null, "JML KRG BA": null, "FLG BAYAR": null, "ALAMAT OP": null, "NM KELURAH": null, "NM KECAMAT": null }, "geometry": { "type": "MultiPolygon", "coordinates": [ [ [ [ 110.369651332503182, -7.789094088633036, 0.0 ], [ 110.369736471760774, -7.789170992627867, 0.0 ], [ 110.36968336441636, -7.789227976714207, 0.0 ], [ 110.369600239600729, -7.789154240850385, 0.0 ], [ 110.369651332503182, -7.789094088633036, 0.0 ] ] ] ] } },
{ "type": "Feature", "properties": { "D_NOP": "347106000400100560", "D_LUAS": 0.0, "ASR": null, "KD PROPINS": "34", "KD DATI2": "71", "KD KECAMAT": "060", "KD KELURAH": "004", "KD BLOK": "001", "NO URUT": "0056", "KD JNS OP": "0", "THN PAJAK": "2023", "NO PERSIL": null, "LUAS BUMI": "20", "LUAS BNG S": 20, "NJOP BUMI": 55580000.0, "NJOP BNG S": 2640000.0, "NJOP SPPT": 58220000.0, "NJOPTKP SP": 20000000.0, "NJKP SPPT": 0, "PBB TERHUT": 19110, "FAKTOR PEN": 6947.0, "PBB YG HAR": 12163, "FLG SYNC": "0", "JML KRG BA": "0", "FLG BAYAR": "0", "ALAMAT OP": "KP LEDOK CODE  RW 01 RT 001", "NM KELURAH": "KOTABARU", "NM KECAMAT": "GONDOKUSUMAN" }, "geometry": { "type": "MultiPolygon", "coordinates": [ [ [ [ 110.370898608027616, -7.784216822600414, 0.0 ], [ 110.37086590145158, -7.784184218287863, 0.0 ], [ 110.370899078362271, -7.784152163862969, 0.0 ], [ 110.370927594776916, -7.784186299315508, 0.0 ], [ 110.370898608027616, -7.784216822600414, 0.0 ] ] ] ] } },
{ "type": "Feature", "properties": { "D_NOP": "347106000400100550", "D_LUAS": 0.0, "ASR": null, "KD PROPINS": "34", "KD DATI2": "71", "KD KECAMAT": "060", "KD KELURAH": "004", "KD BLOK": "001", "NO URUT": "0055", "KD JNS OP": "0", "THN PAJAK": "2023", "NO PERSIL": null, "LUAS BUMI": "90", "LUAS BNG S": 90, "NJOP BUMI": 1097550000.0, "NJOP BNG S": 53550000.0, "NJOP SPPT": 1151100000.0, "NJOPTKP SP": 20000000.0, "NJKP SPPT": 0, "PBB TERHUT": 565550, "FAKTOR PEN": 137194.0, "PBB YG HAR": 428356, "FLG SYNC": "0", "JML KRG BA": "0", "FLG BAYAR": "0", "ALAMAT OP": "JL FARIDAN M NOTO KIOS NO 29 RW 01 RT 001", "NM KELURAH": "KOTABARU", "NM KECAMAT": "GONDOKUSUMAN" }, "geometry": { "type": "MultiPolygon", "coordinates": [ [ [ [ 110.370865795390245, -7.784305488482507, 0.0 ], [ 110.370962466975342, -7.784220986789402, 0.0 ], [ 110.371003388814714, -7.784260928333673, 0.0 ], [ 110.370895727032348, -7.78434342421339, 0.0 ], [ 110.370865795390245, -7.784305488482507, 0.0 ] ] ] ] } },
{ "type": "Feature", "properties": { "D_NOP": "347106000400100540", "D_LUAS": 0.0, "ASR": null, "KD PROPINS": "34", "KD DATI2": "71", "KD KECAMAT": "060", "KD KELURAH": "004", "KD BLOK": "001", "NO URUT": "0054", "KD JNS OP": "0", "THN PAJAK": "2023", "NO PERSIL": null, "LUAS BUMI": "112", "LUAS BNG S": 112, "NJOP BUMI": 1365840000.0, "NJOP BNG S": 66640000.0, "NJOP SPPT": 1432480000.0, "NJOPTKP SP": 20000000.0, "NJKP SPPT": 0, "PBB TERHUT": 706240, "FAKTOR PEN": 170730.0, "PBB YG HAR": 535510, "FLG SYNC": "0", "JML KRG BA": "0", "FLG BAYAR": "0", "ALAMAT OP": "NYOMAN OKA/FARIDAN M NOTO KIOS NO 28 RW 01 RT 001", "NM KELURAH": "KOTABARU", "NM KECAMAT": "GONDOKUSUMAN" }, "geometry": { "type": "MultiPolygon", "coordinates": [ [ [ [ 110.371003388814714, -7.784260928333673, 0.0 ], [ 110.370962466975342, -7.784220986789402, 0.0 ], [ 110.370997893586136, -7.784184775785221, 0.0 ], [ 110.371042701465953, -7.784226531744374, 0.0 ], [ 110.371003388814714, -7.784260928333673, 0.0 ] ] ] ] } },
{ "type": "Feature", "properties": { "D_NOP": "347106000400100530", "D_LUAS": 0.0, "ASR": null, "KD PROPINS": "34", "KD DATI2": "71", "KD KECAMAT": "060", "KD KELURAH": "004", "KD BLOK": "001", "NO URUT": "0053", "KD JNS OP": "0", "THN PAJAK": "2023", "NO PERSIL": null, "LUAS BUMI": "20", "LUAS BNG S": 20, "NJOP BUMI": 243900000.0, "NJOP BNG S": 10100000.0, "NJOP SPPT": 254000000.0, "NJOPTKP SP": 20000000.0, "NJKP SPPT": 0, "PBB TERHUT": 117000, "FAKTOR PEN": 30487.0, "PBB YG HAR": 86513, "FLG SYNC": "0", "JML KRG BA": "0", "FLG BAYAR": "0", "ALAMAT OP": "JL FARIDAN M NOTO KIOS NO 27 RW 01 RT 001", "NM KELURAH": "KOTABARU", "NM KECAMAT": "GONDOKUSUMAN" }, "geometry": { "type": "MultiPolygon", "coordinates": [ [ [ [ 110.370997893586136, -7.784184775785221, 0.0 ], [ 110.371032269987836, -7.784150733606844, 0.0 ], [ 110.371079166814837, -7.784195838672776, 0.0 ], [ 110.371042701465953, -7.784226531744374, 0.0 ], [ 110.370997893586136, -7.784184775785221, 0.0 ] ] ] ] } },
{ "type": "Feature", "properties": { "D_NOP": "347106000400100520", "D_LUAS": 0.0, "ASR": null, "KD PROPINS": "34", "KD DATI2": "71", "KD KECAMAT": "060", "KD KELURAH": "004", "KD BLOK": "001", "NO URUT": "0052", "KD JNS OP": "0", "THN PAJAK": "2023", "NO PERSIL": null, "LUAS BUMI": "18", "LUAS BNG S": 18, "NJOP BUMI": 219510000.0, "NJOP BNG S": 7722000.0, "NJOP SPPT": 227232000.0, "NJOPTKP SP": 0.0, "NJKP SPPT": 0, "PBB TERHUT": 113616, "FAKTOR PEN": 27439.0, "PBB YG HAR": 86177, "FLG SYNC": "0", "JML KRG BA": "0", "FLG BAYAR": "0", "ALAMAT OP": "JL FARIDAN M NOTO KIOS NO 26 RW 01 RT 001", "NM KELURAH": "KOTABARU", "NM KECAMAT": "GONDOKUSUMAN" }, "geometry": { "type": "MultiPolygon", "coordinates": [ [ [ [ 110.371069714794146, -7.784115158617863, 0.0 ], [ 110.371119453120784, -7.784160448758464, 0.0 ], [ 110.371079166814837, -7.784195838672776, 0.0 ], [ 110.371032269987836, -7.784150733606844, 0.0 ], [ 110.371069714794146, -7.784115158617863, 0.0 ] ] ] ] } },
{ "type": "Feature", "properties": { "D_NOP": "347106000400100510", "D_LUAS": 0.0, "ASR": null, "KD PROPINS": "34", "KD DATI2": "71", "KD KECAMAT": "060", "KD KELURAH": "004", "KD BLOK": "001", "NO URUT": "0051", "KD JNS OP": "0", "THN PAJAK": "2023", "NO PERSIL": null, "LUAS BUMI": "48", "LUAS BNG S": 48, "NJOP BUMI": 585360000.0, "NJOP BNG S": 20592000.0, "NJOP SPPT": 605952000.0, "NJOPTKP SP": 20000000.0, "NJKP SPPT": 0, "PBB TERHUT": 292976, "FAKTOR PEN": 73170.0, "PBB YG HAR": 219806, "FLG SYNC": "0", "JML KRG BA": "0", "FLG BAYAR": "0", "ALAMAT OP": "JL FARIDAN M NOTO KIOS NO 25 RW 01 RT 001", "NM KELURAH": "KOTABARU", "NM KECAMAT": "GONDOKUSUMAN" }, "geometry": { "type": "MultiPolygon", "coordinates": [ [ [ [ 110.371069714794146, -7.784115158617863, 0.0 ], [ 110.371175758881733, -7.784014121567301, 0.0 ], [ 110.37122340961001, -7.784055158260086, 0.0 ], [ 110.371119453120784, -7.784160448758464, 0.0 ], [ 110.371069714794146, -7.784115158617863, 0.0 ] ] ] ] } },
{ "type": "Feature", "properties": { "D_NOP": "347106000400100500", "D_LUAS": 0.0, "ASR": null, "KD PROPINS": "34", "KD DATI2": "71", "KD KECAMAT": "060", "KD KELURAH": "004", "KD BLOK": "001", "NO URUT": "0050", "KD JNS OP": "0", "THN PAJAK": "2023", "NO PERSIL": null, "LUAS BUMI": "21", "LUAS BNG S": 21, "NJOP BUMI": 256095000.0, "NJOP BNG S": 9009000.0, "NJOP SPPT": 265104000.0, "NJOPTKP SP": 20000000.0, "NJKP SPPT": 0, "PBB TERHUT": 122552, "FAKTOR PEN": 32012.0, "PBB YG HAR": 90540, "FLG SYNC": "0", "JML KRG BA": "0", "FLG BAYAR": "0", "ALAMAT OP": "JL FARIDAN M NOTO KIOS NO 24 RW 01 RT 001", "NM KELURAH": "KOTABARU", "NM KECAMAT": "GONDOKUSUMAN" }, "geometry": { "type": "MultiPolygon", "coordinates": [ [ [ [ 110.371175758881733, -7.784014121567301, 0.0 ], [ 110.371211187074209, -7.783976825351107, 0.0 ], [ 110.371270224144766, -7.784004947030454, 0.0 ], [ 110.37122340961001, -7.784055158260086, 0.0 ], [ 110.371175758881733, -7.784014121567301, 0.0 ] ] ] ] } },
{ "type": "Feature", "properties": { "D_NOP": "347106000400100490", "D_LUAS": 0.0, "ASR": null, "KD PROPINS": "34", "KD DATI2": "71", "KD KECAMAT": "060", "KD KELURAH": "004", "KD BLOK": "001", "NO URUT": "0049", "KD JNS OP": "0", "THN PAJAK": "2023", "NO PERSIL": null, "LUAS BUMI": "18", "LUAS BNG S": 18, "NJOP BUMI": 219510000.0, "NJOP BNG S": 4752000.0, "NJOP SPPT": 224262000.0, "NJOPTKP SP": 20000000.0, "NJKP SPPT": 0, "PBB TERHUT": 102131, "FAKTOR PEN": 27439.0, "PBB YG HAR": 74692, "FLG SYNC": "0", "JML KRG BA": "0", "FLG BAYAR": "0", "ALAMAT OP": "JL FARIDAN M NOTO KIOS NO 22 RW 01 RT 001", "NM KELURAH": "KOTABARU", "NM KECAMAT": "GONDOKUSUMAN" }, "geometry": { "type": "MultiPolygon", "coordinates": [ [ [ [ 110.371211187074209, -7.783976825351107, 0.0 ], [ 110.371240477096052, -7.783943499074705, 0.0 ], [ 110.371294952649436, -7.783971433122883, 0.0 ], [ 110.371270224144766, -7.784004947030454, 0.0 ], [ 110.371211187074209, -7.783976825351107, 0.0 ] ] ] ] } },
{ "type": "Feature", "properties": { "D_NOP": "347106000400100480", "D_LUAS": 0.0, "ASR": null, "KD PROPINS": "34", "KD DATI2": "71", "KD KECAMAT": "060", "KD KELURAH": "004", "KD BLOK": "001", "NO URUT": "0048", "KD JNS OP": "0", "THN PAJAK": "2023", "NO PERSIL": null, "LUAS BUMI": "18", "LUAS BNG S": 18, "NJOP BUMI": 219510000.0, "NJOP BNG S": 4752000.0, "NJOP SPPT": 224262000.0, "NJOPTKP SP": 20000000.0, "NJKP SPPT": 0, "PBB TERHUT": 102131, "FAKTOR PEN": 27439.0, "PBB YG HAR": 74692, "FLG SYNC": "0", "JML KRG BA": "0", "FLG BAYAR": "0", "ALAMAT OP": "JL FARIDAN M NOTO KIOS NO 21 RW 01 RT 001", "NM KELURAH": "KOTABARU", "NM KECAMAT": "GONDOKUSUMAN" }, "geometry": { "type": "MultiPolygon", "coordinates": [ [ [ [ 110.371240477096052, -7.783943499074705, 0.0 ], [ 110.371248454669711, -7.783909598606802, 0.0 ], [ 110.371305257532086, -7.783931477106781, 0.0 ], [ 110.371294952649436, -7.783971433122883, 0.0 ], [ 110.371240477096052, -7.783943499074705, 0.0 ] ] ] ] } },
{ "type": "Feature", "properties": { "D_NOP": "347106000400100470", "D_LUAS": 0.0, "ASR": null, "KD PROPINS": "34", "KD DATI2": "71", "KD KECAMAT": "060", "KD KELURAH": "004", "KD BLOK": "001", "NO URUT": "0047", "KD JNS OP": "0", "THN PAJAK": "2023", "NO PERSIL": null, "LUAS BUMI": "18", "LUAS BNG S": 18, "NJOP BUMI": 219510000.0, "NJOP BNG S": 4752000.0, "NJOP SPPT": 224262000.0, "NJOPTKP SP": 20000000.0, "NJKP SPPT": 0, "PBB TERHUT": 102131, "FAKTOR PEN": 27439.0, "PBB YG HAR": 74692, "FLG SYNC": "0", "JML KRG BA": "0", "FLG BAYAR": "0", "ALAMAT OP": "JL FARIDAN M NOTO KIOS NO 20 RW 01 RT 001", "NM KELURAH": "KOTABARU", "NM KECAMAT": "GONDOKUSUMAN" }, "geometry": { "type": "MultiPolygon", "coordinates": [ [ [ [ 110.371248454669711, -7.783909598606802, 0.0 ], [ 110.371257858650722, -7.783871992508885, 0.0 ], [ 110.371314139372956, -7.783892965905526, 0.0 ], [ 110.371305257532086, -7.783931477106781, 0.0 ], [ 110.371248454669711, -7.783909598606802, 0.0 ] ] ] ] } },
{ "type": "Feature", "properties": { "D_NOP": "347106000400100460", "D_LUAS": 0.0, "ASR": null, "KD PROPINS": "34", "KD DATI2": "71", "KD KECAMAT": "060", "KD KELURAH": "004", "KD BLOK": "001", "NO URUT": "0046", "KD JNS OP": "0", "THN PAJAK": "2023", "NO PERSIL": null, "LUAS BUMI": "24", "LUAS BNG S": 24, "NJOP BUMI": 292680000.0, "NJOP BNG S": 6336000.0, "NJOP SPPT": 299016000.0, "NJOPTKP SP": 20000000.0, "NJKP SPPT": 0, "PBB TERHUT": 139508, "FAKTOR PEN": 36585.0, "PBB YG HAR": 102923, "FLG SYNC": "0", "JML KRG BA": "0", "FLG BAYAR": "0", "ALAMAT OP": "JL FARIDAN M NOTO KIOS NO 19 RW 01 RT 001", "NM KELURAH": "KOTABARU", "NM KECAMAT": "GONDOKUSUMAN" }, "geometry": { "type": "MultiPolygon", "coordinates": [ [ [ [ 110.371257858650722, -7.783871992508885, 0.0 ], [ 110.371270045515104, -7.783823719467144, 0.0 ], [ 110.371326856722263, -7.783839991143193, 0.0 ], [ 110.371314139372956, -7.783892965905526, 0.0 ], [ 110.371257858650722, -7.783871992508885, 0.0 ] ] ] ] } },
{ "type": "Feature", "properties": { "D_NOP": "347106000400100450", "D_LUAS": 0.0, "ASR": null, "KD PROPINS": "34", "KD DATI2": "71", "KD KECAMAT": "060", "KD KELURAH": "004", "KD BLOK": "001", "NO URUT": "0045", "KD JNS OP": "0", "THN PAJAK": "2023", "NO PERSIL": null, "LUAS BUMI": "24", "LUAS BNG S": 24, "NJOP BUMI": 292680000.0, "NJOP BNG S": 10296000.0, "NJOP SPPT": 302976000.0, "NJOPTKP SP": 20000000.0, "NJKP SPPT": 0, "PBB TERHUT": 141488, "FAKTOR PEN": 36585.0, "PBB YG HAR": 104903, "FLG SYNC": "0", "JML KRG BA": "0", "FLG BAYAR": "0", "ALAMAT OP": "JL FARIDAN M NOTO KIOS NO 18 RW 01 RT 001", "NM KELURAH": "KOTABARU", "NM KECAMAT": "GONDOKUSUMAN" }, "geometry": { "type": "MultiPolygon", "coordinates": [ [ [ [ 110.371270045515104, -7.783823719467144, 0.0 ], [ 110.371280200828679, -7.783783763229571, 0.0 ], [ 110.37133776390678, -7.783797323034729, 0.0 ], [ 110.371326856722263, -7.783839991143193, 0.0 ], [ 110.371270045515104, -7.783823719467144, 0.0 ] ] ] ] } },
{ "type": "Feature", "properties": { "D_NOP": "347106000400100440", "D_LUAS": 0.0, "ASR": null, "KD PROPINS": "34", "KD DATI2": "71", "KD KECAMAT": "060", "KD KELURAH": "004", "KD BLOK": "001", "NO URUT": "0044", "KD JNS OP": "0", "THN PAJAK": "2023", "NO PERSIL": null, "LUAS BUMI": "20", "LUAS BNG S": 20, "NJOP BUMI": 243900000.0, "NJOP BNG S": 6200000.0, "NJOP SPPT": 250100000.0, "NJOPTKP SP": 20000000.0, "NJKP SPPT": 0, "PBB TERHUT": 115050, "FAKTOR PEN": 30487.0, "PBB YG HAR": 84563, "FLG SYNC": "0", "JML KRG BA": "0", "FLG BAYAR": "0", "ALAMAT OP": "JL FARIDAN M NOTO KIOS NO 17 RW 01 RT 001", "NM KELURAH": "KOTABARU", "NM KECAMAT": "GONDOKUSUMAN" }, "geometry": { "type": "MultiPolygon", "coordinates": [ [ [ [ 110.371280200828679, -7.783783763229571, 0.0 ], [ 110.371287217127573, -7.783742536279781, 0.0 ], [ 110.371343284264682, -7.783756274731999, 0.0 ], [ 110.37133776390678, -7.783797323034729, 0.0 ], [ 110.371280200828679, -7.783783763229571, 0.0 ] ] ] ] } },
{ "type": "Feature", "properties": { "D_NOP": "347106000400100430", "D_LUAS": 0.0, "ASR": null, "KD PROPINS": "34", "KD DATI2": "71", "KD KECAMAT": "060", "KD KELURAH": "004", "KD BLOK": "001", "NO URUT": "0043", "KD JNS OP": "0", "THN PAJAK": "2023", "NO PERSIL": null, "LUAS BUMI": "21", "LUAS BNG S": 21, "NJOP BUMI": 256095000.0, "NJOP BNG S": 9009000.0, "NJOP SPPT": 265104000.0, "NJOPTKP SP": 20000000.0, "NJKP SPPT": 0, "PBB TERHUT": 122552, "FAKTOR PEN": 32012.0, "PBB YG HAR": 90540, "FLG SYNC": "0", "JML KRG BA": "0", "FLG BAYAR": "0", "ALAMAT OP": "JL FARIDAN M NOTO KIOS NO 16 RW 01 RT 001", "NM KELURAH": "KOTABARU", "NM KECAMAT": "GONDOKUSUMAN" }, "geometry": { "type": "MultiPolygon", "coordinates": [ [ [ [ 110.371287217127573, -7.783742536279781, 0.0 ], [ 110.371294455349101, -7.78370293744875, 0.0 ], [ 110.371350228333668, -7.783713329450622, 0.0 ], [ 110.371343284264682, -7.783756274731999, 0.0 ], [ 110.371287217127573, -7.783742536279781, 0.0 ] ] ] ] } },
{ "type": "Feature", "properties": { "D_NOP": "347106000400100420", "D_LUAS": 0.0, "ASR": null, "KD PROPINS": "34", "KD DATI2": "71", "KD KECAMAT": "060", "KD KELURAH": "004", "KD BLOK": "001", "NO URUT": "0042", "KD JNS OP": "0", "THN PAJAK": "2023", "NO PERSIL": null, "LUAS BUMI": "21", "LUAS BNG S": 21, "NJOP BUMI": 256095000.0, "NJOP BNG S": 6510000.0, "NJOP SPPT": 262605000.0, "NJOPTKP SP": 20000000.0, "NJKP SPPT": 0, "PBB TERHUT": 121303, "FAKTOR PEN": 32012.0, "PBB YG HAR": 89291, "FLG SYNC": "0", "JML KRG BA": "0", "FLG BAYAR": "0", "ALAMAT OP": "JL FARIDAN M NOTO KIOS NO 15 RW 01 RT 001", "NM KELURAH": "KOTABARU", "NM KECAMAT": "GONDOKUSUMAN" }, "geometry": { "type": "MultiPolygon", "coordinates": [ [ [ [ 110.371294455349101, -7.78370293744875, 0.0 ], [ 110.371303346078236, -7.783658457696356, 0.0 ], [ 110.371356723701126, -7.783670383503906, 0.0 ], [ 110.371350228333668, -7.783713329450622, 0.0 ], [ 110.371294455349101, -7.78370293744875, 0.0 ] ] ] ] } },
{ "type": "Feature", "properties": { "D_NOP": "347106000400100410", "D_LUAS": 0.0, "ASR": null, "KD PROPINS": "34", "KD DATI2": "71", "KD KECAMAT": "060", "KD KELURAH": "004", "KD BLOK": "001", "NO URUT": "0041", "KD JNS OP": "0", "THN PAJAK": "2023", "NO PERSIL": null, "LUAS BUMI": "24", "LUAS BNG S": 24, "NJOP BUMI": 292680000.0, "NJOP BNG S": 10296000.0, "NJOP SPPT": 302976000.0, "NJOPTKP SP": 20000000.0, "NJKP SPPT": 0, "PBB TERHUT": 141488, "FAKTOR PEN": 36585.0, "PBB YG HAR": 104903, "FLG SYNC": "0", "JML KRG BA": "0", "FLG BAYAR": "0", "ALAMAT OP": "JL FARIDAN M NOTO KIOS NO 14 RW 01 RT 001", "NM KELURAH": "KOTABARU", "NM KECAMAT": "GONDOKUSUMAN" }, "geometry": { "type": "MultiPolygon", "coordinates": [ [ [ [ 110.371303346078236, -7.783658457696356, 0.0 ], [ 110.371313291317236, -7.783608915270491, 0.0 ], [ 110.371364274791119, -7.783621560990409, 0.0 ], [ 110.371356723701126, -7.783670383503906, 0.0 ], [ 110.371303346078236, -7.783658457696356, 0.0 ] ] ] ] } },
{ "type": "Feature", "properties": { "D_NOP": "347106000400100400", "D_LUAS": 0.0, "ASR": null, "KD PROPINS": "34", "KD DATI2": "71", "KD KECAMAT": "060", "KD KELURAH": "004", "KD BLOK": "001", "NO URUT": "0040", "KD JNS OP": "0", "THN PAJAK": "2023", "NO PERSIL": null, "LUAS BUMI": "18", "LUAS BNG S": 18, "NJOP BUMI": 219510000.0, "NJOP BNG S": 5580000.0, "NJOP SPPT": 225090000.0, "NJOPTKP SP": 20000000.0, "NJKP SPPT": 0, "PBB TERHUT": 102545, "FAKTOR PEN": 27439.0, "PBB YG HAR": 75106, "FLG SYNC": "0", "JML KRG BA": "0", "FLG BAYAR": "0", "ALAMAT OP": "JL FARIDAN M NOTO KIOS NO 13 RW 01 RT 001", "NM KELURAH": "KOTABARU", "NM KECAMAT": "GONDOKUSUMAN" }, "geometry": { "type": "MultiPolygon", "coordinates": [ [ [ [ 110.371313291317236, -7.783608915270491, 0.0 ], [ 110.371318942105731, -7.783580708616634, 0.0 ], [ 110.371369256299602, -7.783590821225728, 0.0 ], [ 110.371364274791119, -7.783621560990409, 0.0 ], [ 110.371313291317236, -7.783608915270491, 0.0 ] ] ] ] } },
{ "type": "Feature", "properties": { "D_NOP": "347106000400100390", "D_LUAS": 0.0, "ASR": null, "KD PROPINS": "34", "KD DATI2": "71", "KD KECAMAT": "060", "KD KELURAH": "004", "KD BLOK": "001", "NO URUT": "0039", "KD JNS OP": "0", "THN PAJAK": "2023", "NO PERSIL": null, "LUAS BUMI": "16", "LUAS BNG S": 16, "NJOP BUMI": 195120000.0, "NJOP BNG S": 5840000.0, "NJOP SPPT": 200960000.0, "NJOPTKP SP": 20000000.0, "NJKP SPPT": 0, "PBB TERHUT": 90480, "FAKTOR PEN": 24390.0, "PBB YG HAR": 66090, "FLG SYNC": "0", "JML KRG BA": "0", "FLG BAYAR": "0", "ALAMAT OP": "JL FARIDAN M NOTO KIOS NO 12 RW 01 RT 001", "NM KELURAH": "KOTABARU", "NM KECAMAT": "GONDOKUSUMAN" }, "geometry": { "type": "MultiPolygon", "coordinates": [ [ [ [ 110.371318942105731, -7.783580708616634, 0.0 ], [ 110.371323178344184, -7.783548249525122, 0.0 ], [ 110.371373266163488, -7.783559718289742, 0.0 ], [ 110.371369256299602, -7.783590821225728, 0.0 ], [ 110.371318942105731, -7.783580708616634, 0.0 ] ] ] ] } },
{ "type": "Feature", "properties": { "D_NOP": "347106000400100380", "D_LUAS": 0.0, "ASR": null, "KD PROPINS": "34", "KD DATI2": "71", "KD KECAMAT": "060", "KD KELURAH": "004", "KD BLOK": "001", "NO URUT": "0038", "KD JNS OP": "0", "THN PAJAK": "2023", "NO PERSIL": null, "LUAS BUMI": "36", "LUAS BNG S": 36, "NJOP BUMI": 439020000.0, "NJOP BNG S": 15444000.0, "NJOP SPPT": 454464000.0, "NJOPTKP SP": 20000000.0, "NJKP SPPT": 0, "PBB TERHUT": 217232, "FAKTOR PEN": 54877.0, "PBB YG HAR": 162355, "FLG SYNC": "0", "JML KRG BA": "0", "FLG BAYAR": "0", "ALAMAT OP": "JL FARIDAN M NOTO KIOS NO 11 RW 01 RT 001", "NM KELURAH": "KOTABARU", "NM KECAMAT": "GONDOKUSUMAN" }, "geometry": { "type": "MultiPolygon", "coordinates": [ [ [ [ 110.371323178344184, -7.783548249525122, 0.0 ], [ 110.371327788228655, -7.783515971852821, 0.0 ], [ 110.371378772365773, -7.783528165407266, 0.0 ], [ 110.371373266163488, -7.783559718289742, 0.0 ], [ 110.371323178344184, -7.783548249525122, 0.0 ] ] ] ] } },
{ "type": "Feature", "properties": { "D_NOP": "347106000400100370", "D_LUAS": 0.0, "ASR": null, "KD PROPINS": "34", "KD DATI2": "71", "KD KECAMAT": "060", "KD KELURAH": "004", "KD BLOK": "001", "NO URUT": "0037", "KD JNS OP": "0", "THN PAJAK": "2023", "NO PERSIL": null, "LUAS BUMI": "12", "LUAS BNG S": 12, "NJOP BUMI": 146340000.0, "NJOP BNG S": 3168000.0, "NJOP SPPT": 149508000.0, "NJOPTKP SP": 20000000.0, "NJKP SPPT": 0, "PBB TERHUT": 64754, "FAKTOR PEN": 18292.0, "PBB YG HAR": 46462, "FLG SYNC": "0", "JML KRG BA": "0", "FLG BAYAR": "0", "ALAMAT OP": "JL FARIDAN M NOTO KIOS NO10 RW 01 RT 001", "NM KELURAH": "KOTABARU", "NM KECAMAT": "GONDOKUSUMAN" }, "geometry": { "type": "MultiPolygon", "coordinates": [ [ [ [ 110.371327788228655, -7.783515971852821, 0.0 ], [ 110.371334884554699, -7.783471218140938, 0.0 ], [ 110.371384747207259, -7.783483229166569, 0.0 ], [ 110.371378772365773, -7.783528165407266, 0.0 ], [ 110.371327788228655, -7.783515971852821, 0.0 ] ] ] ] } },
{ "type": "Feature", "properties": { "D_NOP": "347106000400100360", "D_LUAS": 0.0, "ASR": null, "KD PROPINS": "34", "KD DATI2": "71", "KD KECAMAT": "060", "KD KELURAH": "004", "KD BLOK": "001", "NO URUT": "0036", "KD JNS OP": "0", "THN PAJAK": "2023", "NO PERSIL": null, "LUAS BUMI": "24", "LUAS BNG S": 24, "NJOP BUMI": 292680000.0, "NJOP BNG S": 10296000.0, "NJOP SPPT": 302976000.0, "NJOPTKP SP": 20000000.0, "NJKP SPPT": 0, "PBB TERHUT": 141488, "FAKTOR PEN": 36585.0, "PBB YG HAR": 104903, "FLG SYNC": "0", "JML KRG BA": "0", "FLG BAYAR": "0", "ALAMAT OP": "JL FARIDAN M NOTO KIOS NO 9 RW 01 RT 001", "NM KELURAH": "KOTABARU", "NM KECAMAT": "GONDOKUSUMAN" }, "geometry": { "type": "MultiPolygon", "coordinates": [ [ [ [ 110.371334884554699, -7.783471218140938, 0.0 ], [ 110.371345105067732, -7.783437682724524, 0.0 ], [ 110.371391226398032, -7.783451135128868, 0.0 ], [ 110.371384747207259, -7.783483229166569, 0.0 ], [ 110.371334884554699, -7.783471218140938, 0.0 ] ] ] ] } },
{ "type": "Feature", "properties": { "D_NOP": "347106000400100350", "D_LUAS": 0.0, "ASR": null, "KD PROPINS": "34", "KD DATI2": "71", "KD KECAMAT": "060", "KD KELURAH": "004", "KD BLOK": "001", "NO URUT": "0035", "KD JNS OP": "0", "THN PAJAK": "2023", "NO PERSIL": null, "LUAS BUMI": "12", "LUAS BNG S": 12, "NJOP BUMI": 146340000.0, "NJOP BNG S": 1392000.0, "NJOP SPPT": 147732000.0, "NJOPTKP SP": 20000000.0, "NJKP SPPT": 0, "PBB TERHUT": 63866, "FAKTOR PEN": 18292.0, "PBB YG HAR": 45574, "FLG SYNC": "0", "JML KRG BA": "0", "FLG BAYAR": "0", "ALAMAT OP": "JL FARIDAN M NOTO  RW 01 RT 001", "NM KELURAH": "KOTABARU", "NM KECAMAT": "GONDOKUSUMAN" }, "geometry": { "type": "MultiPolygon", "coordinates": [ [ [ [ 110.371345105067732, -7.783437682724524, 0.0 ], [ 110.371349937007835, -7.78340694273808, 0.0 ], [ 110.371396732596935, -7.783419582245761, 0.0 ], [ 110.371391226398032, -7.783451135128868, 0.0 ], [ 110.371345105067732, -7.783437682724524, 0.0 ] ] ] ] } },
{ "type": "Feature", "properties": { "D_NOP": "347106000400100340", "D_LUAS": 0.0, "ASR": null, "KD PROPINS": "34", "KD DATI2": "71", "KD KECAMAT": "060", "KD KELURAH": "004", "KD BLOK": "001", "NO URUT": "0034", "KD JNS OP": "0", "THN PAJAK": "2023", "NO PERSIL": null, "LUAS BUMI": "24", "LUAS BNG S": 24, "NJOP BUMI": 292680000.0, "NJOP BNG S": 6336000.0, "NJOP SPPT": 299016000.0, "NJOPTKP SP": 20000000.0, "NJKP SPPT": 0, "PBB TERHUT": 139508, "FAKTOR PEN": 36585.0, "PBB YG HAR": 102923, "FLG SYNC": "0", "JML KRG BA": "0", "FLG BAYAR": "0", "ALAMAT OP": "JL FARIDAN M NOTO KIOS NO 8 RW 01 RT 001", "NM KELURAH": "KOTABARU", "NM KECAMAT": "GONDOKUSUMAN" }, "geometry": { "type": "MultiPolygon", "coordinates": [ [ [ [ 110.371349937007835, -7.78340694273808, 0.0 ], [ 110.371352974688094, -7.783375838361187, 0.0 ], [ 110.371402238794815, -7.783388029362487, 0.0 ], [ 110.371396732596935, -7.783419582245761, 0.0 ], [ 110.371349937007835, -7.78340694273808, 0.0 ] ] ] ] } },
{ "type": "Feature", "properties": { "D_NOP": "347106000400100330", "D_LUAS": 0.0, "ASR": null, "KD PROPINS": "34", "KD DATI2": "71", "KD KECAMAT": "060", "KD KELURAH": "004", "KD BLOK": "001", "NO URUT": "0033", "KD JNS OP": "0", "THN PAJAK": "2023", "NO PERSIL": null, "LUAS BUMI": "18", "LUAS BNG S": 18, "NJOP BUMI": 219510000.0, "NJOP BNG S": 5580000.0, "NJOP SPPT": 225090000.0, "NJOPTKP SP": 20000000.0, "NJKP SPPT": 0, "PBB TERHUT": 102545, "FAKTOR PEN": 27439.0, "PBB YG HAR": 75106, "FLG SYNC": "0", "JML KRG BA": "0", "FLG BAYAR": "0", "ALAMAT OP": "JL FARIDAN M NOTO KIOS NO 7 RW 01 RT 001", "NM KELURAH": "KOTABARU", "NM KECAMAT": "GONDOKUSUMAN" }, "geometry": { "type": "MultiPolygon", "coordinates": [ [ [ [ 110.371352974688094, -7.783375838361187, 0.0 ], [ 110.371363052232368, -7.78333787152543, 0.0 ], [ 110.371408731993753, -7.783346530334921, 0.0 ], [ 110.371402238794815, -7.783388029362487, 0.0 ], [ 110.371352974688094, -7.783375838361187, 0.0 ] ] ] ] } },
{ "type": "Feature", "properties": { "D_NOP": "347106000400100320", "D_LUAS": 0.0, "ASR": null, "KD PROPINS": "34", "KD DATI2": "71", "KD KECAMAT": "060", "KD KELURAH": "004", "KD BLOK": "001", "NO URUT": "0032", "KD JNS OP": "0", "THN PAJAK": "2023", "NO PERSIL": null, "LUAS BUMI": "18", "LUAS BNG S": 18, "NJOP BUMI": 219510000.0, "NJOP BNG S": 7722000.0, "NJOP SPPT": 227232000.0, "NJOPTKP SP": 20000000.0, "NJKP SPPT": 0, "PBB TERHUT": 103616, "FAKTOR PEN": 27439.0, "PBB YG HAR": 76177, "FLG SYNC": "0", "JML KRG BA": "0", "FLG BAYAR": "0", "ALAMAT OP": "JL FARIDAN M NOTO KIOS NO 6 RW 01 RT 001", "NM KELURAH": "KOTABARU", "NM KECAMAT": "GONDOKUSUMAN" }, "geometry": { "type": "MultiPolygon", "coordinates": [ [ [ [ 110.371363052232368, -7.78333787152543, 0.0 ], [ 110.371369467821296, -7.783298271472145, 0.0 ], [ 110.371415220745206, -7.783308015582523, 0.0 ], [ 110.371408731993753, -7.783346530334921, 0.0 ], [ 110.371363052232368, -7.78333787152543, 0.0 ] ] ] ] } },
{ "type": "Feature", "properties": { "D_NOP": "347106000400100310", "D_LUAS": 0.0, "ASR": null, "KD PROPINS": "34", "KD DATI2": "71", "KD KECAMAT": "060", "KD KELURAH": "004", "KD BLOK": "001", "NO URUT": "0031", "KD JNS OP": "0", "THN PAJAK": "2023", "NO PERSIL": null, "LUAS BUMI": "24", "LUAS BNG S": 24, "NJOP BUMI": 292680000.0, "NJOP BNG S": 10296000.0, "NJOP SPPT": 302976000.0, "NJOPTKP SP": 20000000.0, "NJKP SPPT": 0, "PBB TERHUT": 141488, "FAKTOR PEN": 36585.0, "PBB YG HAR": 104903, "FLG SYNC": "0", "JML KRG BA": "0", "FLG BAYAR": "0", "ALAMAT OP": "JL FARIDAN M NOTO KIOS NO 5 RW 01 RT 001", "NM KELURAH": "KOTABARU", "NM KECAMAT": "GONDOKUSUMAN" }, "geometry": { "type": "MultiPolygon", "coordinates": [ [ [ [ 110.371369467821296, -7.783298271472145, 0.0 ], [ 110.371377072395418, -7.783263737416747, 0.0 ], [ 110.371421253520822, -7.783274383524766, 0.0 ], [ 110.371415220745206, -7.783308015582523, 0.0 ], [ 110.371369467821296, -7.783298271472145, 0.0 ] ] ] ] } },
{ "type": "Feature", "properties": { "D_NOP": "347106000400100300", "D_LUAS": 0.0, "ASR": null, "KD PROPINS": "34", "KD DATI2": "71", "KD KECAMAT": "060", "KD KELURAH": "004", "KD BLOK": "001", "NO URUT": "0030", "KD JNS OP": "0", "THN PAJAK": "2023", "NO PERSIL": null, "LUAS BUMI": "18", "LUAS BNG S": 18, "NJOP BUMI": 219510000.0, "NJOP BNG S": 4752000.0, "NJOP SPPT": 224262000.0, "NJOPTKP SP": 20000000.0, "NJKP SPPT": 0, "PBB TERHUT": 102131, "FAKTOR PEN": 27439.0, "PBB YG HAR": 74692, "FLG SYNC": "0", "JML KRG BA": "0", "FLG BAYAR": "0", "ALAMAT OP": "JL FARIDAN M NOTO KIOS NO 4 RW 01 RT 001", "NM KELURAH": "KOTABARU", "NM KECAMAT": "GONDOKUSUMAN" }, "geometry": { "type": "MultiPolygon", "coordinates": [ [ [ [ 110.371377072395418, -7.783263737416747, 0.0 ], [ 110.371382132587044, -7.783230375216738, 0.0 ], [ 110.371426534556136, -7.783243372903746, 0.0 ], [ 110.371421253520822, -7.783274383524766, 0.0 ], [ 110.371377072395418, -7.783263737416747, 0.0 ] ] ] ] } },
{ "type": "Feature", "properties": { "D_NOP": "347106000400100290", "D_LUAS": 0.0, "ASR": null, "KD PROPINS": "34", "KD DATI2": "71", "KD KECAMAT": "060", "KD KELURAH": "004", "KD BLOK": "001", "NO URUT": "0029", "KD JNS OP": "0", "THN PAJAK": "2023", "NO PERSIL": null, "LUAS BUMI": "24", "LUAS BNG S": 24, "NJOP BUMI": 292680000.0, "NJOP BNG S": 6336000.0, "NJOP SPPT": 299016000.0, "NJOPTKP SP": 20000000.0, "NJKP SPPT": 0, "PBB TERHUT": 139508, "FAKTOR PEN": 36585.0, "PBB YG HAR": 102923, "FLG SYNC": "0", "JML KRG BA": "0", "FLG BAYAR": "0", "ALAMAT OP": "JL FARIDAN M NOTO KIOS NO 3 RW 01 RT 001", "NM KELURAH": "KOTABARU", "NM KECAMAT": "GONDOKUSUMAN" }, "geometry": { "type": "MultiPolygon", "coordinates": [ [ [ [ 110.371382132587044, -7.783230375216738, 0.0 ], [ 110.371390278829153, -7.783183633537047, 0.0 ], [ 110.371435057269494, -7.783194913557726, 0.0 ], [ 110.371426534556136, -7.783243372903746, 0.0 ], [ 110.371382132587044, -7.783230375216738, 0.0 ] ] ] ] } },
{ "type": "Feature", "properties": { "D_NOP": "347106000400100280", "D_LUAS": 0.0, "ASR": null, "KD PROPINS": "34", "KD DATI2": "71", "KD KECAMAT": "060", "KD KELURAH": "004", "KD BLOK": "001", "NO URUT": "0028", "KD JNS OP": "0", "THN PAJAK": "2023", "NO PERSIL": null, "LUAS BUMI": "30", "LUAS BNG S": 30, "NJOP BUMI": 365850000.0, "NJOP BNG S": 3480000.0, "NJOP SPPT": 369330000.0, "NJOPTKP SP": 20000000.0, "NJKP SPPT": 0, "PBB TERHUT": 174665, "FAKTOR PEN": 45731.0, "PBB YG HAR": 128934, "FLG SYNC": "0", "JML KRG BA": "0", "FLG BAYAR": "0", "ALAMAT OP": "JL FARIDAN M NOTO KIOS NO 2 RW 01 RT 001", "NM KELURAH": "KOTABARU", "NM KECAMAT": "GONDOKUSUMAN" }, "geometry": { "type": "MultiPolygon", "coordinates": [ [ [ [ 110.371390278829153, -7.783183633537047, 0.0 ], [ 110.371399788950356, -7.78312495674987, 0.0 ], [ 110.37144411976341, -7.783135512643518, 0.0 ], [ 110.371435057269494, -7.783194913557726, 0.0 ], [ 110.371390278829153, -7.783183633537047, 0.0 ] ] ] ] } },
{ "type": "Feature", "properties": { "D_NOP": "347106000400100270", "D_LUAS": 0.0, "ASR": null, "KD PROPINS": "34", "KD DATI2": "71", "KD KECAMAT": "060", "KD KELURAH": "004", "KD BLOK": "001", "NO URUT": "0027", "KD JNS OP": "0", "THN PAJAK": "2023", "NO PERSIL": null, "LUAS BUMI": "12", "LUAS BNG S": 12, "NJOP BUMI": 146340000.0, "NJOP BNG S": 3168000.0, "NJOP SPPT": 149508000.0, "NJOPTKP SP": 20000000.0, "NJKP SPPT": 0, "PBB TERHUT": 64754, "FAKTOR PEN": 18292.0, "PBB YG HAR": 46462, "FLG SYNC": "0", "JML KRG BA": "0", "FLG BAYAR": "0", "ALAMAT OP": "JL FARIDAN M NOTO KIOS NO.01 RW 01 RT 001", "NM KELURAH": "KOTABARU", "NM KECAMAT": "GONDOKUSUMAN" }, "geometry": { "type": "MultiPolygon", "coordinates": [ [ [ [ 110.371399788950356, -7.78312495674987, 0.0 ], [ 110.371406419989, -7.783091325578484, 0.0 ], [ 110.371416283018462, -7.78309694702679, 0.0 ], [ 110.371448276217521, -7.783106399443983, 0.0 ], [ 110.37144411976341, -7.783135512643518, 0.0 ], [ 110.371399788950356, -7.78312495674987, 0.0 ] ] ] ] } },
{ "type": "Feature", "properties": { "D_NOP": "347106000400100260", "D_LUAS": 0.0, "ASR": null, "KD PROPINS": "34", "KD DATI2": "71", "KD KECAMAT": "060", "KD KELURAH": "004", "KD BLOK": "001", "NO URUT": "0026", "KD JNS OP": "0", "THN PAJAK": "2023", "NO PERSIL": null, "LUAS BUMI": "15", "LUAS BNG S": 15, "NJOP BUMI": 182925000.0, "NJOP BNG S": 7575000.0, "NJOP SPPT": 190500000.0, "NJOPTKP SP": 20000000.0, "NJKP SPPT": 0, "PBB TERHUT": 85250, "FAKTOR PEN": 22866.0, "PBB YG HAR": 62384, "FLG SYNC": "0", "JML KRG BA": "0", "FLG BAYAR": "0", "ALAMAT OP": "JL FARIDAN M NOTO KIOS NO 33 RW 01 RT 001", "NM KELURAH": "KOTABARU", "NM KECAMAT": "GONDOKUSUMAN" }, "geometry": { "type": "MultiPolygon", "coordinates": [ [ [ [ 110.371416283018462, -7.78309694702679, 0.0 ], [ 110.371427729278366, -7.783043789507506, 0.0 ], [ 110.371441260455441, -7.78304688427244, 0.0 ], [ 110.371456728317213, -7.78305513657566, 0.0 ], [ 110.371448276217521, -7.783106399443983, 0.0 ], [ 110.371416283018462, -7.78309694702679, 0.0 ] ] ] ] } },
{ "type": "Feature", "properties": { "D_NOP": "347106000400100250", "D_LUAS": 0.0, "ASR": null, "KD PROPINS": "34", "KD DATI2": "71", "KD KECAMAT": "060", "KD KELURAH": "004", "KD BLOK": "001", "NO URUT": "0025", "KD JNS OP": "0", "THN PAJAK": "2023", "NO PERSIL": null, "LUAS BUMI": "24", "LUAS BNG S": 24, "NJOP BUMI": 66696000.0, "NJOP BNG S": 3168000.0, "NJOP SPPT": 69864000.0, "NJOPTKP SP": 20000000.0, "NJKP SPPT": 0, "PBB TERHUT": 24932, "FAKTOR PEN": 8337.0, "PBB YG HAR": 16595, "FLG SYNC": "0", "JML KRG BA": "0", "FLG BAYAR": "0", "ALAMAT OP": "KP LEDOK CODE  RW 01 RT 001", "NM KELURAH": "KOTABARU", "NM KECAMAT": "GONDOKUSUMAN" }, "geometry": { "type": "MultiPolygon", "coordinates": [ [ [ [ 110.370923107829057, -7.784136102469406, 0.0 ], [ 110.370950517108355, -7.784110279346995, 0.0 ], [ 110.370989572183547, -7.7841483190349, 0.0 ], [ 110.370962911142101, -7.784173871971154, 0.0 ], [ 110.370923107829057, -7.784136102469406, 0.0 ] ] ] ] } },
{ "type": "Feature", "properties": { "D_NOP": "347106000400100240", "D_LUAS": 0.0, "ASR": null, "KD PROPINS": "34", "KD DATI2": "71", "KD KECAMAT": "060", "KD KELURAH": "004", "KD BLOK": "001", "NO URUT": "0024", "KD JNS OP": "0", "THN PAJAK": "2023", "NO PERSIL": null, "LUAS BUMI": "19", "LUAS BNG S": 19, "NJOP BUMI": 52801000.0, "NJOP BNG S": 2508000.0, "NJOP SPPT": 55309000.0, "NJOPTKP SP": 20000000.0, "NJKP SPPT": 0, "PBB TERHUT": 17655, "FAKTOR PEN": 6601.0, "PBB YG HAR": 11054, "FLG SYNC": "0", "JML KRG BA": "0", "FLG BAYAR": "0", "ALAMAT OP": "KP LEDOK CODE  RW 01 RT 001", "NM KELURAH": "KOTABARU", "NM KECAMAT": "GONDOKUSUMAN" }, "geometry": { "type": "MultiPolygon", "coordinates": [ [ [ [ 110.37099486688389, -7.784108174733525, 0.0 ], [ 110.371044667526931, -7.784061494838281, 0.0 ], [ 110.371063632573126, -7.784081599037748, 0.0 ], [ 110.371015254161847, -7.784127376716494, 0.0 ], [ 110.37099486688389, -7.784108174733525, 0.0 ] ] ] ] } },
{ "type": "Feature", "properties": { "D_NOP": "347106000400100230", "D_LUAS": 0.0, "ASR": null, "KD PROPINS": "34", "KD DATI2": "71", "KD KECAMAT": "060", "KD KELURAH": "004", "KD BLOK": "001", "NO URUT": "0023", "KD JNS OP": "0", "THN PAJAK": "2023", "NO PERSIL": null, "LUAS BUMI": "32", "LUAS BNG S": 32, "NJOP BUMI": 88928000.0, "NJOP BNG S": 4224000.0, "NJOP SPPT": 93152000.0, "NJOPTKP SP": 20000000.0, "NJKP SPPT": 0, "PBB TERHUT": 36576, "FAKTOR PEN": 11116.0, "PBB YG HAR": 25460, "FLG SYNC": "0", "JML KRG BA": "0", "FLG BAYAR": "0", "ALAMAT OP": "KP LEDOK CODE  RW 01 RT 001", "NM KELURAH": "KOTABARU", "NM KECAMAT": "GONDOKUSUMAN" }, "geometry": { "type": "MultiPolygon", "coordinates": [ [ [ [ 110.371047493560667, -7.784021889471547, 0.0 ], [ 110.371102312220799, -7.783970152773324, 0.0 ], [ 110.371141812359511, -7.78401063479251, 0.0 ], [ 110.371085497491606, -7.784062731008283, 0.0 ], [ 110.371047493560667, -7.784021889471547, 0.0 ] ] ] ] } },
{ "type": "Feature", "properties": { "D_NOP": "347106000400100220", "D_LUAS": 0.0, "ASR": null, "KD PROPINS": "34", "KD DATI2": "71", "KD KECAMAT": "060", "KD KELURAH": "004", "KD BLOK": "001", "NO URUT": "0022", "KD JNS OP": "0", "THN PAJAK": "2023", "NO PERSIL": null, "LUAS BUMI": "25", "LUAS BNG S": 25, "NJOP BUMI": 69475000.0, "NJOP BNG S": 3300000.0, "NJOP SPPT": 72775000.0, "NJOPTKP SP": 20000000.0, "NJKP SPPT": 0, "PBB TERHUT": 26388, "FAKTOR PEN": 8685.0, "PBB YG HAR": 17703, "FLG SYNC": "0", "JML KRG BA": "0", "FLG BAYAR": "0", "ALAMAT OP": "KP LEDOK CODE  RW 01 RT 001", "NM KELURAH": "KOTABARU", "NM KECAMAT": "GONDOKUSUMAN" }, "geometry": { "type": "MultiPolygon", "coordinates": [ [ [ [ 110.3711552705591, -7.783962363640652, 0.0 ], [ 110.371159867119175, -7.783939038797795, 0.0 ], [ 110.371169964376847, -7.783887868813079, 0.0 ], [ 110.37121780455189, -7.783902137682722, 0.0 ], [ 110.371204391493407, -7.78397030411647, 0.0 ], [ 110.3711552705591, -7.783962363640652, 0.0 ] ] ] ] } },
{ "type": "Feature", "properties": { "D_NOP": "347106000400100210", "D_LUAS": 0.0, "ASR": null, "KD PROPINS": "34", "KD DATI2": "71", "KD KECAMAT": "060", "KD KELURAH": "004", "KD BLOK": "001", "NO URUT": "0021", "KD JNS OP": "0", "THN PAJAK": "2023", "NO PERSIL": null, "LUAS BUMI": "10", "LUAS BNG S": 10, "NJOP BUMI": 27790000.0, "NJOP BNG S": 1320000.0, "NJOP SPPT": 29110000.0, "NJOPTKP SP": 20000000.0, "NJKP SPPT": 0, "PBB TERHUT": 4555, "FAKTOR PEN": 3474.0, "PBB YG HAR": 1081, "FLG SYNC": "0", "JML KRG BA": "0", "FLG BAYAR": "0", "ALAMAT OP": "KP LEDOK CODE  RW 01 RT 001", "NM KELURAH": "KOTABARU", "NM KECAMAT": "GONDOKUSUMAN" }, "geometry": { "type": "MultiPolygon", "coordinates": [ [ [ [ 110.371208324858657, -7.783890186502233, 0.0 ], [ 110.371212711485867, -7.783857185039434, 0.0 ], [ 110.371239774965389, -7.783862651125659, 0.0 ], [ 110.371234491748751, -7.783895108663075, 0.0 ], [ 110.371208324858657, -7.783890186502233, 0.0 ] ] ] ] } },
{ "type": "Feature", "properties": { "D_NOP": "347106000400100200", "D_LUAS": 0.0, "ASR": null, "KD PROPINS": "34", "KD DATI2": "71", "KD KECAMAT": "060", "KD KELURAH": "004", "KD BLOK": "001", "NO URUT": "0020", "KD JNS OP": "0", "THN PAJAK": "2023", "NO PERSIL": null, "LUAS BUMI": "10", "LUAS BNG S": 20, "NJOP BUMI": 27790000.0, "NJOP BNG S": 6200000.0, "NJOP SPPT": 33990000.0, "NJOPTKP SP": 20000000.0, "NJKP SPPT": 0, "PBB TERHUT": 6995, "FAKTOR PEN": 3474.0, "PBB YG HAR": 3521, "FLG SYNC": "0", "JML KRG BA": "0", "FLG BAYAR": "0", "ALAMAT OP": "KP LEDOK CODE  RW 01 RT 001", "NM KELURAH": "KOTABARU", "NM KECAMAT": "GONDOKUSUMAN" }, "geometry": { "type": "MultiPolygon", "coordinates": [ [ [ [ 110.371212711485867, -7.783857185039434, 0.0 ], [ 110.371220686768382, -7.783824821925896, 0.0 ], [ 110.371244755543685, -7.783832544391807, 0.0 ], [ 110.371239774965389, -7.783862651125659, 0.0 ], [ 110.371212711485867, -7.783857185039434, 0.0 ] ] ] ] } },
{ "type": "Feature", "properties": { "D_NOP": "347106000400100190", "D_LUAS": 0.0, "ASR": null, "KD PROPINS": "34", "KD DATI2": "71", "KD KECAMAT": "060", "KD KELURAH": "004", "KD BLOK": "001", "NO URUT": "0019", "KD JNS OP": "0", "THN PAJAK": "2023", "NO PERSIL": null, "LUAS BUMI": "50", "LUAS BNG S": 50, "NJOP BUMI": 138950000.0, "NJOP BNG S": 6600000.0, "NJOP SPPT": 145550000.0, "NJOPTKP SP": 20000000.0, "NJKP SPPT": 0, "PBB TERHUT": 62775, "FAKTOR PEN": 17369.0, "PBB YG HAR": 45406, "FLG SYNC": "0", "JML KRG BA": "0", "FLG BAYAR": "0", "ALAMAT OP": "KP LEDOK CODE  RW 01 RT 001", "NM KELURAH": "KOTABARU", "NM KECAMAT": "GONDOKUSUMAN" }, "geometry": { "type": "MultiPolygon", "coordinates": [ [ [ [ 110.37118436161596, -7.783811655321778, 0.0 ], [ 110.371194161080965, -7.783759580566397, 0.0 ], [ 110.371222120875572, -7.783765771444281, 0.0 ], [ 110.371212847322994, -7.783816219190086, 0.0 ], [ 110.37118436161596, -7.783811655321778, 0.0 ] ] ] ] } },
{ "type": "Feature", "properties": { "D_NOP": "347106000400100180", "D_LUAS": 0.0, "ASR": null, "KD PROPINS": "34", "KD DATI2": "71", "KD KECAMAT": "060", "KD KELURAH": "004", "KD BLOK": "001", "NO URUT": "0018", "KD JNS OP": "0", "THN PAJAK": "2023", "NO PERSIL": null, "LUAS BUMI": "15", "LUAS BNG S": 15, "NJOP BUMI": 41685000.0, "NJOP BNG S": 1980000.0, "NJOP SPPT": 43665000.0, "NJOPTKP SP": 20000000.0, "NJKP SPPT": 0, "PBB TERHUT": 11833, "FAKTOR PEN": 5211.0, "PBB YG HAR": 6622, "FLG SYNC": "0", "JML KRG BA": "0", "FLG BAYAR": "0", "ALAMAT OP": "KP LEDOK CODE  RW 01 RT 001", "NM KELURAH": "KOTABARU", "NM KECAMAT": "GONDOKUSUMAN" }, "geometry": { "type": "MultiPolygon", "coordinates": [ [ [ [ 110.371256539011924, -7.783653504946325, 0.0 ], [ 110.371260535543485, -7.783631354838117, 0.0 ], [ 110.37128100663989, -7.783544117543932, 0.0 ], [ 110.37131165956346, -7.783549679377264, 0.0 ], [ 110.371289888588507, -7.783656086497145, 0.0 ], [ 110.371256539011924, -7.783653504946325, 0.0 ] ] ] ] } },
{ "type": "Feature", "properties": { "D_NOP": "347106000400100170", "D_LUAS": 0.0, "ASR": null, "KD PROPINS": "34", "KD DATI2": "71", "KD KECAMAT": "060", "KD KELURAH": "004", "KD BLOK": "001", "NO URUT": "0017", "KD JNS OP": "0", "THN PAJAK": "2023", "NO PERSIL": null, "LUAS BUMI": "34", "LUAS BNG S": 34, "NJOP BUMI": 94486000.0, "NJOP BNG S": 5508000.0, "NJOP SPPT": 99994000.0, "NJOPTKP SP": 20000000.0, "NJKP SPPT": 0, "PBB TERHUT": 39997, "FAKTOR PEN": 11811.0, "PBB YG HAR": 28186, "FLG SYNC": "0", "JML KRG BA": "0", "FLG BAYAR": "0", "ALAMAT OP": "KP LEDOK CODE  RW 01 RT 001", "NM KELURAH": "KOTABARU", "NM KECAMAT": "GONDOKUSUMAN" }, "geometry": { "type": "MultiPolygon", "coordinates": [ [ [ [ 110.371212715580597, -7.783703901477823, 0.0 ], [ 110.371229883962741, -7.783624888674854, 0.0 ], [ 110.371260535543485, -7.783631354838117, 0.0 ], [ 110.371256539011924, -7.783653504946325, 0.0 ], [ 110.37124478427593, -7.783712901861342, 0.0 ], [ 110.371212715580597, -7.783703901477823, 0.0 ] ] ] ] } },
{ "type": "Feature", "properties": { "D_NOP": "347106000400100160", "D_LUAS": 0.0, "ASR": null, "KD PROPINS": "34", "KD DATI2": "71", "KD KECAMAT": "060", "KD KELURAH": "004", "KD BLOK": "001", "NO URUT": "0016", "KD JNS OP": "0", "THN PAJAK": "2023", "NO PERSIL": null, "LUAS BUMI": "45", "LUAS BNG S": 45, "NJOP BUMI": 125055000.0, "NJOP BNG S": 5940000.0, "NJOP SPPT": 130995000.0, "NJOPTKP SP": 20000000.0, "NJKP SPPT": 0, "PBB TERHUT": 55498, "FAKTOR PEN": 15632.0, "PBB YG HAR": 39866, "FLG SYNC": "0", "JML KRG BA": "0", "FLG BAYAR": "0", "ALAMAT OP": "KP LEDOK CODE  RW 01 RT 001", "NM KELURAH": "KOTABARU", "NM KECAMAT": "GONDOKUSUMAN" }, "geometry": { "type": "MultiPolygon", "coordinates": [ [ [ [ 110.371136163062957, -7.783736795953862, 0.0 ], [ 110.371144821641863, -7.783697560963419, 0.0 ], [ 110.371155502063559, -7.783656520314414, 0.0 ], [ 110.371177481882654, -7.783660893673423, 0.0 ], [ 110.371209104839068, -7.7836679038773, 0.0 ], [ 110.371188415435199, -7.783751071367022, 0.0 ], [ 110.371145731821898, -7.783739161392758, 0.0 ], [ 110.371136163062957, -7.783736795953862, 0.0 ] ] ] ] } },
{ "type": "Feature", "properties": { "D_NOP": "347106000400100150", "D_LUAS": 0.0, "ASR": null, "KD PROPINS": null, "KD DATI2": null, "KD KECAMAT": null, "KD KELURAH": null, "KD BLOK": null, "NO URUT": null, "KD JNS OP": null, "THN PAJAK": null, "NO PERSIL": null, "LUAS BUMI": null, "LUAS BNG S": null, "NJOP BUMI": null, "NJOP BNG S": null, "NJOP SPPT": null, "NJOPTKP SP": null, "NJKP SPPT": null, "PBB TERHUT": null, "FAKTOR PEN": null, "PBB YG HAR": null, "FLG SYNC": null, "JML KRG BA": null, "FLG BAYAR": null, "ALAMAT OP": null, "NM KELURAH": null, "NM KECAMAT": null }, "geometry": { "type": "MultiPolygon", "coordinates": [ [ [ [ 110.371164243395029, -7.783561759716905, 0.0 ], [ 110.371172743369684, -7.783528583486474, 0.0 ], [ 110.371262674091142, -7.783551234560615, 0.0 ], [ 110.371252075743683, -7.783587391964826, 0.0 ], [ 110.371164243395029, -7.783561759716905, 0.0 ] ] ] ] } },
{ "type": "Feature", "properties": { "D_NOP": "347106000400100140", "D_LUAS": 0.0, "ASR": null, "KD PROPINS": "34", "KD DATI2": "71", "KD KECAMAT": "060", "KD KELURAH": "004", "KD BLOK": "001", "NO URUT": "0014", "KD JNS OP": "0", "THN PAJAK": "2023", "NO PERSIL": null, "LUAS BUMI": "28", "LUAS BNG S": 28, "NJOP BUMI": 77812000.0, "NJOP BNG S": 3696000.0, "NJOP SPPT": 81508000.0, "NJOPTKP SP": 20000000.0, "NJKP SPPT": 0, "PBB TERHUT": 30754, "FAKTOR PEN": 9726.0, "PBB YG HAR": 21028, "FLG SYNC": "0", "JML KRG BA": "0", "FLG BAYAR": "0", "ALAMAT OP": "KP LEDOK CODE  RW 01 RT 001", "NM KELURAH": "KOTABARU", "NM KECAMAT": "GONDOKUSUMAN" }, "geometry": { "type": "MultiPolygon", "coordinates": [ [ [ [ 110.371277849584914, -7.783454584406732, 0.0 ], [ 110.37128892586685, -7.78339880379501, 0.0 ], [ 110.371331313013556, -7.783408904657547, 0.0 ], [ 110.371319639279136, -7.783464141788563, 0.0 ], [ 110.371277849584914, -7.783454584406732, 0.0 ] ] ] ] } },
{ "type": "Feature", "properties": { "D_NOP": "347106000400100130", "D_LUAS": 0.0, "ASR": null, "KD PROPINS": "34", "KD DATI2": "71", "KD KECAMAT": "060", "KD KELURAH": "004", "KD BLOK": "001", "NO URUT": "0013", "KD JNS OP": "0", "THN PAJAK": "2023", "NO PERSIL": null, "LUAS BUMI": "12", "LUAS BNG S": 24, "NJOP BUMI": 33348000.0, "NJOP BNG S": 7440000.0, "NJOP SPPT": 40788000.0, "NJOPTKP SP": 20000000.0, "NJKP SPPT": 0, "PBB TERHUT": 10394, "FAKTOR PEN": 4168.0, "PBB YG HAR": 6226, "FLG SYNC": "0", "JML KRG BA": "0", "FLG BAYAR": "0", "ALAMAT OP": "KP LEDOK CODE  RW 01 RT 001", "NM KELURAH": "KOTABARU", "NM KECAMAT": "GONDOKUSUMAN" }, "geometry": { "type": "MultiPolygon", "coordinates": [ [ [ [ 110.371236594684646, -7.783487621655415, 0.0 ], [ 110.371228037465016, -7.783458851345227, 0.0 ], [ 110.3712623005962, -7.783450582316953, 0.0 ], [ 110.371269287100048, -7.783479531164025, 0.0 ], [ 110.371236594684646, -7.783487621655415, 0.0 ] ] ] ] } },
{ "type": "Feature", "properties": { "D_NOP": "347106000400100120", "D_LUAS": 0.0, "ASR": null, "KD PROPINS": "34", "KD DATI2": "71", "KD KECAMAT": "060", "KD KELURAH": "004", "KD BLOK": "001", "NO URUT": "0012", "KD JNS OP": "0", "THN PAJAK": "2023", "NO PERSIL": null, "LUAS BUMI": "12", "LUAS BNG S": 12, "NJOP BUMI": 33348000.0, "NJOP BNG S": 1584000.0, "NJOP SPPT": 34932000.0, "NJOPTKP SP": 20000000.0, "NJKP SPPT": 0, "PBB TERHUT": 7466, "FAKTOR PEN": 4168.0, "PBB YG HAR": 3298, "FLG SYNC": "0", "JML KRG BA": "0", "FLG BAYAR": "0", "ALAMAT OP": "KP LEDOK CODE  RW 01 RT 001", "NM KELURAH": "KOTABARU", "NM KECAMAT": "GONDOKUSUMAN" }, "geometry": { "type": "MultiPolygon", "coordinates": [ [ [ [ 110.371201284853854, -7.783495708264124, 0.0 ], [ 110.371189540393843, -7.78344785191109, 0.0 ], [ 110.371215495440367, -7.78344436350803, 0.0 ], [ 110.371224406360056, -7.783486699260409, 0.0 ], [ 110.371201284853854, -7.783495708264124, 0.0 ] ] ] ] } },
{ "type": "Feature", "properties": { "D_NOP": "347106000400100110", "D_LUAS": 0.0, "ASR": null, "KD PROPINS": "34", "KD DATI2": "71", "KD KECAMAT": "060", "KD KELURAH": "004", "KD BLOK": "001", "NO URUT": "0011", "KD JNS OP": "0", "THN PAJAK": "2023", "NO PERSIL": null, "LUAS BUMI": "12", "LUAS BNG S": 12, "NJOP BUMI": 33348000.0, "NJOP BNG S": 1584000.0, "NJOP SPPT": 34932000.0, "NJOPTKP SP": 20000000.0, "NJKP SPPT": 0, "PBB TERHUT": 7466, "FAKTOR PEN": 4168.0, "PBB YG HAR": 3298, "FLG SYNC": "0", "JML KRG BA": "0", "FLG BAYAR": "0", "ALAMAT OP": "KP LEDOK CODE  RW 01 RT 001", "NM KELURAH": "KOTABARU", "NM KECAMAT": "GONDOKUSUMAN" }, "geometry": { "type": "MultiPolygon", "coordinates": [ [ [ [ 110.371209993042697, -7.783322813688523, 0.0 ], [ 110.371233257502055, -7.78331823610189, 0.0 ], [ 110.371243366436161, -7.783359578869246, 0.0 ], [ 110.371221519621798, -7.783366328944513, 0.0 ], [ 110.371209993042697, -7.783322813688523, 0.0 ] ] ] ] } },
{ "type": "Feature", "properties": { "D_NOP": "347106000400100100", "D_LUAS": 0.0, "ASR": null, "KD PROPINS": "34", "KD DATI2": "71", "KD KECAMAT": "060", "KD KELURAH": "004", "KD BLOK": "001", "NO URUT": "0010", "KD JNS OP": "0", "THN PAJAK": "2023", "NO PERSIL": null, "LUAS BUMI": "12", "LUAS BNG S": 24, "NJOP BUMI": 33348000.0, "NJOP BNG S": 2784000.0, "NJOP SPPT": 36132000.0, "NJOPTKP SP": 20000000.0, "NJKP SPPT": 0, "PBB TERHUT": 8066, "FAKTOR PEN": 4168.0, "PBB YG HAR": 3898, "FLG SYNC": "0", "JML KRG BA": "0", "FLG BAYAR": "0", "ALAMAT OP": "KP LEDOK CODE  RW 01 RT 001", "NM KELURAH": "KOTABARU", "NM KECAMAT": "GONDOKUSUMAN" }, "geometry": { "type": "MultiPolygon", "coordinates": [ [ [ [ 110.371261359288766, -7.783329491421556, 0.0 ], [ 110.371291658088765, -7.783321759110648, 0.0 ], [ 110.371301997846473, -7.783358761445397, 0.0 ], [ 110.371270355101586, -7.783365044840257, 0.0 ], [ 110.371261359288766, -7.783329491421556, 0.0 ] ] ] ] } },
{ "type": "Feature", "properties": { "D_NOP": "347106000400100090", "D_LUAS": 0.0, "ASR": null, "KD PROPINS": "34", "KD DATI2": "71", "KD KECAMAT": "060", "KD KELURAH": "004", "KD BLOK": "001", "NO URUT": "0009", "KD JNS OP": "0", "THN PAJAK": "2023", "NO PERSIL": null, "LUAS BUMI": "12", "LUAS BNG S": 12, "NJOP BUMI": 33348000.0, "NJOP BNG S": 1584000.0, "NJOP SPPT": 34932000.0, "NJOPTKP SP": 20000000.0, "NJKP SPPT": 0, "PBB TERHUT": 7466, "FAKTOR PEN": 4168.0, "PBB YG HAR": 3298, "FLG SYNC": "0", "JML KRG BA": "0", "FLG BAYAR": "0", "ALAMAT OP": "KP LEDOK CODE  RW 01 RT 001", "NM KELURAH": "KOTABARU", "NM KECAMAT": "GONDOKUSUMAN" }, "geometry": { "type": "MultiPolygon", "coordinates": [ [ [ [ 110.371248922640049, -7.783294475499268, 0.0 ], [ 110.371281461700491, -7.783288916896378, 0.0 ], [ 110.371291658088765, -7.783321759110648, 0.0 ], [ 110.371261359288766, -7.783329491421556, 0.0 ], [ 110.371248922640049, -7.783294475499268, 0.0 ] ] ] ] } },
{ "type": "Feature", "properties": { "D_NOP": "347106000400100080", "D_LUAS": 0.0, "ASR": null, "KD PROPINS": "34", "KD DATI2": "71", "KD KECAMAT": "060", "KD KELURAH": "004", "KD BLOK": "001", "NO URUT": "0008", "KD JNS OP": "0", "THN PAJAK": "2023", "NO PERSIL": null, "LUAS BUMI": "19", "LUAS BNG S": 38, "NJOP BUMI": 52801000.0, "NJOP BNG S": 11780000.0, "NJOP SPPT": 64581000.0, "NJOPTKP SP": 20000000.0, "NJKP SPPT": 0, "PBB TERHUT": 22291, "FAKTOR PEN": 6601.0, "PBB YG HAR": 15690, "FLG SYNC": "0", "JML KRG BA": "0", "FLG BAYAR": "0", "ALAMAT OP": "KP LEDOK CODE  RW 01 RT 001", "NM KELURAH": "KOTABARU", "NM KECAMAT": "GONDOKUSUMAN" }, "geometry": { "type": "MultiPolygon", "coordinates": [ [ [ [ 110.371235012294818, -7.783244716848174, 0.0 ], [ 110.371300913696643, -7.783233148697643, 0.0 ], [ 110.371307681779925, -7.783258118177955, 0.0 ], [ 110.371242821140456, -7.783273847780073, 0.0 ], [ 110.371235012294818, -7.783244716848174, 0.0 ] ] ] ] } },
{ "type": "Feature", "properties": { "D_NOP": "347106000400100070", "D_LUAS": 0.0, "ASR": null, "KD PROPINS": "34", "KD DATI2": "71", "KD KECAMAT": "060", "KD KELURAH": "004", "KD BLOK": "001", "NO URUT": "0007", "KD JNS OP": "0", "THN PAJAK": "2023", "NO PERSIL": null, "LUAS BUMI": "12", "LUAS BNG S": 24, "NJOP BUMI": 33348000.0, "NJOP BNG S": 5400000.0, "NJOP SPPT": 38748000.0, "NJOPTKP SP": 20000000.0, "NJKP SPPT": 0, "PBB TERHUT": 9374, "FAKTOR PEN": 4168.0, "PBB YG HAR": 5206, "FLG SYNC": "0", "JML KRG BA": "0", "FLG BAYAR": "0", "ALAMAT OP": "KP LEDOK CODE  RW 01 RT 001", "NM KELURAH": "KOTABARU", "NM KECAMAT": "GONDOKUSUMAN" }, "geometry": { "type": "MultiPolygon", "coordinates": [ [ [ [ 110.371318992507284, -7.783295935846571, 0.0 ], [ 110.371352938960527, -7.78314885201079, 0.0 ], [ 110.371379247964057, -7.783158748173378, 0.0 ], [ 110.371347695255963, -7.783305383395519, 0.0 ], [ 110.371318992507284, -7.783295935846571, 0.0 ] ] ] ] } },
{ "type": "Feature", "properties": { "D_NOP": "347106000400100060", "D_LUAS": 0.0, "ASR": null, "KD PROPINS": "34", "KD DATI2": "71", "KD KECAMAT": "060", "KD KELURAH": "004", "KD BLOK": "001", "NO URUT": "0006", "KD JNS OP": "0", "THN PAJAK": "2023", "NO PERSIL": null, "LUAS BUMI": "12", "LUAS BNG S": 12, "NJOP BUMI": 33348000.0, "NJOP BNG S": 1584000.0, "NJOP SPPT": 34932000.0, "NJOPTKP SP": 20000000.0, "NJKP SPPT": 0, "PBB TERHUT": 7466, "FAKTOR PEN": 4168.0, "PBB YG HAR": 3298, "FLG SYNC": "0", "JML KRG BA": "0", "FLG BAYAR": "0", "ALAMAT OP": "KP LEDOK CODE  RW 01 RT 001", "NM KELURAH": "KOTABARU", "NM KECAMAT": "GONDOKUSUMAN" }, "geometry": { "type": "MultiPolygon", "coordinates": [ [ [ [ 110.371287554988996, -7.783214680609721, 0.0 ], [ 110.371278550418069, -7.783185005309435, 0.0 ], [ 110.371321489995395, -7.783175663940803, 0.0 ], [ 110.371329299385181, -7.783204433141212, 0.0 ], [ 110.371287554988996, -7.783214680609721, 0.0 ] ] ] ] } },
{ "type": "Feature", "properties": { "D_NOP": "347106000400100050", "D_LUAS": 0.0, "ASR": null, "KD PROPINS": "34", "KD DATI2": "71", "KD KECAMAT": "060", "KD KELURAH": "004", "KD BLOK": "001", "NO URUT": "0005", "KD JNS OP": "0", "THN PAJAK": "2023", "NO PERSIL": null, "LUAS BUMI": "12", "LUAS BNG S": 12, "NJOP BUMI": 33348000.0, "NJOP BNG S": 1584000.0, "NJOP SPPT": 34932000.0, "NJOPTKP SP": 20000000.0, "NJKP SPPT": 0, "PBB TERHUT": 7466, "FAKTOR PEN": 4168.0, "PBB YG HAR": 3298, "FLG SYNC": "0", "JML KRG BA": "0", "FLG BAYAR": "0", "ALAMAT OP": "KP LEDOK CODE  RW 01 RT 001", "NM KELURAH": "KOTABARU", "NM KECAMAT": "GONDOKUSUMAN" }, "geometry": { "type": "MultiPolygon", "coordinates": [ [ [ [ 110.371238155489849, -7.783192993953619, 0.0 ], [ 110.371278550418069, -7.783185005309435, 0.0 ], [ 110.371287554988996, -7.783214680609721, 0.0 ], [ 110.371247312050087, -7.78322104168966, 0.0 ], [ 110.371238155489849, -7.783192993953619, 0.0 ] ] ] ] } },
{ "type": "Feature", "properties": { "D_NOP": "347106000400100040", "D_LUAS": 0.0, "ASR": null, "KD PROPINS": "34", "KD DATI2": "71", "KD KECAMAT": "060", "KD KELURAH": "004", "KD BLOK": "001", "NO URUT": "0004", "KD JNS OP": "0", "THN PAJAK": "2023", "NO PERSIL": null, "LUAS BUMI": "21", "LUAS BNG S": 20, "NJOP BUMI": 58359000.0, "NJOP BNG S": 6200000.0, "NJOP SPPT": 64559000.0, "NJOPTKP SP": 20000000.0, "NJKP SPPT": 0, "PBB TERHUT": 22280, "FAKTOR PEN": 7295.0, "PBB YG HAR": 14985, "FLG SYNC": "0", "JML KRG BA": "0", "FLG BAYAR": "0", "ALAMAT OP": "KP LEDOK CODE  RW 01 RT 001", "NM KELURAH": "KOTABARU", "NM KECAMAT": "GONDOKUSUMAN" }, "geometry": { "type": "MultiPolygon", "coordinates": [ [ [ [ 110.371197685372891, -7.783201253780721, 0.0 ], [ 110.371238155489849, -7.783192993953619, 0.0 ], [ 110.371247312050087, -7.78322104168966, 0.0 ], [ 110.371188664486908, -7.783232711017725, 0.0 ], [ 110.371197685372891, -7.783201253780721, 0.0 ] ] ] ] } },
{ "type": "Feature", "properties": { "D_NOP": "347106000400100030", "D_LUAS": 0.0, "ASR": null, "KD PROPINS": "34", "KD DATI2": "71", "KD KECAMAT": "060", "KD KELURAH": "004", "KD BLOK": "001", "NO URUT": "0003", "KD JNS OP": "0", "THN PAJAK": "2023", "NO PERSIL": null, "LUAS BUMI": "15", "LUAS BNG S": 21, "NJOP BUMI": 41685000.0, "NJOP BNG S": 2772000.0, "NJOP SPPT": 44457000.0, "NJOPTKP SP": 20000000.0, "NJKP SPPT": 0, "PBB TERHUT": 12229, "FAKTOR PEN": 5211.0, "PBB YG HAR": 7018, "FLG SYNC": "0", "JML KRG BA": "0", "FLG BAYAR": "0", "ALAMAT OP": "KP LEDOK CODE  RW 01 RT 001", "NM KELURAH": "KOTABARU", "NM KECAMAT": "GONDOKUSUMAN" }, "geometry": { "type": "MultiPolygon", "coordinates": [ [ [ [ 110.371266632002758, -7.783103326837681, 0.0 ], [ 110.371331264223187, -7.783090309874799, 0.0 ], [ 110.371338170689896, -7.783122785481252, 0.0 ], [ 110.371276155068202, -7.783136348919735, 0.0 ], [ 110.371266632002758, -7.783103326837681, 0.0 ] ] ] ] } },
{ "type": "Feature", "properties": { "D_NOP": "347106000400100020", "D_LUAS": 0.0, "ASR": null, "KD PROPINS": "34", "KD DATI2": "71", "KD KECAMAT": "060", "KD KELURAH": "004", "KD BLOK": "001", "NO URUT": "0002", "KD JNS OP": "0", "THN PAJAK": "2023", "NO PERSIL": null, "LUAS BUMI": "15", "LUAS BNG S": 30, "NJOP BUMI": 41685000.0, "NJOP BNG S": 3480000.0, "NJOP SPPT": 45165000.0, "NJOPTKP SP": 20000000.0, "NJKP SPPT": 0, "PBB TERHUT": 12583, "FAKTOR PEN": 5211.0, "PBB YG HAR": 7372, "FLG SYNC": "0", "JML KRG BA": "0", "FLG BAYAR": "0", "ALAMAT OP": "KP LEDOK CODE  RW 00 RT 001", "NM KELURAH": "KOTABARU", "NM KECAMAT": "GONDOKUSUMAN" }, "geometry": { "type": "MultiPolygon", "coordinates": [ [ [ [ 110.371311446944205, -7.783039909441817, 0.0 ], [ 110.371304237574904, -7.783009965504209, 0.0 ], [ 110.371361462876962, -7.782999198377565, 0.0 ], [ 110.371368003917127, -7.783025976176484, 0.0 ], [ 110.371311446944205, -7.783039909441817, 0.0 ] ] ] ] } },
{ "type": "Feature", "properties": { "D_NOP": "347106000400100010", "D_LUAS": 0.0, "ASR": null, "KD PROPINS": "34", "KD DATI2": "71", "KD KECAMAT": "060", "KD KELURAH": "004", "KD BLOK": "001", "NO URUT": "0001", "KD JNS OP": "0", "THN PAJAK": "2023", "NO PERSIL": null, "LUAS BUMI": "15", "LUAS BNG S": 15, "NJOP BUMI": 41685000.0, "NJOP BNG S": 5475000.0, "NJOP SPPT": 47160000.0, "NJOPTKP SP": 20000000.0, "NJKP SPPT": 0, "PBB TERHUT": 13580, "FAKTOR PEN": 5211.0, "PBB YG HAR": 8369, "FLG SYNC": "0", "JML KRG BA": "0", "FLG BAYAR": "0", "ALAMAT OP": "KP LEDOK CODE  RW 01 RT 001", "NM KELURAH": "KOTABARU", "NM KECAMAT": "GONDOKUSUMAN" }, "geometry": { "type": "MultiPolygon", "coordinates": [ [ [ [ 110.371271310333839, -7.783075299607734, 0.0 ], [ 110.371259875247503, -7.783020570822719, 0.0 ], [ 110.371283664788848, -7.783014908816729, 0.0 ], [ 110.371297197176233, -7.783067379890062, 0.0 ], [ 110.371271310333839, -7.783075299607734, 0.0 ] ] ] ] } },
{ "type": "Feature", "properties": { "D_NOP": "347106000400101490", "D_LUAS": 0.0, "ASR": null, "KD PROPINS": null, "KD DATI2": null, "KD KECAMAT": null, "KD KELURAH": null, "KD BLOK": null, "NO URUT": null, "KD JNS OP": null, "THN PAJAK": null, "NO PERSIL": null, "LUAS BUMI": null, "LUAS BNG S": null, "NJOP BUMI": null, "NJOP BNG S": null, "NJOP SPPT": null, "NJOPTKP SP": null, "NJKP SPPT": null, "PBB TERHUT": null, "FAKTOR PEN": null, "PBB YG HAR": null, "FLG SYNC": null, "JML KRG BA": null, "FLG BAYAR": null, "ALAMAT OP": null, "NM KELURAH": null, "NM KECAMAT": null }, "geometry": { "type": "MultiPolygon", "coordinates": [ [ [ [ 110.370865795390245, -7.784305488482507, 0.0 ], [ 110.370895727032348, -7.78434342421339, 0.0 ], [ 110.370852753477521, -7.784375464104421, 0.0 ], [ 110.370828579081135, -7.784338260373433, 0.0 ], [ 110.370865795390245, -7.784305488482507, 0.0 ] ] ] ] } },
{ "type": "Feature", "properties": { "D_NOP": "347106000400101350", "D_LUAS": 0.0, "ASR": null, "KD PROPINS": "34", "KD DATI2": "71", "KD KECAMAT": "060", "KD KELURAH": "004", "KD BLOK": "001", "NO URUT": "0135", "KD JNS OP": "0", "THN PAJAK": "2023", "NO PERSIL": null, "LUAS BUMI": "15", "LUAS BNG S": 15, "NJOP BUMI": 41685000.0, "NJOP BNG S": 1980000.0, "NJOP SPPT": 43665000.0, "NJOPTKP SP": 20000000.0, "NJKP SPPT": 0, "PBB TERHUT": 11833, "FAKTOR PEN": 5211.0, "PBB YG HAR": 6622, "FLG SYNC": "0", "JML KRG BA": "0", "FLG BAYAR": "0", "ALAMAT OP": "KP LEDOK CODE  RW 01 RT 001", "NM KELURAH": "KOTABARU", "NM KECAMAT": "GONDOKUSUMAN" }, "geometry": { "type": "MultiPolygon", "coordinates": [ [ [ [ 110.371159867119175, -7.783939038797795, 0.0 ], [ 110.371115383970135, -7.783930291298537, 0.0 ], [ 110.371126176119745, -7.783864472234939, 0.0 ], [ 110.371172228903532, -7.783873764656321, 0.0 ], [ 110.371169964376847, -7.783887868813079, 0.0 ], [ 110.371159867119175, -7.783939038797795, 0.0 ] ] ] ] } },
{ "type": "Feature", "properties": { "D_NOP": "347106000400101340", "D_LUAS": 0.0, "ASR": null, "KD PROPINS": "34", "KD DATI2": "71", "KD KECAMAT": "060", "KD KELURAH": "004", "KD BLOK": "001", "NO URUT": "0134", "KD JNS OP": "0", "THN PAJAK": "2023", "NO PERSIL": null, "LUAS BUMI": "15", "LUAS BNG S": 15, "NJOP BUMI": 41685000.0, "NJOP BNG S": 1980000.0, "NJOP SPPT": 43665000.0, "NJOPTKP SP": 20000000.0, "NJKP SPPT": 0, "PBB TERHUT": 11833, "FAKTOR PEN": 5211.0, "PBB YG HAR": 6622, "FLG SYNC": "0", "JML KRG BA": "0", "FLG BAYAR": "0", "ALAMAT OP": "KP LEDOK CODE  RW 01 RT 001", "NM KELURAH": "KOTABARU", "NM KECAMAT": "GONDOKUSUMAN" }, "geometry": { "type": "MultiPolygon", "coordinates": [ [ [ [ 110.371172228903532, -7.783873764656321, 0.0 ], [ 110.371126176119745, -7.783864472234939, 0.0 ], [ 110.371134704681481, -7.783812124299074, 0.0 ], [ 110.371181507314901, -7.78382006133905, 0.0 ], [ 110.371172228903532, -7.783873764656321, 0.0 ] ] ] ] } },
{ "type": "Feature", "properties": { "D_NOP": "347106000400101320", "D_LUAS": 0.0, "ASR": null, "KD PROPINS": "34", "KD DATI2": "71", "KD KECAMAT": "060", "KD KELURAH": "004", "KD BLOK": "001", "NO URUT": "0132", "KD JNS OP": "0", "THN PAJAK": "2023", "NO PERSIL": null, "LUAS BUMI": "15", "LUAS BNG S": 15, "NJOP BUMI": 41685000.0, "NJOP BNG S": 1980000.0, "NJOP SPPT": 43665000.0, "NJOPTKP SP": 20000000.0, "NJKP SPPT": 0, "PBB TERHUT": 11833, "FAKTOR PEN": 5211.0, "PBB YG HAR": 6622, "FLG SYNC": "0", "JML KRG BA": "0", "FLG BAYAR": "0", "ALAMAT OP": "KP LEDOK CODE  RW 01 RT 001", "NM KELURAH": "KOTABARU", "NM KECAMAT": "GONDOKUSUMAN" }, "geometry": { "type": "MultiPolygon", "coordinates": [ [ [ [ 110.371094266855266, -7.78379868029166, 0.0 ], [ 110.371121926224632, -7.783705394670709, 0.0 ], [ 110.371125685473899, -7.783691925759722, 0.0 ], [ 110.371144821641863, -7.783697560963419, 0.0 ], [ 110.371136163062957, -7.783736795953862, 0.0 ], [ 110.371144684855579, -7.783739159840544, 0.0 ], [ 110.371126183561472, -7.78380930824919, 0.0 ], [ 110.371094266855266, -7.78379868029166, 0.0 ] ] ] ] } },
{ "type": "Feature", "properties": { "D_NOP": "347106000400101300", "D_LUAS": 0.0, "ASR": null, "KD PROPINS": "34", "KD DATI2": "71", "KD KECAMAT": "060", "KD KELURAH": "004", "KD BLOK": "001", "NO URUT": "0130", "KD JNS OP": "0", "THN PAJAK": "2023", "NO PERSIL": null, "LUAS BUMI": "15", "LUAS BNG S": 15, "NJOP BUMI": 41685000.0, "NJOP BNG S": 1980000.0, "NJOP SPPT": 43665000.0, "NJOPTKP SP": 20000000.0, "NJKP SPPT": 0, "PBB TERHUT": 11833, "FAKTOR PEN": 5211.0, "PBB YG HAR": 6622, "FLG SYNC": "0", "JML KRG BA": "0", "FLG BAYAR": "0", "ALAMAT OP": "KP LEDOK CODE  RW 01 RT 001", "NM KELURAH": "KOTABARU", "NM KECAMAT": "GONDOKUSUMAN" }, "geometry": { "type": "MultiPolygon", "coordinates": [ [ [ [ 110.371125685473899, -7.783691925759722, 0.0 ], [ 110.371135609572534, -7.783656581255307, 0.0 ], [ 110.37114417921326, -7.783626841574954, 0.0 ], [ 110.371181784694912, -7.783633951082842, 0.0 ], [ 110.371177481882654, -7.783660893673423, 0.0 ], [ 110.371155502063559, -7.783656520314414, 0.0 ], [ 110.371144821641863, -7.783697560963419, 0.0 ], [ 110.371125685473899, -7.783691925759722, 0.0 ] ] ] ] } },
{ "type": "Feature", "properties": { "D_NOP": "347106000400101280", "D_LUAS": 0.0, "ASR": null, "KD PROPINS": "34", "KD DATI2": "71", "KD KECAMAT": "060", "KD KELURAH": "004", "KD BLOK": "001", "NO URUT": "0128", "KD JNS OP": "0", "THN PAJAK": "2023", "NO PERSIL": null, "LUAS BUMI": "15", "LUAS BNG S": 15, "NJOP BUMI": 41685000.0, "NJOP BNG S": 1980000.0, "NJOP SPPT": 43665000.0, "NJOPTKP SP": 20000000.0, "NJKP SPPT": 0, "PBB TERHUT": 11833, "FAKTOR PEN": 5211.0, "PBB YG HAR": 6622, "FLG SYNC": "0", "JML KRG BA": "0", "FLG BAYAR": "0", "ALAMAT OP": "KP LEDOK CODE  RW 01 RT 001", "NM KELURAH": "KOTABARU", "NM KECAMAT": "GONDOKUSUMAN" }, "geometry": { "type": "MultiPolygon", "coordinates": [ [ [ [ 110.37114417921326, -7.783626841574954, 0.0 ], [ 110.37114861488017, -7.783611112846854, 0.0 ], [ 110.371158543961471, -7.783572422335874, 0.0 ], [ 110.371159823903341, -7.783566636535289, 0.0 ], [ 110.371193907961882, -7.783578172027546, 0.0 ], [ 110.371181784694912, -7.783633951082842, 0.0 ], [ 110.37114417921326, -7.783626841574954, 0.0 ] ] ] ] } },
{ "type": "Feature", "properties": { "D_NOP": "347106000400101330", "D_LUAS": 0.0, "ASR": null, "KD PROPINS": "34", "KD DATI2": "71", "KD KECAMAT": "060", "KD KELURAH": "004", "KD BLOK": "001", "NO URUT": "0133", "KD JNS OP": "0", "THN PAJAK": "2023", "NO PERSIL": null, "LUAS BUMI": "15", "LUAS BNG S": 15, "NJOP BUMI": 41685000.0, "NJOP BNG S": 1980000.0, "NJOP SPPT": 43665000.0, "NJOPTKP SP": 20000000.0, "NJKP SPPT": 0, "PBB TERHUT": 11833, "FAKTOR PEN": 5211.0, "PBB YG HAR": 6622, "FLG SYNC": "0", "JML KRG BA": "0", "FLG BAYAR": "0", "ALAMAT OP": "KP LEDOK CODE  RW 01 RT 001", "NM KELURAH": "KOTABARU", "NM KECAMAT": "GONDOKUSUMAN" }, "geometry": { "type": "MultiPolygon", "coordinates": [ [ [ [ 110.371121926224632, -7.783705394670709, 0.0 ], [ 110.371094266855266, -7.78379868029166, 0.0 ], [ 110.371076774703411, -7.783793861418085, 0.0 ], [ 110.371105481042363, -7.783700577350846, 0.0 ], [ 110.371121926224632, -7.783705394670709, 0.0 ] ] ] ] } },
{ "type": "Feature", "properties": { "D_NOP": "347106000400101310", "D_LUAS": 0.0, "ASR": null, "KD PROPINS": "34", "KD DATI2": "71", "KD KECAMAT": "060", "KD KELURAH": "004", "KD BLOK": "001", "NO URUT": "0131", "KD JNS OP": "0", "THN PAJAK": "2023", "NO PERSIL": null, "LUAS BUMI": "15", "LUAS BNG S": 45, "NJOP BUMI": 41685000.0, "NJOP BNG S": 19305000.0, "NJOP SPPT": 60990000.0, "NJOPTKP SP": 20000000.0, "NJKP SPPT": 0, "PBB TERHUT": 20495, "FAKTOR PEN": 5211.0, "PBB YG HAR": 15284, "FLG SYNC": "0", "JML KRG BA": "0", "FLG BAYAR": "0", "ALAMAT OP": "KP LEDOK CODE  RW 01 RT 001", "NM KELURAH": "KOTABARU", "NM KECAMAT": "GONDOKUSUMAN" }, "geometry": { "type": "MultiPolygon", "coordinates": [ [ [ [ 110.371120286141306, -7.783651765599233, 0.0 ], [ 110.371133439669052, -7.783607201738938, 0.0 ], [ 110.37114861488017, -7.783611112846854, 0.0 ], [ 110.37114417921326, -7.783626841574954, 0.0 ], [ 110.371135609572534, -7.783656581255307, 0.0 ], [ 110.371120286141306, -7.783651765599233, 0.0 ] ] ] ] } },
{ "type": "Feature", "properties": { "D_NOP": "347106000400101290", "D_LUAS": 0.0, "ASR": null, "KD PROPINS": "34", "KD DATI2": "71", "KD KECAMAT": "060", "KD KELURAH": "004", "KD BLOK": "001", "NO URUT": "0129", "KD JNS OP": "0", "THN PAJAK": "2023", "NO PERSIL": null, "LUAS BUMI": "15", "LUAS BNG S": 15, "NJOP BUMI": 41685000.0, "NJOP BNG S": 1980000.0, "NJOP SPPT": 43665000.0, "NJOPTKP SP": 20000000.0, "NJKP SPPT": 0, "PBB TERHUT": 11833, "FAKTOR PEN": 5211.0, "PBB YG HAR": 6622, "FLG SYNC": "0", "JML KRG BA": "0", "FLG BAYAR": "0", "ALAMAT OP": "KP LEDOK CODE  RW 01 RT 001", "NM KELURAH": "KOTABARU", "NM KECAMAT": "GONDOKUSUMAN" }, "geometry": { "type": "MultiPolygon", "coordinates": [ [ [ [ 110.37114861488017, -7.783611112846854, 0.0 ], [ 110.371133439669052, -7.783607201738938, 0.0 ], [ 110.371145012635864, -7.783569417993389, 0.0 ], [ 110.371158543961471, -7.783572422335874, 0.0 ], [ 110.37114861488017, -7.783611112846854, 0.0 ] ] ] ] } },
{ "type": "Feature", "properties": { "D_NOP": "347106000400101240", "D_LUAS": 0.0, "ASR": null, "KD PROPINS": "34", "KD DATI2": "71", "KD KECAMAT": "060", "KD KELURAH": "004", "KD BLOK": "001", "NO URUT": "0124", "KD JNS OP": "0", "THN PAJAK": "2023", "NO PERSIL": null, "LUAS BUMI": "15", "LUAS BNG S": 15, "NJOP BUMI": 41685000.0, "NJOP BNG S": 1980000.0, "NJOP SPPT": 43665000.0, "NJOPTKP SP": 20000000.0, "NJKP SPPT": 0, "PBB TERHUT": 11833, "FAKTOR PEN": 5211.0, "PBB YG HAR": 6622, "FLG SYNC": "0", "JML KRG BA": "0", "FLG BAYAR": "0", "ALAMAT OP": "KP LEDOK CODE  RW 01 RT 001", "NM KELURAH": "KOTABARU", "NM KECAMAT": "GONDOKUSUMAN" }, "geometry": { "type": "MultiPolygon", "coordinates": [ [ [ [ 110.371158543961471, -7.783572422335874, 0.0 ], [ 110.371145012635864, -7.783569417993389, 0.0 ], [ 110.371152173656867, -7.783531446840933, 0.0 ], [ 110.371167795004339, -7.783537076832263, 0.0 ], [ 110.371159823903341, -7.783566636535289, 0.0 ], [ 110.371158543961471, -7.783572422335874, 0.0 ] ] ] ] } },
{ "type": "Feature", "properties": { "D_NOP": "347106000400101230", "D_LUAS": 0.0, "ASR": null, "KD PROPINS": "34", "KD DATI2": "71", "KD KECAMAT": "060", "KD KELURAH": "004", "KD BLOK": "001", "NO URUT": "0123", "KD JNS OP": "0", "THN PAJAK": "2023", "NO PERSIL": null, "LUAS BUMI": "15", "LUAS BNG S": 15, "NJOP BUMI": 41685000.0, "NJOP BNG S": 1980000.0, "NJOP SPPT": 43665000.0, "NJOPTKP SP": 20000000.0, "NJKP SPPT": 0, "PBB TERHUT": 11833, "FAKTOR PEN": 5211.0, "PBB YG HAR": 6622, "FLG SYNC": "0", "JML KRG BA": "0", "FLG BAYAR": "0", "ALAMAT OP": "KP LEDOK CODE  RW 01 RT 001", "NM KELURAH": "KOTABARU", "NM KECAMAT": "GONDOKUSUMAN" }, "geometry": { "type": "MultiPolygon", "coordinates": [ [ [ [ 110.371158134639728, -7.783495825161491, 0.0 ], [ 110.371175552940883, -7.783500010891911, 0.0 ], [ 110.371167795004339, -7.783537076832263, 0.0 ], [ 110.371152173656867, -7.783531446840933, 0.0 ], [ 110.371158134639728, -7.783495825161491, 0.0 ] ] ] ] } },
{ "type": "Feature", "properties": { "D_NOP": "347106000400101220", "D_LUAS": 0.0, "ASR": null, "KD PROPINS": "34", "KD DATI2": "71", "KD KECAMAT": "060", "KD KELURAH": "004", "KD BLOK": "001", "NO URUT": "0122", "KD JNS OP": "0", "THN PAJAK": "2023", "NO PERSIL": null, "LUAS BUMI": "15", "LUAS BNG S": 15, "NJOP BUMI": 41685000.0, "NJOP BNG S": 1980000.0, "NJOP SPPT": 43665000.0, "NJOPTKP SP": 20000000.0, "NJKP SPPT": 0, "PBB TERHUT": 11833, "FAKTOR PEN": 5211.0, "PBB YG HAR": 6622, "FLG SYNC": "0", "JML KRG BA": "0", "FLG BAYAR": "0", "ALAMAT OP": "KP LEDOK CODE  RW 01 RT 001", "NM KELURAH": "KOTABARU", "NM KECAMAT": "GONDOKUSUMAN" }, "geometry": { "type": "MultiPolygon", "coordinates": [ [ [ [ 110.371158134639728, -7.783495825161491, 0.0 ], [ 110.371165001781179, -7.783454326694264, 0.0 ], [ 110.371183692204809, -7.783457971713404, 0.0 ], [ 110.371175552940883, -7.783500010891911, 0.0 ], [ 110.371158134639728, -7.783495825161491, 0.0 ] ] ] ] } },
{ "type": "Feature", "properties": { "D_NOP": "347106000400101210", "D_LUAS": 0.0, "ASR": null, "KD PROPINS": "34", "KD DATI2": "71", "KD KECAMAT": "060", "KD KELURAH": "004", "KD BLOK": "001", "NO URUT": "0121", "KD JNS OP": "0", "THN PAJAK": "2023", "NO PERSIL": null, "LUAS BUMI": "15", "LUAS BNG S": 15, "NJOP BUMI": 41685000.0, "NJOP BNG S": 1980000.0, "NJOP SPPT": 43665000.0, "NJOPTKP SP": 20000000.0, "NJKP SPPT": 0, "PBB TERHUT": 11833, "FAKTOR PEN": 5211.0, "PBB YG HAR": 6622, "FLG SYNC": "0", "JML KRG BA": "0", "FLG BAYAR": "0", "ALAMAT OP": "KP LEDOK CODE  RW 01 RT 001", "NM KELURAH": "KOTABARU", "NM KECAMAT": "GONDOKUSUMAN" }, "geometry": { "type": "MultiPolygon", "coordinates": [ [ [ [ 110.371165001781179, -7.783454326694264, 0.0 ], [ 110.371172100279153, -7.783408126064919, 0.0 ], [ 110.371191764500423, -7.783410687333753, 0.0 ], [ 110.371183692204809, -7.783457971713404, 0.0 ], [ 110.371165001781179, -7.783454326694264, 0.0 ] ] ] ] } },
{ "type": "Feature", "properties": { "D_NOP": "347106000400101200", "D_LUAS": 0.0, "ASR": null, "KD PROPINS": "34", "KD DATI2": "71", "KD KECAMAT": "060", "KD KELURAH": "004", "KD BLOK": "001", "NO URUT": "0120", "KD JNS OP": "0", "THN PAJAK": "2023", "NO PERSIL": null, "LUAS BUMI": "15", "LUAS BNG S": 15, "NJOP BUMI": 41685000.0, "NJOP BNG S": 1980000.0, "NJOP SPPT": 43665000.0, "NJOPTKP SP": 20000000.0, "NJKP SPPT": 0, "PBB TERHUT": 11833, "FAKTOR PEN": 5211.0, "PBB YG HAR": 6622, "FLG SYNC": "0", "JML KRG BA": "0", "FLG BAYAR": "0", "ALAMAT OP": "KP LEDOK CODE  RW 01 RT 001", "NM KELURAH": "KOTABARU", "NM KECAMAT": "GONDOKUSUMAN" }, "geometry": { "type": "MultiPolygon", "coordinates": [ [ [ [ 110.371172100279153, -7.783408126064919, 0.0 ], [ 110.371180549725452, -7.783358671857677, 0.0 ], [ 110.371200213405444, -7.783361594856298, 0.0 ], [ 110.371191764500423, -7.783410687333753, 0.0 ], [ 110.371172100279153, -7.783408126064919, 0.0 ] ] ] ] } },
{ "type": "Feature", "properties": { "D_NOP": "347106000400101190", "D_LUAS": 0.0, "ASR": null, "KD PROPINS": "34", "KD DATI2": "71", "KD KECAMAT": "060", "KD KELURAH": "004", "KD BLOK": "001", "NO URUT": "0119", "KD JNS OP": "0", "THN PAJAK": "2023", "NO PERSIL": null, "LUAS BUMI": "15", "LUAS BNG S": 15, "NJOP BUMI": 41685000.0, "NJOP BNG S": 1980000.0, "NJOP SPPT": 43665000.0, "NJOPTKP SP": 20000000.0, "NJKP SPPT": 0, "PBB TERHUT": 11833, "FAKTOR PEN": 5211.0, "PBB YG HAR": 6622, "FLG SYNC": "0", "JML KRG BA": "0", "FLG BAYAR": "0", "ALAMAT OP": "KP LEDOK CODE  RW 01 RT 001", "NM KELURAH": "KOTABARU", "NM KECAMAT": "GONDOKUSUMAN" }, "geometry": { "type": "MultiPolygon", "coordinates": [ [ [ [ 110.371180549725452, -7.783358671857677, 0.0 ], [ 110.371186743812302, -7.783317172391719, 0.0 ], [ 110.371207080000488, -7.783320458117943, 0.0 ], [ 110.371200213405444, -7.783361594856298, 0.0 ], [ 110.371180549725452, -7.783358671857677, 0.0 ] ] ] ] } },
{ "type": "Feature", "properties": { "D_NOP": "347106000400101180", "D_LUAS": 0.0, "ASR": null, "KD PROPINS": "34", "KD DATI2": "71", "KD KECAMAT": "060", "KD KELURAH": "004", "KD BLOK": "001", "NO URUT": "0118", "KD JNS OP": "0", "THN PAJAK": "2023", "NO PERSIL": null, "LUAS BUMI": "15", "LUAS BNG S": 30, "NJOP BUMI": 41685000.0, "NJOP BNG S": 12870000.0, "NJOP SPPT": 54555000.0, "NJOPTKP SP": 20000000.0, "NJKP SPPT": 0, "PBB TERHUT": 17278, "FAKTOR PEN": 5211.0, "PBB YG HAR": 12067, "FLG SYNC": "0", "JML KRG BA": "0", "FLG BAYAR": "0", "ALAMAT OP": "KP LEDOK CODE 40 RW 01 RT 001", "NM KELURAH": "KOTABARU", "NM KECAMAT": "GONDOKUSUMAN" }, "geometry": { "type": "MultiPolygon", "coordinates": [ [ [ [ 110.371186743812302, -7.783317172391719, 0.0 ], [ 110.371193915200848, -7.783272237928396, 0.0 ], [ 110.371214551058955, -7.783275162367191, 0.0 ], [ 110.371207080000488, -7.783320458117943, 0.0 ], [ 110.371186743812302, -7.783317172391719, 0.0 ] ] ] ] } },
{ "type": "Feature", "properties": { "D_NOP": "347106000400101250", "D_LUAS": 0.0, "ASR": null, "KD PROPINS": "34", "KD DATI2": "71", "KD KECAMAT": "060", "KD KELURAH": "004", "KD BLOK": "001", "NO URUT": "0125", "KD JNS OP": "0", "THN PAJAK": "2023", "NO PERSIL": null, "LUAS BUMI": "15", "LUAS BNG S": 15, "NJOP BUMI": 41685000.0, "NJOP BNG S": 1980000.0, "NJOP SPPT": 43665000.0, "NJOPTKP SP": 20000000.0, "NJKP SPPT": 0, "PBB TERHUT": 11833, "FAKTOR PEN": 5211.0, "PBB YG HAR": 6622, "FLG SYNC": "0", "JML KRG BA": "0", "FLG BAYAR": "0", "ALAMAT OP": "KP LEDOK CODE  RW 01 RT 001", "NM KELURAH": "KOTABARU", "NM KECAMAT": "GONDOKUSUMAN" }, "geometry": { "type": "MultiPolygon", "coordinates": [ [ [ [ 110.371221519621798, -7.783366328944513, 0.0 ], [ 110.371243366436161, -7.783359578869246, 0.0 ], [ 110.37124954298946, -7.783380025834128, 0.0 ], [ 110.371212136272149, -7.78339009885762, 0.0 ], [ 110.371207903950193, -7.783369745207184, 0.0 ], [ 110.371221519621798, -7.783366328944513, 0.0 ] ] ] ] } },
{ "type": "Feature", "properties": { "D_NOP": "347106000400101260", "D_LUAS": 0.0, "ASR": null, "KD PROPINS": "34", "KD DATI2": "71", "KD KECAMAT": "060", "KD KELURAH": "004", "KD BLOK": "001", "NO URUT": "0126", "KD JNS OP": "0", "THN PAJAK": "2023", "NO PERSIL": null, "LUAS BUMI": "15", "LUAS BNG S": 15, "NJOP BUMI": 41685000.0, "NJOP BNG S": 1980000.0, "NJOP SPPT": 43665000.0, "NJOPTKP SP": 20000000.0, "NJKP SPPT": 0, "PBB TERHUT": 11833, "FAKTOR PEN": 5211.0, "PBB YG HAR": 6622, "FLG SYNC": "0", "JML KRG BA": "0", "FLG BAYAR": "0", "ALAMAT OP": "KP LEDOK CODE  RW 01 RT 001", "NM KELURAH": "KOTABARU", "NM KECAMAT": "GONDOKUSUMAN" }, "geometry": { "type": "MultiPolygon", "coordinates": [ [ [ [ 110.371212136272149, -7.78339009885762, 0.0 ], [ 110.37124954298946, -7.783380025834128, 0.0 ], [ 110.371256311745086, -7.783404543152098, 0.0 ], [ 110.371218830107665, -7.783414706497751, 0.0 ], [ 110.371212136272149, -7.78339009885762, 0.0 ] ] ] ] } },
{ "type": "Feature", "properties": { "D_NOP": "347106000400101270", "D_LUAS": 0.0, "ASR": null, "KD PROPINS": "34", "KD DATI2": "71", "KD KECAMAT": "060", "KD KELURAH": "004", "KD BLOK": "001", "NO URUT": "0127", "KD JNS OP": "0", "THN PAJAK": "2023", "NO PERSIL": null, "LUAS BUMI": "15", "LUAS BNG S": 15, "NJOP BUMI": 41685000.0, "NJOP BNG S": 1980000.0, "NJOP SPPT": 43665000.0, "NJOPTKP SP": 20000000.0, "NJKP SPPT": 0, "PBB TERHUT": 11833, "FAKTOR PEN": 5211.0, "PBB YG HAR": 6622, "FLG SYNC": "0", "JML KRG BA": "0", "FLG BAYAR": "0", "ALAMAT OP": "KP LEDOK CODE  RW 01 RT 001", "NM KELURAH": "KOTABARU", "NM KECAMAT": "GONDOKUSUMAN" }, "geometry": { "type": "MultiPolygon", "coordinates": [ [ [ [ 110.371277849584914, -7.783454584406732, 0.0 ], [ 110.371319639279136, -7.783464141788563, 0.0 ], [ 110.371308788561365, -7.783519108840332, 0.0 ], [ 110.371266322982763, -7.783511449543734, 0.0 ], [ 110.371277849584914, -7.783454584406732, 0.0 ] ] ] ] } },
{ "type": "Feature", "properties": { "D_NOP": "347106000400500440", "D_LUAS": 0.0, "ASR": null, "KD PROPINS": null, "KD DATI2": null, "KD KECAMAT": null, "KD KELURAH": null, "KD BLOK": null, "NO URUT": null, "KD JNS OP": null, "THN PAJAK": null, "NO PERSIL": null, "LUAS BUMI": null, "LUAS BNG S": null, "NJOP BUMI": null, "NJOP BNG S": null, "NJOP SPPT": null, "NJOPTKP SP": null, "NJKP SPPT": null, "PBB TERHUT": null, "FAKTOR PEN": null, "PBB YG HAR": null, "FLG SYNC": null, "JML KRG BA": null, "FLG BAYAR": null, "ALAMAT OP": null, "NM KELURAH": null, "NM KECAMAT": null }, "geometry": { "type": "MultiPolygon", "coordinates": [ [ [ [ 110.377154295427133, -7.787026309191251, 0.0 ], [ 110.377277221994177, -7.787038879057958, 0.0 ], [ 110.377329711670782, -7.787044834284517, 0.0 ], [ 110.377373670501058, -7.787054484724953, 0.0 ], [ 110.377402284731488, -7.787073517647438, 0.0 ], [ 110.377385955973963, -7.787242964871988, 0.0 ], [ 110.377140633020375, -7.787213213859655, 0.0 ], [ 110.377154295427133, -7.787026309191251, 0.0 ] ] ] ] } },
{ "type": "Feature", "properties": { "D_NOP": "347106000400500510", "D_LUAS": 0.0, "ASR": null, "KD PROPINS": null, "KD DATI2": null, "KD KECAMAT": null, "KD KELURAH": null, "KD BLOK": null, "NO URUT": null, "KD JNS OP": null, "THN PAJAK": null, "NO PERSIL": null, "LUAS BUMI": null, "LUAS BNG S": null, "NJOP BUMI": null, "NJOP BNG S": null, "NJOP SPPT": null, "NJOPTKP SP": null, "NJKP SPPT": null, "PBB TERHUT": null, "FAKTOR PEN": null, "PBB YG HAR": null, "FLG SYNC": null, "JML KRG BA": null, "FLG BAYAR": null, "ALAMAT OP": null, "NM KELURAH": null, "NM KECAMAT": null }, "geometry": { "type": "MultiPolygon", "coordinates": [ [ [ [ 110.376846000863594, -7.787201386377291, 0.0 ], [ 110.376848767029699, -7.787100738665971, 0.0 ], [ 110.376888246293944, -7.787105318332043, 0.0 ], [ 110.376886303429288, -7.787205515090004, 0.0 ], [ 110.376846000863594, -7.787201386377291, 0.0 ] ] ] ] } },
{ "type": "Feature", "properties": { "D_NOP": "347106000400500460", "D_LUAS": 0.0, "ASR": null, "KD PROPINS": "34", "KD DATI2": "71", "KD KECAMAT": "060", "KD KELURAH": "004", "KD BLOK": "005", "NO URUT": "0046", "KD JNS OP": "0", "THN PAJAK": "2023", "NO PERSIL": null, "LUAS BUMI": "40", "LUAS BNG S": 40, "NJOP BUMI": 385800000.0, "NJOP BNG S": 14600000.0, "NJOP SPPT": 400400000.0, "NJOPTKP SP": 20000000.0, "NJKP SPPT": 0, "PBB TERHUT": 190200, "FAKTOR PEN": 48225.0, "PBB YG HAR": 141975, "FLG SYNC": "0", "JML KRG BA": "0", "FLG BAYAR": "0", "ALAMAT OP": "JL ATMOSUKARTO 9 BLOK I-18  RW 03 RT 010", "NM KELURAH": "KOTABARU", "NM KECAMAT": "GONDOKUSUMAN" }, "geometry": { "type": "MultiPolygon", "coordinates": [ [ [ [ 110.376642393832213, -7.787180920543868, 0.0 ], [ 110.376647773208219, -7.787083170531095, 0.0 ], [ 110.376687178886115, -7.787086936211669, 0.0 ], [ 110.376681350547784, -7.787184866431299, 0.0 ], [ 110.376642393832213, -7.787180920543868, 0.0 ] ] ] ] } },
{ "type": "Feature", "properties": { "D_NOP": "347106000400500470", "D_LUAS": 0.0, "ASR": null, "KD PROPINS": null, "KD DATI2": null, "KD KECAMAT": null, "KD KELURAH": null, "KD BLOK": null, "NO URUT": null, "KD JNS OP": null, "THN PAJAK": null, "NO PERSIL": null, "LUAS BUMI": null, "LUAS BNG S": null, "NJOP BUMI": null, "NJOP BNG S": null, "NJOP SPPT": null, "NJOPTKP SP": null, "NJKP SPPT": null, "PBB TERHUT": null, "FAKTOR PEN": null, "PBB YG HAR": null, "FLG SYNC": null, "JML KRG BA": null, "FLG BAYAR": null, "ALAMAT OP": null, "NM KELURAH": null, "NM KECAMAT": null }, "geometry": { "type": "MultiPolygon", "coordinates": [ [ [ [ 110.376681350547784, -7.787184866431299, 0.0 ], [ 110.376687178886115, -7.787086936211669, 0.0 ], [ 110.376729127220443, -7.787090705626424, 0.0 ], [ 110.376721802810707, -7.787188904946632, 0.0 ], [ 110.376681350547784, -7.787184866431299, 0.0 ] ] ] ] } },
{ "type": "Feature", "properties": { "D_NOP": "347106000400500480", "D_LUAS": 0.0, "ASR": null, "KD PROPINS": null, "KD DATI2": null, "KD KECAMAT": null, "KD KELURAH": null, "KD BLOK": null, "NO URUT": null, "KD JNS OP": null, "THN PAJAK": null, "NO PERSIL": null, "LUAS BUMI": null, "LUAS BNG S": null, "NJOP BUMI": null, "NJOP BNG S": null, "NJOP SPPT": null, "NJOPTKP SP": null, "NJKP SPPT": null, "PBB TERHUT": null, "FAKTOR PEN": null, "PBB YG HAR": null, "FLG SYNC": null, "JML KRG BA": null, "FLG BAYAR": null, "ALAMAT OP": null, "NM KELURAH": null, "NM KECAMAT": null }, "geometry": { "type": "MultiPolygon", "coordinates": [ [ [ [ 110.376721802810707, -7.787188904946632, 0.0 ], [ 110.376729127220443, -7.787090705626424, 0.0 ], [ 110.376771075555823, -7.787094475037086, 0.0 ], [ 110.37676517111619, -7.787193309476102, 0.0 ], [ 110.376721802810707, -7.787188904946632, 0.0 ] ] ] ] } },
{ "type": "Feature", "properties": { "D_NOP": "347106000400500490", "D_LUAS": 0.0, "ASR": null, "KD PROPINS": null, "KD DATI2": null, "KD KECAMAT": null, "KD KELURAH": null, "KD BLOK": null, "NO URUT": null, "KD JNS OP": null, "THN PAJAK": null, "NO PERSIL": null, "LUAS BUMI": null, "LUAS BNG S": null, "NJOP BUMI": null, "NJOP BNG S": null, "NJOP SPPT": null, "NJOPTKP SP": null, "NJKP SPPT": null, "PBB TERHUT": null, "FAKTOR PEN": null, "PBB YG HAR": null, "FLG SYNC": null, "JML KRG BA": null, "FLG BAYAR": null, "ALAMAT OP": null, "NM KELURAH": null, "NM KECAMAT": null }, "geometry": { "type": "MultiPolygon", "coordinates": [ [ [ [ 110.37676517111619, -7.787193309476102, 0.0 ], [ 110.376771075555823, -7.787094475037086, 0.0 ], [ 110.376813023892311, -7.787098244443642, 0.0 ], [ 110.376810259321388, -7.78719780696207, 0.0 ], [ 110.37676517111619, -7.787193309476102, 0.0 ] ] ] ] } },
{ "type": "Feature", "properties": { "D_NOP": "347106000400500500", "D_LUAS": 0.0, "ASR": null, "KD PROPINS": null, "KD DATI2": null, "KD KECAMAT": null, "KD KELURAH": null, "KD BLOK": null, "NO URUT": null, "KD JNS OP": null, "THN PAJAK": null, "NO PERSIL": null, "LUAS BUMI": null, "LUAS BNG S": null, "NJOP BUMI": null, "NJOP BNG S": null, "NJOP SPPT": null, "NJOPTKP SP": null, "NJKP SPPT": null, "PBB TERHUT": null, "FAKTOR PEN": null, "PBB YG HAR": null, "FLG SYNC": null, "JML KRG BA": null, "FLG BAYAR": null, "ALAMAT OP": null, "NM KELURAH": null, "NM KECAMAT": null }, "geometry": { "type": "MultiPolygon", "coordinates": [ [ [ [ 110.376810259321388, -7.78719780696207, 0.0 ], [ 110.376813023892311, -7.787098244443642, 0.0 ], [ 110.376848767029699, -7.787100738665971, 0.0 ], [ 110.376846000863594, -7.787201386377291, 0.0 ], [ 110.376810259321388, -7.78719780696207, 0.0 ] ] ] ] } },
{ "type": "Feature", "properties": { "D_NOP": "347106000400500450", "D_LUAS": 0.0, "ASR": null, "KD PROPINS": null, "KD DATI2": null, "KD KECAMAT": null, "KD KELURAH": null, "KD BLOK": null, "NO URUT": null, "KD JNS OP": null, "THN PAJAK": null, "NO PERSIL": null, "LUAS BUMI": null, "LUAS BNG S": null, "NJOP BUMI": null, "NJOP BNG S": null, "NJOP SPPT": null, "NJOPTKP SP": null, "NJKP SPPT": null, "PBB TERHUT": null, "FAKTOR PEN": null, "PBB YG HAR": null, "FLG SYNC": null, "JML KRG BA": null, "FLG BAYAR": null, "ALAMAT OP": null, "NM KELURAH": null, "NM KECAMAT": null }, "geometry": { "type": "MultiPolygon", "coordinates": [ [ [ [ 110.376602236314426, -7.787078672369188, 0.0 ], [ 110.376647773208219, -7.787083170531095, 0.0 ], [ 110.376642393832213, -7.787180920543868, 0.0 ], [ 110.376595286865182, -7.787176148773428, 0.0 ], [ 110.376602236314426, -7.787078672369188, 0.0 ] ] ] ] } },
{ "type": "Feature", "properties": { "D_NOP": "347106000400500520", "D_LUAS": 0.0, "ASR": null, "KD PROPINS": null, "KD DATI2": null, "KD KECAMAT": null, "KD KELURAH": null, "KD BLOK": null, "NO URUT": null, "KD JNS OP": null, "THN PAJAK": null, "NO PERSIL": null, "LUAS BUMI": null, "LUAS BNG S": null, "NJOP BUMI": null, "NJOP BNG S": null, "NJOP SPPT": null, "NJOPTKP SP": null, "NJKP SPPT": null, "PBB TERHUT": null, "FAKTOR PEN": null, "PBB YG HAR": null, "FLG SYNC": null, "JML KRG BA": null, "FLG BAYAR": null, "ALAMAT OP": null, "NM KELURAH": null, "NM KECAMAT": null }, "geometry": { "type": "MultiPolygon", "coordinates": [ [ [ [ 110.376886303429288, -7.787205515090004, 0.0 ], [ 110.376888246293944, -7.787105318332043, 0.0 ], [ 110.376925260226258, -7.78710817614711, 0.0 ], [ 110.37692421344228, -7.787209278551416, 0.0 ], [ 110.376886303429288, -7.787205515090004, 0.0 ] ] ] ] } },
{ "type": "Feature", "properties": { "D_NOP": "347106000400500530", "D_LUAS": 0.0, "ASR": null, "KD PROPINS": null, "KD DATI2": null, "KD KECAMAT": null, "KD KELURAH": null, "KD BLOK": null, "NO URUT": null, "KD JNS OP": null, "THN PAJAK": null, "NO PERSIL": null, "LUAS BUMI": null, "LUAS BNG S": null, "NJOP BUMI": null, "NJOP BNG S": null, "NJOP SPPT": null, "NJOPTKP SP": null, "NJKP SPPT": null, "PBB TERHUT": null, "FAKTOR PEN": null, "PBB YG HAR": null, "FLG SYNC": null, "JML KRG BA": null, "FLG BAYAR": null, "ALAMAT OP": null, "NM KELURAH": null, "NM KECAMAT": null }, "geometry": { "type": "MultiPolygon", "coordinates": [ [ [ [ 110.37692421344228, -7.787209278551416, 0.0 ], [ 110.376925260226258, -7.78710817614711, 0.0 ], [ 110.376964665911018, -7.78711194180225, 0.0 ], [ 110.376961898970606, -7.787213132112462, 0.0 ], [ 110.37692421344228, -7.787209278551416, 0.0 ] ] ] ] } },
{ "type": "Feature", "properties": { "D_NOP": "347106000400500540", "D_LUAS": 0.0, "ASR": null, "KD PROPINS": null, "KD DATI2": null, "KD KECAMAT": null, "KD KELURAH": null, "KD BLOK": null, "NO URUT": null, "KD JNS OP": null, "THN PAJAK": null, "NO PERSIL": null, "LUAS BUMI": null, "LUAS BNG S": null, "NJOP BUMI": null, "NJOP BNG S": null, "NJOP SPPT": null, "NJOPTKP SP": null, "NJKP SPPT": null, "PBB TERHUT": null, "FAKTOR PEN": null, "PBB YG HAR": null, "FLG SYNC": null, "JML KRG BA": null, "FLG BAYAR": null, "ALAMAT OP": null, "NM KELURAH": null, "NM KECAMAT": null }, "geometry": { "type": "MultiPolygon", "coordinates": [ [ [ [ 110.376961898970606, -7.787213132112462, 0.0 ], [ 110.376964665911018, -7.78711194180225, 0.0 ], [ 110.376998014093445, -7.787115698552931, 0.0 ], [ 110.376995247828901, -7.787216436700627, 0.0 ], [ 110.376961898970606, -7.787213132112462, 0.0 ] ] ] ] } },
{ "type": "Feature", "properties": { "D_NOP": "347106000400500550", "D_LUAS": 0.0, "ASR": null, "KD PROPINS": null, "KD DATI2": null, "KD KECAMAT": null, "KD KELURAH": null, "KD BLOK": null, "NO URUT": null, "KD JNS OP": null, "THN PAJAK": null, "NO PERSIL": null, "LUAS BUMI": null, "LUAS BNG S": null, "NJOP BUMI": null, "NJOP BNG S": null, "NJOP SPPT": null, "NJOPTKP SP": null, "NJKP SPPT": null, "PBB TERHUT": null, "FAKTOR PEN": null, "PBB YG HAR": null, "FLG SYNC": null, "JML KRG BA": null, "FLG BAYAR": null, "ALAMAT OP": null, "NM KELURAH": null, "NM KECAMAT": null }, "geometry": { "type": "MultiPolygon", "coordinates": [ [ [ [ 110.376995247828901, -7.787216436700627, 0.0 ], [ 110.376998014093445, -7.787115698552931, 0.0 ], [ 110.377036223904113, -7.787119010279981, 0.0 ], [ 110.377035176612154, -7.787220474417304, 0.0 ], [ 110.376995247828901, -7.787216436700627, 0.0 ] ] ] ] } },
{ "type": "Feature", "properties": { "D_NOP": "347106000400500560", "D_LUAS": 0.0, "ASR": null, "KD PROPINS": null, "KD DATI2": null, "KD KECAMAT": null, "KD KELURAH": null, "KD BLOK": null, "NO URUT": null, "KD JNS OP": null, "THN PAJAK": null, "NO PERSIL": null, "LUAS BUMI": null, "LUAS BNG S": null, "NJOP BUMI": null, "NJOP BNG S": null, "NJOP SPPT": null, "NJOPTKP SP": null, "NJKP SPPT": null, "PBB TERHUT": null, "FAKTOR PEN": null, "PBB YG HAR": null, "FLG SYNC": null, "JML KRG BA": null, "FLG BAYAR": null, "ALAMAT OP": null, "NM KELURAH": null, "NM KECAMAT": null }, "geometry": { "type": "MultiPolygon", "coordinates": [ [ [ [ 110.377035176612154, -7.787220474417304, 0.0 ], [ 110.377036223904113, -7.787119010279981, 0.0 ], [ 110.377072563982253, -7.787122409689445, 0.0 ], [ 110.377070619023641, -7.787224053374342, 0.0 ], [ 110.377035176612154, -7.787220474417304, 0.0 ] ] ] ] } },
{ "type": "Feature", "properties": { "D_NOP": "347106000400500630", "D_LUAS": 0.0, "ASR": null, "KD PROPINS": null, "KD DATI2": null, "KD KECAMAT": null, "KD KELURAH": null, "KD BLOK": null, "NO URUT": null, "KD JNS OP": null, "THN PAJAK": null, "NO PERSIL": null, "LUAS BUMI": null, "LUAS BNG S": null, "NJOP BUMI": null, "NJOP BNG S": null, "NJOP SPPT": null, "NJOPTKP SP": null, "NJKP SPPT": null, "PBB TERHUT": null, "FAKTOR PEN": null, "PBB YG HAR": null, "FLG SYNC": null, "JML KRG BA": null, "FLG BAYAR": null, "ALAMAT OP": null, "NM KELURAH": null, "NM KECAMAT": null }, "geometry": { "type": "MultiPolygon", "coordinates": [ [ [ [ 110.376821100658091, -7.787401839434521, 0.0 ], [ 110.376823866835238, -7.787301191724895, 0.0 ], [ 110.376863346117631, -7.787305771394708, 0.0 ], [ 110.376861403242344, -7.787405968151057, 0.0 ], [ 110.376821100658091, -7.787401839434521, 0.0 ] ] ] ] } },
{ "type": "Feature", "properties": { "D_NOP": "347106000400500580", "D_LUAS": 0.0, "ASR": null, "KD PROPINS": null, "KD DATI2": null, "KD KECAMAT": null, "KD KELURAH": null, "KD BLOK": null, "NO URUT": null, "KD JNS OP": null, "THN PAJAK": null, "NO PERSIL": null, "LUAS BUMI": null, "LUAS BNG S": null, "NJOP BUMI": null, "NJOP BNG S": null, "NJOP SPPT": null, "NJOPTKP SP": null, "NJKP SPPT": null, "PBB TERHUT": null, "FAKTOR PEN": null, "PBB YG HAR": null, "FLG SYNC": null, "JML KRG BA": null, "FLG BAYAR": null, "ALAMAT OP": null, "NM KELURAH": null, "NM KECAMAT": null }, "geometry": { "type": "MultiPolygon", "coordinates": [ [ [ [ 110.376617493532862, -7.787381373581787, 0.0 ], [ 110.376622872920862, -7.78728362357089, 0.0 ], [ 110.376662278616948, -7.787287389255201, 0.0 ], [ 110.376656450266367, -7.787385319472915, 0.0 ], [ 110.376617493532862, -7.787381373581787, 0.0 ] ] ] ] } },
{ "type": "Feature", "properties": { "D_NOP": "347106000400500590", "D_LUAS": 0.0, "ASR": null, "KD PROPINS": null, "KD DATI2": null, "KD KECAMAT": null, "KD KELURAH": null, "KD BLOK": null, "NO URUT": null, "KD JNS OP": null, "THN PAJAK": null, "NO PERSIL": null, "LUAS BUMI": null, "LUAS BNG S": null, "NJOP BUMI": null, "NJOP BNG S": null, "NJOP SPPT": null, "NJOPTKP SP": null, "NJKP SPPT": null, "PBB TERHUT": null, "FAKTOR PEN": null, "PBB YG HAR": null, "FLG SYNC": null, "JML KRG BA": null, "FLG BAYAR": null, "ALAMAT OP": null, "NM KELURAH": null, "NM KECAMAT": null }, "geometry": { "type": "MultiPolygon", "coordinates": [ [ [ [ 110.376656450266367, -7.787385319472915, 0.0 ], [ 110.376662278616948, -7.787287389255201, 0.0 ], [ 110.376704226970645, -7.787291158673947, 0.0 ], [ 110.376696902547948, -7.787389357992073, 0.0 ], [ 110.376656450266367, -7.787385319472915, 0.0 ] ] ] ] } },
{ "type": "Feature", "properties": { "D_NOP": "347106000400500600", "D_LUAS": 0.0, "ASR": null, "KD PROPINS": null, "KD DATI2": null, "KD KECAMAT": null, "KD KELURAH": null, "KD BLOK": null, "NO URUT": null, "KD JNS OP": null, "THN PAJAK": null, "NO PERSIL": null, "LUAS BUMI": null, "LUAS BNG S": null, "NJOP BUMI": null, "NJOP BNG S": null, "NJOP SPPT": null, "NJOPTKP SP": null, "NJKP SPPT": null, "PBB TERHUT": null, "FAKTOR PEN": null, "PBB YG HAR": null, "FLG SYNC": null, "JML KRG BA": null, "FLG BAYAR": null, "ALAMAT OP": null, "NM KELURAH": null, "NM KECAMAT": null }, "geometry": { "type": "MultiPolygon", "coordinates": [ [ [ [ 110.376696902547948, -7.787389357992073, 0.0 ], [ 110.376704226970645, -7.787291158673947, 0.0 ], [ 110.376746175325422, -7.787294928088595, 0.0 ], [ 110.376740270873427, -7.787393762525656, 0.0 ], [ 110.376696902547948, -7.787389357992073, 0.0 ] ] ] ] } },
{ "type": "Feature", "properties": { "D_NOP": "347106000400500610", "D_LUAS": 0.0, "ASR": null, "KD PROPINS": null, "KD DATI2": null, "KD KECAMAT": null, "KD KELURAH": null, "KD BLOK": null, "NO URUT": null, "KD JNS OP": null, "THN PAJAK": null, "NO PERSIL": null, "LUAS BUMI": null, "LUAS BNG S": null, "NJOP BUMI": null, "NJOP BNG S": null, "NJOP SPPT": null, "NJOPTKP SP": null, "NJKP SPPT": null, "PBB TERHUT": null, "FAKTOR PEN": null, "PBB YG HAR": null, "FLG SYNC": null, "JML KRG BA": null, "FLG BAYAR": null, "ALAMAT OP": null, "NM KELURAH": null, "NM KECAMAT": null }, "geometry": { "type": "MultiPolygon", "coordinates": [ [ [ [ 110.376740270873427, -7.787393762525656, 0.0 ], [ 110.376746175325422, -7.787294928088595, 0.0 ], [ 110.37678812368128, -7.787298697499156, 0.0 ], [ 110.376785359099401, -7.787398260015906, 0.0 ], [ 110.376740270873427, -7.787393762525656, 0.0 ] ] ] ] } },
{ "type": "Feature", "properties": { "D_NOP": "347106000400500620", "D_LUAS": 0.0, "ASR": null, "KD PROPINS": null, "KD DATI2": null, "KD KECAMAT": null, "KD KELURAH": null, "KD BLOK": null, "NO URUT": null, "KD JNS OP": null, "THN PAJAK": null, "NO PERSIL": null, "LUAS BUMI": null, "LUAS BNG S": null, "NJOP BUMI": null, "NJOP BNG S": null, "NJOP SPPT": null, "NJOPTKP SP": null, "NJKP SPPT": null, "PBB TERHUT": null, "FAKTOR PEN": null, "PBB YG HAR": null, "FLG SYNC": null, "JML KRG BA": null, "FLG BAYAR": null, "ALAMAT OP": null, "NM KELURAH": null, "NM KECAMAT": null }, "geometry": { "type": "MultiPolygon", "coordinates": [ [ [ [ 110.376785359099401, -7.787398260015906, 0.0 ], [ 110.37678812368128, -7.787298697499156, 0.0 ], [ 110.376823866835238, -7.787301191724895, 0.0 ], [ 110.376821100658091, -7.787401839434521, 0.0 ], [ 110.376785359099401, -7.787398260015906, 0.0 ] ] ] ] } },
{ "type": "Feature", "properties": { "D_NOP": "347106000400500570", "D_LUAS": 0.0, "ASR": null, "KD PROPINS": null, "KD DATI2": null, "KD KECAMAT": null, "KD KELURAH": null, "KD BLOK": null, "NO URUT": null, "KD JNS OP": null, "THN PAJAK": null, "NO PERSIL": null, "LUAS BUMI": null, "LUAS BNG S": null, "NJOP BUMI": null, "NJOP BNG S": null, "NJOP SPPT": null, "NJOPTKP SP": null, "NJKP SPPT": null, "PBB TERHUT": null, "FAKTOR PEN": null, "PBB YG HAR": null, "FLG SYNC": null, "JML KRG BA": null, "FLG BAYAR": null, "ALAMAT OP": null, "NM KELURAH": null, "NM KECAMAT": null }, "geometry": { "type": "MultiPolygon", "coordinates": [ [ [ [ 110.376577336006065, -7.787279125404657, 0.0 ], [ 110.376622872920862, -7.78728362357089, 0.0 ], [ 110.376617493532862, -7.787381373581787, 0.0 ], [ 110.376570386544117, -7.787376601806875, 0.0 ], [ 110.376577336006065, -7.787279125404657, 0.0 ] ] ] ] } },
{ "type": "Feature", "properties": { "D_NOP": "347106000400500640", "D_LUAS": 0.0, "ASR": null, "KD PROPINS": null, "KD DATI2": null, "KD KECAMAT": null, "KD KELURAH": null, "KD BLOK": null, "NO URUT": null, "KD JNS OP": null, "THN PAJAK": null, "NO PERSIL": null, "LUAS BUMI": null, "LUAS BNG S": null, "NJOP BUMI": null, "NJOP BNG S": null, "NJOP SPPT": null, "NJOPTKP SP": null, "NJKP SPPT": null, "PBB TERHUT": null, "FAKTOR PEN": null, "PBB YG HAR": null, "FLG SYNC": null, "JML KRG BA": null, "FLG BAYAR": null, "ALAMAT OP": null, "NM KELURAH": null, "NM KECAMAT": null }, "geometry": { "type": "MultiPolygon", "coordinates": [ [ [ [ 110.376861403242344, -7.787405968151057, 0.0 ], [ 110.376863346117631, -7.787305771394708, 0.0 ], [ 110.376900360067097, -7.787308629213282, 0.0 ], [ 110.376899313272844, -7.787409731616067, 0.0 ], [ 110.376861403242344, -7.787405968151057, 0.0 ] ] ] ] } },
{ "type": "Feature", "properties": { "D_NOP": "347106000400500650", "D_LUAS": 0.0, "ASR": null, "KD PROPINS": null, "KD DATI2": null, "KD KECAMAT": null, "KD KELURAH": null, "KD BLOK": null, "NO URUT": null, "KD JNS OP": null, "THN PAJAK": null, "NO PERSIL": null, "LUAS BUMI": null, "LUAS BNG S": null, "NJOP BUMI": null, "NJOP BNG S": null, "NJOP SPPT": null, "NJOPTKP SP": null, "NJKP SPPT": null, "PBB TERHUT": null, "FAKTOR PEN": null, "PBB YG HAR": null, "FLG SYNC": null, "JML KRG BA": null, "FLG BAYAR": null, "ALAMAT OP": null, "NM KELURAH": null, "NM KECAMAT": null }, "geometry": { "type": "MultiPolygon", "coordinates": [ [ [ [ 110.376899313272844, -7.787409731616067, 0.0 ], [ 110.376900360067097, -7.787308629213282, 0.0 ], [ 110.376939765770032, -7.787312394872182, 0.0 ], [ 110.376936998818522, -7.787413585180692, 0.0 ], [ 110.376899313272844, -7.787409731616067, 0.0 ] ] ] ] } },
{ "type": "Feature", "properties": { "D_NOP": "347106000400500660", "D_LUAS": 0.0, "ASR": null, "KD PROPINS": null, "KD DATI2": null, "KD KECAMAT": null, "KD KELURAH": null, "KD BLOK": null, "NO URUT": null, "KD JNS OP": null, "THN PAJAK": null, "NO PERSIL": null, "LUAS BUMI": null, "LUAS BNG S": null, "NJOP BUMI": null, "NJOP BNG S": null, "NJOP SPPT": null, "NJOPTKP SP": null, "NJKP SPPT": null, "PBB TERHUT": null, "FAKTOR PEN": null, "PBB YG HAR": null, "FLG SYNC": null, "JML KRG BA": null, "FLG BAYAR": null, "ALAMAT OP": null, "NM KELURAH": null, "NM KECAMAT": null }, "geometry": { "type": "MultiPolygon", "coordinates": [ [ [ [ 110.376936998818522, -7.787413585180692, 0.0 ], [ 110.376939765770032, -7.787312394872182, 0.0 ], [ 110.376973113967793, -7.787316151626023, 0.0 ], [ 110.376970347692193, -7.787416889772022, 0.0 ], [ 110.376936998818522, -7.787413585180692, 0.0 ] ] ] ] } },
{ "type": "Feature", "properties": { "D_NOP": "347106000400500670", "D_LUAS": 0.0, "ASR": null, "KD PROPINS": null, "KD DATI2": null, "KD KECAMAT": null, "KD KELURAH": null, "KD BLOK": null, "NO URUT": null, "KD JNS OP": null, "THN PAJAK": null, "NO PERSIL": null, "LUAS BUMI": null, "LUAS BNG S": null, "NJOP BUMI": null, "NJOP BNG S": null, "NJOP SPPT": null, "NJOPTKP SP": null, "NJKP SPPT": null, "PBB TERHUT": null, "FAKTOR PEN": null, "PBB YG HAR": null, "FLG SYNC": null, "JML KRG BA": null, "FLG BAYAR": null, "ALAMAT OP": null, "NM KELURAH": null, "NM KECAMAT": null }, "geometry": { "type": "MultiPolygon", "coordinates": [ [ [ [ 110.376970347692193, -7.787416889772022, 0.0 ], [ 110.376973113967793, -7.787316151626023, 0.0 ], [ 110.377011323796125, -7.787319463356708, 0.0 ], [ 110.377010276493834, -7.787420927492488, 0.0 ], [ 110.376970347692193, -7.787416889772022, 0.0 ] ] ] ] } },
{ "type": "Feature", "properties": { "D_NOP": "347106000400500680", "D_LUAS": 0.0, "ASR": null, "KD PROPINS": null, "KD DATI2": null, "KD KECAMAT": null, "KD KELURAH": null, "KD BLOK": null, "NO URUT": null, "KD JNS OP": null, "THN PAJAK": null, "NO PERSIL": null, "LUAS BUMI": null, "LUAS BNG S": null, "NJOP BUMI": null, "NJOP BNG S": null, "NJOP SPPT": null, "NJOPTKP SP": null, "NJKP SPPT": null, "PBB TERHUT": null, "FAKTOR PEN": null, "PBB YG HAR": null, "FLG SYNC": null, "JML KRG BA": null, "FLG BAYAR": null, "ALAMAT OP": null, "NM KELURAH": null, "NM KECAMAT": null }, "geometry": { "type": "MultiPolygon", "coordinates": [ [ [ [ 110.377010276493834, -7.787420927492488, 0.0 ], [ 110.377011323796125, -7.787319463356708, 0.0 ], [ 110.377047663891034, -7.787322862769609, 0.0 ], [ 110.377045718921678, -7.787424506452902, 0.0 ], [ 110.377010276493834, -7.787420927492488, 0.0 ] ] ] ] } },
{ "type": "Feature", "properties": { "D_NOP": "347106000400500430", "D_LUAS": 19389.32, "ASR": null, "KD PROPINS": null, "KD DATI2": null, "KD KECAMAT": null, "KD KELURAH": null, "KD BLOK": null, "NO URUT": null, "KD JNS OP": null, "THN PAJAK": null, "NO PERSIL": null, "LUAS BUMI": null, "LUAS BNG S": null, "NJOP BUMI": null, "NJOP BNG S": null, "NJOP SPPT": null, "NJOPTKP SP": null, "NJKP SPPT": null, "PBB TERHUT": null, "FAKTOR PEN": null, "PBB YG HAR": null, "FLG SYNC": null, "JML KRG BA": null, "FLG BAYAR": null, "ALAMAT OP": null, "NM KELURAH": null, "NM KECAMAT": null }, "geometry": { "type": "MultiPolygon", "coordinates": [ [ [ [ 110.376036803283441, -7.787476378186716, 0.0 ], [ 110.376148217994682, -7.787485675862984, 0.0 ], [ 110.37621779056613, -7.787469952482532, 0.0 ], [ 110.376279703445547, -7.787425098443129, 0.0 ], [ 110.376297615884866, -7.787398718401597, 0.0 ], [ 110.376364995441193, -7.78729825618452, 0.0 ], [ 110.376552092708977, -7.787003358500021, 0.0 ], [ 110.376596322516207, -7.786981448349752, 0.0 ], [ 110.376633648535474, -7.786975534660684, 0.0 ], [ 110.376690479534773, -7.786978873794848, 0.0 ], [ 110.377154295427133, -7.787026309191251, 0.0 ], [ 110.377140633020375, -7.787213213859655, 0.0 ], [ 110.377385955973963, -7.787242964871988, 0.0 ], [ 110.377297207947223, -7.788089828783368, 0.0 ], [ 110.377295055363319, -7.78812952564999, 0.0 ], [ 110.377292402927552, -7.788153215164901, 0.0 ], [ 110.377284437876213, -7.788178886399035, 0.0 ], [ 110.377267998971988, -7.788220280503853, 0.0 ], [ 110.377235999742112, -7.788265178630817, 0.0 ], [ 110.377199070491187, -7.788306180898672, 0.0 ], [ 110.376800166679644, -7.788359492645916, 0.0 ], [ 110.376313932894547, -7.788400467099497, 0.0 ], [ 110.376306481716767, -7.788179799983933, 0.0 ], [ 110.376192366960794, -7.788175653034311, 0.0 ], [ 110.37609553457726, -7.788166648115666, 0.0 ], [ 110.375982405140832, -7.788153640141276, 0.0 ], [ 110.375880953419596, -7.788132962537948, 0.0 ], [ 110.375931280204199, -7.787932908742644, 0.0 ], [ 110.376036803283441, -7.787476378186716, 0.0 ] ], [ [ 110.377010276493834, -7.787420927492488, 0.0 ], [ 110.377045718921678, -7.787424506452902, 0.0 ], [ 110.377047663891034, -7.787322862769609, 0.0 ], [ 110.377011323796125, -7.787319463356708, 0.0 ], [ 110.376973113967793, -7.787316151626023, 0.0 ], [ 110.376939765770032, -7.787312394872182, 0.0 ], [ 110.376900360067097, -7.787308629213282, 0.0 ], [ 110.376863346117631, -7.787305771394708, 0.0 ], [ 110.376823866835238, -7.787301191724895, 0.0 ], [ 110.37678812368128, -7.787298697499156, 0.0 ], [ 110.376746175325422, -7.787294928088595, 0.0 ], [ 110.376704226970645, -7.787291158673947, 0.0 ], [ 110.376662278616948, -7.787287389255201, 0.0 ], [ 110.376622872920862, -7.78728362357089, 0.0 ], [ 110.376577336006065, -7.787279125404657, 0.0 ], [ 110.376570386544117, -7.787376601806875, 0.0 ], [ 110.376617493532862, -7.787381373581787, 0.0 ], [ 110.376656450266367, -7.787385319472915, 0.0 ], [ 110.376696902547948, -7.787389357992073, 0.0 ], [ 110.376740270873427, -7.787393762525656, 0.0 ], [ 110.376785359099401, -7.787398260015906, 0.0 ], [ 110.376821100658091, -7.787401839434521, 0.0 ], [ 110.376861403242344, -7.787405968151057, 0.0 ], [ 110.376899313272844, -7.787409731616067, 0.0 ], [ 110.376936998818522, -7.787413585180692, 0.0 ], [ 110.376970347692193, -7.787416889772022, 0.0 ], [ 110.377010276493834, -7.787420927492488, 0.0 ] ], [ [ 110.377035176612154, -7.787220474417304, 0.0 ], [ 110.377070619023641, -7.787224053374342, 0.0 ], [ 110.377072563982253, -7.787122409689445, 0.0 ], [ 110.377036223904113, -7.787119010279981, 0.0 ], [ 110.376998014093445, -7.787115698552931, 0.0 ], [ 110.376964665911018, -7.78711194180225, 0.0 ], [ 110.376925260226258, -7.78710817614711, 0.0 ], [ 110.376888246293944, -7.787105318332043, 0.0 ], [ 110.376848767029699, -7.787100738665971, 0.0 ], [ 110.376813023892311, -7.787098244443642, 0.0 ], [ 110.376771075555823, -7.787094475037086, 0.0 ], [ 110.376729127220443, -7.787090705626424, 0.0 ], [ 110.376687178886115, -7.787086936211669, 0.0 ], [ 110.376647773208219, -7.787083170531095, 0.0 ], [ 110.376602236314426, -7.787078672369188, 0.0 ], [ 110.376595286865182, -7.787176148773428, 0.0 ], [ 110.376642393832213, -7.787180920543868, 0.0 ], [ 110.376681350547784, -7.787184866431299, 0.0 ], [ 110.376721802810707, -7.787188904946632, 0.0 ], [ 110.37676517111619, -7.787193309476102, 0.0 ], [ 110.376810259321388, -7.78719780696207, 0.0 ], [ 110.376846000863594, -7.787201386377291, 0.0 ], [ 110.376886303429288, -7.787205515090004, 0.0 ], [ 110.37692421344228, -7.787209278551416, 0.0 ], [ 110.376961898970606, -7.787213132112462, 0.0 ], [ 110.376995247828901, -7.787216436700627, 0.0 ], [ 110.377035176612154, -7.787220474417304, 0.0 ] ] ] ] } },
{ "type": "Feature", "properties": { "D_NOP": "347106000400500090", "D_LUAS": 1433.29, "ASR": null, "KD PROPINS": null, "KD DATI2": null, "KD KECAMAT": null, "KD KELURAH": null, "KD BLOK": null, "NO URUT": null, "KD JNS OP": null, "THN PAJAK": null, "NO PERSIL": null, "LUAS BUMI": null, "LUAS BNG S": null, "NJOP BUMI": null, "NJOP BNG S": null, "NJOP SPPT": null, "NJOPTKP SP": null, "NJKP SPPT": null, "PBB TERHUT": null, "FAKTOR PEN": null, "PBB YG HAR": null, "FLG SYNC": null, "JML KRG BA": null, "FLG BAYAR": null, "ALAMAT OP": null, "NM KELURAH": null, "NM KECAMAT": null }, "geometry": { "type": "MultiPolygon", "coordinates": [ [ [ [ 110.376419903420285, -7.786326183726772, 0.0 ], [ 110.376549496929627, -7.786381628768329, 0.0 ], [ 110.376596793272157, -7.786410003792605, 0.0 ], [ 110.376625178659523, -7.786432020710013, 0.0 ], [ 110.376650395193138, -7.786472933435578, 0.0 ], [ 110.376652692241791, -7.786487315637683, 0.0 ], [ 110.376653654611189, -7.786544561054608, 0.0 ], [ 110.37659614719206, -7.786695318521372, 0.0 ], [ 110.376320462190563, -7.786564508920192, 0.0 ], [ 110.376166280151239, -7.786498627853558, 0.0 ], [ 110.376271390440678, -7.786270168221584, 0.0 ], [ 110.376419903420285, -7.786326183726772, 0.0 ] ] ] ] } },
{ "type": "Feature", "properties": { "D_NOP": "347106000400500200", "D_LUAS": 0.0, "ASR": null, "KD PROPINS": null, "KD DATI2": null, "KD KECAMAT": null, "KD KELURAH": null, "KD BLOK": null, "NO URUT": null, "KD JNS OP": null, "THN PAJAK": null, "NO PERSIL": null, "LUAS BUMI": null, "LUAS BNG S": null, "NJOP BUMI": null, "NJOP BNG S": null, "NJOP SPPT": null, "NJOPTKP SP": null, "NJKP SPPT": null, "PBB TERHUT": null, "FAKTOR PEN": null, "PBB YG HAR": null, "FLG SYNC": null, "JML KRG BA": null, "FLG BAYAR": null, "ALAMAT OP": null, "NM KELURAH": null, "NM KECAMAT": null }, "geometry": { "type": "MultiPolygon", "coordinates": [ [ [ [ 110.373894600617405, -7.786928724046308, 0.0 ], [ 110.373879762926933, -7.786999601462082, 0.0 ], [ 110.373827434856651, -7.786985597530816, 0.0 ], [ 110.373841822643229, -7.786915533348401, 0.0 ], [ 110.373894600617405, -7.786928724046308, 0.0 ] ] ] ] } },
{ "type": "Feature", "properties": { "D_NOP": "347106000400500190", "D_LUAS": 0.0, "ASR": null, "KD PROPINS": null, "KD DATI2": null, "KD KECAMAT": null, "KD KELURAH": null, "KD BLOK": null, "NO URUT": null, "KD JNS OP": null, "THN PAJAK": null, "NO PERSIL": null, "LUAS BUMI": null, "LUAS BNG S": null, "NJOP BUMI": null, "NJOP BNG S": null, "NJOP SPPT": null, "NJOPTKP SP": null, "NJKP SPPT": null, "PBB TERHUT": null, "FAKTOR PEN": null, "PBB YG HAR": null, "FLG SYNC": null, "JML KRG BA": null, "FLG BAYAR": null, "ALAMAT OP": null, "NM KELURAH": null, "NM KECAMAT": null }, "geometry": { "type": "MultiPolygon", "coordinates": [ [ [ [ 110.373908909713123, -7.786861282295855, 0.0 ], [ 110.373894600617405, -7.786928724046308, 0.0 ], [ 110.373841822643229, -7.786915533348401, 0.0 ], [ 110.373857398910786, -7.786850896888853, 0.0 ], [ 110.373908909713123, -7.786861282295855, 0.0 ] ] ] ] } },
{ "type": "Feature", "properties": { "D_NOP": "347106000400500210", "D_LUAS": 0.0, "ASR": null, "KD PROPINS": null, "KD DATI2": null, "KD KECAMAT": null, "KD KELURAH": null, "KD BLOK": null, "NO URUT": null, "KD JNS OP": null, "THN PAJAK": null, "NO PERSIL": null, "LUAS BUMI": null, "LUAS BNG S": null, "NJOP BUMI": null, "NJOP BNG S": null, "NJOP SPPT": null, "NJOPTKP SP": null, "NJKP SPPT": null, "PBB TERHUT": null, "FAKTOR PEN": null, "PBB YG HAR": null, "FLG SYNC": null, "JML KRG BA": null, "FLG BAYAR": null, "ALAMAT OP": null, "NM KELURAH": null, "NM KECAMAT": null }, "geometry": { "type": "MultiPolygon", "coordinates": [ [ [ [ 110.373921488302628, -7.786800891748728, 0.0 ], [ 110.373908909713123, -7.786861282295855, 0.0 ], [ 110.373857398910786, -7.786850896888853, 0.0 ], [ 110.373871473184906, -7.786790508552485, 0.0 ], [ 110.373921488302628, -7.786800891748728, 0.0 ] ] ] ] } },
{ "type": "Feature", "properties": { "D_NOP": "347106000400500140", "D_LUAS": 0.0, "ASR": null, "KD PROPINS": null, "KD DATI2": null, "KD KECAMAT": null, "KD KELURAH": null, "KD BLOK": null, "NO URUT": null, "KD JNS OP": null, "THN PAJAK": null, "NO PERSIL": null, "LUAS BUMI": null, "LUAS BNG S": null, "NJOP BUMI": null, "NJOP BNG S": null, "NJOP SPPT": null, "NJOPTKP SP": null, "NJKP SPPT": null, "PBB TERHUT": null, "FAKTOR PEN": null, "PBB YG HAR": null, "FLG SYNC": null, "JML KRG BA": null, "FLG BAYAR": null, "ALAMAT OP": null, "NM KELURAH": null, "NM KECAMAT": null }, "geometry": { "type": "MultiPolygon", "coordinates": [ [ [ [ 110.373761970282757, -7.787558754435193, 0.0 ], [ 110.373832484559031, -7.78721105399197, 0.0 ], [ 110.373837678354917, -7.787188363026535, 0.0 ], [ 110.373879762926933, -7.786999601462082, 0.0 ], [ 110.373894600617405, -7.786928724046308, 0.0 ], [ 110.373908909713123, -7.786861282295855, 0.0 ], [ 110.373921488302628, -7.786800891748728, 0.0 ], [ 110.374378131168754, -7.786843617044919, 0.0 ], [ 110.374767872269203, -7.786967090156621, 0.0 ], [ 110.37508082136037, -7.787133586210632, 0.0 ], [ 110.375230571365989, -7.787263306726296, 0.0 ], [ 110.375270492249797, -7.787323141656665, 0.0 ], [ 110.375290356292567, -7.787392894643144, 0.0 ], [ 110.375267009909393, -7.787452636346555, 0.0 ], [ 110.375216767703478, -7.787595446187993, 0.0 ], [ 110.374906001165087, -7.788176109452024, 0.0 ], [ 110.374854002422424, -7.788242500901886, 0.0 ], [ 110.374777034599774, -7.788302886952295, 0.0 ], [ 110.374667667234348, -7.788375343192724, 0.0 ], [ 110.374530097139157, -7.788403445708938, 0.0 ], [ 110.374408716505698, -7.788407245643132, 0.0 ], [ 110.37425590111917, -7.788377719866528, 0.0 ], [ 110.374052764873397, -7.788342151171253, 0.0 ], [ 110.373806271605559, -7.788244210133961, 0.0 ], [ 110.373709813148437, -7.788134553511581, 0.0 ], [ 110.37367996293176, -7.788041454053473, 0.0 ], [ 110.373670035618602, -7.787978317287656, 0.0 ], [ 110.373680175022926, -7.787898660964476, 0.0 ], [ 110.373708837125378, -7.787784667537132, 0.0 ], [ 110.373761970282757, -7.787558754435193, 0.0 ] ] ] ] } },
{ "type": "Feature", "properties": { "D_NOP": "347106000400500180", "D_LUAS": 0.0, "ASR": null, "KD PROPINS": null, "KD DATI2": null, "KD KECAMAT": null, "KD KELURAH": null, "KD BLOK": null, "NO URUT": null, "KD JNS OP": null, "THN PAJAK": null, "NO PERSIL": null, "LUAS BUMI": null, "LUAS BNG S": null, "NJOP BUMI": null, "NJOP BNG S": null, "NJOP SPPT": null, "NJOPTKP SP": null, "NJKP SPPT": null, "PBB TERHUT": null, "FAKTOR PEN": null, "PBB YG HAR": null, "FLG SYNC": null, "JML KRG BA": null, "FLG BAYAR": null, "ALAMAT OP": null, "NM KELURAH": null, "NM KECAMAT": null }, "geometry": { "type": "MultiPolygon", "coordinates": [ [ [ [ 110.3736665683995, -7.786838497038111, 0.0 ], [ 110.373666541830318, -7.786806031619481, 0.0 ], [ 110.373839293287645, -7.786805834609169, 0.0 ], [ 110.373838125073249, -7.786837122637782, 0.0 ], [ 110.3736665683995, -7.786838497038111, 0.0 ] ] ] ] } },
{ "type": "Feature", "properties": { "D_NOP": "347106000400500170", "D_LUAS": 0.0, "ASR": null, "KD PROPINS": null, "KD DATI2": null, "KD KECAMAT": null, "KD KELURAH": null, "KD BLOK": null, "NO URUT": null, "KD JNS OP": null, "THN PAJAK": null, "NO PERSIL": null, "LUAS BUMI": null, "LUAS BNG S": null, "NJOP BUMI": null, "NJOP BNG S": null, "NJOP SPPT": null, "NJOPTKP SP": null, "NJKP SPPT": null, "PBB TERHUT": null, "FAKTOR PEN": null, "PBB YG HAR": null, "FLG SYNC": null, "JML KRG BA": null, "FLG BAYAR": null, "ALAMAT OP": null, "NM KELURAH": null, "NM KECAMAT": null }, "geometry": { "type": "MultiPolygon", "coordinates": [ [ [ [ 110.373604119415504, -7.786841389066063, 0.0 ], [ 110.373603124018487, -7.786806661396241, 0.0 ], [ 110.373666541830318, -7.786806031619481, 0.0 ], [ 110.3736665683995, -7.786838497038111, 0.0 ], [ 110.373604119415504, -7.786841389066063, 0.0 ] ] ] ] } },
{ "type": "Feature", "properties": { "D_NOP": "347106000400500160", "D_LUAS": 0.0, "ASR": null, "KD PROPINS": "34", "KD DATI2": "71", "KD KECAMAT": "060", "KD KELURAH": "004", "KD BLOK": "005", "NO URUT": "0016", "KD JNS OP": "0", "THN PAJAK": "2023", "NO PERSIL": null, "LUAS BUMI": "1041", "LUAS BNG S": 1041, "NJOP BUMI": 11768505000.0, "NJOP BNG S": 1249200000.0, "NJOP SPPT": 13017705000.0, "NJOPTKP SP": 20000000.0, "NJKP SPPT": 0, "PBB TERHUT": 32494263, "FAKTOR PEN": 7355316.0, "PBB YG HAR": 25138947, "FLG SYNC": "0", "JML KRG BA": "0", "FLG BAYAR": "0", "ALAMAT OP": "JL YOS SUDARSO 02 RW 02 RT 014", "NM KELURAH": "KOTABARU", "NM KECAMAT": "GONDOKUSUMAN" }, "geometry": { "type": "MultiPolygon", "coordinates": [ [ [ [ 110.373511541399921, -7.78714031358243, 0.0 ], [ 110.373469306339317, -7.787128223609184, 0.0 ], [ 110.373490520889689, -7.787043790715677, 0.0 ], [ 110.373522186143674, -7.786921843646283, 0.0 ], [ 110.373827434856651, -7.786985597530816, 0.0 ], [ 110.373879762926933, -7.786999601462082, 0.0 ], [ 110.373837678354917, -7.787188363026535, 0.0 ], [ 110.373832484559031, -7.78721105399197, 0.0 ], [ 110.373596698823164, -7.787154908654526, 0.0 ], [ 110.373511541399921, -7.78714031358243, 0.0 ] ] ] ] } },
{ "type": "Feature", "properties": { "D_NOP": "347106000400500130", "D_LUAS": 0.0, "ASR": null, "KD PROPINS": null, "KD DATI2": null, "KD KECAMAT": null, "KD KELURAH": null, "KD BLOK": null, "NO URUT": null, "KD JNS OP": null, "THN PAJAK": null, "NO PERSIL": null, "LUAS BUMI": null, "LUAS BNG S": null, "NJOP BUMI": null, "NJOP BNG S": null, "NJOP SPPT": null, "NJOPTKP SP": null, "NJKP SPPT": null, "PBB TERHUT": null, "FAKTOR PEN": null, "PBB YG HAR": null, "FLG SYNC": null, "JML KRG BA": null, "FLG BAYAR": null, "ALAMAT OP": null, "NM KELURAH": null, "NM KECAMAT": null }, "geometry": { "type": "MultiPolygon", "coordinates": [ [ [ [ 110.373413108884449, -7.787654821217351, 0.0 ], [ 110.373434668166681, -7.78753973212035, 0.0 ], [ 110.373455450598854, -7.787544827070995, 0.0 ], [ 110.373511896544329, -7.787555671989083, 0.0 ], [ 110.373550526737574, -7.78737667211354, 0.0 ], [ 110.373596698823164, -7.787154908654526, 0.0 ], [ 110.373832484559031, -7.78721105399197, 0.0 ], [ 110.373761970282757, -7.787558754435193, 0.0 ], [ 110.373708837125378, -7.787784667537132, 0.0 ], [ 110.373635793245327, -7.787770994703214, 0.0 ], [ 110.373638512873811, -7.787752550428649, 0.0 ], [ 110.373563602894038, -7.78773652357286, 0.0 ], [ 110.373476064090667, -7.78771396687937, 0.0 ], [ 110.373477926758795, -7.787668301065599, 0.0 ], [ 110.373413108884449, -7.787654821217351, 0.0 ] ] ] ] } },
{ "type": "Feature", "properties": { "D_NOP": "347106000400500120", "D_LUAS": 0.0, "ASR": null, "KD PROPINS": null, "KD DATI2": null, "KD KECAMAT": null, "KD KELURAH": null, "KD BLOK": null, "NO URUT": null, "KD JNS OP": null, "THN PAJAK": null, "NO PERSIL": null, "LUAS BUMI": null, "LUAS BNG S": null, "NJOP BUMI": null, "NJOP BNG S": null, "NJOP SPPT": null, "NJOPTKP SP": null, "NJKP SPPT": null, "PBB TERHUT": null, "FAKTOR PEN": null, "PBB YG HAR": null, "FLG SYNC": null, "JML KRG BA": null, "FLG BAYAR": null, "ALAMAT OP": null, "NM KELURAH": null, "NM KECAMAT": null }, "geometry": { "type": "MultiPolygon", "coordinates": [ [ [ [ 110.373413108884449, -7.787654821217351, 0.0 ], [ 110.373477926758795, -7.787668301065599, 0.0 ], [ 110.373476064090667, -7.78771396687937, 0.0 ], [ 110.373563602894038, -7.78773652357286, 0.0 ], [ 110.37355383515623, -7.787767346726561, 0.0 ], [ 110.373399531120327, -7.787733296823213, 0.0 ], [ 110.373413108884449, -7.787654821217351, 0.0 ] ] ] ] } },
{ "type": "Feature", "properties": { "D_NOP": "347106000400500110", "D_LUAS": 0.0, "ASR": null, "KD PROPINS": null, "KD DATI2": null, "KD KECAMAT": null, "KD KELURAH": null, "KD BLOK": null, "NO URUT": null, "KD JNS OP": null, "THN PAJAK": null, "NO PERSIL": null, "LUAS BUMI": null, "LUAS BNG S": null, "NJOP BUMI": null, "NJOP BNG S": null, "NJOP SPPT": null, "NJOPTKP SP": null, "NJKP SPPT": null, "PBB TERHUT": null, "FAKTOR PEN": null, "PBB YG HAR": null, "FLG SYNC": null, "JML KRG BA": null, "FLG BAYAR": null, "ALAMAT OP": null, "NM KELURAH": null, "NM KECAMAT": null }, "geometry": { "type": "MultiPolygon", "coordinates": [ [ [ [ 110.373469035971752, -7.787360545089736, 0.0 ], [ 110.373550526737574, -7.78737667211354, 0.0 ], [ 110.373511896544329, -7.787555671989083, 0.0 ], [ 110.373455450598854, -7.787544827070995, 0.0 ], [ 110.373488339057474, -7.787404976122748, 0.0 ], [ 110.37345724315864, -7.787395344292736, 0.0 ], [ 110.373469035971752, -7.787360545089736, 0.0 ] ] ] ] } },
{ "type": "Feature", "properties": { "D_NOP": "347106000400500100", "D_LUAS": 0.0, "ASR": null, "KD PROPINS": null, "KD DATI2": null, "KD KECAMAT": null, "KD KELURAH": null, "KD BLOK": null, "NO URUT": null, "KD JNS OP": null, "THN PAJAK": null, "NO PERSIL": null, "LUAS BUMI": null, "LUAS BNG S": null, "NJOP BUMI": null, "NJOP BNG S": null, "NJOP SPPT": null, "NJOPTKP SP": null, "NJKP SPPT": null, "PBB TERHUT": null, "FAKTOR PEN": null, "PBB YG HAR": null, "FLG SYNC": null, "JML KRG BA": null, "FLG BAYAR": null, "ALAMAT OP": null, "NM KELURAH": null, "NM KECAMAT": null }, "geometry": { "type": "MultiPolygon", "coordinates": [ [ [ [ 110.373469035971752, -7.787360545089736, 0.0 ], [ 110.373511541399921, -7.78714031358243, 0.0 ], [ 110.373596698823164, -7.787154908654526, 0.0 ], [ 110.373550526737574, -7.78737667211354, 0.0 ], [ 110.373469035971752, -7.787360545089736, 0.0 ] ] ] ] } },
{ "type": "Feature", "properties": { "D_NOP": "347106000400500150", "D_LUAS": 0.0, "ASR": null, "KD PROPINS": null, "KD DATI2": null, "KD KECAMAT": null, "KD KELURAH": null, "KD BLOK": null, "NO URUT": null, "KD JNS OP": null, "THN PAJAK": null, "NO PERSIL": null, "LUAS BUMI": null, "LUAS BNG S": null, "NJOP BUMI": null, "NJOP BNG S": null, "NJOP SPPT": null, "NJOPTKP SP": null, "NJKP SPPT": null, "PBB TERHUT": null, "FAKTOR PEN": null, "PBB YG HAR": null, "FLG SYNC": null, "JML KRG BA": null, "FLG BAYAR": null, "ALAMAT OP": null, "NM KELURAH": null, "NM KECAMAT": null }, "geometry": { "type": "MultiPolygon", "coordinates": [ [ [ [ 110.373469306339317, -7.787128223609184, 0.0 ], [ 110.37342983049443, -7.787121382812312, 0.0 ], [ 110.373447233893259, -7.787035045200446, 0.0 ], [ 110.373490520889689, -7.787043790715677, 0.0 ], [ 110.373469306339317, -7.787128223609184, 0.0 ] ] ] ] } },
{ "type": "Feature", "properties": { "D_NOP": "347106000400600440", "D_LUAS": 0.0, "ASR": null, "KD PROPINS": null, "KD DATI2": null, "KD KECAMAT": null, "KD KELURAH": null, "KD BLOK": null, "NO URUT": null, "KD JNS OP": null, "THN PAJAK": null, "NO PERSIL": null, "LUAS BUMI": null, "LUAS BNG S": null, "NJOP BUMI": null, "NJOP BNG S": null, "NJOP SPPT": null, "NJOPTKP SP": null, "NJKP SPPT": null, "PBB TERHUT": null, "FAKTOR PEN": null, "PBB YG HAR": null, "FLG SYNC": null, "JML KRG BA": null, "FLG BAYAR": null, "ALAMAT OP": null, "NM KELURAH": null, "NM KECAMAT": null }, "geometry": { "type": "MultiPolygon", "coordinates": [ [ [ [ 110.372427845849487, -7.78734073774704, 0.0 ], [ 110.372432380876106, -7.787207989125498, 0.0 ], [ 110.372611752326364, -7.787181667350135, 0.0 ], [ 110.372618510174405, -7.787213600125827, 0.0 ], [ 110.372693649746182, -7.787226010166925, 0.0 ], [ 110.372789946457132, -7.787242973134159, 0.0 ], [ 110.372793136212096, -7.787310712016454, 0.0 ], [ 110.372427845849487, -7.78734073774704, 0.0 ] ] ] ] } },
{ "type": "Feature", "properties": { "D_NOP": "347106000400600430", "D_LUAS": 0.0, "ASR": null, "KD PROPINS": null, "KD DATI2": null, "KD KECAMAT": null, "KD KELURAH": null, "KD BLOK": null, "NO URUT": null, "KD JNS OP": null, "THN PAJAK": null, "NO PERSIL": null, "LUAS BUMI": null, "LUAS BNG S": null, "NJOP BUMI": null, "NJOP BNG S": null, "NJOP SPPT": null, "NJOPTKP SP": null, "NJKP SPPT": null, "PBB TERHUT": null, "FAKTOR PEN": null, "PBB YG HAR": null, "FLG SYNC": null, "JML KRG BA": null, "FLG BAYAR": null, "ALAMAT OP": null, "NM KELURAH": null, "NM KECAMAT": null }, "geometry": { "type": "MultiPolygon", "coordinates": [ [ [ [ 110.372697811325096, -7.787696176413759, 0.0 ], [ 110.372542433893514, -7.787730220507705, 0.0 ], [ 110.372521030318779, -7.787740498167241, 0.0 ], [ 110.372508689472284, -7.787741474662314, 0.0 ], [ 110.372486495972794, -7.787729775983316, 0.0 ], [ 110.372478106338406, -7.787688797512287, 0.0 ], [ 110.372443781806169, -7.787537090919537, 0.0 ], [ 110.372427845849487, -7.78734073774704, 0.0 ], [ 110.372793136212096, -7.787310712016454, 0.0 ], [ 110.372800322607475, -7.787406490977423, 0.0 ], [ 110.372677428310666, -7.787422587057709, 0.0 ], [ 110.372697811325096, -7.787696176413759, 0.0 ] ] ] ] } },
{ "type": "Feature", "properties": { "D_NOP": "347106000400600420", "D_LUAS": 0.0, "ASR": null, "KD PROPINS": null, "KD DATI2": null, "KD KECAMAT": null, "KD KELURAH": null, "KD BLOK": null, "NO URUT": null, "KD JNS OP": null, "THN PAJAK": null, "NO PERSIL": null, "LUAS BUMI": null, "LUAS BNG S": null, "NJOP BUMI": null, "NJOP BNG S": null, "NJOP SPPT": null, "NJOPTKP SP": null, "NJKP SPPT": null, "PBB TERHUT": null, "FAKTOR PEN": null, "PBB YG HAR": null, "FLG SYNC": null, "JML KRG BA": null, "FLG BAYAR": null, "ALAMAT OP": null, "NM KELURAH": null, "NM KECAMAT": null }, "geometry": { "type": "MultiPolygon", "coordinates": [ [ [ [ 110.372697811325096, -7.787696176413759, 0.0 ], [ 110.372677428310666, -7.787422587057709, 0.0 ], [ 110.372800322607475, -7.787406490977423, 0.0 ], [ 110.372827137666889, -7.787679728118029, 0.0 ], [ 110.372697811325096, -7.787696176413759, 0.0 ] ] ] ] } },
{ "type": "Feature", "properties": { "D_NOP": "347106000400600410", "D_LUAS": 0.0, "ASR": null, "KD PROPINS": null, "KD DATI2": null, "KD KECAMAT": null, "KD KELURAH": null, "KD BLOK": null, "NO URUT": null, "KD JNS OP": null, "THN PAJAK": null, "NO PERSIL": null, "LUAS BUMI": null, "LUAS BNG S": null, "NJOP BUMI": null, "NJOP BNG S": null, "NJOP SPPT": null, "NJOPTKP SP": null, "NJKP SPPT": null, "PBB TERHUT": null, "FAKTOR PEN": null, "PBB YG HAR": null, "FLG SYNC": null, "JML KRG BA": null, "FLG BAYAR": null, "ALAMAT OP": null, "NM KELURAH": null, "NM KECAMAT": null }, "geometry": { "type": "MultiPolygon", "coordinates": [ [ [ [ 110.372800322607475, -7.787406490977423, 0.0 ], [ 110.373154062284357, -7.787399327349165, 0.0 ], [ 110.373203070910748, -7.787634072925174, 0.0 ], [ 110.373192955576144, -7.787647170726089, 0.0 ], [ 110.373182400542916, -7.787654208878995, 0.0 ], [ 110.373149044713799, -7.787655606485823, 0.0 ], [ 110.372827137666889, -7.787679728118029, 0.0 ], [ 110.372800322607475, -7.787406490977423, 0.0 ] ] ] ] } },
{ "type": "Feature", "properties": { "D_NOP": "347106000400600400", "D_LUAS": 0.0, "ASR": null, "KD PROPINS": null, "KD DATI2": null, "KD KECAMAT": null, "KD KELURAH": null, "KD BLOK": null, "NO URUT": null, "KD JNS OP": null, "THN PAJAK": null, "NO PERSIL": null, "LUAS BUMI": null, "LUAS BNG S": null, "NJOP BUMI": null, "NJOP BNG S": null, "NJOP SPPT": null, "NJOPTKP SP": null, "NJKP SPPT": null, "PBB TERHUT": null, "FAKTOR PEN": null, "PBB YG HAR": null, "FLG SYNC": null, "JML KRG BA": null, "FLG BAYAR": null, "ALAMAT OP": null, "NM KELURAH": null, "NM KECAMAT": null }, "geometry": { "type": "MultiPolygon", "coordinates": [ [ [ [ 110.372800322607475, -7.787406490977423, 0.0 ], [ 110.372793136212096, -7.787310712016454, 0.0 ], [ 110.372789946457132, -7.787242973134159, 0.0 ], [ 110.372799744226626, -7.78719198353173, 0.0 ], [ 110.372934142406763, -7.787184495540384, 0.0 ], [ 110.373150490483411, -7.787186081523323, 0.0 ], [ 110.373154062284357, -7.787399327349165, 0.0 ], [ 110.372800322607475, -7.787406490977423, 0.0 ] ] ] ] } },
{ "type": "Feature", "properties": { "D_NOP": "347106000400600390", "D_LUAS": 0.0, "ASR": null, "KD PROPINS": null, "KD DATI2": null, "KD KECAMAT": null, "KD KELURAH": null, "KD BLOK": null, "NO URUT": null, "KD JNS OP": null, "THN PAJAK": null, "NO PERSIL": null, "LUAS BUMI": null, "LUAS BNG S": null, "NJOP BUMI": null, "NJOP BNG S": null, "NJOP SPPT": null, "NJOPTKP SP": null, "NJKP SPPT": null, "PBB TERHUT": null, "FAKTOR PEN": null, "PBB YG HAR": null, "FLG SYNC": null, "JML KRG BA": null, "FLG BAYAR": null, "ALAMAT OP": null, "NM KELURAH": null, "NM KECAMAT": null }, "geometry": { "type": "MultiPolygon", "coordinates": [ [ [ [ 110.372934142406763, -7.787184495540384, 0.0 ], [ 110.37296660227473, -7.786930608247857, 0.0 ], [ 110.373089513629125, -7.786902936697924, 0.0 ], [ 110.373124072392883, -7.786897200095128, 0.0 ], [ 110.37316917985207, -7.786888675667789, 0.0 ], [ 110.37318360319793, -7.786895389018344, 0.0 ], [ 110.373189347310969, -7.786904983387321, 0.0 ], [ 110.373191195537856, -7.786919364935351, 0.0 ], [ 110.373189283333275, -7.786948029307069, 0.0 ], [ 110.373150490483411, -7.787186081523323, 0.0 ], [ 110.372934142406763, -7.787184495540384, 0.0 ] ] ] ] } },
{ "type": "Feature", "properties": { "D_NOP": "347106000400600380", "D_LUAS": 0.0, "ASR": null, "KD PROPINS": null, "KD DATI2": null, "KD KECAMAT": null, "KD KELURAH": null, "KD BLOK": null, "NO URUT": null, "KD JNS OP": null, "THN PAJAK": null, "NO PERSIL": null, "LUAS BUMI": null, "LUAS BNG S": null, "NJOP BUMI": null, "NJOP BNG S": null, "NJOP SPPT": null, "NJOPTKP SP": null, "NJKP SPPT": null, "PBB TERHUT": null, "FAKTOR PEN": null, "PBB YG HAR": null, "FLG SYNC": null, "JML KRG BA": null, "FLG BAYAR": null, "ALAMAT OP": null, "NM KELURAH": null, "NM KECAMAT": null }, "geometry": { "type": "MultiPolygon", "coordinates": [ [ [ [ 110.372799744226626, -7.78719198353173, 0.0 ], [ 110.372833376242028, -7.78695455675888, 0.0 ], [ 110.37296660227473, -7.786930608247857, 0.0 ], [ 110.372934142406763, -7.787184495540384, 0.0 ], [ 110.372799744226626, -7.78719198353173, 0.0 ] ] ] ] } },
{ "type": "Feature", "properties": { "D_NOP": "347106000400600370", "D_LUAS": 0.0, "ASR": null, "KD PROPINS": null, "KD DATI2": null, "KD KECAMAT": null, "KD KELURAH": null, "KD BLOK": null, "NO URUT": null, "KD JNS OP": null, "THN PAJAK": null, "NO PERSIL": null, "LUAS BUMI": null, "LUAS BNG S": null, "NJOP BUMI": null, "NJOP BNG S": null, "NJOP SPPT": null, "NJOPTKP SP": null, "NJKP SPPT": null, "PBB TERHUT": null, "FAKTOR PEN": null, "PBB YG HAR": null, "FLG SYNC": null, "JML KRG BA": null, "FLG BAYAR": null, "ALAMAT OP": null, "NM KELURAH": null, "NM KECAMAT": null }, "geometry": { "type": "MultiPolygon", "coordinates": [ [ [ [ 110.372693649746182, -7.787226010166925, 0.0 ], [ 110.372727085585126, -7.786969682663296, 0.0 ], [ 110.372833376242028, -7.78695455675888, 0.0 ], [ 110.372799744226626, -7.78719198353173, 0.0 ], [ 110.372789946457132, -7.787242973134159, 0.0 ], [ 110.372693649746182, -7.787226010166925, 0.0 ] ] ] ] } },
{ "type": "Feature", "properties": { "D_NOP": "347106000400600360", "D_LUAS": 0.0, "ASR": null, "KD PROPINS": null, "KD DATI2": null, "KD KECAMAT": null, "KD KELURAH": null, "KD BLOK": null, "NO URUT": null, "KD JNS OP": null, "THN PAJAK": null, "NO PERSIL": null, "LUAS BUMI": null, "LUAS BNG S": null, "NJOP BUMI": null, "NJOP BNG S": null, "NJOP SPPT": null, "NJOPTKP SP": null, "NJKP SPPT": null, "PBB TERHUT": null, "FAKTOR PEN": null, "PBB YG HAR": null, "FLG SYNC": null, "JML KRG BA": null, "FLG BAYAR": null, "ALAMAT OP": null, "NM KELURAH": null, "NM KECAMAT": null }, "geometry": { "type": "MultiPolygon", "coordinates": [ [ [ [ 110.372432380876106, -7.787207989125498, 0.0 ], [ 110.372493515781926, -7.787032820863804, 0.0 ], [ 110.372508058979676, -7.787009239429087, 0.0 ], [ 110.372517569856711, -7.787000300658454, 0.0 ], [ 110.372533288470208, -7.786990918910544, 0.0 ], [ 110.372563953638647, -7.786988432172934, 0.0 ], [ 110.372727085585126, -7.786969682663296, 0.0 ], [ 110.372693649746182, -7.787226010166925, 0.0 ], [ 110.372618510174405, -7.787213600125827, 0.0 ], [ 110.372611752326364, -7.787181667350135, 0.0 ], [ 110.372432380876106, -7.787207989125498, 0.0 ] ] ] ] } },
{ "type": "Feature", "properties": { "D_NOP": "347106000400600730", "D_LUAS": 0.0, "ASR": null, "KD PROPINS": null, "KD DATI2": null, "KD KECAMAT": null, "KD KELURAH": null, "KD BLOK": null, "NO URUT": null, "KD JNS OP": null, "THN PAJAK": null, "NO PERSIL": null, "LUAS BUMI": null, "LUAS BNG S": null, "NJOP BUMI": null, "NJOP BNG S": null, "NJOP SPPT": null, "NJOPTKP SP": null, "NJKP SPPT": null, "PBB TERHUT": null, "FAKTOR PEN": null, "PBB YG HAR": null, "FLG SYNC": null, "JML KRG BA": null, "FLG BAYAR": null, "ALAMAT OP": null, "NM KELURAH": null, "NM KECAMAT": null }, "geometry": { "type": "MultiPolygon", "coordinates": [ [ [ [ 110.371757949642003, -7.7890841033959, 0.0 ], [ 110.371778983019965, -7.789021193361171, 0.0 ], [ 110.371844561805489, -7.789025993052324, 0.0 ], [ 110.371834821130577, -7.789088738960838, 0.0 ], [ 110.371757949642003, -7.7890841033959, 0.0 ] ] ] ] } },
{ "type": "Feature", "properties": { "D_NOP": "347106000400601260", "D_LUAS": 0.0, "ASR": null, "KD PROPINS": null, "KD DATI2": null, "KD KECAMAT": null, "KD KELURAH": null, "KD BLOK": null, "NO URUT": null, "KD JNS OP": null, "THN PAJAK": null, "NO PERSIL": null, "LUAS BUMI": null, "LUAS BNG S": null, "NJOP BUMI": null, "NJOP BNG S": null, "NJOP SPPT": null, "NJOPTKP SP": null, "NJKP SPPT": null, "PBB TERHUT": null, "FAKTOR PEN": null, "PBB YG HAR": null, "FLG SYNC": null, "JML KRG BA": null, "FLG BAYAR": null, "ALAMAT OP": null, "NM KELURAH": null, "NM KECAMAT": null }, "geometry": { "type": "MultiPolygon", "coordinates": [ [ [ [ 110.373394720075922, -7.789008120902404, 0.0 ], [ 110.37339079481329, -7.78898234175247, 0.0 ], [ 110.373390065114535, -7.788970132246047, 0.0 ], [ 110.373452147346299, -7.788962627659796, 0.0 ], [ 110.373454445635119, -7.788976105543969, 0.0 ], [ 110.373458971191653, -7.789000529088935, 0.0 ], [ 110.373394720075922, -7.789008120902404, 0.0 ] ] ] ] } },
{ "type": "Feature", "properties": { "D_NOP": "347106000400601250", "D_LUAS": 0.0, "ASR": null, "KD PROPINS": null, "KD DATI2": null, "KD KECAMAT": null, "KD KELURAH": null, "KD BLOK": null, "NO URUT": null, "KD JNS OP": null, "THN PAJAK": null, "NO PERSIL": null, "LUAS BUMI": null, "LUAS BNG S": null, "NJOP BUMI": null, "NJOP BNG S": null, "NJOP SPPT": null, "NJOPTKP SP": null, "NJKP SPPT": null, "PBB TERHUT": null, "FAKTOR PEN": null, "PBB YG HAR": null, "FLG SYNC": null, "JML KRG BA": null, "FLG BAYAR": null, "ALAMAT OP": null, "NM KELURAH": null, "NM KECAMAT": null }, "geometry": { "type": "MultiPolygon", "coordinates": [ [ [ [ 110.373221937885589, -7.78902839369612, 0.0 ], [ 110.373217946587687, -7.788996736316091, 0.0 ], [ 110.373215285408975, -7.788975842405437, 0.0 ], [ 110.373289558015813, -7.788967994137449, 0.0 ], [ 110.373291543182518, -7.788990876569965, 0.0 ], [ 110.373294266110534, -7.789020542552953, 0.0 ], [ 110.373221937885589, -7.78902839369612, 0.0 ] ] ] ] } },
{ "type": "Feature", "properties": { "D_NOP": "347106000400601240", "D_LUAS": 0.0, "ASR": null, "KD PROPINS": null, "KD DATI2": null, "KD KECAMAT": null, "KD KELURAH": null, "KD BLOK": null, "NO URUT": null, "KD JNS OP": null, "THN PAJAK": null, "NO PERSIL": null, "LUAS BUMI": null, "LUAS BNG S": null, "NJOP BUMI": null, "NJOP BNG S": null, "NJOP SPPT": null, "NJOPTKP SP": null, "NJKP SPPT": null, "PBB TERHUT": null, "FAKTOR PEN": null, "PBB YG HAR": null, "FLG SYNC": null, "JML KRG BA": null, "FLG BAYAR": null, "ALAMAT OP": null, "NM KELURAH": null, "NM KECAMAT": null }, "geometry": { "type": "MultiPolygon", "coordinates": [ [ [ [ 110.372943452814127, -7.789020204599128, 0.0 ], [ 110.373043748742674, -7.789013480064693, 0.0 ], [ 110.373044668627529, -7.789048659781336, 0.0 ], [ 110.372943624309826, -7.789055744939383, 0.0 ], [ 110.372943452814127, -7.789020204599128, 0.0 ] ] ] ] } },
{ "type": "Feature", "properties": { "D_NOP": "347106000400601230", "D_LUAS": 0.0, "ASR": null, "KD PROPINS": null, "KD DATI2": null, "KD KECAMAT": null, "KD KELURAH": null, "KD BLOK": null, "NO URUT": null, "KD JNS OP": null, "THN PAJAK": null, "NO PERSIL": null, "LUAS BUMI": null, "LUAS BNG S": null, "NJOP BUMI": null, "NJOP BNG S": null, "NJOP SPPT": null, "NJOPTKP SP": null, "NJKP SPPT": null, "PBB TERHUT": null, "FAKTOR PEN": null, "PBB YG HAR": null, "FLG SYNC": null, "JML KRG BA": null, "FLG BAYAR": null, "ALAMAT OP": null, "NM KELURAH": null, "NM KECAMAT": null }, "geometry": { "type": "MultiPolygon", "coordinates": [ [ [ [ 110.372881546499968, -7.789060265173846, 0.0 ], [ 110.372879206803731, -7.789024359895042, 0.0 ], [ 110.372943452814127, -7.789020204599128, 0.0 ], [ 110.372943624309826, -7.789055744939383, 0.0 ], [ 110.37291355780232, -7.78905787084714, 0.0 ], [ 110.372881546499968, -7.789060265173846, 0.0 ] ] ] ] } },
{ "type": "Feature", "properties": { "D_NOP": "347106000400601220", "D_LUAS": 0.0, "ASR": null, "KD PROPINS": null, "KD DATI2": null, "KD KECAMAT": null, "KD KELURAH": null, "KD BLOK": null, "NO URUT": null, "KD JNS OP": null, "THN PAJAK": null, "NO PERSIL": null, "LUAS BUMI": null, "LUAS BNG S": null, "NJOP BUMI": null, "NJOP BNG S": null, "NJOP SPPT": null, "NJOPTKP SP": null, "NJKP SPPT": null, "PBB TERHUT": null, "FAKTOR PEN": null, "PBB YG HAR": null, "FLG SYNC": null, "JML KRG BA": null, "FLG BAYAR": null, "ALAMAT OP": null, "NM KELURAH": null, "NM KECAMAT": null }, "geometry": { "type": "MultiPolygon", "coordinates": [ [ [ [ 110.372832685875693, -7.78902772751209, 0.0 ], [ 110.372879206803731, -7.789024359895042, 0.0 ], [ 110.372881546499968, -7.789060265173846, 0.0 ], [ 110.37283652098445, -7.789063815869011, 0.0 ], [ 110.372832685875693, -7.78902772751209, 0.0 ] ] ] ] } },
{ "type": "Feature", "properties": { "D_NOP": "347106000400601210", "D_LUAS": 0.0, "ASR": null, "KD PROPINS": null, "KD DATI2": null, "KD KECAMAT": null, "KD KELURAH": null, "KD BLOK": null, "NO URUT": null, "KD JNS OP": null, "THN PAJAK": null, "NO PERSIL": null, "LUAS BUMI": null, "LUAS BNG S": null, "NJOP BUMI": null, "NJOP BNG S": null, "NJOP SPPT": null, "NJOPTKP SP": null, "NJKP SPPT": null, "PBB TERHUT": null, "FAKTOR PEN": null, "PBB YG HAR": null, "FLG SYNC": null, "JML KRG BA": null, "FLG BAYAR": null, "ALAMAT OP": null, "NM KELURAH": null, "NM KECAMAT": null }, "geometry": { "type": "MultiPolygon", "coordinates": [ [ [ [ 110.372787755447504, -7.789067903621965, 0.0 ], [ 110.372784221497994, -7.789030459218768, 0.0 ], [ 110.372832685875693, -7.78902772751209, 0.0 ], [ 110.37283652098445, -7.789063815869011, 0.0 ], [ 110.372787755447504, -7.789067903621965, 0.0 ] ] ] ] } },
{ "type": "Feature", "properties": { "D_NOP": "347106000400601200", "D_LUAS": 0.0, "ASR": null, "KD PROPINS": null, "KD DATI2": null, "KD KECAMAT": null, "KD KELURAH": null, "KD BLOK": null, "NO URUT": null, "KD JNS OP": null, "THN PAJAK": null, "NO PERSIL": null, "LUAS BUMI": null, "LUAS BNG S": null, "NJOP BUMI": null, "NJOP BNG S": null, "NJOP SPPT": null, "NJOPTKP SP": null, "NJKP SPPT": null, "PBB TERHUT": null, "FAKTOR PEN": null, "PBB YG HAR": null, "FLG SYNC": null, "JML KRG BA": null, "FLG BAYAR": null, "ALAMAT OP": null, "NM KELURAH": null, "NM KECAMAT": null }, "geometry": { "type": "MultiPolygon", "coordinates": [ [ [ [ 110.372736747323543, -7.789071355021137, 0.0 ], [ 110.372733661411502, -7.7890343634448, 0.0 ], [ 110.372784221497994, -7.789030459218768, 0.0 ], [ 110.372787755447504, -7.789067903621965, 0.0 ], [ 110.372736747323543, -7.789071355021137, 0.0 ] ] ] ] } },
{ "type": "Feature", "properties": { "D_NOP": "347106000400601190", "D_LUAS": 0.0, "ASR": null, "KD PROPINS": null, "KD DATI2": null, "KD KECAMAT": null, "KD KELURAH": null, "KD BLOK": null, "NO URUT": null, "KD JNS OP": null, "THN PAJAK": null, "NO PERSIL": null, "LUAS BUMI": null, "LUAS BNG S": null, "NJOP BUMI": null, "NJOP BNG S": null, "NJOP SPPT": null, "NJOPTKP SP": null, "NJKP SPPT": null, "PBB TERHUT": null, "FAKTOR PEN": null, "PBB YG HAR": null, "FLG SYNC": null, "JML KRG BA": null, "FLG BAYAR": null, "ALAMAT OP": null, "NM KELURAH": null, "NM KECAMAT": null }, "geometry": { "type": "MultiPolygon", "coordinates": [ [ [ [ 110.372683943165612, -7.789075617651148, 0.0 ], [ 110.372680856450927, -7.789039168670317, 0.0 ], [ 110.372733661411502, -7.7890343634448, 0.0 ], [ 110.372736747323543, -7.789071355021137, 0.0 ], [ 110.372683943165612, -7.789075617651148, 0.0 ] ] ] ] } },
{ "type": "Feature", "properties": { "D_NOP": "347106000400601180", "D_LUAS": 0.0, "ASR": null, "KD PROPINS": "34", "KD DATI2": "71", "KD KECAMAT": "060", "KD KELURAH": "004", "KD BLOK": "006", "NO URUT": "0118", "KD JNS OP": "0", "THN PAJAK": "2023", "NO PERSIL": null, "LUAS BUMI": "24", "LUAS BNG S": 24, "NJOP BUMI": 74400000.0, "NJOP BNG S": 8760000.0, "NJOP SPPT": 83160000.0, "NJOPTKP SP": 20000000.0, "NJKP SPPT": 0, "PBB TERHUT": 31580, "FAKTOR PEN": 9300.0, "PBB YG HAR": 22280, "FLG SYNC": "0", "JML KRG BA": "0", "FLG BAYAR": "0", "ALAMAT OP": "KP KRASAK 45 RW 04 RT 016", "NM KELURAH": "KOTABARU", "NM KECAMAT": "GONDOKUSUMAN" }, "geometry": { "type": "MultiPolygon", "coordinates": [ [ [ [ 110.372616610976479, -7.789042962195649, 0.0 ], [ 110.372680856450927, -7.789039168670317, 0.0 ], [ 110.372683943165612, -7.789075617651148, 0.0 ], [ 110.372669206760918, -7.789078218392657, 0.0 ], [ 110.3726201457184, -7.78907986400354, 0.0 ], [ 110.372616610976479, -7.789042962195649, 0.0 ] ] ] ] } },
{ "type": "Feature", "properties": { "D_NOP": "347106000400601170", "D_LUAS": 0.0, "ASR": null, "KD PROPINS": null, "KD DATI2": null, "KD KECAMAT": null, "KD KELURAH": null, "KD BLOK": null, "NO URUT": null, "KD JNS OP": null, "THN PAJAK": null, "NO PERSIL": null, "LUAS BUMI": null, "LUAS BNG S": null, "NJOP BUMI": null, "NJOP BNG S": null, "NJOP SPPT": null, "NJOPTKP SP": null, "NJKP SPPT": null, "PBB TERHUT": null, "FAKTOR PEN": null, "PBB YG HAR": null, "FLG SYNC": null, "JML KRG BA": null, "FLG BAYAR": null, "ALAMAT OP": null, "NM KELURAH": null, "NM KECAMAT": null }, "geometry": { "type": "MultiPolygon", "coordinates": [ [ [ [ 110.372616610976479, -7.789042962195649, 0.0 ], [ 110.3726201457184, -7.78907986400354, 0.0 ], [ 110.372576765858625, -7.789083145808134, 0.0 ], [ 110.37257345695366, -7.789045249573841, 0.0 ], [ 110.372616610976479, -7.789042962195649, 0.0 ] ] ] ] } },
{ "type": "Feature", "properties": { "D_NOP": "347106000400601160", "D_LUAS": 0.0, "ASR": null, "KD PROPINS": null, "KD DATI2": null, "KD KECAMAT": null, "KD KELURAH": null, "KD BLOK": null, "NO URUT": null, "KD JNS OP": null, "THN PAJAK": null, "NO PERSIL": null, "LUAS BUMI": null, "LUAS BNG S": null, "NJOP BUMI": null, "NJOP BNG S": null, "NJOP SPPT": null, "NJOPTKP SP": null, "NJKP SPPT": null, "PBB TERHUT": null, "FAKTOR PEN": null, "PBB YG HAR": null, "FLG SYNC": null, "JML KRG BA": null, "FLG BAYAR": null, "ALAMAT OP": null, "NM KELURAH": null, "NM KECAMAT": null }, "geometry": { "type": "MultiPolygon", "coordinates": [ [ [ [ 110.372479587755265, -7.789055148657467, 0.0 ], [ 110.37257345695366, -7.789045249573841, 0.0 ], [ 110.372576765858625, -7.789083145808134, 0.0 ], [ 110.372556347059458, -7.789084924239503, 0.0 ], [ 110.372487615733135, -7.789087897209415, 0.0 ], [ 110.372479587755265, -7.789055148657467, 0.0 ] ] ] ] } },
{ "type": "Feature", "properties": { "D_NOP": "347106000400601150", "D_LUAS": 0.0, "ASR": null, "KD PROPINS": null, "KD DATI2": null, "KD KECAMAT": null, "KD KELURAH": null, "KD BLOK": null, "NO URUT": null, "KD JNS OP": null, "THN PAJAK": null, "NO PERSIL": null, "LUAS BUMI": null, "LUAS BNG S": null, "NJOP BUMI": null, "NJOP BNG S": null, "NJOP SPPT": null, "NJOPTKP SP": null, "NJKP SPPT": null, "PBB TERHUT": null, "FAKTOR PEN": null, "PBB YG HAR": null, "FLG SYNC": null, "JML KRG BA": null, "FLG BAYAR": null, "ALAMAT OP": null, "NM KELURAH": null, "NM KECAMAT": null }, "geometry": { "type": "MultiPolygon", "coordinates": [ [ [ [ 110.37249739037803, -7.788700768934198, 0.0 ], [ 110.373100780161408, -7.788882165566332, 0.0 ], [ 110.373091025445405, -7.789004778007207, 0.0 ], [ 110.373043748742674, -7.789013480064693, 0.0 ], [ 110.372943452814127, -7.789020204599128, 0.0 ], [ 110.372879206803731, -7.789024359895042, 0.0 ], [ 110.372832685875693, -7.78902772751209, 0.0 ], [ 110.372784221497994, -7.789030459218768, 0.0 ], [ 110.372733661411502, -7.7890343634448, 0.0 ], [ 110.372680856450927, -7.789039168670317, 0.0 ], [ 110.372616610976479, -7.789042962195649, 0.0 ], [ 110.37257345695366, -7.789045249573841, 0.0 ], [ 110.372479587755265, -7.789055148657467, 0.0 ], [ 110.372454242752298, -7.789050499063602, 0.0 ], [ 110.372456633883672, -7.789001578468493, 0.0 ], [ 110.372481664049559, -7.788966527604296, 0.0 ], [ 110.37249739037803, -7.788700768934198, 0.0 ] ] ] ] } },
{ "type": "Feature", "properties": { "D_NOP": "347106000400601130", "D_LUAS": 0.0, "ASR": null, "KD PROPINS": null, "KD DATI2": null, "KD KECAMAT": null, "KD KELURAH": null, "KD BLOK": null, "NO URUT": null, "KD JNS OP": null, "THN PAJAK": null, "NO PERSIL": null, "LUAS BUMI": null, "LUAS BNG S": null, "NJOP BUMI": null, "NJOP BNG S": null, "NJOP SPPT": null, "NJOPTKP SP": null, "NJKP SPPT": null, "PBB TERHUT": null, "FAKTOR PEN": null, "PBB YG HAR": null, "FLG SYNC": null, "JML KRG BA": null, "FLG BAYAR": null, "ALAMAT OP": null, "NM KELURAH": null, "NM KECAMAT": null }, "geometry": { "type": "MultiPolygon", "coordinates": [ [ [ [ 110.372396751883116, -7.788987924893948, 0.0 ], [ 110.372456633883672, -7.789001578468493, 0.0 ], [ 110.372454242752298, -7.789050499063602, 0.0 ], [ 110.372408529641376, -7.789063815435494, 0.0 ], [ 110.372396751883116, -7.788987924893948, 0.0 ] ] ] ] } },
{ "type": "Feature", "properties": { "D_NOP": "347106000400601120", "D_LUAS": 0.0, "ASR": null, "KD PROPINS": null, "KD DATI2": null, "KD KECAMAT": null, "KD KELURAH": null, "KD BLOK": null, "NO URUT": null, "KD JNS OP": null, "THN PAJAK": null, "NO PERSIL": null, "LUAS BUMI": null, "LUAS BNG S": null, "NJOP BUMI": null, "NJOP BNG S": null, "NJOP SPPT": null, "NJOPTKP SP": null, "NJKP SPPT": null, "PBB TERHUT": null, "FAKTOR PEN": null, "PBB YG HAR": null, "FLG SYNC": null, "JML KRG BA": null, "FLG BAYAR": null, "ALAMAT OP": null, "NM KELURAH": null, "NM KECAMAT": null }, "geometry": { "type": "MultiPolygon", "coordinates": [ [ [ [ 110.37234891136363, -7.788973475246358, 0.0 ], [ 110.372396751883116, -7.788987924893948, 0.0 ], [ 110.372408529641376, -7.789063815435494, 0.0 ], [ 110.37236393627272, -7.789078489951903, 0.0 ], [ 110.372355550942004, -7.789034617637248, 0.0 ], [ 110.37234891136363, -7.788973475246358, 0.0 ] ] ] ] } },
{ "type": "Feature", "properties": { "D_NOP": "347106000400601110", "D_LUAS": 0.0, "ASR": null, "KD PROPINS": null, "KD DATI2": null, "KD KECAMAT": null, "KD KELURAH": null, "KD BLOK": null, "NO URUT": null, "KD JNS OP": null, "THN PAJAK": null, "NO PERSIL": null, "LUAS BUMI": null, "LUAS BNG S": null, "NJOP BUMI": null, "NJOP BNG S": null, "NJOP SPPT": null, "NJOPTKP SP": null, "NJKP SPPT": null, "PBB TERHUT": null, "FAKTOR PEN": null, "PBB YG HAR": null, "FLG SYNC": null, "JML KRG BA": null, "FLG BAYAR": null, "ALAMAT OP": null, "NM KELURAH": null, "NM KECAMAT": null }, "geometry": { "type": "MultiPolygon", "coordinates": [ [ [ [ 110.37230433085621, -7.789029748854849, 0.0 ], [ 110.372355550942004, -7.789034617637248, 0.0 ], [ 110.37236393627272, -7.789078489951903, 0.0 ], [ 110.372296528850526, -7.789096386259667, 0.0 ], [ 110.37230433085621, -7.789029748854849, 0.0 ] ] ] ] } },
{ "type": "Feature", "properties": { "D_NOP": "347106000400601100", "D_LUAS": 0.0, "ASR": null, "KD PROPINS": "34", "KD DATI2": "71", "KD KECAMAT": "060", "KD KELURAH": "004", "KD BLOK": "006", "NO URUT": "0110", "KD JNS OP": "0", "THN PAJAK": "2023", "NO PERSIL": null, "LUAS BUMI": "55", "LUAS BNG S": 100, "NJOP BUMI": 170500000.0, "NJOP BNG S": 82300000.0, "NJOP SPPT": 252800000.0, "NJOPTKP SP": 20000000.0, "NJKP SPPT": 0, "PBB TERHUT": 116400, "FAKTOR PEN": 21312.0, "PBB YG HAR": 95088, "FLG SYNC": "0", "JML KRG BA": "0", "FLG BAYAR": "0", "ALAMAT OP": "KP KRASAK 38 RW 04 RT 016", "NM KELURAH": "KOTABARU", "NM KECAMAT": "GONDOKUSUMAN" }, "geometry": { "type": "MultiPolygon", "coordinates": [ [ [ [ 110.372276739232944, -7.789027175877677, 0.0 ], [ 110.372295767359176, -7.788954857832204, 0.0 ], [ 110.372328958507524, -7.788963678961183, 0.0 ], [ 110.37234891136363, -7.788973475246358, 0.0 ], [ 110.372355550942004, -7.789034617637248, 0.0 ], [ 110.37230433085621, -7.789029748854849, 0.0 ], [ 110.372276739232944, -7.789027175877677, 0.0 ] ] ] ] } },
{ "type": "Feature", "properties": { "D_NOP": "347106000400601090", "D_LUAS": 0.0, "ASR": null, "KD PROPINS": null, "KD DATI2": null, "KD KECAMAT": null, "KD KELURAH": null, "KD BLOK": null, "NO URUT": null, "KD JNS OP": null, "THN PAJAK": null, "NO PERSIL": null, "LUAS BUMI": null, "LUAS BNG S": null, "NJOP BUMI": null, "NJOP BNG S": null, "NJOP SPPT": null, "NJOPTKP SP": null, "NJKP SPPT": null, "PBB TERHUT": null, "FAKTOR PEN": null, "PBB YG HAR": null, "FLG SYNC": null, "JML KRG BA": null, "FLG BAYAR": null, "ALAMAT OP": null, "NM KELURAH": null, "NM KECAMAT": null }, "geometry": { "type": "MultiPolygon", "coordinates": [ [ [ [ 110.372321318872466, -7.788820783855615, 0.0 ], [ 110.372365270728508, -7.788835137314481, 0.0 ], [ 110.372328958507524, -7.788963678961183, 0.0 ], [ 110.372295767359176, -7.788954857832204, 0.0 ], [ 110.372310684229703, -7.78888126763834, 0.0 ], [ 110.372315127868134, -7.788860203380557, 0.0 ], [ 110.372321318872466, -7.788820783855615, 0.0 ] ] ] ] } },
{ "type": "Feature", "properties": { "D_NOP": "347106000400601080", "D_LUAS": 0.0, "ASR": null, "KD PROPINS": null, "KD DATI2": null, "KD KECAMAT": null, "KD KELURAH": null, "KD BLOK": null, "NO URUT": null, "KD JNS OP": null, "THN PAJAK": null, "NO PERSIL": null, "LUAS BUMI": null, "LUAS BNG S": null, "NJOP BUMI": null, "NJOP BNG S": null, "NJOP SPPT": null, "NJOPTKP SP": null, "NJKP SPPT": null, "PBB TERHUT": null, "FAKTOR PEN": null, "PBB YG HAR": null, "FLG SYNC": null, "JML KRG BA": null, "FLG BAYAR": null, "ALAMAT OP": null, "NM KELURAH": null, "NM KECAMAT": null }, "geometry": { "type": "MultiPolygon", "coordinates": [ [ [ [ 110.372313354790592, -7.788795360451364, 0.0 ], [ 110.372353909908355, -7.788680118705413, 0.0 ], [ 110.372452194201159, -7.788718517285688, 0.0 ], [ 110.372412174305396, -7.788825892183028, 0.0 ], [ 110.37237225743111, -7.788813805522818, 0.0 ], [ 110.372325687725251, -7.788799719486832, 0.0 ], [ 110.372313354790592, -7.788795360451364, 0.0 ] ] ] ] } },
{ "type": "Feature", "properties": { "D_NOP": "347106000400601070", "D_LUAS": 0.0, "ASR": null, "KD PROPINS": null, "KD DATI2": null, "KD KECAMAT": null, "KD KELURAH": null, "KD BLOK": null, "NO URUT": null, "KD JNS OP": null, "THN PAJAK": null, "NO PERSIL": null, "LUAS BUMI": null, "LUAS BNG S": null, "NJOP BUMI": null, "NJOP BNG S": null, "NJOP SPPT": null, "NJOPTKP SP": null, "NJKP SPPT": null, "PBB TERHUT": null, "FAKTOR PEN": null, "PBB YG HAR": null, "FLG SYNC": null, "JML KRG BA": null, "FLG BAYAR": null, "ALAMAT OP": null, "NM KELURAH": null, "NM KECAMAT": null }, "geometry": { "type": "MultiPolygon", "coordinates": [ [ [ [ 110.372247425670722, -7.788774734579845, 0.0 ], [ 110.372270599488289, -7.788781008759484, 0.0 ], [ 110.372313354790592, -7.788795360451364, 0.0 ], [ 110.372325687725251, -7.788799719486832, 0.0 ], [ 110.372321318872466, -7.788820783855615, 0.0 ], [ 110.372315127868134, -7.788860203380557, 0.0 ], [ 110.372229987539498, -7.788833942225506, 0.0 ], [ 110.372247425670722, -7.788774734579845, 0.0 ] ] ] ] } },
{ "type": "Feature", "properties": { "D_NOP": "347106000400601060", "D_LUAS": 0.0, "ASR": null, "KD PROPINS": null, "KD DATI2": null, "KD KECAMAT": null, "KD KELURAH": null, "KD BLOK": null, "NO URUT": null, "KD JNS OP": null, "THN PAJAK": null, "NO PERSIL": null, "LUAS BUMI": null, "LUAS BNG S": null, "NJOP BUMI": null, "NJOP BNG S": null, "NJOP SPPT": null, "NJOPTKP SP": null, "NJKP SPPT": null, "PBB TERHUT": null, "FAKTOR PEN": null, "PBB YG HAR": null, "FLG SYNC": null, "JML KRG BA": null, "FLG BAYAR": null, "ALAMAT OP": null, "NM KELURAH": null, "NM KECAMAT": null }, "geometry": { "type": "MultiPolygon", "coordinates": [ [ [ [ 110.372206517919565, -7.788925877602884, 0.0 ], [ 110.372225390154739, -7.788857809670562, 0.0 ], [ 110.372310684229703, -7.78888126763834, 0.0 ], [ 110.372295767359176, -7.788954857832204, 0.0 ], [ 110.372206517919565, -7.788925877602884, 0.0 ] ] ] ] } },
{ "type": "Feature", "properties": { "D_NOP": "347106000400601050", "D_LUAS": 0.0, "ASR": null, "KD PROPINS": null, "KD DATI2": null, "KD KECAMAT": null, "KD KELURAH": null, "KD BLOK": null, "NO URUT": null, "KD JNS OP": null, "THN PAJAK": null, "NO PERSIL": null, "LUAS BUMI": null, "LUAS BNG S": null, "NJOP BUMI": null, "NJOP BNG S": null, "NJOP SPPT": null, "NJOPTKP SP": null, "NJKP SPPT": null, "PBB TERHUT": null, "FAKTOR PEN": null, "PBB YG HAR": null, "FLG SYNC": null, "JML KRG BA": null, "FLG BAYAR": null, "ALAMAT OP": null, "NM KELURAH": null, "NM KECAMAT": null }, "geometry": { "type": "MultiPolygon", "coordinates": [ [ [ [ 110.372187564698962, -7.788998105321527, 0.0 ], [ 110.372206517919565, -7.788925877602884, 0.0 ], [ 110.372295767359176, -7.788954857832204, 0.0 ], [ 110.372276739232944, -7.789027175877677, 0.0 ], [ 110.372265890129199, -7.789030777122329, 0.0 ], [ 110.372187564698962, -7.788998105321527, 0.0 ] ] ] ] } },
{ "type": "Feature", "properties": { "D_NOP": "347106000400601040", "D_LUAS": 0.0, "ASR": null, "KD PROPINS": null, "KD DATI2": null, "KD KECAMAT": null, "KD KELURAH": null, "KD BLOK": null, "NO URUT": null, "KD JNS OP": null, "THN PAJAK": null, "NO PERSIL": null, "LUAS BUMI": null, "LUAS BNG S": null, "NJOP BUMI": null, "NJOP BNG S": null, "NJOP SPPT": null, "NJOPTKP SP": null, "NJKP SPPT": null, "PBB TERHUT": null, "FAKTOR PEN": null, "PBB YG HAR": null, "FLG SYNC": null, "JML KRG BA": null, "FLG BAYAR": null, "ALAMAT OP": null, "NM KELURAH": null, "NM KECAMAT": null }, "geometry": { "type": "MultiPolygon", "coordinates": [ [ [ [ 110.372189841450492, -7.789076242613453, 0.0 ], [ 110.372187564698962, -7.788998105321527, 0.0 ], [ 110.372265890129199, -7.789030777122329, 0.0 ], [ 110.372270079721972, -7.78907988832569, 0.0 ], [ 110.372189841450492, -7.789076242613453, 0.0 ] ] ] ] } },
{ "type": "Feature", "properties": { "D_NOP": "347106000400601030", "D_LUAS": 0.0, "ASR": null, "KD PROPINS": null, "KD DATI2": null, "KD KECAMAT": null, "KD KELURAH": null, "KD BLOK": null, "NO URUT": null, "KD JNS OP": null, "THN PAJAK": null, "NO PERSIL": null, "LUAS BUMI": null, "LUAS BNG S": null, "NJOP BUMI": null, "NJOP BNG S": null, "NJOP SPPT": null, "NJOPTKP SP": null, "NJKP SPPT": null, "PBB TERHUT": null, "FAKTOR PEN": null, "PBB YG HAR": null, "FLG SYNC": null, "JML KRG BA": null, "FLG BAYAR": null, "ALAMAT OP": null, "NM KELURAH": null, "NM KECAMAT": null }, "geometry": { "type": "MultiPolygon", "coordinates": [ [ [ [ 110.372189841450492, -7.789076242613453, 0.0 ], [ 110.372270079721972, -7.78907988832569, 0.0 ], [ 110.372269593855137, -7.789104847053087, 0.0 ], [ 110.372188869168568, -7.789126521797592, 0.0 ], [ 110.372189841450492, -7.789076242613453, 0.0 ] ] ] ] } },
{ "type": "Feature", "properties": { "D_NOP": "347106000400601020", "D_LUAS": 0.0, "ASR": null, "KD PROPINS": null, "KD DATI2": null, "KD KECAMAT": null, "KD KELURAH": null, "KD BLOK": null, "NO URUT": null, "KD JNS OP": null, "THN PAJAK": null, "NO PERSIL": null, "LUAS BUMI": null, "LUAS BNG S": null, "NJOP BUMI": null, "NJOP BNG S": null, "NJOP SPPT": null, "NJOPTKP SP": null, "NJKP SPPT": null, "PBB TERHUT": null, "FAKTOR PEN": null, "PBB YG HAR": null, "FLG SYNC": null, "JML KRG BA": null, "FLG BAYAR": null, "ALAMAT OP": null, "NM KELURAH": null, "NM KECAMAT": null }, "geometry": { "type": "MultiPolygon", "coordinates": [ [ [ [ 110.372099480062431, -7.789040659120768, 0.0 ], [ 110.372181371389118, -7.789039062196804, 0.0 ], [ 110.372179769590986, -7.789110320852835, 0.0 ], [ 110.372098185064274, -7.789106763561653, 0.0 ], [ 110.372099480062431, -7.789040659120768, 0.0 ] ] ] ] } },
{ "type": "Feature", "properties": { "D_NOP": "347106000400601010", "D_LUAS": 0.0, "ASR": null, "KD PROPINS": null, "KD DATI2": null, "KD KECAMAT": null, "KD KELURAH": null, "KD BLOK": null, "NO URUT": null, "KD JNS OP": null, "THN PAJAK": null, "NO PERSIL": null, "LUAS BUMI": null, "LUAS BNG S": null, "NJOP BUMI": null, "NJOP BNG S": null, "NJOP SPPT": null, "NJOPTKP SP": null, "NJKP SPPT": null, "PBB TERHUT": null, "FAKTOR PEN": null, "PBB YG HAR": null, "FLG SYNC": null, "JML KRG BA": null, "FLG BAYAR": null, "ALAMAT OP": null, "NM KELURAH": null, "NM KECAMAT": null }, "geometry": { "type": "MultiPolygon", "coordinates": [ [ [ [ 110.372078541375814, -7.788989804883479, 0.0 ], [ 110.372105294396476, -7.788902667316693, 0.0 ], [ 110.372174274329893, -7.788933607066514, 0.0 ], [ 110.37214610028505, -7.789020832966444, 0.0 ], [ 110.372078541375814, -7.788989804883479, 0.0 ] ] ] ] } },
{ "type": "Feature", "properties": { "D_NOP": "347106000400601000", "D_LUAS": 0.0, "ASR": null, "KD PROPINS": null, "KD DATI2": null, "KD KECAMAT": null, "KD KELURAH": null, "KD BLOK": null, "NO URUT": null, "KD JNS OP": null, "THN PAJAK": null, "NO PERSIL": null, "LUAS BUMI": null, "LUAS BNG S": null, "NJOP BUMI": null, "NJOP BNG S": null, "NJOP SPPT": null, "NJOPTKP SP": null, "NJKP SPPT": null, "PBB TERHUT": null, "FAKTOR PEN": null, "PBB YG HAR": null, "FLG SYNC": null, "JML KRG BA": null, "FLG BAYAR": null, "ALAMAT OP": null, "NM KELURAH": null, "NM KECAMAT": null }, "geometry": { "type": "MultiPolygon", "coordinates": [ [ [ [ 110.372129280523197, -7.788815435215926, 0.0 ], [ 110.372201551758934, -7.788845837238861, 0.0 ], [ 110.372182161686609, -7.788910106226271, 0.0 ], [ 110.372111162851255, -7.788878982621894, 0.0 ], [ 110.372129280523197, -7.788815435215926, 0.0 ] ] ] ] } },
{ "type": "Feature", "properties": { "D_NOP": "347106000400600990", "D_LUAS": 0.0, "ASR": null, "KD PROPINS": null, "KD DATI2": null, "KD KECAMAT": null, "KD KELURAH": null, "KD BLOK": null, "NO URUT": null, "KD JNS OP": null, "THN PAJAK": null, "NO PERSIL": null, "LUAS BUMI": null, "LUAS BNG S": null, "NJOP BUMI": null, "NJOP BNG S": null, "NJOP SPPT": null, "NJOPTKP SP": null, "NJKP SPPT": null, "PBB TERHUT": null, "FAKTOR PEN": null, "PBB YG HAR": null, "FLG SYNC": null, "JML KRG BA": null, "FLG BAYAR": null, "ALAMAT OP": null, "NM KELURAH": null, "NM KECAMAT": null }, "geometry": { "type": "MultiPolygon", "coordinates": [ [ [ [ 110.372145971633103, -7.788755683872273, 0.0 ], [ 110.372221920213221, -7.788777409791042, 0.0 ], [ 110.372201551758934, -7.788845837238861, 0.0 ], [ 110.372129280523197, -7.788815435215926, 0.0 ], [ 110.372145971633103, -7.788755683872273, 0.0 ] ] ] ] } },
{ "type": "Feature", "properties": { "D_NOP": "347106000400600980", "D_LUAS": 0.0, "ASR": null, "KD PROPINS": null, "KD DATI2": null, "KD KECAMAT": null, "KD KELURAH": null, "KD BLOK": null, "NO URUT": null, "KD JNS OP": null, "THN PAJAK": null, "NO PERSIL": null, "LUAS BUMI": null, "LUAS BNG S": null, "NJOP BUMI": null, "NJOP BNG S": null, "NJOP SPPT": null, "NJOPTKP SP": null, "NJKP SPPT": null, "PBB TERHUT": null, "FAKTOR PEN": null, "PBB YG HAR": null, "FLG SYNC": null, "JML KRG BA": null, "FLG BAYAR": null, "ALAMAT OP": null, "NM KELURAH": null, "NM KECAMAT": null }, "geometry": { "type": "MultiPolygon", "coordinates": [ [ [ [ 110.372166505952563, -7.788676314306632, 0.0 ], [ 110.372246184440073, -7.788704285606225, 0.0 ], [ 110.372224625775004, -7.788768460952741, 0.0 ], [ 110.372152513006142, -7.788732090605879, 0.0 ], [ 110.372166505952563, -7.788676314306632, 0.0 ] ] ] ] } },
{ "type": "Feature", "properties": { "D_NOP": "347106000400600970", "D_LUAS": 0.0, "ASR": null, "KD PROPINS": null, "KD DATI2": null, "KD KECAMAT": null, "KD KELURAH": null, "KD BLOK": null, "NO URUT": null, "KD JNS OP": null, "THN PAJAK": null, "NO PERSIL": null, "LUAS BUMI": null, "LUAS BNG S": null, "NJOP BUMI": null, "NJOP BNG S": null, "NJOP SPPT": null, "NJOPTKP SP": null, "NJKP SPPT": null, "PBB TERHUT": null, "FAKTOR PEN": null, "PBB YG HAR": null, "FLG SYNC": null, "JML KRG BA": null, "FLG BAYAR": null, "ALAMAT OP": null, "NM KELURAH": null, "NM KECAMAT": null }, "geometry": { "type": "MultiPolygon", "coordinates": [ [ [ [ 110.372270599488289, -7.788781008759484, 0.0 ], [ 110.372315454471448, -7.788640813937682, 0.0 ], [ 110.37236179684561, -7.788656889158124, 0.0 ], [ 110.372313354790592, -7.788795360451364, 0.0 ], [ 110.372270599488289, -7.788781008759484, 0.0 ] ] ] ] } },
{ "type": "Feature", "properties": { "D_NOP": "347106000400600960", "D_LUAS": 0.0, "ASR": null, "KD PROPINS": null, "KD DATI2": null, "KD KECAMAT": null, "KD KELURAH": null, "KD BLOK": null, "NO URUT": null, "KD JNS OP": null, "THN PAJAK": null, "NO PERSIL": null, "LUAS BUMI": null, "LUAS BNG S": null, "NJOP BUMI": null, "NJOP BNG S": null, "NJOP SPPT": null, "NJOPTKP SP": null, "NJKP SPPT": null, "PBB TERHUT": null, "FAKTOR PEN": null, "PBB YG HAR": null, "FLG SYNC": null, "JML KRG BA": null, "FLG BAYAR": null, "ALAMAT OP": null, "NM KELURAH": null, "NM KECAMAT": null }, "geometry": { "type": "MultiPolygon", "coordinates": [ [ [ [ 110.372272477255123, -7.788624834128461, 0.0 ], [ 110.372315454471448, -7.788640813937682, 0.0 ], [ 110.372270599488289, -7.788781008759484, 0.0 ], [ 110.372247425670722, -7.788774734579845, 0.0 ], [ 110.372224625775004, -7.788768460952741, 0.0 ], [ 110.372246184440073, -7.788704285606225, 0.0 ], [ 110.372272477255123, -7.788624834128461, 0.0 ] ] ] ] } },
{ "type": "Feature", "properties": { "D_NOP": "347106000400600950", "D_LUAS": 0.0, "ASR": null, "KD PROPINS": null, "KD DATI2": null, "KD KECAMAT": null, "KD KELURAH": null, "KD BLOK": null, "NO URUT": null, "KD JNS OP": null, "THN PAJAK": null, "NO PERSIL": null, "LUAS BUMI": null, "LUAS BNG S": null, "NJOP BUMI": null, "NJOP BNG S": null, "NJOP SPPT": null, "NJOPTKP SP": null, "NJKP SPPT": null, "PBB TERHUT": null, "FAKTOR PEN": null, "PBB YG HAR": null, "FLG SYNC": null, "JML KRG BA": null, "FLG BAYAR": null, "ALAMAT OP": null, "NM KELURAH": null, "NM KECAMAT": null }, "geometry": { "type": "MultiPolygon", "coordinates": [ [ [ [ 110.372166505952563, -7.788676314306632, 0.0 ], [ 110.372184875292049, -7.788594409414873, 0.0 ], [ 110.372272477255123, -7.788624834128461, 0.0 ], [ 110.372246184440073, -7.788704285606225, 0.0 ], [ 110.372166505952563, -7.788676314306632, 0.0 ] ] ] ] } },
{ "type": "Feature", "properties": { "D_NOP": "347106000400600940", "D_LUAS": 0.0, "ASR": null, "KD PROPINS": null, "KD DATI2": null, "KD KECAMAT": null, "KD KELURAH": null, "KD BLOK": null, "NO URUT": null, "KD JNS OP": null, "THN PAJAK": null, "NO PERSIL": null, "LUAS BUMI": null, "LUAS BNG S": null, "NJOP BUMI": null, "NJOP BNG S": null, "NJOP SPPT": null, "NJOPTKP SP": null, "NJKP SPPT": null, "PBB TERHUT": null, "FAKTOR PEN": null, "PBB YG HAR": null, "FLG SYNC": null, "JML KRG BA": null, "FLG BAYAR": null, "ALAMAT OP": null, "NM KELURAH": null, "NM KECAMAT": null }, "geometry": { "type": "MultiPolygon", "coordinates": [ [ [ [ 110.372100349586205, -7.788707867790226, 0.0 ], [ 110.372137629193574, -7.788582583178174, 0.0 ], [ 110.372168799250815, -7.788592667382688, 0.0 ], [ 110.372134056658453, -7.78872175393251, 0.0 ], [ 110.372100349586205, -7.788707867790226, 0.0 ] ] ] ] } },
{ "type": "Feature", "properties": { "D_NOP": "347106000400600930", "D_LUAS": 0.0, "ASR": null, "KD PROPINS": null, "KD DATI2": null, "KD KECAMAT": null, "KD KELURAH": null, "KD BLOK": null, "NO URUT": null, "KD JNS OP": null, "THN PAJAK": null, "NO PERSIL": null, "LUAS BUMI": null, "LUAS BNG S": null, "NJOP BUMI": null, "NJOP BNG S": null, "NJOP SPPT": null, "NJOPTKP SP": null, "NJKP SPPT": null, "PBB TERHUT": null, "FAKTOR PEN": null, "PBB YG HAR": null, "FLG SYNC": null, "JML KRG BA": null, "FLG BAYAR": null, "ALAMAT OP": null, "NM KELURAH": null, "NM KECAMAT": null }, "geometry": { "type": "MultiPolygon", "coordinates": [ [ [ [ 110.372045404746231, -7.788693317155387, 0.0 ], [ 110.372094721927255, -7.788569859035486, 0.0 ], [ 110.372137629193574, -7.788582583178174, 0.0 ], [ 110.372100349586205, -7.788707867790226, 0.0 ], [ 110.372045404746231, -7.788693317155387, 0.0 ] ] ] ] } },
{ "type": "Feature", "properties": { "D_NOP": "347106000400600920", "D_LUAS": 0.0, "ASR": null, "KD PROPINS": null, "KD DATI2": null, "KD KECAMAT": null, "KD KELURAH": null, "KD BLOK": null, "NO URUT": null, "KD JNS OP": null, "THN PAJAK": null, "NO PERSIL": null, "LUAS BUMI": null, "LUAS BNG S": null, "NJOP BUMI": null, "NJOP BNG S": null, "NJOP SPPT": null, "NJOPTKP SP": null, "NJKP SPPT": null, "PBB TERHUT": null, "FAKTOR PEN": null, "PBB YG HAR": null, "FLG SYNC": null, "JML KRG BA": null, "FLG BAYAR": null, "ALAMAT OP": null, "NM KELURAH": null, "NM KECAMAT": null }, "geometry": { "type": "MultiPolygon", "coordinates": [ [ [ [ 110.371995487833374, -7.788918149518909, 0.0 ], [ 110.372045404746231, -7.788693317155387, 0.0 ], [ 110.372100349586205, -7.788707867790226, 0.0 ], [ 110.372134056658453, -7.78872175393251, 0.0 ], [ 110.37214175687312, -7.78872348356058, 0.0 ], [ 110.372078317390717, -7.788939343062649, 0.0 ], [ 110.371995487833374, -7.788918149518909, 0.0 ] ] ] ] } },
{ "type": "Feature", "properties": { "D_NOP": "347106000400600910", "D_LUAS": 0.0, "ASR": null, "KD PROPINS": null, "KD DATI2": null, "KD KECAMAT": null, "KD KELURAH": null, "KD BLOK": null, "NO URUT": null, "KD JNS OP": null, "THN PAJAK": null, "NO PERSIL": null, "LUAS BUMI": null, "LUAS BNG S": null, "NJOP BUMI": null, "NJOP BNG S": null, "NJOP SPPT": null, "NJOPTKP SP": null, "NJKP SPPT": null, "PBB TERHUT": null, "FAKTOR PEN": null, "PBB YG HAR": null, "FLG SYNC": null, "JML KRG BA": null, "FLG BAYAR": null, "ALAMAT OP": null, "NM KELURAH": null, "NM KECAMAT": null }, "geometry": { "type": "MultiPolygon", "coordinates": [ [ [ [ 110.371987272368827, -7.788961092915252, 0.0 ], [ 110.371995487833374, -7.788918149518909, 0.0 ], [ 110.372078317390717, -7.788939343062649, 0.0 ], [ 110.372064863938547, -7.788984358655589, 0.0 ], [ 110.371987272368827, -7.788961092915252, 0.0 ] ] ] ] } },
{ "type": "Feature", "properties": { "D_NOP": "347106000400600900", "D_LUAS": 0.0, "ASR": null, "KD PROPINS": null, "KD DATI2": null, "KD KECAMAT": null, "KD KELURAH": null, "KD BLOK": null, "NO URUT": null, "KD JNS OP": null, "THN PAJAK": null, "NO PERSIL": null, "LUAS BUMI": null, "LUAS BNG S": null, "NJOP BUMI": null, "NJOP BNG S": null, "NJOP SPPT": null, "NJOPTKP SP": null, "NJKP SPPT": null, "PBB TERHUT": null, "FAKTOR PEN": null, "PBB YG HAR": null, "FLG SYNC": null, "JML KRG BA": null, "FLG BAYAR": null, "ALAMAT OP": null, "NM KELURAH": null, "NM KECAMAT": null }, "geometry": { "type": "MultiPolygon", "coordinates": [ [ [ [ 110.372072405904561, -7.789092346562166, 0.0 ], [ 110.371975072346345, -7.789068328110044, 0.0 ], [ 110.371979693970616, -7.788977992616124, 0.0 ], [ 110.372072911950397, -7.78900363275897, 0.0 ], [ 110.372072405904561, -7.789092346562166, 0.0 ] ] ] ] } },
{ "type": "Feature", "properties": { "D_NOP": "347106000400600890", "D_LUAS": 0.0, "ASR": null, "KD PROPINS": null, "KD DATI2": null, "KD KECAMAT": null, "KD KELURAH": null, "KD BLOK": null, "NO URUT": null, "KD JNS OP": null, "THN PAJAK": null, "NO PERSIL": null, "LUAS BUMI": null, "LUAS BNG S": null, "NJOP BUMI": null, "NJOP BNG S": null, "NJOP SPPT": null, "NJOPTKP SP": null, "NJKP SPPT": null, "PBB TERHUT": null, "FAKTOR PEN": null, "PBB YG HAR": null, "FLG SYNC": null, "JML KRG BA": null, "FLG BAYAR": null, "ALAMAT OP": null, "NM KELURAH": null, "NM KECAMAT": null }, "geometry": { "type": "MultiPolygon", "coordinates": [ [ [ [ 110.37197325561155, -7.789183446339145, 0.0 ], [ 110.371975072346345, -7.789068328110044, 0.0 ], [ 110.372072405904561, -7.789092346562166, 0.0 ], [ 110.372072903165119, -7.78916017188025, 0.0 ], [ 110.37197325561155, -7.789183446339145, 0.0 ] ] ] ] } },
{ "type": "Feature", "properties": { "D_NOP": "347106000400600880", "D_LUAS": 0.0, "ASR": null, "KD PROPINS": null, "KD DATI2": null, "KD KECAMAT": null, "KD KELURAH": null, "KD BLOK": null, "NO URUT": null, "KD JNS OP": null, "THN PAJAK": null, "NO PERSIL": null, "LUAS BUMI": null, "LUAS BNG S": null, "NJOP BUMI": null, "NJOP BNG S": null, "NJOP SPPT": null, "NJOPTKP SP": null, "NJKP SPPT": null, "PBB TERHUT": null, "FAKTOR PEN": null, "PBB YG HAR": null, "FLG SYNC": null, "JML KRG BA": null, "FLG BAYAR": null, "ALAMAT OP": null, "NM KELURAH": null, "NM KECAMAT": null }, "geometry": { "type": "MultiPolygon", "coordinates": [ [ [ [ 110.371751425354006, -7.789096211717214, 0.0 ], [ 110.371757949642003, -7.7890841033959, 0.0 ], [ 110.371834821130577, -7.789088738960838, 0.0 ], [ 110.371946982194842, -7.789149404687994, 0.0 ], [ 110.371943897332528, -7.789212160461539, 0.0 ], [ 110.371860695434975, -7.789240071331198, 0.0 ], [ 110.371842886251216, -7.78914671831935, 0.0 ], [ 110.371751425354006, -7.789096211717214, 0.0 ] ] ] ] } },
{ "type": "Feature", "properties": { "D_NOP": "347106000400600870", "D_LUAS": 0.0, "ASR": null, "KD PROPINS": null, "KD DATI2": null, "KD KECAMAT": null, "KD KELURAH": null, "KD BLOK": null, "NO URUT": null, "KD JNS OP": null, "THN PAJAK": null, "NO PERSIL": null, "LUAS BUMI": null, "LUAS BNG S": null, "NJOP BUMI": null, "NJOP BNG S": null, "NJOP SPPT": null, "NJOPTKP SP": null, "NJKP SPPT": null, "PBB TERHUT": null, "FAKTOR PEN": null, "PBB YG HAR": null, "FLG SYNC": null, "JML KRG BA": null, "FLG BAYAR": null, "ALAMAT OP": null, "NM KELURAH": null, "NM KECAMAT": null }, "geometry": { "type": "MultiPolygon", "coordinates": [ [ [ [ 110.371834821130577, -7.789088738960838, 0.0 ], [ 110.371844561805489, -7.789025993052324, 0.0 ], [ 110.371961140898136, -7.789032586523201, 0.0 ], [ 110.371946982194842, -7.789149404687994, 0.0 ], [ 110.371834821130577, -7.789088738960838, 0.0 ] ] ] ] } },
{ "type": "Feature", "properties": { "D_NOP": "347106000400600860", "D_LUAS": 0.0, "ASR": null, "KD PROPINS": null, "KD DATI2": null, "KD KECAMAT": null, "KD KELURAH": null, "KD BLOK": null, "NO URUT": null, "KD JNS OP": null, "THN PAJAK": null, "NO PERSIL": null, "LUAS BUMI": null, "LUAS BNG S": null, "NJOP BUMI": null, "NJOP BNG S": null, "NJOP SPPT": null, "NJOPTKP SP": null, "NJKP SPPT": null, "PBB TERHUT": null, "FAKTOR PEN": null, "PBB YG HAR": null, "FLG SYNC": null, "JML KRG BA": null, "FLG BAYAR": null, "ALAMAT OP": null, "NM KELURAH": null, "NM KECAMAT": null }, "geometry": { "type": "MultiPolygon", "coordinates": [ [ [ [ 110.371873621613361, -7.788996826329925, 0.0 ], [ 110.371886446755326, -7.788921786133051, 0.0 ], [ 110.371974576288864, -7.788949498709904, 0.0 ], [ 110.371968441579313, -7.789001307600311, 0.0 ], [ 110.371873621613361, -7.788996826329925, 0.0 ] ] ] ] } },
{ "type": "Feature", "properties": { "D_NOP": "347106000400600850", "D_LUAS": 0.0, "ASR": null, "KD PROPINS": null, "KD DATI2": null, "KD KECAMAT": null, "KD KELURAH": null, "KD BLOK": null, "NO URUT": null, "KD JNS OP": null, "THN PAJAK": null, "NO PERSIL": null, "LUAS BUMI": null, "LUAS BNG S": null, "NJOP BUMI": null, "NJOP BNG S": null, "NJOP SPPT": null, "NJOPTKP SP": null, "NJKP SPPT": null, "PBB TERHUT": null, "FAKTOR PEN": null, "PBB YG HAR": null, "FLG SYNC": null, "JML KRG BA": null, "FLG BAYAR": null, "ALAMAT OP": null, "NM KELURAH": null, "NM KECAMAT": null }, "geometry": { "type": "MultiPolygon", "coordinates": [ [ [ [ 110.37188913210268, -7.788876211994511, 0.0 ], [ 110.371904234593728, -7.788828666733893, 0.0 ], [ 110.371994306344533, -7.788857829107593, 0.0 ], [ 110.3719843385161, -7.788922473773834, 0.0 ], [ 110.371887676848615, -7.788899270195297, 0.0 ], [ 110.37188913210268, -7.788876211994511, 0.0 ] ] ] ] } },
{ "type": "Feature", "properties": { "D_NOP": "347106000400600840", "D_LUAS": 0.0, "ASR": null, "KD PROPINS": null, "KD DATI2": null, "KD KECAMAT": null, "KD KELURAH": null, "KD BLOK": null, "NO URUT": null, "KD JNS OP": null, "THN PAJAK": null, "NO PERSIL": null, "LUAS BUMI": null, "LUAS BNG S": null, "NJOP BUMI": null, "NJOP BNG S": null, "NJOP SPPT": null, "NJOPTKP SP": null, "NJKP SPPT": null, "PBB TERHUT": null, "FAKTOR PEN": null, "PBB YG HAR": null, "FLG SYNC": null, "JML KRG BA": null, "FLG BAYAR": null, "ALAMAT OP": null, "NM KELURAH": null, "NM KECAMAT": null }, "geometry": { "type": "MultiPolygon", "coordinates": [ [ [ [ 110.371978523856967, -7.788759414865889, 0.0 ], [ 110.371998665160135, -7.788692886182778, 0.0 ], [ 110.372036638293864, -7.788704517833156, 0.0 ], [ 110.372015749288394, -7.788770954978004, 0.0 ], [ 110.371978523856967, -7.788759414865889, 0.0 ] ] ] ] } },
{ "type": "Feature", "properties": { "D_NOP": "347106000400600830", "D_LUAS": 0.0, "ASR": null, "KD PROPINS": null, "KD DATI2": null, "KD KECAMAT": null, "KD KELURAH": null, "KD BLOK": null, "NO URUT": null, "KD JNS OP": null, "THN PAJAK": null, "NO PERSIL": null, "LUAS BUMI": null, "LUAS BNG S": null, "NJOP BUMI": null, "NJOP BNG S": null, "NJOP SPPT": null, "NJOPTKP SP": null, "NJKP SPPT": null, "PBB TERHUT": null, "FAKTOR PEN": null, "PBB YG HAR": null, "FLG SYNC": null, "JML KRG BA": null, "FLG BAYAR": null, "ALAMAT OP": null, "NM KELURAH": null, "NM KECAMAT": null }, "geometry": { "type": "MultiPolygon", "coordinates": [ [ [ [ 110.371931432300627, -7.788744242821601, 0.0 ], [ 110.371939847600871, -7.788717758487107, 0.0 ], [ 110.371953744911181, -7.788675999135464, 0.0 ], [ 110.371998665160135, -7.788692886182778, 0.0 ], [ 110.371978523856967, -7.788759414865889, 0.0 ], [ 110.371931432300627, -7.788744242821601, 0.0 ] ] ] ] } },
{ "type": "Feature", "properties": { "D_NOP": "347106000400600820", "D_LUAS": 0.0, "ASR": null, "KD PROPINS": null, "KD DATI2": null, "KD KECAMAT": null, "KD KELURAH": null, "KD BLOK": null, "NO URUT": null, "KD JNS OP": null, "THN PAJAK": null, "NO PERSIL": null, "LUAS BUMI": null, "LUAS BNG S": null, "NJOP BUMI": null, "NJOP BNG S": null, "NJOP SPPT": null, "NJOPTKP SP": null, "NJKP SPPT": null, "PBB TERHUT": null, "FAKTOR PEN": null, "PBB YG HAR": null, "FLG SYNC": null, "JML KRG BA": null, "FLG BAYAR": null, "ALAMAT OP": null, "NM KELURAH": null, "NM KECAMAT": null }, "geometry": { "type": "MultiPolygon", "coordinates": [ [ [ [ 110.371917229921195, -7.788789980762063, 0.0 ], [ 110.371931432300627, -7.788744242821601, 0.0 ], [ 110.371978523856967, -7.788759414865889, 0.0 ], [ 110.372015749288394, -7.788770954978004, 0.0 ], [ 110.371994034012303, -7.788839832581877, 0.0 ], [ 110.371907320415218, -7.788815468121288, 0.0 ], [ 110.371917229921195, -7.788789980762063, 0.0 ] ] ] ] } },
{ "type": "Feature", "properties": { "D_NOP": "347106000400600810", "D_LUAS": 0.0, "ASR": null, "KD PROPINS": null, "KD DATI2": null, "KD KECAMAT": null, "KD KELURAH": null, "KD BLOK": null, "NO URUT": null, "KD JNS OP": null, "THN PAJAK": null, "NO PERSIL": null, "LUAS BUMI": null, "LUAS BNG S": null, "NJOP BUMI": null, "NJOP BNG S": null, "NJOP SPPT": null, "NJOPTKP SP": null, "NJKP SPPT": null, "PBB TERHUT": null, "FAKTOR PEN": null, "PBB YG HAR": null, "FLG SYNC": null, "JML KRG BA": null, "FLG BAYAR": null, "ALAMAT OP": null, "NM KELURAH": null, "NM KECAMAT": null }, "geometry": { "type": "MultiPolygon", "coordinates": [ [ [ [ 110.371977477767246, -7.788658399905906, 0.0 ], [ 110.371989494017868, -7.788624324551661, 0.0 ], [ 110.372014665515294, -7.788544600133458, 0.0 ], [ 110.372082013599751, -7.788566494198463, 0.0 ], [ 110.372039888089688, -7.788681643154926, 0.0 ], [ 110.371977477767246, -7.788658399905906, 0.0 ] ] ] ] } },
{ "type": "Feature", "properties": { "D_NOP": "347106000400600800", "D_LUAS": 0.0, "ASR": null, "KD PROPINS": null, "KD DATI2": null, "KD KECAMAT": null, "KD KELURAH": null, "KD BLOK": null, "NO URUT": null, "KD JNS OP": null, "THN PAJAK": null, "NO PERSIL": null, "LUAS BUMI": null, "LUAS BNG S": null, "NJOP BUMI": null, "NJOP BNG S": null, "NJOP SPPT": null, "NJOPTKP SP": null, "NJKP SPPT": null, "PBB TERHUT": null, "FAKTOR PEN": null, "PBB YG HAR": null, "FLG SYNC": null, "JML KRG BA": null, "FLG BAYAR": null, "ALAMAT OP": null, "NM KELURAH": null, "NM KECAMAT": null }, "geometry": { "type": "MultiPolygon", "coordinates": [ [ [ [ 110.371938223047863, -7.788603449052554, 0.0 ], [ 110.371962417779244, -7.78852679790524, 0.0 ], [ 110.372014665515294, -7.788544600133458, 0.0 ], [ 110.371989494017868, -7.788624324551661, 0.0 ], [ 110.371972603163314, -7.788617336203865, 0.0 ], [ 110.371938223047863, -7.788603449052554, 0.0 ] ] ] ] } },
{ "type": "Feature", "properties": { "D_NOP": "347106000400600790", "D_LUAS": 0.0, "ASR": null, "KD PROPINS": null, "KD DATI2": null, "KD KECAMAT": null, "KD KELURAH": null, "KD BLOK": null, "NO URUT": null, "KD JNS OP": null, "THN PAJAK": null, "NO PERSIL": null, "LUAS BUMI": null, "LUAS BNG S": null, "NJOP BUMI": null, "NJOP BNG S": null, "NJOP SPPT": null, "NJOPTKP SP": null, "NJKP SPPT": null, "PBB TERHUT": null, "FAKTOR PEN": null, "PBB YG HAR": null, "FLG SYNC": null, "JML KRG BA": null, "FLG BAYAR": null, "ALAMAT OP": null, "NM KELURAH": null, "NM KECAMAT": null }, "geometry": { "type": "MultiPolygon", "coordinates": [ [ [ [ 110.37189143549675, -7.788585021875722, 0.0 ], [ 110.371915251464785, -7.788511625750312, 0.0 ], [ 110.371962417779244, -7.78852679790524, 0.0 ], [ 110.371938223047863, -7.788603449052554, 0.0 ], [ 110.37189143549675, -7.788585021875722, 0.0 ] ] ] ] } },
{ "type": "Feature", "properties": { "D_NOP": "347106000400600780", "D_LUAS": 0.0, "ASR": null, "KD PROPINS": null, "KD DATI2": null, "KD KECAMAT": null, "KD KELURAH": null, "KD BLOK": null, "NO URUT": null, "KD JNS OP": null, "THN PAJAK": null, "NO PERSIL": null, "LUAS BUMI": null, "LUAS BNG S": null, "NJOP BUMI": null, "NJOP BNG S": null, "NJOP SPPT": null, "NJOPTKP SP": null, "NJKP SPPT": null, "PBB TERHUT": null, "FAKTOR PEN": null, "PBB YG HAR": null, "FLG SYNC": null, "JML KRG BA": null, "FLG BAYAR": null, "ALAMAT OP": null, "NM KELURAH": null, "NM KECAMAT": null }, "geometry": { "type": "MultiPolygon", "coordinates": [ [ [ [ 110.371879684443286, -7.788692076868298, 0.0 ], [ 110.371901311203146, -7.788632423282507, 0.0 ], [ 110.371880165195606, -7.78862036439087, 0.0 ], [ 110.37189143549675, -7.788585021875722, 0.0 ], [ 110.371938223047863, -7.788603449052554, 0.0 ], [ 110.371972603163314, -7.788617336203865, 0.0 ], [ 110.371953445909085, -7.7886759082597, 0.0 ], [ 110.371939847600871, -7.788717758487107, 0.0 ], [ 110.371879684443286, -7.788692076868298, 0.0 ] ] ] ] } },
{ "type": "Feature", "properties": { "D_NOP": "347106000400600770", "D_LUAS": 0.0, "ASR": null, "KD PROPINS": null, "KD DATI2": null, "KD KECAMAT": null, "KD KELURAH": null, "KD BLOK": null, "NO URUT": null, "KD JNS OP": null, "THN PAJAK": null, "NO PERSIL": null, "LUAS BUMI": null, "LUAS BNG S": null, "NJOP BUMI": null, "NJOP BNG S": null, "NJOP SPPT": null, "NJOPTKP SP": null, "NJKP SPPT": null, "PBB TERHUT": null, "FAKTOR PEN": null, "PBB YG HAR": null, "FLG SYNC": null, "JML KRG BA": null, "FLG BAYAR": null, "ALAMAT OP": null, "NM KELURAH": null, "NM KECAMAT": null }, "geometry": { "type": "MultiPolygon", "coordinates": [ [ [ [ 110.371854145725166, -7.788767279092434, 0.0 ], [ 110.371879684443286, -7.788692076868298, 0.0 ], [ 110.371939847600871, -7.788717758487107, 0.0 ], [ 110.371931432300627, -7.788744242821601, 0.0 ], [ 110.371917229921195, -7.788789980762063, 0.0 ], [ 110.371854145725166, -7.788767279092434, 0.0 ] ] ] ] } },
{ "type": "Feature", "properties": { "D_NOP": "347106000400600760", "D_LUAS": 0.0, "ASR": null, "KD PROPINS": "34", "KD DATI2": "71", "KD KECAMAT": "060", "KD KELURAH": "004", "KD BLOK": "006", "NO URUT": "0076", "KD JNS OP": "0", "THN PAJAK": "2023", "NO PERSIL": null, "LUAS BUMI": "81", "LUAS BNG S": 162, "NJOP BUMI": 251100000.0, "NJOP BNG S": 96390000.0, "NJOP SPPT": 347490000.0, "NJOPTKP SP": 20000000.0, "NJKP SPPT": 0, "PBB TERHUT": 163745, "FAKTOR PEN": 31387.0, "PBB YG HAR": 132358, "FLG SYNC": "0", "JML KRG BA": "0", "FLG BAYAR": "0", "ALAMAT OP": "KP KRASAK GK II/16 RW 04 RT 017", "NM KELURAH": "KOTABARU", "NM KECAMAT": "GONDOKUSUMAN" }, "geometry": { "type": "MultiPolygon", "coordinates": [ [ [ [ 110.371803446487164, -7.788864600056677, 0.0 ], [ 110.371825259349137, -7.788780439471227, 0.0 ], [ 110.37184701441447, -7.788785264646719, 0.0 ], [ 110.371854145725166, -7.788767279092434, 0.0 ], [ 110.371917229921195, -7.788789980762063, 0.0 ], [ 110.371907320415218, -7.788815468121288, 0.0 ], [ 110.371904234593728, -7.788828666733893, 0.0 ], [ 110.37188913210268, -7.788876211994511, 0.0 ], [ 110.37187365203647, -7.788876008190642, 0.0 ], [ 110.371803446487164, -7.788864600056677, 0.0 ] ] ] ] } },
{ "type": "Feature", "properties": { "D_NOP": "347106000400600750", "D_LUAS": 0.0, "ASR": null, "KD PROPINS": null, "KD DATI2": null, "KD KECAMAT": null, "KD KELURAH": null, "KD BLOK": null, "NO URUT": null, "KD JNS OP": null, "THN PAJAK": null, "NO PERSIL": null, "LUAS BUMI": null, "LUAS BNG S": null, "NJOP BUMI": null, "NJOP BNG S": null, "NJOP SPPT": null, "NJOPTKP SP": null, "NJKP SPPT": null, "PBB TERHUT": null, "FAKTOR PEN": null, "PBB YG HAR": null, "FLG SYNC": null, "JML KRG BA": null, "FLG BAYAR": null, "ALAMAT OP": null, "NM KELURAH": null, "NM KECAMAT": null }, "geometry": { "type": "MultiPolygon", "coordinates": [ [ [ [ 110.37179377264637, -7.788932681597095, 0.0 ], [ 110.371803446487164, -7.788864600056677, 0.0 ], [ 110.37187365203647, -7.788876008190642, 0.0 ], [ 110.371863389767569, -7.788937487269147, 0.0 ], [ 110.37179377264637, -7.788932681597095, 0.0 ] ] ] ] } },
{ "type": "Feature", "properties": { "D_NOP": "347106000400600740", "D_LUAS": 0.0, "ASR": null, "KD PROPINS": null, "KD DATI2": null, "KD KECAMAT": null, "KD KELURAH": null, "KD BLOK": null, "NO URUT": null, "KD JNS OP": null, "THN PAJAK": null, "NO PERSIL": null, "LUAS BUMI": null, "LUAS BNG S": null, "NJOP BUMI": null, "NJOP BNG S": null, "NJOP SPPT": null, "NJOPTKP SP": null, "NJKP SPPT": null, "PBB TERHUT": null, "FAKTOR PEN": null, "PBB YG HAR": null, "FLG SYNC": null, "JML KRG BA": null, "FLG BAYAR": null, "ALAMAT OP": null, "NM KELURAH": null, "NM KECAMAT": null }, "geometry": { "type": "MultiPolygon", "coordinates": [ [ [ [ 110.371783293017913, -7.788989457846252, 0.0 ], [ 110.37179377264637, -7.788932681597095, 0.0 ], [ 110.371863389767569, -7.788937487269147, 0.0 ], [ 110.371857547310626, -7.78899390866139, 0.0 ], [ 110.371783293017913, -7.788989457846252, 0.0 ] ] ] ] } },
{ "type": "Feature", "properties": { "D_NOP": "347106000400600720", "D_LUAS": 0.0, "ASR": null, "KD PROPINS": null, "KD DATI2": null, "KD KECAMAT": null, "KD KELURAH": null, "KD BLOK": null, "NO URUT": null, "KD JNS OP": null, "THN PAJAK": null, "NO PERSIL": null, "LUAS BUMI": null, "LUAS BNG S": null, "NJOP BUMI": null, "NJOP BNG S": null, "NJOP SPPT": null, "NJOPTKP SP": null, "NJKP SPPT": null, "PBB TERHUT": null, "FAKTOR PEN": null, "PBB YG HAR": null, "FLG SYNC": null, "JML KRG BA": null, "FLG BAYAR": null, "ALAMAT OP": null, "NM KELURAH": null, "NM KECAMAT": null }, "geometry": { "type": "MultiPolygon", "coordinates": [ [ [ [ 110.371825304812873, -7.789251865576817, 0.0 ], [ 110.371696328441146, -7.789284049345338, 0.0 ], [ 110.371720405769082, -7.789185875047697, 0.0 ], [ 110.371751425354006, -7.789096211717214, 0.0 ], [ 110.371842886251216, -7.78914671831935, 0.0 ], [ 110.371860695434975, -7.789240071331198, 0.0 ], [ 110.371825304812873, -7.789251865576817, 0.0 ] ] ] ] } },
{ "type": "Feature", "properties": { "D_NOP": "347106000400600710", "D_LUAS": 0.0, "ASR": null, "KD PROPINS": null, "KD DATI2": null, "KD KECAMAT": null, "KD KELURAH": null, "KD BLOK": null, "NO URUT": null, "KD JNS OP": null, "THN PAJAK": null, "NO PERSIL": null, "LUAS BUMI": null, "LUAS BNG S": null, "NJOP BUMI": null, "NJOP BNG S": null, "NJOP SPPT": null, "NJOPTKP SP": null, "NJKP SPPT": null, "PBB TERHUT": null, "FAKTOR PEN": null, "PBB YG HAR": null, "FLG SYNC": null, "JML KRG BA": null, "FLG BAYAR": null, "ALAMAT OP": null, "NM KELURAH": null, "NM KECAMAT": null }, "geometry": { "type": "MultiPolygon", "coordinates": [ [ [ [ 110.371582438423715, -7.78927953973696, 0.0 ], [ 110.371608863607946, -7.789161564152484, 0.0 ], [ 110.371702602662538, -7.789188832940301, 0.0 ], [ 110.371681385866964, -7.789274441322139, 0.0 ], [ 110.371649457284718, -7.789271500143251, 0.0 ], [ 110.371643822584787, -7.789288854881576, 0.0 ], [ 110.371582438423715, -7.78927953973696, 0.0 ] ] ] ] } },
{ "type": "Feature", "properties": { "D_NOP": "347106000400600700", "D_LUAS": 0.0, "ASR": null, "KD PROPINS": null, "KD DATI2": null, "KD KECAMAT": null, "KD KELURAH": null, "KD BLOK": null, "NO URUT": null, "KD JNS OP": null, "THN PAJAK": null, "NO PERSIL": null, "LUAS BUMI": null, "LUAS BNG S": null, "NJOP BUMI": null, "NJOP BNG S": null, "NJOP SPPT": null, "NJOPTKP SP": null, "NJKP SPPT": null, "PBB TERHUT": null, "FAKTOR PEN": null, "PBB YG HAR": null, "FLG SYNC": null, "JML KRG BA": null, "FLG BAYAR": null, "ALAMAT OP": null, "NM KELURAH": null, "NM KECAMAT": null }, "geometry": { "type": "MultiPolygon", "coordinates": [ [ [ [ 110.371643986256103, -7.78902849918534, 0.0 ], [ 110.371725980247888, -7.7890583731054, 0.0 ], [ 110.371740102614652, -7.789066352121063, 0.0 ], [ 110.371690670464872, -7.789166478359467, 0.0 ], [ 110.371618088895801, -7.789143581708076, 0.0 ], [ 110.371625419121457, -7.789092498061032, 0.0 ], [ 110.371643986256103, -7.78902849918534, 0.0 ] ] ] ] } },
{ "type": "Feature", "properties": { "D_NOP": "347106000400600690", "D_LUAS": 0.0, "ASR": null, "KD PROPINS": null, "KD DATI2": null, "KD KECAMAT": null, "KD KELURAH": null, "KD BLOK": null, "NO URUT": null, "KD JNS OP": null, "THN PAJAK": null, "NO PERSIL": null, "LUAS BUMI": null, "LUAS BNG S": null, "NJOP BUMI": null, "NJOP BNG S": null, "NJOP SPPT": null, "NJOPTKP SP": null, "NJKP SPPT": null, "PBB TERHUT": null, "FAKTOR PEN": null, "PBB YG HAR": null, "FLG SYNC": null, "JML KRG BA": null, "FLG BAYAR": null, "ALAMAT OP": null, "NM KELURAH": null, "NM KECAMAT": null }, "geometry": { "type": "MultiPolygon", "coordinates": [ [ [ [ 110.371668339533414, -7.788945879734679, 0.0 ], [ 110.37171618190699, -7.788959063400991, 0.0 ], [ 110.3717052811879, -7.788997300305374, 0.0 ], [ 110.371739141743348, -7.789008564156836, 0.0 ], [ 110.371725980247888, -7.7890583731054, 0.0 ], [ 110.371643986256103, -7.78902849918534, 0.0 ], [ 110.371668339533414, -7.788945879734679, 0.0 ] ] ] ] } },
{ "type": "Feature", "properties": { "D_NOP": "347106000400600680", "D_LUAS": 0.0, "ASR": null, "KD PROPINS": null, "KD DATI2": null, "KD KECAMAT": null, "KD KELURAH": null, "KD BLOK": null, "NO URUT": null, "KD JNS OP": null, "THN PAJAK": null, "NO PERSIL": null, "LUAS BUMI": null, "LUAS BNG S": null, "NJOP BUMI": null, "NJOP BNG S": null, "NJOP SPPT": null, "NJOPTKP SP": null, "NJKP SPPT": null, "PBB TERHUT": null, "FAKTOR PEN": null, "PBB YG HAR": null, "FLG SYNC": null, "JML KRG BA": null, "FLG BAYAR": null, "ALAMAT OP": null, "NM KELURAH": null, "NM KECAMAT": null }, "geometry": { "type": "MultiPolygon", "coordinates": [ [ [ [ 110.37171618190699, -7.788959063400991, 0.0 ], [ 110.37174959698838, -7.788968156204653, 0.0 ], [ 110.371739141743348, -7.789008564156836, 0.0 ], [ 110.3717052811879, -7.788997300305374, 0.0 ], [ 110.37171618190699, -7.788959063400991, 0.0 ] ] ] ] } },
{ "type": "Feature", "properties": { "D_NOP": "347106000400600670", "D_LUAS": 0.0, "ASR": null, "KD PROPINS": null, "KD DATI2": null, "KD KECAMAT": null, "KD KELURAH": null, "KD BLOK": null, "NO URUT": null, "KD JNS OP": null, "THN PAJAK": null, "NO PERSIL": null, "LUAS BUMI": null, "LUAS BNG S": null, "NJOP BUMI": null, "NJOP BNG S": null, "NJOP SPPT": null, "NJOPTKP SP": null, "NJKP SPPT": null, "PBB TERHUT": null, "FAKTOR PEN": null, "PBB YG HAR": null, "FLG SYNC": null, "JML KRG BA": null, "FLG BAYAR": null, "ALAMAT OP": null, "NM KELURAH": null, "NM KECAMAT": null }, "geometry": { "type": "MultiPolygon", "coordinates": [ [ [ [ 110.371668339533414, -7.788945879734679, 0.0 ], [ 110.37169668857176, -7.788841652772143, 0.0 ], [ 110.371771442341455, -7.788862201373924, 0.0 ], [ 110.371750571878579, -7.788966348994154, 0.0 ], [ 110.37174959698838, -7.788968156204653, 0.0 ], [ 110.37171618190699, -7.788959063400991, 0.0 ], [ 110.371668339533414, -7.788945879734679, 0.0 ] ] ] ] } },
{ "type": "Feature", "properties": { "D_NOP": "347106000400600660", "D_LUAS": 0.0, "ASR": null, "KD PROPINS": null, "KD DATI2": null, "KD KECAMAT": null, "KD KELURAH": null, "KD BLOK": null, "NO URUT": null, "KD JNS OP": null, "THN PAJAK": null, "NO PERSIL": null, "LUAS BUMI": null, "LUAS BNG S": null, "NJOP BUMI": null, "NJOP BNG S": null, "NJOP SPPT": null, "NJOPTKP SP": null, "NJKP SPPT": null, "PBB TERHUT": null, "FAKTOR PEN": null, "PBB YG HAR": null, "FLG SYNC": null, "JML KRG BA": null, "FLG BAYAR": null, "ALAMAT OP": null, "NM KELURAH": null, "NM KECAMAT": null }, "geometry": { "type": "MultiPolygon", "coordinates": [ [ [ [ 110.371709914874003, -7.788798535944803, 0.0 ], [ 110.371725091491697, -7.788751442965489, 0.0 ], [ 110.37178884967804, -7.788773512623047, 0.0 ], [ 110.371781304020914, -7.788818627393466, 0.0 ], [ 110.371709914874003, -7.788798535944803, 0.0 ] ] ] ] } },
{ "type": "Feature", "properties": { "D_NOP": "347106000400600650", "D_LUAS": 0.0, "ASR": null, "KD PROPINS": null, "KD DATI2": null, "KD KECAMAT": null, "KD KELURAH": null, "KD BLOK": null, "NO URUT": null, "KD JNS OP": null, "THN PAJAK": null, "NO PERSIL": null, "LUAS BUMI": null, "LUAS BNG S": null, "NJOP BUMI": null, "NJOP BNG S": null, "NJOP SPPT": null, "NJOPTKP SP": null, "NJKP SPPT": null, "PBB TERHUT": null, "FAKTOR PEN": null, "PBB YG HAR": null, "FLG SYNC": null, "JML KRG BA": null, "FLG BAYAR": null, "ALAMAT OP": null, "NM KELURAH": null, "NM KECAMAT": null }, "geometry": { "type": "MultiPolygon", "coordinates": [ [ [ [ 110.371746741587188, -7.788726334743018, 0.0 ], [ 110.371770841904919, -7.788662886655165, 0.0 ], [ 110.371856939538844, -7.788699096921352, 0.0 ], [ 110.371834932919569, -7.788762728983039, 0.0 ], [ 110.371746741587188, -7.788726334743018, 0.0 ] ] ] ] } },
{ "type": "Feature", "properties": { "D_NOP": "347106000400600640", "D_LUAS": 0.0, "ASR": null, "KD PROPINS": null, "KD DATI2": null, "KD KECAMAT": null, "KD KELURAH": null, "KD BLOK": null, "NO URUT": null, "KD JNS OP": null, "THN PAJAK": null, "NO PERSIL": null, "LUAS BUMI": null, "LUAS BNG S": null, "NJOP BUMI": null, "NJOP BNG S": null, "NJOP SPPT": null, "NJOPTKP SP": null, "NJKP SPPT": null, "PBB TERHUT": null, "FAKTOR PEN": null, "PBB YG HAR": null, "FLG SYNC": null, "JML KRG BA": null, "FLG BAYAR": null, "ALAMAT OP": null, "NM KELURAH": null, "NM KECAMAT": null }, "geometry": { "type": "MultiPolygon", "coordinates": [ [ [ [ 110.371770841904919, -7.788662886655165, 0.0 ], [ 110.371792698824081, -7.788599344807788, 0.0 ], [ 110.371823639265259, -7.788612955575012, 0.0 ], [ 110.371877743676194, -7.788639442118107, 0.0 ], [ 110.371856939538844, -7.788699096921352, 0.0 ], [ 110.371770841904919, -7.788662886655165, 0.0 ] ] ] ] } },
{ "type": "Feature", "properties": { "D_NOP": "347106000400600630", "D_LUAS": 0.0, "ASR": null, "KD PROPINS": null, "KD DATI2": null, "KD KECAMAT": null, "KD KELURAH": null, "KD BLOK": null, "NO URUT": null, "KD JNS OP": null, "THN PAJAK": null, "NO PERSIL": null, "LUAS BUMI": null, "LUAS BNG S": null, "NJOP BUMI": null, "NJOP BNG S": null, "NJOP SPPT": null, "NJOPTKP SP": null, "NJKP SPPT": null, "PBB TERHUT": null, "FAKTOR PEN": null, "PBB YG HAR": null, "FLG SYNC": null, "JML KRG BA": null, "FLG BAYAR": null, "ALAMAT OP": null, "NM KELURAH": null, "NM KECAMAT": null }, "geometry": { "type": "MultiPolygon", "coordinates": [ [ [ [ 110.371883182798541, -7.788502354091539, 0.0 ], [ 110.371915251464785, -7.788511625750312, 0.0 ], [ 110.37189143549675, -7.788585021875722, 0.0 ], [ 110.371880165195606, -7.78862036439087, 0.0 ], [ 110.371846457198117, -7.788607111257663, 0.0 ], [ 110.371883182798541, -7.788502354091539, 0.0 ] ] ] ] } },
{ "type": "Feature", "properties": { "D_NOP": "347106000400600620", "D_LUAS": 0.0, "ASR": null, "KD PROPINS": null, "KD DATI2": null, "KD KECAMAT": null, "KD KELURAH": null, "KD BLOK": null, "NO URUT": null, "KD JNS OP": null, "THN PAJAK": null, "NO PERSIL": null, "LUAS BUMI": null, "LUAS BNG S": null, "NJOP BUMI": null, "NJOP BNG S": null, "NJOP SPPT": null, "NJOPTKP SP": null, "NJKP SPPT": null, "PBB TERHUT": null, "FAKTOR PEN": null, "PBB YG HAR": null, "FLG SYNC": null, "JML KRG BA": null, "FLG BAYAR": null, "ALAMAT OP": null, "NM KELURAH": null, "NM KECAMAT": null }, "geometry": { "type": "MultiPolygon", "coordinates": [ [ [ [ 110.371800429746784, -7.788530265626, 0.0 ], [ 110.371844147633382, -7.788551039515556, 0.0 ], [ 110.371823639265259, -7.788612955575012, 0.0 ], [ 110.371792698824081, -7.788599344807788, 0.0 ], [ 110.371777077149602, -7.788593805257752, 0.0 ], [ 110.371800429746784, -7.788530265626, 0.0 ] ] ] ] } },
{ "type": "Feature", "properties": { "D_NOP": "347106000400600610", "D_LUAS": 0.0, "ASR": null, "KD PROPINS": null, "KD DATI2": null, "KD KECAMAT": null, "KD KELURAH": null, "KD BLOK": null, "NO URUT": null, "KD JNS OP": null, "THN PAJAK": null, "NO PERSIL": null, "LUAS BUMI": null, "LUAS BNG S": null, "NJOP BUMI": null, "NJOP BNG S": null, "NJOP SPPT": null, "NJOPTKP SP": null, "NJKP SPPT": null, "PBB TERHUT": null, "FAKTOR PEN": null, "PBB YG HAR": null, "FLG SYNC": null, "JML KRG BA": null, "FLG BAYAR": null, "ALAMAT OP": null, "NM KELURAH": null, "NM KECAMAT": null }, "geometry": { "type": "MultiPolygon", "coordinates": [ [ [ [ 110.371800429746784, -7.788530265626, 0.0 ], [ 110.371822517068324, -7.788462654642421, 0.0 ], [ 110.371866297608989, -7.78849156757186, 0.0 ], [ 110.371844147633382, -7.788551039515556, 0.0 ], [ 110.371800429746784, -7.788530265626, 0.0 ] ] ] ] } },
{ "type": "Feature", "properties": { "D_NOP": "347106000400700990", "D_LUAS": 0.0, "ASR": null, "KD PROPINS": null, "KD DATI2": null, "KD KECAMAT": null, "KD KELURAH": null, "KD BLOK": null, "NO URUT": null, "KD JNS OP": null, "THN PAJAK": null, "NO PERSIL": null, "LUAS BUMI": null, "LUAS BNG S": null, "NJOP BUMI": null, "NJOP BNG S": null, "NJOP SPPT": null, "NJOPTKP SP": null, "NJKP SPPT": null, "PBB TERHUT": null, "FAKTOR PEN": null, "PBB YG HAR": null, "FLG SYNC": null, "JML KRG BA": null, "FLG BAYAR": null, "ALAMAT OP": null, "NM KELURAH": null, "NM KECAMAT": null }, "geometry": { "type": "MultiPolygon", "coordinates": [ [ [ [ 110.368410435861804, -7.787346076138598, 0.0 ], [ 110.36842336564554, -7.787401259359871, 0.0 ], [ 110.368369435469077, -7.787408504068019, 0.0 ], [ 110.368359270258921, -7.787354952753358, 0.0 ], [ 110.368410435861804, -7.787346076138598, 0.0 ] ] ] ] } },
{ "type": "Feature", "properties": { "D_NOP": "347106000400701000", "D_LUAS": 0.0, "ASR": null, "KD PROPINS": null, "KD DATI2": null, "KD KECAMAT": null, "KD KELURAH": null, "KD BLOK": null, "NO URUT": null, "KD JNS OP": null, "THN PAJAK": null, "NO PERSIL": null, "LUAS BUMI": null, "LUAS BNG S": null, "NJOP BUMI": null, "NJOP BNG S": null, "NJOP SPPT": null, "NJOPTKP SP": null, "NJKP SPPT": null, "PBB TERHUT": null, "FAKTOR PEN": null, "PBB YG HAR": null, "FLG SYNC": null, "JML KRG BA": null, "FLG BAYAR": null, "ALAMAT OP": null, "NM KELURAH": null, "NM KECAMAT": null }, "geometry": { "type": "MultiPolygon", "coordinates": [ [ [ [ 110.36842336564554, -7.787401259359871, 0.0 ], [ 110.368435329741942, -7.787452100371707, 0.0 ], [ 110.36837848379848, -7.787458798140658, 0.0 ], [ 110.368369435469077, -7.787408504068019, 0.0 ], [ 110.36842336564554, -7.787401259359871, 0.0 ] ] ] ] } },
{ "type": "Feature", "properties": { "D_NOP": "347106000400701010", "D_LUAS": 0.0, "ASR": null, "KD PROPINS": null, "KD DATI2": null, "KD KECAMAT": null, "KD KELURAH": null, "KD BLOK": null, "NO URUT": null, "KD JNS OP": null, "THN PAJAK": null, "NO PERSIL": null, "LUAS BUMI": null, "LUAS BNG S": null, "NJOP BUMI": null, "NJOP BNG S": null, "NJOP SPPT": null, "NJOPTKP SP": null, "NJKP SPPT": null, "PBB TERHUT": null, "FAKTOR PEN": null, "PBB YG HAR": null, "FLG SYNC": null, "JML KRG BA": null, "FLG BAYAR": null, "ALAMAT OP": null, "NM KELURAH": null, "NM KECAMAT": null }, "geometry": { "type": "MultiPolygon", "coordinates": [ [ [ [ 110.368435329741942, -7.787452100371707, 0.0 ], [ 110.368447813807052, -7.787505293408637, 0.0 ], [ 110.36839201049726, -7.787514886579016, 0.0 ], [ 110.36837848379848, -7.787458798140658, 0.0 ], [ 110.368435329741942, -7.787452100371707, 0.0 ] ] ] ] } },
{ "type": "Feature", "properties": { "D_NOP": "347106000400701020", "D_LUAS": 0.0, "ASR": null, "KD PROPINS": null, "KD DATI2": null, "KD KECAMAT": null, "KD KELURAH": null, "KD BLOK": null, "NO URUT": null, "KD JNS OP": null, "THN PAJAK": null, "NO PERSIL": null, "LUAS BUMI": null, "LUAS BNG S": null, "NJOP BUMI": null, "NJOP BNG S": null, "NJOP SPPT": null, "NJOPTKP SP": null, "NJKP SPPT": null, "PBB TERHUT": null, "FAKTOR PEN": null, "PBB YG HAR": null, "FLG SYNC": null, "JML KRG BA": null, "FLG BAYAR": null, "ALAMAT OP": null, "NM KELURAH": null, "NM KECAMAT": null }, "geometry": { "type": "MultiPolygon", "coordinates": [ [ [ [ 110.368447813807052, -7.787505293408637, 0.0 ], [ 110.368461561482292, -7.787563642992708, 0.0 ], [ 110.368406134522559, -7.787571608936012, 0.0 ], [ 110.36839201049726, -7.787514886579016, 0.0 ], [ 110.368447813807052, -7.787505293408637, 0.0 ] ] ] ] } },
{ "type": "Feature", "properties": { "D_NOP": "347106000400701030", "D_LUAS": 0.0, "ASR": null, "KD PROPINS": null, "KD DATI2": null, "KD KECAMAT": null, "KD KELURAH": null, "KD BLOK": null, "NO URUT": null, "KD JNS OP": null, "THN PAJAK": null, "NO PERSIL": null, "LUAS BUMI": null, "LUAS BNG S": null, "NJOP BUMI": null, "NJOP BNG S": null, "NJOP SPPT": null, "NJOPTKP SP": null, "NJKP SPPT": null, "PBB TERHUT": null, "FAKTOR PEN": null, "PBB YG HAR": null, "FLG SYNC": null, "JML KRG BA": null, "FLG BAYAR": null, "ALAMAT OP": null, "NM KELURAH": null, "NM KECAMAT": null }, "geometry": { "type": "MultiPolygon", "coordinates": [ [ [ [ 110.368406134522559, -7.787571608936012, 0.0 ], [ 110.368461561482292, -7.787563642992708, 0.0 ], [ 110.368476502589161, -7.787624074306791, 0.0 ], [ 110.368422196161958, -7.787632855815198, 0.0 ], [ 110.368406134522559, -7.787571608936012, 0.0 ] ] ] ] } },
{ "type": "Feature", "properties": { "D_NOP": "347106000400701040", "D_LUAS": 0.0, "ASR": null, "KD PROPINS": null, "KD DATI2": null, "KD KECAMAT": null, "KD KELURAH": null, "KD BLOK": null, "NO URUT": null, "KD JNS OP": null, "THN PAJAK": null, "NO PERSIL": null, "LUAS BUMI": null, "LUAS BNG S": null, "NJOP BUMI": null, "NJOP BNG S": null, "NJOP SPPT": null, "NJOPTKP SP": null, "NJKP SPPT": null, "PBB TERHUT": null, "FAKTOR PEN": null, "PBB YG HAR": null, "FLG SYNC": null, "JML KRG BA": null, "FLG BAYAR": null, "ALAMAT OP": null, "NM KELURAH": null, "NM KECAMAT": null }, "geometry": { "type": "MultiPolygon", "coordinates": [ [ [ [ 110.368476502589161, -7.787624074306791, 0.0 ], [ 110.368497048570035, -7.787687136518279, 0.0 ], [ 110.36844214372762, -7.787696007569942, 0.0 ], [ 110.368422196161958, -7.787632855815198, 0.0 ], [ 110.368476502589161, -7.787624074306791, 0.0 ] ] ] ] } },
{ "type": "Feature", "properties": { "D_NOP": "347106000400701050", "D_LUAS": 0.0, "ASR": null, "KD PROPINS": null, "KD DATI2": null, "KD KECAMAT": null, "KD KELURAH": null, "KD BLOK": null, "NO URUT": null, "KD JNS OP": null, "THN PAJAK": null, "NO PERSIL": null, "LUAS BUMI": null, "LUAS BNG S": null, "NJOP BUMI": null, "NJOP BNG S": null, "NJOP SPPT": null, "NJOPTKP SP": null, "NJKP SPPT": null, "PBB TERHUT": null, "FAKTOR PEN": null, "PBB YG HAR": null, "FLG SYNC": null, "JML KRG BA": null, "FLG BAYAR": null, "ALAMAT OP": null, "NM KELURAH": null, "NM KECAMAT": null }, "geometry": { "type": "MultiPolygon", "coordinates": [ [ [ [ 110.368497048570035, -7.787687136518279, 0.0 ], [ 110.368514989305154, -7.787742055903561, 0.0 ], [ 110.368460158427041, -7.787751469663508, 0.0 ], [ 110.36844214372762, -7.787696007569942, 0.0 ], [ 110.368497048570035, -7.787687136518279, 0.0 ] ] ] ] } },
{ "type": "Feature", "properties": { "D_NOP": "347106000400701060", "D_LUAS": 0.0, "ASR": null, "KD PROPINS": null, "KD DATI2": null, "KD KECAMAT": null, "KD KELURAH": null, "KD BLOK": null, "NO URUT": null, "KD JNS OP": null, "THN PAJAK": null, "NO PERSIL": null, "LUAS BUMI": null, "LUAS BNG S": null, "NJOP BUMI": null, "NJOP BNG S": null, "NJOP SPPT": null, "NJOPTKP SP": null, "NJKP SPPT": null, "PBB TERHUT": null, "FAKTOR PEN": null, "PBB YG HAR": null, "FLG SYNC": null, "JML KRG BA": null, "FLG BAYAR": null, "ALAMAT OP": null, "NM KELURAH": null, "NM KECAMAT": null }, "geometry": { "type": "MultiPolygon", "coordinates": [ [ [ [ 110.368460158427041, -7.787751469663508, 0.0 ], [ 110.368514989305154, -7.787742055903561, 0.0 ], [ 110.36853500977702, -7.787806473821815, 0.0 ], [ 110.368480106002707, -7.787814621417009, 0.0 ], [ 110.368460158427041, -7.787751469663508, 0.0 ] ] ] ] } },
{ "type": "Feature", "properties": { "D_NOP": "347106000400701070", "D_LUAS": 0.0, "ASR": null, "KD PROPINS": null, "KD DATI2": null, "KD KECAMAT": null, "KD KELURAH": null, "KD BLOK": null, "NO URUT": null, "KD JNS OP": null, "THN PAJAK": null, "NO PERSIL": null, "LUAS BUMI": null, "LUAS BNG S": null, "NJOP BUMI": null, "NJOP BNG S": null, "NJOP SPPT": null, "NJOPTKP SP": null, "NJKP SPPT": null, "PBB TERHUT": null, "FAKTOR PEN": null, "PBB YG HAR": null, "FLG SYNC": null, "JML KRG BA": null, "FLG BAYAR": null, "ALAMAT OP": null, "NM KELURAH": null, "NM KECAMAT": null }, "geometry": { "type": "MultiPolygon", "coordinates": [ [ [ [ 110.36853500977702, -7.787806473821815, 0.0 ], [ 110.368557575483322, -7.787869177308708, 0.0 ], [ 110.368500652803718, -7.787877141033423, 0.0 ], [ 110.368480106002707, -7.787814621417009, 0.0 ], [ 110.36853500977702, -7.787806473821815, 0.0 ] ] ] ] } },
{ "type": "Feature", "properties": { "D_NOP": "347106000400701080", "D_LUAS": 0.0, "ASR": null, "KD PROPINS": null, "KD DATI2": null, "KD KECAMAT": null, "KD KELURAH": null, "KD BLOK": null, "NO URUT": null, "KD JNS OP": null, "THN PAJAK": null, "NO PERSIL": null, "LUAS BUMI": null, "LUAS BNG S": null, "NJOP BUMI": null, "NJOP BNG S": null, "NJOP SPPT": null, "NJOPTKP SP": null, "NJKP SPPT": null, "PBB TERHUT": null, "FAKTOR PEN": null, "PBB YG HAR": null, "FLG SYNC": null, "JML KRG BA": null, "FLG BAYAR": null, "ALAMAT OP": null, "NM KELURAH": null, "NM KECAMAT": null }, "geometry": { "type": "MultiPolygon", "coordinates": [ [ [ [ 110.368500652803718, -7.787877141033423, 0.0 ], [ 110.368557575483322, -7.787869177308708, 0.0 ], [ 110.368580364599865, -7.787932514156548, 0.0 ], [ 110.368519920427161, -7.787944903841534, 0.0 ], [ 110.368500652803718, -7.787877141033423, 0.0 ] ] ] ] } },
{ "type": "Feature", "properties": { "D_NOP": "347106000400701090", "D_LUAS": 0.0, "ASR": null, "KD PROPINS": null, "KD DATI2": null, "KD KECAMAT": null, "KD KELURAH": null, "KD BLOK": null, "NO URUT": null, "KD JNS OP": null, "THN PAJAK": null, "NO PERSIL": null, "LUAS BUMI": null, "LUAS BNG S": null, "NJOP BUMI": null, "NJOP BNG S": null, "NJOP SPPT": null, "NJOPTKP SP": null, "NJKP SPPT": null, "PBB TERHUT": null, "FAKTOR PEN": null, "PBB YG HAR": null, "FLG SYNC": null, "JML KRG BA": null, "FLG BAYAR": null, "ALAMAT OP": null, "NM KELURAH": null, "NM KECAMAT": null }, "geometry": { "type": "MultiPolygon", "coordinates": [ [ [ [ 110.368519920427161, -7.787944903841534, 0.0 ], [ 110.368580364599865, -7.787932514156548, 0.0 ], [ 110.368600770654027, -7.787989155432854, 0.0 ], [ 110.368541146118432, -7.788003535860837, 0.0 ], [ 110.368519920427161, -7.787944903841534, 0.0 ] ] ] ] } },
{ "type": "Feature", "properties": { "D_NOP": "347106000400701100", "D_LUAS": 0.0, "ASR": null, "KD PROPINS": null, "KD DATI2": null, "KD KECAMAT": null, "KD KELURAH": null, "KD BLOK": null, "NO URUT": null, "KD JNS OP": null, "THN PAJAK": null, "NO PERSIL": null, "LUAS BUMI": null, "LUAS BNG S": null, "NJOP BUMI": null, "NJOP BNG S": null, "NJOP SPPT": null, "NJOPTKP SP": null, "NJKP SPPT": null, "PBB TERHUT": null, "FAKTOR PEN": null, "PBB YG HAR": null, "FLG SYNC": null, "JML KRG BA": null, "FLG BAYAR": null, "ALAMAT OP": null, "NM KELURAH": null, "NM KECAMAT": null }, "geometry": { "type": "MultiPolygon", "coordinates": [ [ [ [ 110.368601216243761, -7.787991236049105, 0.0 ], [ 110.368620421290018, -7.788050859815803, 0.0 ], [ 110.368560427294625, -7.788062255415798, 0.0 ], [ 110.368541146118432, -7.788003535860837, 0.0 ], [ 110.368601216243761, -7.787991236049105, 0.0 ] ] ] ] } },
{ "type": "Feature", "properties": { "D_NOP": "347106000400701110", "D_LUAS": 0.0, "ASR": null, "KD PROPINS": null, "KD DATI2": null, "KD KECAMAT": null, "KD KELURAH": null, "KD BLOK": null, "NO URUT": null, "KD JNS OP": null, "THN PAJAK": null, "NO PERSIL": null, "LUAS BUMI": null, "LUAS BNG S": null, "NJOP BUMI": null, "NJOP BNG S": null, "NJOP SPPT": null, "NJOPTKP SP": null, "NJKP SPPT": null, "PBB TERHUT": null, "FAKTOR PEN": null, "PBB YG HAR": null, "FLG SYNC": null, "JML KRG BA": null, "FLG BAYAR": null, "ALAMAT OP": null, "NM KELURAH": null, "NM KECAMAT": null }, "geometry": { "type": "MultiPolygon", "coordinates": [ [ [ [ 110.368620421290018, -7.788050859815803, 0.0 ], [ 110.368636648384182, -7.78810152630736, 0.0 ], [ 110.368574709725664, -7.788113099878044, 0.0 ], [ 110.368560427294625, -7.788062255415798, 0.0 ], [ 110.368620421290018, -7.788050859815803, 0.0 ] ] ] ] } },
{ "type": "Feature", "properties": { "D_NOP": "347106000400701120", "D_LUAS": 0.0, "ASR": null, "KD PROPINS": null, "KD DATI2": null, "KD KECAMAT": null, "KD KELURAH": null, "KD BLOK": null, "NO URUT": null, "KD JNS OP": null, "THN PAJAK": null, "NO PERSIL": null, "LUAS BUMI": null, "LUAS BNG S": null, "NJOP BUMI": null, "NJOP BNG S": null, "NJOP SPPT": null, "NJOPTKP SP": null, "NJKP SPPT": null, "PBB TERHUT": null, "FAKTOR PEN": null, "PBB YG HAR": null, "FLG SYNC": null, "JML KRG BA": null, "FLG BAYAR": null, "ALAMAT OP": null, "NM KELURAH": null, "NM KECAMAT": null }, "geometry": { "type": "MultiPolygon", "coordinates": [ [ [ [ 110.368574709725664, -7.788113099878044, 0.0 ], [ 110.368636648384182, -7.78810152630736, 0.0 ], [ 110.36865257742879, -7.788151468892819, 0.0 ], [ 110.368590194256598, -7.788160238388852, 0.0 ], [ 110.368574709725664, -7.788113099878044, 0.0 ] ] ] ] } },
{ "type": "Feature", "properties": { "D_NOP": "347106000400701130", "D_LUAS": 0.0, "ASR": null, "KD PROPINS": null, "KD DATI2": null, "KD KECAMAT": null, "KD KELURAH": null, "KD BLOK": null, "NO URUT": null, "KD JNS OP": null, "THN PAJAK": null, "NO PERSIL": null, "LUAS BUMI": null, "LUAS BNG S": null, "NJOP BUMI": null, "NJOP BNG S": null, "NJOP SPPT": null, "NJOPTKP SP": null, "NJKP SPPT": null, "PBB TERHUT": null, "FAKTOR PEN": null, "PBB YG HAR": null, "FLG SYNC": null, "JML KRG BA": null, "FLG BAYAR": null, "ALAMAT OP": null, "NM KELURAH": null, "NM KECAMAT": null }, "geometry": { "type": "MultiPolygon", "coordinates": [ [ [ [ 110.368590194256598, -7.788160238388852, 0.0 ], [ 110.36865257742879, -7.788151468892819, 0.0 ], [ 110.368669467566903, -7.788208828392385, 0.0 ], [ 110.368605140271384, -7.788217414129203, 0.0 ], [ 110.368590194256598, -7.788160238388852, 0.0 ] ] ] ] } },
{ "type": "Feature", "properties": { "D_NOP": "347106000400701140", "D_LUAS": 0.0, "ASR": null, "KD PROPINS": "34", "KD DATI2": "71", "KD KECAMAT": "060", "KD KELURAH": "004", "KD BLOK": "007", "NO URUT": "0114", "KD JNS OP": "0", "THN PAJAK": "2023", "NO PERSIL": null, "LUAS BUMI": "20", "LUAS BNG S": 20, "NJOP BUMI": 74900000.0, "NJOP BNG S": 2320000.0, "NJOP SPPT": 77220000.0, "NJOPTKP SP": 20000000.0, "NJKP SPPT": 0, "PBB TERHUT": 28610, "FAKTOR PEN": 9362.0, "PBB YG HAR": 19248, "FLG SYNC": "0", "JML KRG BA": "0", "FLG BAYAR": "0", "ALAMAT OP": "JL ACHMAD JAJULI GK II/29  RW 04 RT 021", "NM KELURAH": "KOTABARU", "NM KECAMAT": "GONDOKUSUMAN" }, "geometry": { "type": "MultiPolygon", "coordinates": [ [ [ [ 110.368605140271384, -7.788217414129203, 0.0 ], [ 110.368669467566903, -7.788208828392385, 0.0 ], [ 110.368697871884251, -7.78826792326021, 0.0 ], [ 110.368630619063907, -7.788282473203099, 0.0 ], [ 110.368605140271384, -7.788217414129203, 0.0 ] ] ] ] } },
{ "type": "Feature", "properties": { "D_NOP": "347106000400701150", "D_LUAS": 0.0, "ASR": null, "KD PROPINS": null, "KD DATI2": null, "KD KECAMAT": null, "KD KELURAH": null, "KD BLOK": null, "NO URUT": null, "KD JNS OP": null, "THN PAJAK": null, "NO PERSIL": null, "LUAS BUMI": null, "LUAS BNG S": null, "NJOP BUMI": null, "NJOP BNG S": null, "NJOP SPPT": null, "NJOPTKP SP": null, "NJKP SPPT": null, "PBB TERHUT": null, "FAKTOR PEN": null, "PBB YG HAR": null, "FLG SYNC": null, "JML KRG BA": null, "FLG BAYAR": null, "ALAMAT OP": null, "NM KELURAH": null, "NM KECAMAT": null }, "geometry": { "type": "MultiPolygon", "coordinates": [ [ [ [ 110.368630619063907, -7.788282473203099, 0.0 ], [ 110.368697871884251, -7.78826792326021, 0.0 ], [ 110.368725829399978, -7.788325751403127, 0.0 ], [ 110.368665375829849, -7.788344380948297, 0.0 ], [ 110.368630619063907, -7.788282473203099, 0.0 ] ] ] ] } },
{ "type": "Feature", "properties": { "D_NOP": "347106000400701160", "D_LUAS": 0.0, "ASR": null, "KD PROPINS": null, "KD DATI2": null, "KD KECAMAT": null, "KD KELURAH": null, "KD BLOK": null, "NO URUT": null, "KD JNS OP": null, "THN PAJAK": null, "NO PERSIL": null, "LUAS BUMI": null, "LUAS BNG S": null, "NJOP BUMI": null, "NJOP BNG S": null, "NJOP SPPT": null, "NJOPTKP SP": null, "NJKP SPPT": null, "PBB TERHUT": null, "FAKTOR PEN": null, "PBB YG HAR": null, "FLG SYNC": null, "JML KRG BA": null, "FLG BAYAR": null, "ALAMAT OP": null, "NM KELURAH": null, "NM KECAMAT": null }, "geometry": { "type": "MultiPolygon", "coordinates": [ [ [ [ 110.368725829399978, -7.788325751403127, 0.0 ], [ 110.368758270584166, -7.788385847039253, 0.0 ], [ 110.368698336839273, -7.788406919046048, 0.0 ], [ 110.368665375829849, -7.788344380948297, 0.0 ], [ 110.368725829399978, -7.788325751403127, 0.0 ] ] ] ] } },
{ "type": "Feature", "properties": { "D_NOP": "347106000400701170", "D_LUAS": 0.0, "ASR": null, "KD PROPINS": null, "KD DATI2": null, "KD KECAMAT": null, "KD KELURAH": null, "KD BLOK": null, "NO URUT": null, "KD JNS OP": null, "THN PAJAK": null, "NO PERSIL": null, "LUAS BUMI": null, "LUAS BNG S": null, "NJOP BUMI": null, "NJOP BNG S": null, "NJOP SPPT": null, "NJOPTKP SP": null, "NJKP SPPT": null, "PBB TERHUT": null, "FAKTOR PEN": null, "PBB YG HAR": null, "FLG SYNC": null, "JML KRG BA": null, "FLG BAYAR": null, "ALAMAT OP": null, "NM KELURAH": null, "NM KECAMAT": null }, "geometry": { "type": "MultiPolygon", "coordinates": [ [ [ [ 110.368698336839273, -7.788406919046048, 0.0 ], [ 110.368758270584166, -7.788385847039253, 0.0 ], [ 110.36879647759919, -7.788440977459018, 0.0 ], [ 110.368737203365853, -7.788471093725, 0.0 ], [ 110.368698336839273, -7.788406919046048, 0.0 ] ] ] ] } },
{ "type": "Feature", "properties": { "D_NOP": "347106000400701180", "D_LUAS": 0.0, "ASR": null, "KD PROPINS": null, "KD DATI2": null, "KD KECAMAT": null, "KD KELURAH": null, "KD BLOK": null, "NO URUT": null, "KD JNS OP": null, "THN PAJAK": null, "NO PERSIL": null, "LUAS BUMI": null, "LUAS BNG S": null, "NJOP BUMI": null, "NJOP BNG S": null, "NJOP SPPT": null, "NJOPTKP SP": null, "NJKP SPPT": null, "PBB TERHUT": null, "FAKTOR PEN": null, "PBB YG HAR": null, "FLG SYNC": null, "JML KRG BA": null, "FLG BAYAR": null, "ALAMAT OP": null, "NM KELURAH": null, "NM KECAMAT": null }, "geometry": { "type": "MultiPolygon", "coordinates": [ [ [ [ 110.368737203365853, -7.788471093725, 0.0 ], [ 110.36879647759919, -7.788440977459018, 0.0 ], [ 110.368837608514397, -7.788491228862346, 0.0 ], [ 110.368785277286193, -7.788529313551702, 0.0 ], [ 110.368737203365853, -7.788471093725, 0.0 ] ] ] ] } },
{ "type": "Feature", "properties": { "D_NOP": "347106000400701190", "D_LUAS": 0.0, "ASR": null, "KD PROPINS": null, "KD DATI2": null, "KD KECAMAT": null, "KD KELURAH": null, "KD BLOK": null, "NO URUT": null, "KD JNS OP": null, "THN PAJAK": null, "NO PERSIL": null, "LUAS BUMI": null, "LUAS BNG S": null, "NJOP BUMI": null, "NJOP BNG S": null, "NJOP SPPT": null, "NJOPTKP SP": null, "NJKP SPPT": null, "PBB TERHUT": null, "FAKTOR PEN": null, "PBB YG HAR": null, "FLG SYNC": null, "JML KRG BA": null, "FLG BAYAR": null, "ALAMAT OP": null, "NM KELURAH": null, "NM KECAMAT": null }, "geometry": { "type": "MultiPolygon", "coordinates": [ [ [ [ 110.368837608514397, -7.788491228862346, 0.0 ], [ 110.368883214304603, -7.788549625869766, 0.0 ], [ 110.368836199920565, -7.788582925546509, 0.0 ], [ 110.368785277286193, -7.788529313551702, 0.0 ], [ 110.368837608514397, -7.788491228862346, 0.0 ] ] ] ] } },
{ "type": "Feature", "properties": { "D_NOP": "347106000400701200", "D_LUAS": 0.0, "ASR": null, "KD PROPINS": null, "KD DATI2": null, "KD KECAMAT": null, "KD KELURAH": null, "KD BLOK": null, "NO URUT": null, "KD JNS OP": null, "THN PAJAK": null, "NO PERSIL": null, "LUAS BUMI": null, "LUAS BNG S": null, "NJOP BUMI": null, "NJOP BNG S": null, "NJOP SPPT": null, "NJOPTKP SP": null, "NJKP SPPT": null, "PBB TERHUT": null, "FAKTOR PEN": null, "PBB YG HAR": null, "FLG SYNC": null, "JML KRG BA": null, "FLG BAYAR": null, "ALAMAT OP": null, "NM KELURAH": null, "NM KECAMAT": null }, "geometry": { "type": "MultiPolygon", "coordinates": [ [ [ [ 110.368883214304603, -7.788549625869766, 0.0 ], [ 110.368941294576416, -7.788617717745403, 0.0 ], [ 110.36889755986229, -7.788658256928928, 0.0 ], [ 110.368836199920565, -7.788582925546509, 0.0 ], [ 110.368883214304603, -7.788549625869766, 0.0 ] ] ] ] } },
{ "type": "Feature", "properties": { "D_NOP": "347106000400101170", "D_LUAS": 0.0, "ASR": null, "KD PROPINS": null, "KD DATI2": null, "KD KECAMAT": null, "KD KELURAH": null, "KD BLOK": null, "NO URUT": null, "KD JNS OP": null, "THN PAJAK": null, "NO PERSIL": null, "LUAS BUMI": null, "LUAS BNG S": null, "NJOP BUMI": null, "NJOP BNG S": null, "NJOP SPPT": null, "NJOPTKP SP": null, "NJKP SPPT": null, "PBB TERHUT": null, "FAKTOR PEN": null, "PBB YG HAR": null, "FLG SYNC": null, "JML KRG BA": null, "FLG BAYAR": null, "ALAMAT OP": null, "NM KELURAH": null, "NM KECAMAT": null }, "geometry": { "type": "MultiPolygon", "coordinates": [ [ [ [ 110.368354930915316, -7.787006689880329, 0.0 ], [ 110.368359359434223, -7.787045763413516, 0.0 ], [ 110.368321812250258, -7.787049505649639, 0.0 ], [ 110.368312820958494, -7.786961139485476, 0.0 ], [ 110.368350069676424, -7.786956944641283, 0.0 ], [ 110.368354930915316, -7.787006689880329, 0.0 ] ] ] ] } },
{ "type": "Feature", "properties": { "D_NOP": "347106000400101360", "D_LUAS": 0.0, "ASR": null, "KD PROPINS": "34", "KD DATI2": "71", "KD KECAMAT": "060", "KD KELURAH": "004", "KD BLOK": "001", "NO URUT": "0136", "KD JNS OP": "0", "THN PAJAK": "2023", "NO PERSIL": null, "LUAS BUMI": "20", "LUAS BNG S": 20, "NJOP BUMI": 55580000.0, "NJOP BNG S": 6200000.0, "NJOP SPPT": 61780000.0, "NJOPTKP SP": 20000000.0, "NJKP SPPT": 0, "PBB TERHUT": 20890, "FAKTOR PEN": 6947.0, "PBB YG HAR": 13943, "FLG SYNC": "0", "JML KRG BA": "0", "FLG BAYAR": "0", "ALAMAT OP": "KP LEDOK CODE  RW 04 RT 018", "NM KELURAH": "KOTABARU", "NM KECAMAT": "GONDOKUSUMAN" }, "geometry": { "type": "MultiPolygon", "coordinates": [ [ [ [ 110.368321812250258, -7.787049505649639, 0.0 ], [ 110.368359359434223, -7.787045763413516, 0.0 ], [ 110.368363277469314, -7.787076154644884, 0.0 ], [ 110.368326030908051, -7.787078902569096, 0.0 ], [ 110.368321812250258, -7.787049505649639, 0.0 ] ] ] ] } },
{ "type": "Feature", "properties": { "D_NOP": "347106000400101370", "D_LUAS": 0.0, "ASR": null, "KD PROPINS": "34", "KD DATI2": "71", "KD KECAMAT": "060", "KD KELURAH": "004", "KD BLOK": "001", "NO URUT": "0137", "KD JNS OP": "0", "THN PAJAK": "2023", "NO PERSIL": null, "LUAS BUMI": "45", "LUAS BNG S": 45, "NJOP BUMI": 125055000.0, "NJOP BNG S": 13950000.0, "NJOP SPPT": 139005000.0, "NJOPTKP SP": 20000000.0, "NJKP SPPT": 0, "PBB TERHUT": 59503, "FAKTOR PEN": 15632.0, "PBB YG HAR": 43871, "FLG SYNC": "0", "JML KRG BA": "0", "FLG BAYAR": "0", "ALAMAT OP": "KP LEDOK CODE  RW 04 RT 018", "NM KELURAH": "KOTABARU", "NM KECAMAT": "GONDOKUSUMAN" }, "geometry": { "type": "MultiPolygon", "coordinates": [ [ [ [ 110.368359359434223, -7.787045763413516, 0.0 ], [ 110.368398176995271, -7.787042656095539, 0.0 ], [ 110.368401950070265, -7.787069972398274, 0.0 ], [ 110.368363277469314, -7.787076154644884, 0.0 ], [ 110.368359359434223, -7.787045763413516, 0.0 ] ] ] ] } },
{ "type": "Feature", "properties": { "D_NOP": "347106000400101410", "D_LUAS": 0.0, "ASR": null, "KD PROPINS": "34", "KD DATI2": "71", "KD KECAMAT": "060", "KD KELURAH": "004", "KD BLOK": "001", "NO URUT": "0141", "KD JNS OP": "0", "THN PAJAK": "2023", "NO PERSIL": null, "LUAS BUMI": "24", "LUAS BNG S": 24, "NJOP BUMI": 66696000.0, "NJOP BNG S": 7440000.0, "NJOP SPPT": 74136000.0, "NJOPTKP SP": 20000000.0, "NJKP SPPT": 0, "PBB TERHUT": 27068, "FAKTOR PEN": 8337.0, "PBB YG HAR": 18731, "FLG SYNC": "0", "JML KRG BA": "0", "FLG BAYAR": "0", "ALAMAT OP": "KP LEDOK CODE  RW 04 RT 018", "NM KELURAH": "KOTABARU", "NM KECAMAT": "GONDOKUSUMAN" }, "geometry": { "type": "MultiPolygon", "coordinates": [ [ [ [ 110.368357252501369, -7.787104360678121, 0.0 ], [ 110.36839494966425, -7.787100347364502, 0.0 ], [ 110.36839952125392, -7.787143761881253, 0.0 ], [ 110.368380896141829, -7.787146356684135, 0.0 ], [ 110.368362645626178, -7.787148499880638, 0.0 ], [ 110.368357252501369, -7.787104360678121, 0.0 ] ] ] ] } },
{ "type": "Feature", "properties": { "D_NOP": "347106000400101400", "D_LUAS": 0.0, "ASR": null, "KD PROPINS": "34", "KD DATI2": "71", "KD KECAMAT": "060", "KD KELURAH": "004", "KD BLOK": "001", "NO URUT": "0140", "KD JNS OP": "0", "THN PAJAK": "2023", "NO PERSIL": null, "LUAS BUMI": "12", "LUAS BNG S": 12, "NJOP BUMI": 33348000.0, "NJOP BNG S": 3720000.0, "NJOP SPPT": 37068000.0, "NJOPTKP SP": 20000000.0, "NJKP SPPT": 0, "PBB TERHUT": 8534, "FAKTOR PEN": 4168.0, "PBB YG HAR": 4366, "FLG SYNC": "0", "JML KRG BA": "0", "FLG BAYAR": "0", "ALAMAT OP": "KP LEDOK CODE  RW 04 RT 018", "NM KELURAH": "KOTABARU", "NM KECAMAT": "GONDOKUSUMAN" }, "geometry": { "type": "MultiPolygon", "coordinates": [ [ [ [ 110.36839494966425, -7.787100347364502, 0.0 ], [ 110.368431749149423, -7.787096513575727, 0.0 ], [ 110.368436770800429, -7.787139024435565, 0.0 ], [ 110.368425101672287, -7.787140906140237, 0.0 ], [ 110.36839952125392, -7.787143761881253, 0.0 ], [ 110.36839494966425, -7.787100347364502, 0.0 ] ] ] ] } },
{ "type": "Feature", "properties": { "D_NOP": "347106000400101390", "D_LUAS": 0.0, "ASR": null, "KD PROPINS": "34", "KD DATI2": "71", "KD KECAMAT": "060", "KD KELURAH": "004", "KD BLOK": "001", "NO URUT": "0139", "KD JNS OP": "0", "THN PAJAK": "2023", "NO PERSIL": null, "LUAS BUMI": "18", "LUAS BNG S": 18, "NJOP BUMI": 50022000.0, "NJOP BNG S": 5580000.0, "NJOP SPPT": 55602000.0, "NJOPTKP SP": 20000000.0, "NJKP SPPT": 0, "PBB TERHUT": 17801, "FAKTOR PEN": 6253.0, "PBB YG HAR": 11548, "FLG SYNC": "0", "JML KRG BA": "0", "FLG BAYAR": "0", "ALAMAT OP": "KP LEDOK CODE  RW 04 RT 018", "NM KELURAH": "KOTABARU", "NM KECAMAT": "GONDOKUSUMAN" }, "geometry": { "type": "MultiPolygon", "coordinates": [ [ [ [ 110.368431749149423, -7.787096513575727, 0.0 ], [ 110.368466379631272, -7.787092857418378, 0.0 ], [ 110.368470056124053, -7.787134733245383, 0.0 ], [ 110.368436770800429, -7.787139024435565, 0.0 ], [ 110.368431749149423, -7.787096513575727, 0.0 ] ] ] ] } },
{ "type": "Feature", "properties": { "D_NOP": "347106000400101380", "D_LUAS": 0.0, "ASR": null, "KD PROPINS": "34", "KD DATI2": "71", "KD KECAMAT": "060", "KD KELURAH": "004", "KD BLOK": "001", "NO URUT": "0138", "KD JNS OP": "0", "THN PAJAK": "2023", "NO PERSIL": null, "LUAS BUMI": "12", "LUAS BNG S": 18, "NJOP BUMI": 33348000.0, "NJOP BNG S": 9090000.0, "NJOP SPPT": 42438000.0, "NJOPTKP SP": 20000000.0, "NJKP SPPT": 0, "PBB TERHUT": 11219, "FAKTOR PEN": 4168.0, "PBB YG HAR": 7051, "FLG SYNC": "0", "JML KRG BA": "0", "FLG BAYAR": "0", "ALAMAT OP": "KP LEDOK CODE 8 RW 04 RT 018", "NM KELURAH": "KOTABARU", "NM KECAMAT": "GONDOKUSUMAN" }, "geometry": { "type": "MultiPolygon", "coordinates": [ [ [ [ 110.368466379631272, -7.787092857418378, 0.0 ], [ 110.368522850386483, -7.787086972969266, 0.0 ], [ 110.368525631238782, -7.787127671836847, 0.0 ], [ 110.368470056124053, -7.787134733245383, 0.0 ], [ 110.368466379631272, -7.787092857418378, 0.0 ] ] ] ] } },
{ "type": "Feature", "properties": { "D_NOP": "347106000400101420", "D_LUAS": 0.0, "ASR": null, "KD PROPINS": "34", "KD DATI2": "71", "KD KECAMAT": "060", "KD KELURAH": "004", "KD BLOK": "001", "NO URUT": "0142", "KD JNS OP": "0", "THN PAJAK": "2023", "NO PERSIL": null, "LUAS BUMI": "24", "LUAS BNG S": 24, "NJOP BUMI": 66696000.0, "NJOP BNG S": 7440000.0, "NJOP SPPT": 74136000.0, "NJOPTKP SP": 20000000.0, "NJKP SPPT": 0, "PBB TERHUT": 27068, "FAKTOR PEN": 8337.0, "PBB YG HAR": 18731, "FLG SYNC": "0", "JML KRG BA": "0", "FLG BAYAR": "0", "ALAMAT OP": "KP LEDOK CODE  RW 04 RT 018", "NM KELURAH": "KOTABARU", "NM KECAMAT": "GONDOKUSUMAN" }, "geometry": { "type": "MultiPolygon", "coordinates": [ [ [ [ 110.3683245668052, -7.787107748425702, 0.0 ], [ 110.368357252501369, -7.787104360678121, 0.0 ], [ 110.368362645626178, -7.787148499880638, 0.0 ], [ 110.368330108410689, -7.787152611311349, 0.0 ], [ 110.3683245668052, -7.787107748425702, 0.0 ] ] ] ] } },
{ "type": "Feature", "properties": { "D_NOP": "347106000400101430", "D_LUAS": 0.0, "ASR": null, "KD PROPINS": "34", "KD DATI2": "71", "KD KECAMAT": "060", "KD KELURAH": "004", "KD BLOK": "001", "NO URUT": "0143", "KD JNS OP": "0", "THN PAJAK": "2023", "NO PERSIL": null, "LUAS BUMI": "24", "LUAS BNG S": 24, "NJOP BUMI": 66696000.0, "NJOP BNG S": 7440000.0, "NJOP SPPT": 74136000.0, "NJOPTKP SP": 20000000.0, "NJKP SPPT": 0, "PBB TERHUT": 27068, "FAKTOR PEN": 8337.0, "PBB YG HAR": 18731, "FLG SYNC": "0", "JML KRG BA": "0", "FLG BAYAR": "0", "ALAMAT OP": "KP LEDOK CODE  RW 04 RT 018", "NM KELURAH": "KOTABARU", "NM KECAMAT": "GONDOKUSUMAN" }, "geometry": { "type": "MultiPolygon", "coordinates": [ [ [ [ 110.368330108410689, -7.787152611311349, 0.0 ], [ 110.368362645626178, -7.787148499880638, 0.0 ], [ 110.368380896141829, -7.787146356684135, 0.0 ], [ 110.368383707861014, -7.787166436936996, 0.0 ], [ 110.368333368288901, -7.787173053962936, 0.0 ], [ 110.368330108410689, -7.787152611311349, 0.0 ] ] ] ] } },
{ "type": "Feature", "properties": { "D_NOP": "347106000400101450", "D_LUAS": 0.0, "ASR": null, "KD PROPINS": "34", "KD DATI2": "71", "KD KECAMAT": "060", "KD KELURAH": "004", "KD BLOK": "001", "NO URUT": "0145", "KD JNS OP": "0", "THN PAJAK": "2023", "NO PERSIL": null, "LUAS BUMI": "12", "LUAS BNG S": 12, "NJOP BUMI": 33348000.0, "NJOP BNG S": 3720000.0, "NJOP SPPT": 37068000.0, "NJOPTKP SP": 20000000.0, "NJKP SPPT": 0, "PBB TERHUT": 8534, "FAKTOR PEN": 4168.0, "PBB YG HAR": 4366, "FLG SYNC": "0", "JML KRG BA": "0", "FLG BAYAR": "0", "ALAMAT OP": "KP LEDOK CODE  RW 04 RT 018", "NM KELURAH": "KOTABARU", "NM KECAMAT": "GONDOKUSUMAN" }, "geometry": { "type": "MultiPolygon", "coordinates": [ [ [ [ 110.368380896141829, -7.787146356684135, 0.0 ], [ 110.36839952125392, -7.787143761881253, 0.0 ], [ 110.368425101672287, -7.787140906140237, 0.0 ], [ 110.368427838609691, -7.787160986281575, 0.0 ], [ 110.368383707861014, -7.787166436936996, 0.0 ], [ 110.368380896141829, -7.787146356684135, 0.0 ] ] ] ] } },
{ "type": "Feature", "properties": { "D_NOP": "347106000400101470", "D_LUAS": 0.0, "ASR": null, "KD PROPINS": "34", "KD DATI2": "71", "KD KECAMAT": "060", "KD KELURAH": "004", "KD BLOK": "001", "NO URUT": "0147", "KD JNS OP": "0", "THN PAJAK": "2023", "NO PERSIL": null, "LUAS BUMI": "12", "LUAS BNG S": 12, "NJOP BUMI": 33348000.0, "NJOP BNG S": 3720000.0, "NJOP SPPT": 37068000.0, "NJOPTKP SP": 20000000.0, "NJKP SPPT": 0, "PBB TERHUT": 8534, "FAKTOR PEN": 4168.0, "PBB YG HAR": 4366, "FLG SYNC": "0", "JML KRG BA": "0", "FLG BAYAR": "0", "ALAMAT OP": "KP LEDOK CODE  RW 04 RT 018", "NM KELURAH": "KOTABARU", "NM KECAMAT": "GONDOKUSUMAN" }, "geometry": { "type": "MultiPolygon", "coordinates": [ [ [ [ 110.368425101672287, -7.787140906140237, 0.0 ], [ 110.368436770800429, -7.787139024435565, 0.0 ], [ 110.368470056124053, -7.787134733245383, 0.0 ], [ 110.368472046849931, -7.787153727082438, 0.0 ], [ 110.368427838609691, -7.787160986281575, 0.0 ], [ 110.368425101672287, -7.787140906140237, 0.0 ] ] ] ] } },
{ "type": "Feature", "properties": { "D_NOP": "347106000400101440", "D_LUAS": 0.0, "ASR": null, "KD PROPINS": "34", "KD DATI2": "71", "KD KECAMAT": "060", "KD KELURAH": "004", "KD BLOK": "001", "NO URUT": "0144", "KD JNS OP": "0", "THN PAJAK": "2023", "NO PERSIL": null, "LUAS BUMI": "24", "LUAS BNG S": 24, "NJOP BUMI": 66696000.0, "NJOP BNG S": 7440000.0, "NJOP SPPT": 74136000.0, "NJOPTKP SP": 20000000.0, "NJKP SPPT": 0, "PBB TERHUT": 27068, "FAKTOR PEN": 8337.0, "PBB YG HAR": 18731, "FLG SYNC": "0", "JML KRG BA": "0", "FLG BAYAR": "0", "ALAMAT OP": "KP LEDOK CODE  RW 04 RT 018", "NM KELURAH": "KOTABARU", "NM KECAMAT": "GONDOKUSUMAN" }, "geometry": { "type": "MultiPolygon", "coordinates": [ [ [ [ 110.368333368288901, -7.787173053962936, 0.0 ], [ 110.368383707861014, -7.787166436936996, 0.0 ], [ 110.368387039681508, -7.787188778782699, 0.0 ], [ 110.368336700919428, -7.787194853213699, 0.0 ], [ 110.368333368288901, -7.787173053962936, 0.0 ] ] ] ] } },
{ "type": "Feature", "properties": { "D_NOP": "347106000400101460", "D_LUAS": 0.0, "ASR": null, "KD PROPINS": "34", "KD DATI2": "71", "KD KECAMAT": "060", "KD KELURAH": "004", "KD BLOK": "001", "NO URUT": "0146", "KD JNS OP": "0", "THN PAJAK": "2023", "NO PERSIL": null, "LUAS BUMI": "12", "LUAS BNG S": 12, "NJOP BUMI": 33348000.0, "NJOP BNG S": 3720000.0, "NJOP SPPT": 37068000.0, "NJOPTKP SP": 20000000.0, "NJKP SPPT": 0, "PBB TERHUT": 8534, "FAKTOR PEN": 4168.0, "PBB YG HAR": 4366, "FLG SYNC": "0", "JML KRG BA": "0", "FLG BAYAR": "0", "ALAMAT OP": "KP LEDOK CODE  RW 04 RT 018", "NM KELURAH": "KOTABARU", "NM KECAMAT": "GONDOKUSUMAN" }, "geometry": { "type": "MultiPolygon", "coordinates": [ [ [ [ 110.368383707861014, -7.787166436936996, 0.0 ], [ 110.368427838609691, -7.787160986281575, 0.0 ], [ 110.368430649518587, -7.787181609129445, 0.0 ], [ 110.368387039681508, -7.787188778782699, 0.0 ], [ 110.368383707861014, -7.787166436936996, 0.0 ] ] ] ] } },
{ "type": "Feature", "properties": { "D_NOP": "347106000400101480", "D_LUAS": 0.0, "ASR": null, "KD PROPINS": null, "KD DATI2": null, "KD KECAMAT": null, "KD KELURAH": null, "KD BLOK": null, "NO URUT": null, "KD JNS OP": null, "THN PAJAK": null, "NO PERSIL": null, "LUAS BUMI": null, "LUAS BNG S": null, "NJOP BUMI": null, "NJOP BNG S": null, "NJOP SPPT": null, "NJOPTKP SP": null, "NJKP SPPT": null, "PBB TERHUT": null, "FAKTOR PEN": null, "PBB YG HAR": null, "FLG SYNC": null, "JML KRG BA": null, "FLG BAYAR": null, "ALAMAT OP": null, "NM KELURAH": null, "NM KECAMAT": null }, "geometry": { "type": "MultiPolygon", "coordinates": [ [ [ [ 110.368427838609691, -7.787160986281575, 0.0 ], [ 110.368472046849931, -7.787153727082438, 0.0 ], [ 110.368475380300183, -7.787174983737568, 0.0 ], [ 110.368430649518587, -7.787181609129445, 0.0 ], [ 110.368427838609691, -7.787160986281575, 0.0 ] ] ] ] } },
{ "type": "Feature", "properties": { "D_NOP": "347106000400101160", "D_LUAS": 0.0, "ASR": null, "KD PROPINS": null, "KD DATI2": null, "KD KECAMAT": null, "KD KELURAH": null, "KD BLOK": null, "NO URUT": null, "KD JNS OP": null, "THN PAJAK": null, "NO PERSIL": null, "LUAS BUMI": null, "LUAS BNG S": null, "NJOP BUMI": null, "NJOP BNG S": null, "NJOP SPPT": null, "NJOPTKP SP": null, "NJKP SPPT": null, "PBB TERHUT": null, "FAKTOR PEN": null, "PBB YG HAR": null, "FLG SYNC": null, "JML KRG BA": null, "FLG BAYAR": null, "ALAMAT OP": null, "NM KELURAH": null, "NM KECAMAT": null }, "geometry": { "type": "MultiPolygon", "coordinates": [ [ [ [ 110.368591298840201, -7.786473488860294, 0.0 ], [ 110.368626447205941, -7.786473541198684, 0.0 ], [ 110.368627068816309, -7.786507906561073, 0.0 ], [ 110.36859259350156, -7.786507855224761, 0.0 ], [ 110.368591298840201, -7.786473488860294, 0.0 ] ] ] ] } },
{ "type": "Feature", "properties": { "D_NOP": "347106000400200860", "D_LUAS": 24192.91, "ASR": null, "KD PROPINS": null, "KD DATI2": null, "KD KECAMAT": null, "KD KELURAH": null, "KD BLOK": null, "NO URUT": null, "KD JNS OP": null, "THN PAJAK": null, "NO PERSIL": null, "LUAS BUMI": null, "LUAS BNG S": null, "NJOP BUMI": null, "NJOP BNG S": null, "NJOP SPPT": null, "NJOPTKP SP": null, "NJKP SPPT": null, "PBB TERHUT": null, "FAKTOR PEN": null, "PBB YG HAR": null, "FLG SYNC": null, "JML KRG BA": null, "FLG BAYAR": null, "ALAMAT OP": null, "NM KELURAH": null, "NM KECAMAT": null }, "geometry": { "type": "MultiPolygon", "coordinates": [ [ [ [ 110.372171390092191, -7.785897955097623, 0.0 ], [ 110.372169624223829, -7.785878509433183, 0.0 ], [ 110.37228052930827, -7.785827850391113, 0.0 ], [ 110.37250408308843, -7.785760899256172, 0.0 ], [ 110.372675224211704, -7.785736916477624, 0.0 ], [ 110.373065588744822, -7.785741744122897, 0.0 ], [ 110.373433682281743, -7.785736771759662, 0.0 ], [ 110.373587528596815, -7.785726056677437, 0.0 ], [ 110.37377526387229, -7.785707343064655, 0.0 ], [ 110.373890369807242, -7.785698198450468, 0.0 ], [ 110.373941976865993, -7.785694024301022, 0.0 ], [ 110.373973763829014, -7.785691448676619, 0.0 ], [ 110.374118533391496, -7.785699530026881, 0.0 ], [ 110.374271449557526, -7.785710878930862, 0.0 ], [ 110.374327831641011, -7.78571421770482, 0.0 ], [ 110.374352127626224, -7.785720131685227, 0.0 ], [ 110.374409982048959, -7.785739207932863, 0.0 ], [ 110.374446324196299, -7.785791531720398, 0.0 ], [ 110.374372035069371, -7.786466322307509, 0.0 ], [ 110.374322513604056, -7.786526477497659, 0.0 ], [ 110.374245471664494, -7.786586592067016, 0.0 ], [ 110.374003729569907, -7.786613636379813, 0.0 ], [ 110.373805918074879, -7.786618860692024, 0.0 ], [ 110.373580760271352, -7.786607495307344, 0.0 ], [ 110.373284035759994, -7.786645400341845, 0.0 ], [ 110.373196097127675, -7.78669075805344, 0.0 ], [ 110.373108061917407, -7.786750765716432, 0.0 ], [ 110.372959684024579, -7.786805348589089, 0.0 ], [ 110.372860778992077, -7.786832603447714, 0.0 ], [ 110.37269593904314, -7.786843301967758, 0.0 ], [ 110.372608042168181, -7.786810254378306, 0.0 ], [ 110.372547657429848, -7.786782854319201, 0.0 ], [ 110.372487395009273, -7.786673251024838, 0.0 ], [ 110.372173155691428, -7.785917581627236, 0.0 ], [ 110.372171390092191, -7.785897955097623, 0.0 ] ], [ [ 110.373333844716711, -7.786341529294411, 0.0 ], [ 110.373337440462294, -7.786387745773483, 0.0 ], [ 110.373413955182684, -7.78638053379027, 0.0 ], [ 110.373408863752616, -7.786334315100977, 0.0 ], [ 110.373333844716711, -7.786341529294411, 0.0 ] ], [ [ 110.373349960483097, -7.786165480433012, 0.0 ], [ 110.373410916242548, -7.786160868004816, 0.0 ], [ 110.37340850843087, -7.786120440980661, 0.0 ], [ 110.373348081403634, -7.78612152731078, 0.0 ], [ 110.373349960483097, -7.786165480433012, 0.0 ] ] ] ] } },
{ "type": "Feature", "properties": { "D_NOP": "347106000400300130", "D_LUAS": 0.0, "ASR": null, "KD PROPINS": null, "KD DATI2": null, "KD KECAMAT": null, "KD KELURAH": null, "KD BLOK": null, "NO URUT": null, "KD JNS OP": null, "THN PAJAK": null, "NO PERSIL": null, "LUAS BUMI": null, "LUAS BNG S": null, "NJOP BUMI": null, "NJOP BNG S": null, "NJOP SPPT": null, "NJOPTKP SP": null, "NJKP SPPT": null, "PBB TERHUT": null, "FAKTOR PEN": null, "PBB YG HAR": null, "FLG SYNC": null, "JML KRG BA": null, "FLG BAYAR": null, "ALAMAT OP": null, "NM KELURAH": null, "NM KECAMAT": null }, "geometry": { "type": "MultiPolygon", "coordinates": [ [ [ [ 110.375350386214762, -7.78392316527407, 0.0 ], [ 110.375646669764151, -7.783929208344346, 0.0 ], [ 110.375638075476587, -7.784076872548025, 0.0 ], [ 110.375358547328901, -7.784068141154312, 0.0 ], [ 110.375350386214762, -7.78392316527407, 0.0 ] ] ] ] } },
{ "type": "Feature", "properties": { "D_NOP": "347106000400601320", "D_LUAS": 0.0, "ASR": null, "KD PROPINS": null, "KD DATI2": null, "KD KECAMAT": null, "KD KELURAH": null, "KD BLOK": null, "NO URUT": null, "KD JNS OP": null, "THN PAJAK": null, "NO PERSIL": null, "LUAS BUMI": null, "LUAS BNG S": null, "NJOP BUMI": null, "NJOP BNG S": null, "NJOP SPPT": null, "NJOPTKP SP": null, "NJKP SPPT": null, "PBB TERHUT": null, "FAKTOR PEN": null, "PBB YG HAR": null, "FLG SYNC": null, "JML KRG BA": null, "FLG BAYAR": null, "ALAMAT OP": null, "NM KELURAH": null, "NM KECAMAT": null }, "geometry": { "type": "MultiPolygon", "coordinates": [ [ [ [ 110.373206213988396, -7.788890370000378, 0.0 ], [ 110.373277550099786, -7.788895901445043, 0.0 ], [ 110.373278913871061, -7.788934337399845, 0.0 ], [ 110.373208315647375, -7.788935499072844, 0.0 ], [ 110.373206213988396, -7.788890370000378, 0.0 ] ] ] ] } },
{ "type": "Feature", "properties": { "D_NOP": "347106000400601330", "D_LUAS": 0.0, "ASR": null, "KD PROPINS": null, "KD DATI2": null, "KD KECAMAT": null, "KD KELURAH": null, "KD BLOK": null, "NO URUT": null, "KD JNS OP": null, "THN PAJAK": null, "NO PERSIL": null, "LUAS BUMI": null, "LUAS BNG S": null, "NJOP BUMI": null, "NJOP BNG S": null, "NJOP SPPT": null, "NJOPTKP SP": null, "NJKP SPPT": null, "PBB TERHUT": null, "FAKTOR PEN": null, "PBB YG HAR": null, "FLG SYNC": null, "JML KRG BA": null, "FLG BAYAR": null, "ALAMAT OP": null, "NM KELURAH": null, "NM KECAMAT": null }, "geometry": { "type": "MultiPolygon", "coordinates": [ [ [ [ 110.373277550099786, -7.788895901445043, 0.0 ], [ 110.373344848267408, -7.788901155609993, 0.0 ], [ 110.373344272492702, -7.788936333117002, 0.0 ], [ 110.373278913871061, -7.788934337399845, 0.0 ], [ 110.373277550099786, -7.788895901445043, 0.0 ] ] ] ] } },
{ "type": "Feature", "properties": { "D_NOP": "347106000400601340", "D_LUAS": 0.0, "ASR": null, "KD PROPINS": null, "KD DATI2": null, "KD KECAMAT": null, "KD KELURAH": null, "KD BLOK": null, "NO URUT": null, "KD JNS OP": null, "THN PAJAK": null, "NO PERSIL": null, "LUAS BUMI": null, "LUAS BNG S": null, "NJOP BUMI": null, "NJOP BNG S": null, "NJOP SPPT": null, "NJOPTKP SP": null, "NJKP SPPT": null, "PBB TERHUT": null, "FAKTOR PEN": null, "PBB YG HAR": null, "FLG SYNC": null, "JML KRG BA": null, "FLG BAYAR": null, "ALAMAT OP": null, "NM KELURAH": null, "NM KECAMAT": null }, "geometry": { "type": "MultiPolygon", "coordinates": [ [ [ [ 110.373344848267408, -7.788901155609993, 0.0 ], [ 110.373390237203679, -7.788904659154598, 0.0 ], [ 110.373389138614897, -7.788939383725118, 0.0 ], [ 110.373344272492702, -7.788936333117002, 0.0 ], [ 110.373344848267408, -7.788901155609993, 0.0 ] ] ] ] } },
{ "type": "Feature", "properties": { "D_NOP": "347106000400601350", "D_LUAS": 0.0, "ASR": null, "KD PROPINS": null, "KD DATI2": null, "KD KECAMAT": null, "KD KELURAH": null, "KD BLOK": null, "NO URUT": null, "KD JNS OP": null, "THN PAJAK": null, "NO PERSIL": null, "LUAS BUMI": null, "LUAS BNG S": null, "NJOP BUMI": null, "NJOP BNG S": null, "NJOP SPPT": null, "NJOPTKP SP": null, "NJKP SPPT": null, "PBB TERHUT": null, "FAKTOR PEN": null, "PBB YG HAR": null, "FLG SYNC": null, "JML KRG BA": null, "FLG BAYAR": null, "ALAMAT OP": null, "NM KELURAH": null, "NM KECAMAT": null }, "geometry": { "type": "MultiPolygon", "coordinates": [ [ [ [ 110.373390237203679, -7.788904659154598, 0.0 ], [ 110.373453347860178, -7.788909635813947, 0.0 ], [ 110.373452147346299, -7.788962627659796, 0.0 ], [ 110.373390065114535, -7.788970132246047, 0.0 ], [ 110.373389138614897, -7.788939383725118, 0.0 ], [ 110.373390237203679, -7.788904659154598, 0.0 ] ] ] ] } },
{ "type": "Feature", "properties": { "D_NOP": "347106000400601360", "D_LUAS": 0.0, "ASR": null, "KD PROPINS": null, "KD DATI2": null, "KD KECAMAT": null, "KD KELURAH": null, "KD BLOK": null, "NO URUT": null, "KD JNS OP": null, "THN PAJAK": null, "NO PERSIL": null, "LUAS BUMI": null, "LUAS BNG S": null, "NJOP BUMI": null, "NJOP BNG S": null, "NJOP SPPT": null, "NJOPTKP SP": null, "NJKP SPPT": null, "PBB TERHUT": null, "FAKTOR PEN": null, "PBB YG HAR": null, "FLG SYNC": null, "JML KRG BA": null, "FLG BAYAR": null, "ALAMAT OP": null, "NM KELURAH": null, "NM KECAMAT": null }, "geometry": { "type": "MultiPolygon", "coordinates": [ [ [ [ 110.373453347860178, -7.788909635813947, 0.0 ], [ 110.37350950438892, -7.788914059589326, 0.0 ], [ 110.373513982783479, -7.78897022497712, 0.0 ], [ 110.373454445635119, -7.788976105543969, 0.0 ], [ 110.373452147346299, -7.788962627659796, 0.0 ], [ 110.373453347860178, -7.788909635813947, 0.0 ] ] ] ] } },
{ "type": "Feature", "properties": { "D_NOP": "347106000400601370", "D_LUAS": 0.0, "ASR": null, "KD PROPINS": null, "KD DATI2": null, "KD KECAMAT": null, "KD KELURAH": null, "KD BLOK": null, "NO URUT": null, "KD JNS OP": null, "THN PAJAK": null, "NO PERSIL": null, "LUAS BUMI": null, "LUAS BNG S": null, "NJOP BUMI": null, "NJOP BNG S": null, "NJOP SPPT": null, "NJOPTKP SP": null, "NJKP SPPT": null, "PBB TERHUT": null, "FAKTOR PEN": null, "PBB YG HAR": null, "FLG SYNC": null, "JML KRG BA": null, "FLG BAYAR": null, "ALAMAT OP": null, "NM KELURAH": null, "NM KECAMAT": null }, "geometry": { "type": "MultiPolygon", "coordinates": [ [ [ [ 110.37350950438892, -7.788914059589326, 0.0 ], [ 110.373566109625017, -7.788918484020468, 0.0 ], [ 110.373568658818911, -7.788964427650696, 0.0 ], [ 110.373513982783479, -7.78897022497712, 0.0 ], [ 110.37350950438892, -7.788914059589326, 0.0 ] ] ] ] } },
{ "type": "Feature", "properties": { "D_NOP": "347106000400601380", "D_LUAS": 0.0, "ASR": null, "KD PROPINS": null, "KD DATI2": null, "KD KECAMAT": null, "KD KELURAH": null, "KD BLOK": null, "NO URUT": null, "KD JNS OP": null, "THN PAJAK": null, "NO PERSIL": null, "LUAS BUMI": null, "LUAS BNG S": null, "NJOP BUMI": null, "NJOP BNG S": null, "NJOP SPPT": null, "NJOPTKP SP": null, "NJKP SPPT": null, "PBB TERHUT": null, "FAKTOR PEN": null, "PBB YG HAR": null, "FLG SYNC": null, "JML KRG BA": null, "FLG BAYAR": null, "ALAMAT OP": null, "NM KELURAH": null, "NM KECAMAT": null }, "geometry": { "type": "MultiPolygon", "coordinates": [ [ [ [ 110.373566109625017, -7.788918484020468, 0.0 ], [ 110.373637819537663, -7.788924106390427, 0.0 ], [ 110.373638888503734, -7.788959648061295, 0.0 ], [ 110.373568658818911, -7.788964427650696, 0.0 ], [ 110.373566109625017, -7.788918484020468, 0.0 ] ] ] ] } },
{ "type": "Feature", "properties": { "D_NOP": "347106000400601390", "D_LUAS": 0.0, "ASR": null, "KD PROPINS": null, "KD DATI2": null, "KD KECAMAT": null, "KD KELURAH": null, "KD BLOK": null, "NO URUT": null, "KD JNS OP": null, "THN PAJAK": null, "NO PERSIL": null, "LUAS BUMI": null, "LUAS BNG S": null, "NJOP BUMI": null, "NJOP BNG S": null, "NJOP SPPT": null, "NJOPTKP SP": null, "NJKP SPPT": null, "PBB TERHUT": null, "FAKTOR PEN": null, "PBB YG HAR": null, "FLG SYNC": null, "JML KRG BA": null, "FLG BAYAR": null, "ALAMAT OP": null, "NM KELURAH": null, "NM KECAMAT": null }, "geometry": { "type": "MultiPolygon", "coordinates": [ [ [ [ 110.373637819537663, -7.788924106390427, 0.0 ], [ 110.373704669147543, -7.788929269403322, 0.0 ], [ 110.373705235182115, -7.788950974112445, 0.0 ], [ 110.373638888503734, -7.788959648061295, 0.0 ], [ 110.373637819537663, -7.788924106390427, 0.0 ] ] ] ] } },
{ "type": "Feature", "properties": { "D_NOP": "347106000400700980", "D_LUAS": 0.0, "ASR": null, "KD PROPINS": null, "KD DATI2": null, "KD KECAMAT": null, "KD KELURAH": null, "KD BLOK": null, "NO URUT": null, "KD JNS OP": null, "THN PAJAK": null, "NO PERSIL": null, "LUAS BUMI": null, "LUAS BNG S": null, "NJOP BUMI": null, "NJOP BNG S": null, "NJOP SPPT": null, "NJOPTKP SP": null, "NJKP SPPT": null, "PBB TERHUT": null, "FAKTOR PEN": null, "PBB YG HAR": null, "FLG SYNC": null, "JML KRG BA": null, "FLG BAYAR": null, "ALAMAT OP": null, "NM KELURAH": null, "NM KECAMAT": null }, "geometry": { "type": "MultiPolygon", "coordinates": [ [ [ [ 110.369154102937017, -7.788786239370813, 0.0 ], [ 110.369208404873888, -7.788830541784503, 0.0 ], [ 110.369191166087091, -7.788856199025957, 0.0 ], [ 110.369129757487116, -7.788813332956986, 0.0 ], [ 110.369154102937017, -7.788786239370813, 0.0 ] ] ] ] } },
{ "type": "Feature", "properties": { "D_NOP": "347106000400700970", "D_LUAS": 0.0, "ASR": null, "KD PROPINS": null, "KD DATI2": null, "KD KECAMAT": null, "KD KELURAH": null, "KD BLOK": null, "NO URUT": null, "KD JNS OP": null, "THN PAJAK": null, "NO PERSIL": null, "LUAS BUMI": null, "LUAS BNG S": null, "NJOP BUMI": null, "NJOP BNG S": null, "NJOP SPPT": null, "NJOPTKP SP": null, "NJKP SPPT": null, "PBB TERHUT": null, "FAKTOR PEN": null, "PBB YG HAR": null, "FLG SYNC": null, "JML KRG BA": null, "FLG BAYAR": null, "ALAMAT OP": null, "NM KELURAH": null, "NM KECAMAT": null }, "geometry": { "type": "MultiPolygon", "coordinates": [ [ [ [ 110.369129757487116, -7.788813332956986, 0.0 ], [ 110.369191166087091, -7.788856199025957, 0.0 ], [ 110.36916113500682, -7.788884640643533, 0.0 ], [ 110.369106828738779, -7.788843232064551, 0.0 ], [ 110.369129757487116, -7.788813332956986, 0.0 ] ] ] ] } },
{ "type": "Feature", "properties": { "D_NOP": "347106000400700960", "D_LUAS": 0.0, "ASR": null, "KD PROPINS": null, "KD DATI2": null, "KD KECAMAT": null, "KD KELURAH": null, "KD BLOK": null, "NO URUT": null, "KD JNS OP": null, "THN PAJAK": null, "NO PERSIL": null, "LUAS BUMI": null, "LUAS BNG S": null, "NJOP BUMI": null, "NJOP BNG S": null, "NJOP SPPT": null, "NJOPTKP SP": null, "NJKP SPPT": null, "PBB TERHUT": null, "FAKTOR PEN": null, "PBB YG HAR": null, "FLG SYNC": null, "JML KRG BA": null, "FLG BAYAR": null, "ALAMAT OP": null, "NM KELURAH": null, "NM KECAMAT": null }, "geometry": { "type": "MultiPolygon", "coordinates": [ [ [ [ 110.369164907597437, -7.788912318672521, 0.0 ], [ 110.369208652463513, -7.788864997022424, 0.0 ], [ 110.369267584407595, -7.788913737523282, 0.0 ], [ 110.369227730350318, -7.788959708478375, 0.0 ], [ 110.369164907597437, -7.788912318672521, 0.0 ] ] ] ] } },
{ "type": "Feature", "properties": { "D_NOP": "347106000400400650", "D_LUAS": 18110.05, "ASR": null, "KD PROPINS": null, "KD DATI2": null, "KD KECAMAT": null, "KD KELURAH": null, "KD BLOK": null, "NO URUT": null, "KD JNS OP": null, "THN PAJAK": null, "NO PERSIL": null, "LUAS BUMI": null, "LUAS BNG S": null, "NJOP BUMI": null, "NJOP BNG S": null, "NJOP SPPT": null, "NJOPTKP SP": null, "NJKP SPPT": null, "PBB TERHUT": null, "FAKTOR PEN": null, "PBB YG HAR": null, "FLG SYNC": null, "JML KRG BA": null, "FLG BAYAR": null, "ALAMAT OP": null, "NM KELURAH": null, "NM KECAMAT": null }, "geometry": { "type": "MultiPolygon", "coordinates": [ [ [ [ 110.378860540904469, -7.785370725025049, 0.0 ], [ 110.378769586987914, -7.78588985751773, 0.0 ], [ 110.378727411472497, -7.78614192265207, 0.0 ], [ 110.378675416071587, -7.7864604415654, 0.0 ], [ 110.378650990549914, -7.786643894119061, 0.0 ], [ 110.378579443952347, -7.787136648535704, 0.0 ], [ 110.377964681172912, -7.787060235590611, 0.0 ], [ 110.377968457320137, -7.787035191222177, 0.0 ], [ 110.37803456774455, -7.786577969110322, 0.0 ], [ 110.378037819060125, -7.786553828299064, 0.0 ], [ 110.378051645340122, -7.78645835145213, 0.0 ], [ 110.378071968100002, -7.786318752883561, 0.0 ], [ 110.378089855890096, -7.786207546667673, 0.0 ], [ 110.378106074023364, -7.786112887219615, 0.0 ], [ 110.378141807949874, -7.785918689778657, 0.0 ], [ 110.378284701383507, -7.785068830099774, 0.0 ], [ 110.378336339982269, -7.784789468145196, 0.0 ], [ 110.378352690757438, -7.78470620341263, 0.0 ], [ 110.378963703219299, -7.784787945593067, 0.0 ], [ 110.378896010150001, -7.78515283367306, 0.0 ], [ 110.378860540904469, -7.785370725025049, 0.0 ] ] ] ] } },
{ "type": "Feature", "properties": { "D_NOP": "347106000400601400", "D_LUAS": 0.0, "ASR": null, "KD PROPINS": null, "KD DATI2": null, "KD KECAMAT": null, "KD KELURAH": null, "KD BLOK": null, "NO URUT": null, "KD JNS OP": null, "THN PAJAK": null, "NO PERSIL": null, "LUAS BUMI": null, "LUAS BNG S": null, "NJOP BUMI": null, "NJOP BNG S": null, "NJOP SPPT": null, "NJOPTKP SP": null, "NJKP SPPT": null, "PBB TERHUT": null, "FAKTOR PEN": null, "PBB YG HAR": null, "FLG SYNC": null, "JML KRG BA": null, "FLG BAYAR": null, "ALAMAT OP": null, "NM KELURAH": null, "NM KECAMAT": null }, "geometry": { "type": "MultiPolygon", "coordinates": [ [ [ [ 110.37237225743111, -7.788813805522818, 0.0 ], [ 110.372365270728508, -7.788835137314481, 0.0 ], [ 110.372321318872466, -7.788820783855615, 0.0 ], [ 110.372325687725251, -7.788799719486832, 0.0 ], [ 110.37237225743111, -7.788813805522818, 0.0 ] ] ] ] } },
{ "type": "Feature", "properties": { "D_NOP": "347106000400601140", "D_LUAS": 0.0, "ASR": null, "KD PROPINS": null, "KD DATI2": null, "KD KECAMAT": null, "KD KELURAH": null, "KD BLOK": null, "NO URUT": null, "KD JNS OP": null, "THN PAJAK": null, "NO PERSIL": null, "LUAS BUMI": null, "LUAS BNG S": null, "NJOP BUMI": null, "NJOP BNG S": null, "NJOP SPPT": null, "NJOPTKP SP": null, "NJKP SPPT": null, "PBB TERHUT": null, "FAKTOR PEN": null, "PBB YG HAR": null, "FLG SYNC": null, "JML KRG BA": null, "FLG BAYAR": null, "ALAMAT OP": null, "NM KELURAH": null, "NM KECAMAT": null }, "geometry": { "type": "MultiPolygon", "coordinates": [ [ [ [ 110.372328958507524, -7.788963678961183, 0.0 ], [ 110.372365270728508, -7.788835137314481, 0.0 ], [ 110.37237225743111, -7.788813805522818, 0.0 ], [ 110.372412174305396, -7.788825892183028, 0.0 ], [ 110.372452194201159, -7.788718517285688, 0.0 ], [ 110.372353909908355, -7.788680118705413, 0.0 ], [ 110.37236179684561, -7.788656889158124, 0.0 ], [ 110.37249739037803, -7.788700768934198, 0.0 ], [ 110.372481664049559, -7.788966527604296, 0.0 ], [ 110.372456633883672, -7.789001578468493, 0.0 ], [ 110.372396751883116, -7.788987924893948, 0.0 ], [ 110.37234891136363, -7.788973475246358, 0.0 ], [ 110.372328958507524, -7.788963678961183, 0.0 ] ] ] ] } },
{ "type": "Feature", "properties": { "D_NOP": "347106000400400750", "D_LUAS": 0.0, "ASR": null, "KD PROPINS": null, "KD DATI2": null, "KD KECAMAT": null, "KD KELURAH": null, "KD BLOK": null, "NO URUT": null, "KD JNS OP": null, "THN PAJAK": null, "NO PERSIL": null, "LUAS BUMI": null, "LUAS BNG S": null, "NJOP BUMI": null, "NJOP BNG S": null, "NJOP SPPT": null, "NJOPTKP SP": null, "NJKP SPPT": null, "PBB TERHUT": null, "FAKTOR PEN": null, "PBB YG HAR": null, "FLG SYNC": null, "JML KRG BA": null, "FLG BAYAR": null, "ALAMAT OP": null, "NM KELURAH": null, "NM KECAMAT": null }, "geometry": { "type": "MultiPolygon", "coordinates": [ [ [ [ 110.375479699351047, -7.784925170828549, 0.0 ], [ 110.375455178666186, -7.785121554867437, 0.0 ], [ 110.375384669232787, -7.78511367379932, 0.0 ], [ 110.375408443452585, -7.78491638433911, 0.0 ], [ 110.375479699351047, -7.784925170828549, 0.0 ] ] ] ] } },
{ "type": "Feature", "properties": { "D_NOP": "347106000400400100", "D_LUAS": 358.95, "ASR": null, "KD PROPINS": null, "KD DATI2": null, "KD KECAMAT": null, "KD KELURAH": null, "KD BLOK": null, "NO URUT": null, "KD JNS OP": null, "THN PAJAK": null, "NO PERSIL": null, "LUAS BUMI": null, "LUAS BNG S": null, "NJOP BUMI": null, "NJOP BNG S": null, "NJOP SPPT": null, "NJOPTKP SP": null, "NJKP SPPT": null, "PBB TERHUT": null, "FAKTOR PEN": null, "PBB YG HAR": null, "FLG SYNC": null, "JML KRG BA": null, "FLG BAYAR": null, "ALAMAT OP": null, "NM KELURAH": null, "NM KECAMAT": null }, "geometry": { "type": "MultiPolygon", "coordinates": [ [ [ [ 110.375455178666186, -7.785121554867437, 0.0 ], [ 110.375479699351047, -7.784925170828549, 0.0 ], [ 110.375554768413011, -7.784934505517875, 0.0 ], [ 110.375527482508346, -7.785129709864862, 0.0 ], [ 110.375455178666186, -7.785121554867437, 0.0 ] ] ] ] } },
{ "type": "Feature", "properties": { "D_NOP": "347106000400600290", "D_LUAS": 0.0, "ASR": null, "KD PROPINS": null, "KD DATI2": null, "KD KECAMAT": null, "KD KELURAH": null, "KD BLOK": null, "NO URUT": null, "KD JNS OP": null, "THN PAJAK": null, "NO PERSIL": null, "LUAS BUMI": null, "LUAS BNG S": null, "NJOP BUMI": null, "NJOP BNG S": null, "NJOP SPPT": null, "NJOPTKP SP": null, "NJKP SPPT": null, "PBB TERHUT": null, "FAKTOR PEN": null, "PBB YG HAR": null, "FLG SYNC": null, "JML KRG BA": null, "FLG BAYAR": null, "ALAMAT OP": null, "NM KELURAH": null, "NM KECAMAT": null }, "geometry": { "type": "MultiPolygon", "coordinates": [ [ [ [ 110.371771831153168, -7.787496938358156, 0.0 ], [ 110.371767095010725, -7.787664141544106, 0.0 ], [ 110.371777190852569, -7.78766415650443, 0.0 ], [ 110.37177811791264, -7.787694452858264, 0.0 ], [ 110.371771685139763, -7.787695347653743, 0.0 ], [ 110.371772542938999, -7.787721936161065, 0.0 ], [ 110.371767008921239, -7.787721927960497, 0.0 ], [ 110.371767861331065, -7.787752133770822, 0.0 ], [ 110.371753203661356, -7.78775211205, 0.0 ], [ 110.371758467537944, -7.787883247374925, 0.0 ], [ 110.371697655437842, -7.787891657933696, 0.0 ], [ 110.371706235763938, -7.787503442746476, 0.0 ], [ 110.371771831153168, -7.787496938358156, 0.0 ] ] ] ] } },
{ "type": "Feature", "properties": { "D_NOP": "347106000400200130", "D_LUAS": 2096.31, "ASR": null, "KD PROPINS": null, "KD DATI2": null, "KD KECAMAT": null, "KD KELURAH": null, "KD BLOK": null, "NO URUT": null, "KD JNS OP": null, "THN PAJAK": null, "NO PERSIL": null, "LUAS BUMI": null, "LUAS BNG S": null, "NJOP BUMI": null, "NJOP BNG S": null, "NJOP SPPT": null, "NJOPTKP SP": null, "NJKP SPPT": null, "PBB TERHUT": null, "FAKTOR PEN": null, "PBB YG HAR": null, "FLG SYNC": null, "JML KRG BA": null, "FLG BAYAR": null, "ALAMAT OP": null, "NM KELURAH": null, "NM KECAMAT": null }, "geometry": { "type": "MultiPolygon", "coordinates": [ [ [ [ 110.374564208254995, -7.783454559392528, 0.0 ], [ 110.374556165803924, -7.783532410209824, 0.0 ], [ 110.37457108841906, -7.783555402154448, 0.0 ], [ 110.374807418081716, -7.783596535762191, 0.0 ], [ 110.374774123038875, -7.783859917558851, 0.0 ], [ 110.374430827404467, -7.783835898848599, 0.0 ], [ 110.374409851289855, -7.784062402166017, 0.0 ], [ 110.374296577891229, -7.784046409333179, 0.0 ], [ 110.374309049794235, -7.783956989658554, 0.0 ], [ 110.374321757976446, -7.783859521808995, 0.0 ], [ 110.374330905870821, -7.783792705437755, 0.0 ], [ 110.374340136054656, -7.783720824948443, 0.0 ], [ 110.374345589518853, -7.783674260081888, 0.0 ], [ 110.374364708570653, -7.783540176385438, 0.0 ], [ 110.374375759284888, -7.783450935473962, 0.0 ], [ 110.374423572498713, -7.783433009856599, 0.0 ], [ 110.374466079044183, -7.783413086885387, 0.0 ], [ 110.374501473531154, -7.783398308094065, 0.0 ], [ 110.374518694736878, -7.783384135532233, 0.0 ], [ 110.374567523938751, -7.783387101381976, 0.0 ], [ 110.374564208254995, -7.783454559392528, 0.0 ] ] ] ] } },
{ "type": "Feature", "properties": { "D_NOP": "347106000400700050", "D_LUAS": 942.09, "ASR": null, "KD PROPINS": null, "KD DATI2": null, "KD KECAMAT": null, "KD KELURAH": null, "KD BLOK": null, "NO URUT": null, "KD JNS OP": null, "THN PAJAK": null, "NO PERSIL": null, "LUAS BUMI": null, "LUAS BNG S": null, "NJOP BUMI": null, "NJOP BNG S": null, "NJOP SPPT": null, "NJOPTKP SP": null, "NJKP SPPT": null, "PBB TERHUT": null, "FAKTOR PEN": null, "PBB YG HAR": null, "FLG SYNC": null, "JML KRG BA": null, "FLG BAYAR": null, "ALAMAT OP": null, "NM KELURAH": null, "NM KECAMAT": null }, "geometry": { "type": "MultiPolygon", "coordinates": [ [ [ [ 110.369366856691826, -7.787241241374516, 0.0 ], [ 110.369307342492917, -7.78728193801162, 0.0 ], [ 110.36914622669255, -7.787052632193438, 0.0 ], [ 110.369230293241742, -7.786996417673918, 0.0 ], [ 110.369375599759749, -7.786895620452276, 0.0 ], [ 110.369438437006366, -7.786983162367755, 0.0 ], [ 110.369531945287818, -7.78711433846589, 0.0 ], [ 110.369366856691826, -7.787241241374516, 0.0 ] ] ] ] } },
{ "type": "Feature", "properties": { "D_NOP": "347106000400701210", "D_LUAS": 719.54, "ASR": null, "KD PROPINS": null, "KD DATI2": null, "KD KECAMAT": null, "KD KELURAH": null, "KD BLOK": null, "NO URUT": null, "KD JNS OP": null, "THN PAJAK": null, "NO PERSIL": null, "LUAS BUMI": null, "LUAS BNG S": null, "NJOP BUMI": null, "NJOP BNG S": null, "NJOP SPPT": null, "NJOPTKP SP": null, "NJKP SPPT": null, "PBB TERHUT": null, "FAKTOR PEN": null, "PBB YG HAR": null, "FLG SYNC": null, "JML KRG BA": null, "FLG BAYAR": null, "ALAMAT OP": null, "NM KELURAH": null, "NM KECAMAT": null }, "geometry": { "type": "MultiPolygon", "coordinates": [ [ [ [ 110.37039215294412, -7.7896408608488, 0.0 ], [ 110.370137831237457, -7.78932686224285, 0.0 ], [ 110.370208867447261, -7.789282836617663, 0.0 ], [ 110.370491345207625, -7.789622107738635, 0.0 ], [ 110.37039215294412, -7.7896408608488, 0.0 ] ] ] ] } },
{ "type": "Feature", "properties": { "D_NOP": "347106000400701220", "D_LUAS": 719.54, "ASR": null, "KD PROPINS": null, "KD DATI2": null, "KD KECAMAT": null, "KD KELURAH": null, "KD BLOK": null, "NO URUT": null, "KD JNS OP": null, "THN PAJAK": null, "NO PERSIL": null, "LUAS BUMI": null, "LUAS BNG S": null, "NJOP BUMI": null, "NJOP BNG S": null, "NJOP SPPT": null, "NJOPTKP SP": null, "NJKP SPPT": null, "PBB TERHUT": null, "FAKTOR PEN": null, "PBB YG HAR": null, "FLG SYNC": null, "JML KRG BA": null, "FLG BAYAR": null, "ALAMAT OP": null, "NM KELURAH": null, "NM KECAMAT": null }, "geometry": { "type": "MultiPolygon", "coordinates": [ [ [ [ 110.370078024547468, -7.789362946462528, 0.0 ], [ 110.370302907396891, -7.789659357414447, 0.0 ], [ 110.37024313727828, -7.789670934435477, 0.0 ], [ 110.370030942934108, -7.789391181937497, 0.0 ], [ 110.370078024547468, -7.789362946462528, 0.0 ] ] ] ] } },
{ "type": "Feature", "properties": { "D_NOP": "347106000400700190", "D_LUAS": 719.54, "ASR": null, "KD PROPINS": null, "KD DATI2": null, "KD KECAMAT": null, "KD KELURAH": null, "KD BLOK": null, "NO URUT": null, "KD JNS OP": null, "THN PAJAK": null, "NO PERSIL": null, "LUAS BUMI": null, "LUAS BNG S": null, "NJOP BUMI": null, "NJOP BNG S": null, "NJOP SPPT": null, "NJOPTKP SP": null, "NJKP SPPT": null, "PBB TERHUT": null, "FAKTOR PEN": null, "PBB YG HAR": null, "FLG SYNC": null, "JML KRG BA": null, "FLG BAYAR": null, "ALAMAT OP": null, "NM KELURAH": null, "NM KECAMAT": null }, "geometry": { "type": "MultiPolygon", "coordinates": [ [ [ [ 110.370078024547468, -7.789362946462528, 0.0 ], [ 110.370137831237457, -7.78932686224285, 0.0 ], [ 110.37039215294412, -7.7896408608488, 0.0 ], [ 110.370302907396891, -7.789659357414447, 0.0 ], [ 110.370078024547468, -7.789362946462528, 0.0 ] ] ] ] } },
{ "type": "Feature", "properties": { "D_NOP": "347106000400500270", "D_LUAS": 497.08, "ASR": null, "KD PROPINS": null, "KD DATI2": null, "KD KECAMAT": null, "KD KELURAH": null, "KD BLOK": null, "NO URUT": null, "KD JNS OP": null, "THN PAJAK": null, "NO PERSIL": null, "LUAS BUMI": null, "LUAS BNG S": null, "NJOP BUMI": null, "NJOP BNG S": null, "NJOP SPPT": null, "NJOPTKP SP": null, "NJKP SPPT": null, "PBB TERHUT": null, "FAKTOR PEN": null, "PBB YG HAR": null, "FLG SYNC": null, "JML KRG BA": null, "FLG BAYAR": null, "ALAMAT OP": null, "NM KELURAH": null, "NM KECAMAT": null }, "geometry": { "type": "MultiPolygon", "coordinates": [ [ [ [ 110.374787623036156, -7.788424625149609, 0.0 ], [ 110.374847242970191, -7.788564612655606, 0.0 ], [ 110.374926259345301, -7.78853488634468, 0.0 ], [ 110.374937632937119, -7.788631485373094, 0.0 ], [ 110.374844572393243, -7.788650881631132, 0.0 ], [ 110.374774262877892, -7.788659097754962, 0.0 ], [ 110.374780366797907, -7.788627817001156, 0.0 ], [ 110.374731856513478, -7.788459811699115, 0.0 ], [ 110.374787623036156, -7.788424625149609, 0.0 ] ] ] ] } },
{ "type": "Feature", "properties": { "D_NOP": "347106000400500690", "D_LUAS": 497.08, "ASR": null, "KD PROPINS": null, "KD DATI2": null, "KD KECAMAT": null, "KD KELURAH": null, "KD BLOK": null, "NO URUT": null, "KD JNS OP": null, "THN PAJAK": null, "NO PERSIL": null, "LUAS BUMI": null, "LUAS BNG S": null, "NJOP BUMI": null, "NJOP BNG S": null, "NJOP SPPT": null, "NJOPTKP SP": null, "NJKP SPPT": null, "PBB TERHUT": null, "FAKTOR PEN": null, "PBB YG HAR": null, "FLG SYNC": null, "JML KRG BA": null, "FLG BAYAR": null, "ALAMAT OP": null, "NM KELURAH": null, "NM KECAMAT": null }, "geometry": { "type": "MultiPolygon", "coordinates": [ [ [ [ 110.374787623036156, -7.788424625149609, 0.0 ], [ 110.37486038151502, -7.788378702143856, 0.0 ], [ 110.374926259345301, -7.78853488634468, 0.0 ], [ 110.374847242970191, -7.788564612655606, 0.0 ], [ 110.374787623036156, -7.788424625149609, 0.0 ] ] ] ] } },
{ "type": "Feature", "properties": { "D_NOP": "347106000400600520", "D_LUAS": 556.65, "ASR": null, "KD PROPINS": null, "KD DATI2": null, "KD KECAMAT": null, "KD KELURAH": null, "KD BLOK": null, "NO URUT": null, "KD JNS OP": null, "THN PAJAK": null, "NO PERSIL": null, "LUAS BUMI": null, "LUAS BNG S": null, "NJOP BUMI": null, "NJOP BNG S": null, "NJOP SPPT": null, "NJOPTKP SP": null, "NJKP SPPT": null, "PBB TERHUT": null, "FAKTOR PEN": null, "PBB YG HAR": null, "FLG SYNC": null, "JML KRG BA": null, "FLG BAYAR": null, "ALAMAT OP": null, "NM KELURAH": null, "NM KECAMAT": null }, "geometry": { "type": "MultiPolygon", "coordinates": [ [ [ [ 110.373032699549498, -7.788397254669554, 0.0 ], [ 110.372984635752459, -7.788734136167197, 0.0 ], [ 110.372818153173384, -7.788692290795588, 0.0 ], [ 110.372891092107508, -7.788374346578733, 0.0 ], [ 110.37293490065349, -7.788183326891242, 0.0 ], [ 110.372933983182804, -7.788096238753651, 0.0 ], [ 110.373247340295052, -7.788088834492636, 0.0 ], [ 110.373324679681261, -7.788181099850005, 0.0 ], [ 110.373342369517303, -7.788204005498396, 0.0 ], [ 110.373332506940542, -7.788248302991242, 0.0 ], [ 110.373285479007251, -7.788240637114082, 0.0 ], [ 110.373060283510156, -7.788203769283204, 0.0 ], [ 110.373032699549498, -7.788397254669554, 0.0 ] ] ] ] } },
{ "type": "Feature", "properties": { "D_NOP": "347106000400601410", "D_LUAS": 0.0, "ASR": null, "KD PROPINS": null, "KD DATI2": null, "KD KECAMAT": null, "KD KELURAH": null, "KD BLOK": null, "NO URUT": null, "KD JNS OP": null, "THN PAJAK": null, "NO PERSIL": null, "LUAS BUMI": null, "LUAS BNG S": null, "NJOP BUMI": null, "NJOP BNG S": null, "NJOP SPPT": null, "NJOPTKP SP": null, "NJKP SPPT": null, "PBB TERHUT": null, "FAKTOR PEN": null, "PBB YG HAR": null, "FLG SYNC": null, "JML KRG BA": null, "FLG BAYAR": null, "ALAMAT OP": null, "NM KELURAH": null, "NM KECAMAT": null }, "geometry": { "type": "MultiPolygon", "coordinates": [ [ [ [ 110.373060283510156, -7.788203769283204, 0.0 ], [ 110.373139236459366, -7.78821672749588, 0.0 ], [ 110.37305901109147, -7.788757758700602, 0.0 ], [ 110.372984635752459, -7.788734136167197, 0.0 ], [ 110.373032699549498, -7.788397254669554, 0.0 ], [ 110.373060283510156, -7.788203769283204, 0.0 ] ] ] ] } },
{ "type": "Feature", "properties": { "D_NOP": "347106000400600530", "D_LUAS": 0.0, "ASR": null, "KD PROPINS": null, "KD DATI2": null, "KD KECAMAT": null, "KD KELURAH": null, "KD BLOK": null, "NO URUT": null, "KD JNS OP": null, "THN PAJAK": null, "NO PERSIL": null, "LUAS BUMI": null, "LUAS BNG S": null, "NJOP BUMI": null, "NJOP BNG S": null, "NJOP SPPT": null, "NJOPTKP SP": null, "NJKP SPPT": null, "PBB TERHUT": null, "FAKTOR PEN": null, "PBB YG HAR": null, "FLG SYNC": null, "JML KRG BA": null, "FLG BAYAR": null, "ALAMAT OP": null, "NM KELURAH": null, "NM KECAMAT": null }, "geometry": { "type": "MultiPolygon", "coordinates": [ [ [ [ 110.37305901109147, -7.788757758700602, 0.0 ], [ 110.373139236459366, -7.78821672749588, 0.0 ], [ 110.373285479007251, -7.788240637114082, 0.0 ], [ 110.373210039470919, -7.788782037167935, 0.0 ], [ 110.373062299983829, -7.788758848758362, 0.0 ], [ 110.37305901109147, -7.788757758700602, 0.0 ] ] ] ] } },
{ "type": "Feature", "properties": { "D_NOP": "347106000400601310", "D_LUAS": 1129.9, "ASR": null, "KD PROPINS": null, "KD DATI2": null, "KD KECAMAT": null, "KD KELURAH": null, "KD BLOK": null, "NO URUT": null, "KD JNS OP": null, "THN PAJAK": null, "NO PERSIL": null, "LUAS BUMI": null, "LUAS BNG S": null, "NJOP BUMI": null, "NJOP BNG S": null, "NJOP SPPT": null, "NJOPTKP SP": null, "NJKP SPPT": null, "PBB TERHUT": null, "FAKTOR PEN": null, "PBB YG HAR": null, "FLG SYNC": null, "JML KRG BA": null, "FLG BAYAR": null, "ALAMAT OP": null, "NM KELURAH": null, "NM KECAMAT": null }, "geometry": { "type": "MultiPolygon", "coordinates": [ [ [ [ 110.371836481854231, -7.787873596237556, 0.0 ], [ 110.371798367407308, -7.787705877393783, 0.0 ], [ 110.371772115117182, -7.787707918446803, 0.0 ], [ 110.371771685139763, -7.787695347653743, 0.0 ], [ 110.37177811791264, -7.787694452858264, 0.0 ], [ 110.371777190852569, -7.78766415650443, 0.0 ], [ 110.371767095010725, -7.787664141544106, 0.0 ], [ 110.371771831153168, -7.787496938358156, 0.0 ], [ 110.371706235763938, -7.787503442746476, 0.0 ], [ 110.371712200254478, -7.787264709055488, 0.0 ], [ 110.371941493715184, -7.787210879547111, 0.0 ], [ 110.371853582171681, -7.787488920538884, 0.0 ], [ 110.371916815012455, -7.78786358678987, 0.0 ], [ 110.371836481854231, -7.787873596237556, 0.0 ] ] ] ] } },
{ "type": "Feature", "properties": { "D_NOP": "347106000400601430", "D_LUAS": 1129.9, "ASR": null, "KD PROPINS": null, "KD DATI2": null, "KD KECAMAT": null, "KD KELURAH": null, "KD BLOK": null, "NO URUT": null, "KD JNS OP": null, "THN PAJAK": null, "NO PERSIL": null, "LUAS BUMI": null, "LUAS BNG S": null, "NJOP BUMI": null, "NJOP BNG S": null, "NJOP SPPT": null, "NJOPTKP SP": null, "NJKP SPPT": null, "PBB TERHUT": null, "FAKTOR PEN": null, "PBB YG HAR": null, "FLG SYNC": null, "JML KRG BA": null, "FLG BAYAR": null, "ALAMAT OP": null, "NM KELURAH": null, "NM KECAMAT": null }, "geometry": { "type": "MultiPolygon", "coordinates": [ [ [ [ 110.371772115117182, -7.787707918446803, 0.0 ], [ 110.371798367407308, -7.787705877393783, 0.0 ], [ 110.371836481854231, -7.787873596237556, 0.0 ], [ 110.371758467537944, -7.787883247374925, 0.0 ], [ 110.371753203661356, -7.78775211205, 0.0 ], [ 110.371767861331065, -7.787752133770822, 0.0 ], [ 110.371767008921239, -7.787721927960497, 0.0 ], [ 110.371772542938999, -7.787721936161065, 0.0 ], [ 110.371772115117182, -7.787707918446803, 0.0 ] ] ] ] } },
{ "type": "Feature", "properties": { "D_NOP": "347106000400100650", "D_LUAS": 2586.88, "ASR": null, "KD PROPINS": "34", "KD DATI2": "71", "KD KECAMAT": "060", "KD KELURAH": "004", "KD BLOK": "001", "NO URUT": "0065", "KD JNS OP": "0", "THN PAJAK": "2023", "NO PERSIL": null, "LUAS BUMI": "3225", "LUAS BNG S": 2905, "NJOP BUMI": 39328875000.0, "NJOP BNG S": 10530625000.0, "NJOP SPPT": 49859500000.0, "NJOPTKP SP": 20000000.0, "NJKP SPPT": 0, "PBB TERHUT": 124598750, "FAKTOR PEN": 24580547.0, "PBB YG HAR": 100018203, "FLG SYNC": "0", "JML KRG BA": "0", "FLG BAYAR": "0", "ALAMAT OP": "JL I DEWA NYOMAN OKA 30 RW 01 RT 020", "NM KELURAH": "KOTABARU", "NM KECAMAT": "GONDOKUSUMAN" }, "geometry": { "type": "MultiPolygon", "coordinates": [ [ [ [ 110.370261316535704, -7.785610169191602, 0.0 ], [ 110.369892327743514, -7.785764080220427, 0.0 ], [ 110.369808765088308, -7.785783579952546, 0.0 ], [ 110.369761995984604, -7.785803134352692, 0.0 ], [ 110.36973507245952, -7.785753989354111, 0.0 ], [ 110.369732725402585, -7.785673138986975, 0.0 ], [ 110.369762351350118, -7.785565296745956, 0.0 ], [ 110.370075034266605, -7.785256843035026, 0.0 ], [ 110.370220237255353, -7.785124665130997, 0.0 ], [ 110.370377296345637, -7.785316163631824, 0.0 ], [ 110.370452282321025, -7.785531414500307, 0.0 ], [ 110.370261316535704, -7.785610169191602, 0.0 ] ] ] ] } },
{ "type": "Feature", "properties": { "D_NOP": "347106000400300580", "D_LUAS": 65966.52, "ASR": null, "KD PROPINS": null, "KD DATI2": null, "KD KECAMAT": null, "KD KELURAH": null, "KD BLOK": null, "NO URUT": null, "KD JNS OP": null, "THN PAJAK": null, "NO PERSIL": null, "LUAS BUMI": null, "LUAS BNG S": null, "NJOP BUMI": null, "NJOP BNG S": null, "NJOP SPPT": null, "NJOPTKP SP": null, "NJKP SPPT": null, "PBB TERHUT": null, "FAKTOR PEN": null, "PBB YG HAR": null, "FLG SYNC": null, "JML KRG BA": null, "FLG BAYAR": null, "ALAMAT OP": null, "NM KELURAH": null, "NM KECAMAT": null }, "geometry": { "type": "MultiPolygon", "coordinates": [ [ [ [ 110.376156780735158, -7.783668065342166, 0.0 ], [ 110.376173580975191, -7.783938574753654, 0.0 ], [ 110.376200938209948, -7.784706390008211, 0.0 ], [ 110.375936376347866, -7.784690898510619, 0.0 ], [ 110.375781375750577, -7.784673307296876, 0.0 ], [ 110.37577480647586, -7.78456432603639, 0.0 ], [ 110.375789766391591, -7.784562177665833, 0.0 ], [ 110.37578925497921, -7.784452934022062, 0.0 ], [ 110.375810423794803, -7.784449528728417, 0.0 ], [ 110.375809774716117, -7.784332236356764, 0.0 ], [ 110.375736252117264, -7.784339181910607, 0.0 ], [ 110.375747987285635, -7.783736645049314, 0.0 ], [ 110.375756060288651, -7.783688546649183, 0.0 ], [ 110.375768188172344, -7.783679792510198, 0.0 ], [ 110.375776054206597, -7.783670489501722, 0.0 ], [ 110.37578996431354, -7.783670238673721, 0.0 ], [ 110.376156780735158, -7.783668065342166, 0.0 ] ] ] ] } },
{ "type": "Feature", "properties": { "D_NOP": "347106000400300560", "D_LUAS": 65966.52, "ASR": null, "KD PROPINS": null, "KD DATI2": null, "KD KECAMAT": null, "KD KELURAH": null, "KD BLOK": null, "NO URUT": null, "KD JNS OP": null, "THN PAJAK": null, "NO PERSIL": null, "LUAS BUMI": null, "LUAS BNG S": null, "NJOP BUMI": null, "NJOP BNG S": null, "NJOP SPPT": null, "NJOPTKP SP": null, "NJKP SPPT": null, "PBB TERHUT": null, "FAKTOR PEN": null, "PBB YG HAR": null, "FLG SYNC": null, "JML KRG BA": null, "FLG BAYAR": null, "ALAMAT OP": null, "NM KELURAH": null, "NM KECAMAT": null }, "geometry": { "type": "MultiPolygon", "coordinates": [ [ [ [ 110.376845289528916, -7.784645752468322, 0.0 ], [ 110.376844391992719, -7.784645841582429, 0.0 ], [ 110.37683306071807, -7.784570946513614, 0.0 ], [ 110.376845289528916, -7.784645752468322, 0.0 ] ] ], [ [ [ 110.376303056087295, -7.784630033991239, 0.0 ], [ 110.376307869600083, -7.784712696708309, 0.0 ], [ 110.376200938209948, -7.784706390008211, 0.0 ], [ 110.376173580975191, -7.783938574753654, 0.0 ], [ 110.376156780735158, -7.783668065342166, 0.0 ], [ 110.376191181485751, -7.783667844637107, 0.0 ], [ 110.376229551986754, -7.783056394005549, 0.0 ], [ 110.379195576188508, -7.783030540481675, 0.0 ], [ 110.379221259201486, -7.783059426168712, 0.0 ], [ 110.379227525189137, -7.783171843457814, 0.0 ], [ 110.378963703219299, -7.784787945593067, 0.0 ], [ 110.378352690757438, -7.78470620341263, 0.0 ], [ 110.378336339982269, -7.784789468145196, 0.0 ], [ 110.377814608989638, -7.784765552241852, 0.0 ], [ 110.376686034287189, -7.784723923742663, 0.0 ], [ 110.376698702266225, -7.784501477496537, 0.0 ], [ 110.37658465552299, -7.78450257593524, 0.0 ], [ 110.376469267222731, -7.78450059765339, 0.0 ], [ 110.376311767248964, -7.784504345118859, 0.0 ], [ 110.376303056087295, -7.784630033991239, 0.0 ] ], [ [ 110.376780590000863, -7.784653615492675, 0.0 ], [ 110.376845289528916, -7.784645752468322, 0.0 ], [ 110.376889556449257, -7.784649163524104, 0.0 ], [ 110.376950586506553, -7.784644731541531, 0.0 ], [ 110.376992015526469, -7.784645515864192, 0.0 ], [ 110.377042193822092, -7.784646584332864, 0.0 ], [ 110.377098661681742, -7.784642416926287, 0.0 ], [ 110.377193717721596, -7.784638396612882, 0.0 ], [ 110.377243672869582, -7.784638650834091, 0.0 ], [ 110.37727418843167, -7.784636073087473, 0.0 ], [ 110.37725455060648, -7.784514231162252, 0.0 ], [ 110.377225531524928, -7.784516268508266, 0.0 ], [ 110.377229125296978, -7.784564112779173, 0.0 ], [ 110.377181333940797, -7.784567207751048, 0.0 ], [ 110.377084265304532, -7.784566793895927, 0.0 ], [ 110.377028776051134, -7.784566621960717, 0.0 ], [ 110.376978368339536, -7.78456898960349, 0.0 ], [ 110.376934096217155, -7.784569105432078, 0.0 ], [ 110.376876285736742, -7.78457091959005, 0.0 ], [ 110.37683306071807, -7.784570946513614, 0.0 ], [ 110.376829148353721, -7.784536304974339, 0.0 ], [ 110.37675989693345, -7.784537469276025, 0.0 ], [ 110.376780590000863, -7.784653615492675, 0.0 ] ], [ [ 110.376869027667198, -7.784371142705423, 0.0 ], [ 110.376799627908966, -7.7843714929019, 0.0 ], [ 110.376809051381031, -7.784472248970172, 0.0 ], [ 110.376878156830514, -7.784468642757528, 0.0 ], [ 110.376869027667198, -7.784371142705423, 0.0 ] ], [ [ 110.376461829704667, -7.78432116790789, 0.0 ], [ 110.376411051850027, -7.784321002820822, 0.0 ], [ 110.376354362758377, -7.784323089857461, 0.0 ], [ 110.376293042304752, -7.784321643194088, 0.0 ], [ 110.376299306698542, -7.784434603055646, 0.0 ], [ 110.376364226001115, -7.78442981514336, 0.0 ], [ 110.376415975118277, -7.784430614695157, 0.0 ], [ 110.37646832825159, -7.784427526515326, 0.0 ], [ 110.376546178016866, -7.784427550526632, 0.0 ], [ 110.37661483195059, -7.784425842783079, 0.0 ], [ 110.376621940621121, -7.784321764996575, 0.0 ], [ 110.376535640607216, -7.78432154771334, 0.0 ], [ 110.376461829704667, -7.78432116790789, 0.0 ] ], [ [ 110.376253213142377, -7.784402160304311, 0.0 ], [ 110.376252093043732, -7.784299879086468, 0.0 ], [ 110.376198550210688, -7.784298353414875, 0.0 ], [ 110.376204604803831, -7.784401455785187, 0.0 ], [ 110.376253213142377, -7.784402160304311, 0.0 ] ], [ [ 110.376251345342638, -7.78429978755401, 0.0 ], [ 110.376249104469736, -7.784247423629347, 0.0 ], [ 110.376246188540179, -7.784196415204825, 0.0 ], [ 110.376196756671291, -7.784196342505579, 0.0 ], [ 110.376199298410071, -7.784247531245363, 0.0 ], [ 110.376198550210688, -7.784298353414875, 0.0 ], [ 110.376251345342638, -7.78429978755401, 0.0 ] ], [ [ 110.376916286579075, -7.784323463576942, 0.0 ], [ 110.376919452317111, -7.784357290123433, 0.0 ], [ 110.377029463121872, -7.784354557871704, 0.0 ], [ 110.377026435455718, -7.784277866343842, 0.0 ], [ 110.37695845659718, -7.784278218654544, 0.0 ], [ 110.37695929176337, -7.784320361602169, 0.0 ], [ 110.376916286579075, -7.784323463576942, 0.0 ] ], [ [ 110.376967342352771, -7.784186080605099, 0.0 ], [ 110.376960824183939, -7.78404228275423, 0.0 ], [ 110.376871830548282, -7.784043056348744, 0.0 ], [ 110.376778574391082, -7.784043733228561, 0.0 ], [ 110.376781802692875, -7.784187074078991, 0.0 ], [ 110.376873258869338, -7.784189921438657, 0.0 ], [ 110.376901380125744, -7.784188154094759, 0.0 ], [ 110.376967342352771, -7.784186080605099, 0.0 ] ], [ [ 110.377001799362333, -7.784502284559371, 0.0 ], [ 110.377049589108381, -7.784500274799425, 0.0 ], [ 110.377097749967987, -7.784500164669568, 0.0 ], [ 110.377092342712615, -7.784464978338173, 0.0 ], [ 110.377044255438747, -7.784465902471714, 0.0 ], [ 110.376998187320211, -7.784466829565758, 0.0 ], [ 110.377001799362333, -7.784502284559371, 0.0 ] ], [ [ 110.377361736151542, -7.784398996172195, 0.0 ], [ 110.377279098365889, -7.784400231341421, 0.0 ], [ 110.377281998802445, -7.78446182039262, 0.0 ], [ 110.377284857960802, -7.784500710729744, 0.0 ], [ 110.377368315181855, -7.784501647153087, 0.0 ], [ 110.377366722931242, -7.78446574296095, 0.0 ], [ 110.377361736151542, -7.784398996172195, 0.0 ] ], [ [ 110.377614603091985, -7.784281804562405, 0.0 ], [ 110.377383897074139, -7.78428074249242, 0.0 ], [ 110.377386001244673, -7.784375157512375, 0.0 ], [ 110.377393875090462, -7.784461894206669, 0.0 ], [ 110.377618895658301, -7.784464304429155, 0.0 ], [ 110.377621812082552, -7.784464399141733, 0.0 ], [ 110.377616041333511, -7.784371425664963, 0.0 ], [ 110.377614603091985, -7.784281804562405, 0.0 ] ], [ [ 110.377123878208906, -7.784278099890687, 0.0 ], [ 110.377051111336399, -7.784279711244951, 0.0 ], [ 110.377055640285491, -7.78435260679711, 0.0 ], [ 110.377126242588105, -7.784348188844922, 0.0 ], [ 110.377123878208906, -7.784278099890687, 0.0 ] ], [ [ 110.377228352214132, -7.784277258544887, 0.0 ], [ 110.377148632879326, -7.784277231915462, 0.0 ], [ 110.377156074797171, -7.784352573433425, 0.0 ], [ 110.377232287197813, -7.784347259373181, 0.0 ], [ 110.377228352214132, -7.784277258544887, 0.0 ] ], [ [ 110.377106057910666, -7.784039602214516, 0.0 ], [ 110.377012878670556, -7.784038832332838, 0.0 ], [ 110.377016771156349, -7.784188233166128, 0.0 ], [ 110.377109652764332, -7.784188007850727, 0.0 ], [ 110.377106057910666, -7.784039602214516, 0.0 ] ], [ [ 110.378659231443166, -7.783282967367238, 0.0 ], [ 110.378603811131697, -7.783286865233017, 0.0 ], [ 110.378601249718344, -7.783502724832907, 0.0 ], [ 110.378831955899059, -7.783503424476515, 0.0 ], [ 110.378822374678933, -7.783204710536703, 0.0 ], [ 110.378663764045015, -7.783201222655843, 0.0 ], [ 110.378659231443166, -7.783282967367238, 0.0 ] ] ] ] } },
{ "type": "Feature", "properties": { "D_NOP": "347106000400101510", "D_LUAS": 1114.4, "ASR": null, "KD PROPINS": null, "KD DATI2": null, "KD KECAMAT": null, "KD KELURAH": null, "KD BLOK": null, "NO URUT": null, "KD JNS OP": null, "THN PAJAK": null, "NO PERSIL": null, "LUAS BUMI": null, "LUAS BNG S": null, "NJOP BUMI": null, "NJOP BNG S": null, "NJOP SPPT": null, "NJOPTKP SP": null, "NJKP SPPT": null, "PBB TERHUT": null, "FAKTOR PEN": null, "PBB YG HAR": null, "FLG SYNC": null, "JML KRG BA": null, "FLG BAYAR": null, "ALAMAT OP": null, "NM KELURAH": null, "NM KECAMAT": null }, "geometry": { "type": "MultiPolygon", "coordinates": [ [ [ [ 110.370867152808358, -7.785300793597788, 0.0 ], [ 110.371139847268324, -7.785178390349753, 0.0 ], [ 110.37116882604748, -7.785253582957541, 0.0 ], [ 110.37087864715393, -7.785365922245045, 0.0 ], [ 110.370867152808358, -7.785300793597788, 0.0 ] ] ] ] } },
{ "type": "Feature", "properties": { "D_NOP": "347106000400100620", "D_LUAS": 1114.4, "ASR": null, "KD PROPINS": "34", "KD DATI2": "71", "KD KECAMAT": "060", "KD KELURAH": "004", "KD BLOK": "001", "NO URUT": "0062", "KD JNS OP": "0", "THN PAJAK": "2023", "NO PERSIL": "GB252", "LUAS BUMI": "1030", "LUAS BNG S": 573, "NJOP BUMI": 9934350000.0, "NJOP BNG S": 687600000.0, "NJOP SPPT": 10621950000.0, "NJOPTKP SP": 20000000.0, "NJKP SPPT": 0, "PBB TERHUT": 26504875, "FAKTOR PEN": 9253355.0, "PBB YG HAR": 17251520, "FLG SYNC": "0", "JML KRG BA": "0", "FLG BAYAR": "0", "ALAMAT OP": "JL SUNARYO 1 RW 01 RT 020", "NM KELURAH": "KOTABARU", "NM KECAMAT": "GONDOKUSUMAN" }, "geometry": { "type": "MultiPolygon", "coordinates": [ [ [ [ 110.370832298703021, -7.785103508015983, 0.0 ], [ 110.371026836802372, -7.784885672729101, 0.0 ], [ 110.371139847268324, -7.785178390349753, 0.0 ], [ 110.370867152808358, -7.785300793597788, 0.0 ], [ 110.370832298703021, -7.785103508015983, 0.0 ] ] ] ] } },
{ "type": "Feature", "properties": { "D_NOP": "347106000400601440", "D_LUAS": 0.0, "ASR": null, "KD PROPINS": null, "KD DATI2": null, "KD KECAMAT": null, "KD KELURAH": null, "KD BLOK": null, "NO URUT": null, "KD JNS OP": null, "THN PAJAK": null, "NO PERSIL": null, "LUAS BUMI": null, "LUAS BNG S": null, "NJOP BUMI": null, "NJOP BNG S": null, "NJOP SPPT": null, "NJOPTKP SP": null, "NJKP SPPT": null, "PBB TERHUT": null, "FAKTOR PEN": null, "PBB YG HAR": null, "FLG SYNC": null, "JML KRG BA": null, "FLG BAYAR": null, "ALAMAT OP": null, "NM KELURAH": null, "NM KECAMAT": null }, "geometry": { "type": "MultiPolygon", "coordinates": [ [ [ [ 110.373206213988396, -7.788890370000378, 0.0 ], [ 110.373208315647375, -7.788935499072844, 0.0 ], [ 110.373209420105312, -7.788997447170535, 0.0 ], [ 110.373091025445405, -7.789004778007207, 0.0 ], [ 110.373100780161408, -7.788882165566332, 0.0 ], [ 110.373206213988396, -7.788890370000378, 0.0 ] ] ] ] } },
{ "type": "Feature", "properties": { "D_NOP": "347106000400601270", "D_LUAS": 0.0, "ASR": null, "KD PROPINS": null, "KD DATI2": null, "KD KECAMAT": null, "KD KELURAH": null, "KD BLOK": null, "NO URUT": null, "KD JNS OP": null, "THN PAJAK": null, "NO PERSIL": null, "LUAS BUMI": null, "LUAS BNG S": null, "NJOP BUMI": null, "NJOP BNG S": null, "NJOP SPPT": null, "NJOPTKP SP": null, "NJKP SPPT": null, "PBB TERHUT": null, "FAKTOR PEN": null, "PBB YG HAR": null, "FLG SYNC": null, "JML KRG BA": null, "FLG BAYAR": null, "ALAMAT OP": null, "NM KELURAH": null, "NM KECAMAT": null }, "geometry": { "type": "MultiPolygon", "coordinates": [ [ [ [ 110.373278913871061, -7.788934337399845, 0.0 ], [ 110.373344272492702, -7.788936333117002, 0.0 ], [ 110.373389138614897, -7.788939383725118, 0.0 ], [ 110.373390065114535, -7.788970132246047, 0.0 ], [ 110.37339079481329, -7.78898234175247, 0.0 ], [ 110.373291543182518, -7.788990876569965, 0.0 ], [ 110.373289558015813, -7.788967994137449, 0.0 ], [ 110.373282527084925, -7.78896879763738, 0.0 ], [ 110.373215285408975, -7.788975842405437, 0.0 ], [ 110.373217946587687, -7.788996736316091, 0.0 ], [ 110.373210990709438, -7.788997359060177, 0.0 ], [ 110.373209420105312, -7.788997447170535, 0.0 ], [ 110.373208315647375, -7.788935499072844, 0.0 ], [ 110.373278913871061, -7.788934337399845, 0.0 ] ] ], [ [ [ 110.373829778256592, -7.78893280024807, 0.0 ], [ 110.373774047321746, -7.788943931585812, 0.0 ], [ 110.373705235182115, -7.788950974112445, 0.0 ], [ 110.373704669147543, -7.788929269403322, 0.0 ], [ 110.373829778256592, -7.78893280024807, 0.0 ] ] ] ] } },
{ "type": "Feature", "properties": { "D_NOP": "347106000400200110", "D_LUAS": 1893.13, "ASR": null, "KD PROPINS": null, "KD DATI2": null, "KD KECAMAT": null, "KD KELURAH": null, "KD BLOK": null, "NO URUT": null, "KD JNS OP": null, "THN PAJAK": null, "NO PERSIL": null, "LUAS BUMI": null, "LUAS BNG S": null, "NJOP BUMI": null, "NJOP BNG S": null, "NJOP SPPT": null, "NJOPTKP SP": null, "NJKP SPPT": null, "PBB TERHUT": null, "FAKTOR PEN": null, "PBB YG HAR": null, "FLG SYNC": null, "JML KRG BA": null, "FLG BAYAR": null, "ALAMAT OP": null, "NM KELURAH": null, "NM KECAMAT": null }, "geometry": { "type": "MultiPolygon", "coordinates": [ [ [ [ 110.374518694736878, -7.783384135532233, 0.0 ], [ 110.374559963308741, -7.782988552700049, 0.0 ], [ 110.374844712380124, -7.783006154676821, 0.0 ], [ 110.374843850259026, -7.78308329262496, 0.0 ], [ 110.374842468137317, -7.78315807855244, 0.0 ], [ 110.374863077768808, -7.783178727614622, 0.0 ], [ 110.374887074755677, -7.783184460247948, 0.0 ], [ 110.374877347460426, -7.783238615188557, 0.0 ], [ 110.374840500543968, -7.783426118608574, 0.0 ], [ 110.374567523938751, -7.783387101381976, 0.0 ], [ 110.374518694736878, -7.783384135532233, 0.0 ] ] ] ] } },
{ "type": "Feature", "properties": { "D_NOP": "347106000400200890", "D_LUAS": 1893.13, "ASR": null, "KD PROPINS": null, "KD DATI2": null, "KD KECAMAT": null, "KD KELURAH": null, "KD BLOK": null, "NO URUT": null, "KD JNS OP": null, "THN PAJAK": null, "NO PERSIL": null, "LUAS BUMI": null, "LUAS BNG S": null, "NJOP BUMI": null, "NJOP BNG S": null, "NJOP SPPT": null, "NJOPTKP SP": null, "NJKP SPPT": null, "PBB TERHUT": null, "FAKTOR PEN": null, "PBB YG HAR": null, "FLG SYNC": null, "JML KRG BA": null, "FLG BAYAR": null, "ALAMAT OP": null, "NM KELURAH": null, "NM KECAMAT": null }, "geometry": { "type": "MultiPolygon", "coordinates": [ [ [ [ 110.374844712380124, -7.783006154676821, 0.0 ], [ 110.374559963308741, -7.782988552700049, 0.0 ], [ 110.374562846088608, -7.782960884500475, 0.0 ], [ 110.374845060952907, -7.782972785469799, 0.0 ], [ 110.374844712380124, -7.783006154676821, 0.0 ] ] ] ] } },
{ "type": "Feature", "properties": { "D_NOP": "347106000400101500", "D_LUAS": 1836.96, "ASR": null, "KD PROPINS": null, "KD DATI2": null, "KD KECAMAT": null, "KD KELURAH": null, "KD BLOK": null, "NO URUT": null, "KD JNS OP": null, "THN PAJAK": null, "NO PERSIL": null, "LUAS BUMI": null, "LUAS BNG S": null, "NJOP BUMI": null, "NJOP BNG S": null, "NJOP SPPT": null, "NJOPTKP SP": null, "NJKP SPPT": null, "PBB TERHUT": null, "FAKTOR PEN": null, "PBB YG HAR": null, "FLG SYNC": null, "JML KRG BA": null, "FLG BAYAR": null, "ALAMAT OP": null, "NM KELURAH": null, "NM KECAMAT": null }, "geometry": { "type": "MultiPolygon", "coordinates": [ [ [ [ 110.370402030443842, -7.786331127231063, 0.0 ], [ 110.370438537338288, -7.786423061118979, 0.0 ], [ 110.370256778856358, -7.78649558958349, 0.0 ], [ 110.370170480114609, -7.786293977227201, 0.0 ], [ 110.370184033798239, -7.786282060235286, 0.0 ], [ 110.370156975753304, -7.78622278658995, 0.0 ], [ 110.370129905020761, -7.786172013603442, 0.0 ], [ 110.370174057802956, -7.786151731816814, 0.0 ], [ 110.370309943485765, -7.786099392196055, 0.0 ], [ 110.37034488582529, -7.786187344725131, 0.0 ], [ 110.370402030443842, -7.786331127231063, 0.0 ] ] ] ] } },
{ "type": "Feature", "properties": { "D_NOP": "347106000400600200", "D_LUAS": 918.72, "ASR": null, "KD PROPINS": null, "KD DATI2": null, "KD KECAMAT": null, "KD KELURAH": null, "KD BLOK": null, "NO URUT": null, "KD JNS OP": null, "THN PAJAK": null, "NO PERSIL": null, "LUAS BUMI": null, "LUAS BNG S": null, "NJOP BUMI": null, "NJOP BNG S": null, "NJOP SPPT": null, "NJOPTKP SP": null, "NJKP SPPT": null, "PBB TERHUT": null, "FAKTOR PEN": null, "PBB YG HAR": null, "FLG SYNC": null, "JML KRG BA": null, "FLG BAYAR": null, "ALAMAT OP": null, "NM KELURAH": null, "NM KECAMAT": null }, "geometry": { "type": "MultiPolygon", "coordinates": [ [ [ [ 110.371271252581508, -7.787429004758048, 0.0 ], [ 110.37125950502724, -7.787433328109533, 0.0 ], [ 110.371187380382864, -7.787455286738048, 0.0 ], [ 110.371043280870595, -7.78714805374995, 0.0 ], [ 110.371125069312669, -7.787114895812913, 0.0 ], [ 110.371182832558574, -7.787094814979145, 0.0 ], [ 110.371254814583011, -7.787068153630683, 0.0 ], [ 110.371389462741362, -7.78739463472496, 0.0 ], [ 110.371323248738193, -7.787414793485874, 0.0 ], [ 110.371271252581508, -7.787429004758048, 0.0 ] ] ] ] } },
{ "type": "Feature", "properties": { "D_NOP": "347106000400100930", "D_LUAS": 1896.92, "ASR": null, "KD PROPINS": null, "KD DATI2": null, "KD KECAMAT": null, "KD KELURAH": null, "KD BLOK": null, "NO URUT": null, "KD JNS OP": null, "THN PAJAK": null, "NO PERSIL": null, "LUAS BUMI": null, "LUAS BNG S": null, "NJOP BUMI": null, "NJOP BNG S": null, "NJOP SPPT": null, "NJOPTKP SP": null, "NJKP SPPT": null, "PBB TERHUT": null, "FAKTOR PEN": null, "PBB YG HAR": null, "FLG SYNC": null, "JML KRG BA": null, "FLG BAYAR": null, "ALAMAT OP": null, "NM KELURAH": null, "NM KECAMAT": null }, "geometry": { "type": "MultiPolygon", "coordinates": [ [ [ [ 110.369011629935514, -7.786693052222128, 0.0 ], [ 110.368822232301454, -7.786822812592122, 0.0 ], [ 110.368807037245105, -7.786832104543199, 0.0 ], [ 110.368801274965676, -7.786834718514194, 0.0 ], [ 110.368785637160912, -7.786840030765203, 0.0 ], [ 110.36876140666044, -7.78684035642295, 0.0 ], [ 110.368737104354125, -7.786838692452373, 0.0 ], [ 110.368734274074484, -7.786831001456589, 0.0 ], [ 110.368724900720125, -7.78679797955509, 0.0 ], [ 110.368725076954021, -7.786780164569905, 0.0 ], [ 110.368804116769311, -7.786484928942534, 0.0 ], [ 110.368907205241214, -7.786260809209423, 0.0 ], [ 110.368928626401484, -7.786238775503359, 0.0 ], [ 110.369255166998556, -7.786515985541708, 0.0 ], [ 110.369011629935514, -7.786693052222128, 0.0 ] ] ] ] } }
]
}
